Title,Company,Location,Timestamp,Job Highlights,Job Highlights Items,Qualifications,Qualifications Items,Benefits,Benefits Items,Responsibilities,Responsibilities Items,Job Description
"AI Governance, Risk, and Compliance (GRC) Leader",Slalom Consulting,"New York, NY • via Ladders",2025-01-08T19:39:36.938993,"Industry Experience: Over 10 years of proven experience in the Life Sciences and Healthcare (HCLS) industry, demonstrating a deep understanding of industry dynamics and trends
AI/GenAI Experience: Strong understanding of AI and Generative AI technologies, with practical experience applying these technologies in the HCLS sector to drive compliance, productivity, innovation and improve outcomes
GRC Expertise: Extensive experience in developing and implementing Governance, Risk, and Compliance (GRC) frameworks in the HCLS industry, with a strong focus on AI-driven insights and proactive governance
Regulatory Expertise: In-depth understanding of global regulatory standards, including FDA, EMA, HIPAA, and GDPR
Proven ability to ensure compliance in complex regulatory environments, utilizing AI for continuous monitoring and adherence
Risk Management Acumen: Demonstrated success in implementing effective risk management strategies, including financial, operational, and technical risks
Experience with AI-powered tools for risk identification, assessment, and mitigation
Consulting/Startup Experience: Experience in consulting or startups, showcasing adaptability, agility, and an entrepreneurial mindset
Comfortable navigating ambiguity and driving success in fast-paced environments
Customer Experience: Experience in sales or business development, with a keen ability to understand, anticipate, and meet customer needs
Demonstrates a customer-obsessed mentality, fostering long-term client relationships
Slalom will also consider qualified applications with criminal histories, consistent with legal requirements","Industry Experience: Over 10 years of proven experience in the Life Sciences and Healthcare (HCLS) industry, demonstrating a deep understanding of industry dynamics and trends; AI/GenAI Experience: Strong understanding of AI and Generative AI technologies, with practical experience applying these technologies in the HCLS sector to drive compliance, productivity, innovation and improve outcomes; GRC Expertise: Extensive experience in developing and implementing Governance, Risk, and Compliance (GRC) frameworks in the HCLS industry, with a strong focus on AI-driven insights and proactive governance; Regulatory Expertise: In-depth understanding of global regulatory standards, including FDA, EMA, HIPAA, and GDPR; Proven ability to ensure compliance in complex regulatory environments, utilizing AI for continuous monitoring and adherence; Risk Management Acumen: Demonstrated success in implementing effective risk management strategies, including financial, operational, and technical risks; Experience with AI-powered tools for risk identification, assessment, and mitigation; Consulting/Startup Experience: Experience in consulting or startups, showcasing adaptability, agility, and an entrepreneurial mindset; Comfortable navigating ambiguity and driving success in fast-paced environments; Customer Experience: Experience in sales or business development, with a keen ability to understand, anticipate, and meet customer needs; Demonstrates a customer-obsessed mentality, fostering long-term client relationships; Slalom will also consider qualified applications with criminal histories, consistent with legal requirements","Industry Experience: Over 10 years of proven experience in the Life Sciences and Healthcare (HCLS) industry, demonstrating a deep understanding of industry dynamics and trends
AI/GenAI Experience: Strong understanding of AI and Generative AI technologies, with practical experience applying these technologies in the HCLS sector to drive compliance, productivity, innovation and improve outcomes
GRC Expertise: Extensive experience in developing and implementing Governance, Risk, and Compliance (GRC) frameworks in the HCLS industry, with a strong focus on AI-driven insights and proactive governance
Regulatory Expertise: In-depth understanding of global regulatory standards, including FDA, EMA, HIPAA, and GDPR
Proven ability to ensure compliance in complex regulatory environments, utilizing AI for continuous monitoring and adherence
Risk Management Acumen: Demonstrated success in implementing effective risk management strategies, including financial, operational, and technical risks
Experience with AI-powered tools for risk identification, assessment, and mitigation
Consulting/Startup Experience: Experience in consulting or startups, showcasing adaptability, agility, and an entrepreneurial mindset
Comfortable navigating ambiguity and driving success in fast-paced environments
Customer Experience: Experience in sales or business development, with a keen ability to understand, anticipate, and meet customer needs
Demonstrates a customer-obsessed mentality, fostering long-term client relationships
Slalom will also consider qualified applications with criminal histories, consistent with legal requirements","Industry Experience: Over 10 years of proven experience in the Life Sciences and Healthcare (HCLS) industry, demonstrating a deep understanding of industry dynamics and trends; AI/GenAI Experience: Strong understanding of AI and Generative AI technologies, with practical experience applying these technologies in the HCLS sector to drive compliance, productivity, innovation and improve outcomes; GRC Expertise: Extensive experience in developing and implementing Governance, Risk, and Compliance (GRC) frameworks in the HCLS industry, with a strong focus on AI-driven insights and proactive governance; Regulatory Expertise: In-depth understanding of global regulatory standards, including FDA, EMA, HIPAA, and GDPR; Proven ability to ensure compliance in complex regulatory environments, utilizing AI for continuous monitoring and adherence; Risk Management Acumen: Demonstrated success in implementing effective risk management strategies, including financial, operational, and technical risks; Experience with AI-powered tools for risk identification, assessment, and mitigation; Consulting/Startup Experience: Experience in consulting or startups, showcasing adaptability, agility, and an entrepreneurial mindset; Comfortable navigating ambiguity and driving success in fast-paced environments; Customer Experience: Experience in sales or business development, with a keen ability to understand, anticipate, and meet customer needs; Demonstrates a customer-obsessed mentality, fostering long-term client relationships; Slalom will also consider qualified applications with criminal histories, consistent with legal requirements","Slalom prides itself on helping team members thrive in their work and life
As a result, Slalom is proud to invest in benefits that include meaningful time off and paid holidays, parental leave, 401(k) with a match, a range of choices for highly subsidized health, dental, & vision coverage, adoption and fertility assistance, and short/long-term disability
We also offer yearly $350 reimbursement account for any well-being-related expenses, as well as discounted home, auto, and pet insurance
Slalom is committed to fair and equitable compensation practices
For this position at the Principal level the base salary pay range is $122,000 to $225,000
Principal level the base salary pay range is $140,000 to $258,000
Actual compensation will depend upon an individual's skills, experience, qualifications, location, and other relevant factors
The salary pay range is subject to change and may be modified at any time","Slalom prides itself on helping team members thrive in their work and life; As a result, Slalom is proud to invest in benefits that include meaningful time off and paid holidays, parental leave, 401(k) with a match, a range of choices for highly subsidized health, dental, & vision coverage, adoption and fertility assistance, and short/long-term disability; We also offer yearly $350 reimbursement account for any well-being-related expenses, as well as discounted home, auto, and pet insurance; Slalom is committed to fair and equitable compensation practices; For this position at the Principal level the base salary pay range is $122,000 to $225,000; Principal level the base salary pay range is $140,000 to $258,000; Actual compensation will depend upon an individual's skills, experience, qualifications, location, and other relevant factors; The salary pay range is subject to change and may be modified at any time","Slalom prides itself on helping team members thrive in their work and life
As a result, Slalom is proud to invest in benefits that include meaningful time off and paid holidays, parental leave, 401(k) with a match, a range of choices for highly subsidized health, dental, & vision coverage, adoption and fertility assistance, and short/long-term disability
We also offer yearly $350 reimbursement account for any well-being-related expenses, as well as discounted home, auto, and pet insurance
Slalom is committed to fair and equitable compensation practices
For this position at the Principal level the base salary pay range is $122,000 to $225,000
Principal level the base salary pay range is $140,000 to $258,000
Actual compensation will depend upon an individual's skills, experience, qualifications, location, and other relevant factors
The salary pay range is subject to change and may be modified at any time","Slalom prides itself on helping team members thrive in their work and life; As a result, Slalom is proud to invest in benefits that include meaningful time off and paid holidays, parental leave, 401(k) with a match, a range of choices for highly subsidized health, dental, & vision coverage, adoption and fertility assistance, and short/long-term disability; We also offer yearly $350 reimbursement account for any well-being-related expenses, as well as discounted home, auto, and pet insurance; Slalom is committed to fair and equitable compensation practices; For this position at the Principal level the base salary pay range is $122,000 to $225,000; Principal level the base salary pay range is $140,000 to $258,000; Actual compensation will depend upon an individual's skills, experience, qualifications, location, and other relevant factors; The salary pay range is subject to change and may be modified at any time","Principal/Sr. Principal - Governance, Risk, and Compliance (GRC) Leader

Who You'll Work With

As a modern technology company, our Slalom Technologists are disrupting the market and bringing to life the art of the possible for our clients. We have passion for building strategies, solutions, and creative products to help our clients solve their most complex and interesting business problems. We sur
round our technologists with interesting challenges, innovative minds, and emerging technologies.

As an initial member of Slalom's new AI Center for Life (AIC4L), you will play a pivotal role in contributing to the foundation and early success of AIC4L, leading efforts to harness the transformative potential of AI/Generative AI in the Healthcare and Life Sciences sectors. AIC4L is our clients' trusted partner in pinpointing and addressing obstacles to AI value realization, uniquely blending exceptional data and AI capabilities, deep industry expertise, and a broad partnership network to drive superior business outcomes.

What You'll Do
• Design and Deliver AI-Powered GRC Solutions: Collaborate with Slalom markets, practice leaders, and account teams to design and implement scalable AI-driven GRC frameworks tailored for the HCLS industry. Integrate Slalom's capabilities to ensure comprehensive solutions, including project phasing, staffing, resource allocation, and cost estimation, while leveraging AI insights for proactive governance and strategic decision-making.
• Integrate AI into GRC: Lead the integration of AI/GenAI and other emerging technologies into GRC practices. Use predictive analytics, automated compliance monitoring, and advanced risk assessment techniques to drive innovation and improve governance processes.
• Ensure Regulatory Compliance: Lead AI initiatives to ensure compliance with global regulatory standards such as FDA, EMA, HIPAA, and GDPR. Utilize AI for continuous monitoring and automated compliance checks in the pharmaceutical, biotechnology, and medical device sectors, ensuring adherence to regulatory requirements.
• Manage Risks Effectively: Implement robust strategies to manage AI-introduced enterprise risks like financial, operational, and technical risks. Leverage AI-powered tools for risk identification, assessment, and mitigation, enhancing audit accuracy and efficiency through automated anomaly detection.
• Enhance Data Privacy and Security: Develop and enforce data privacy policies with a focus on AI-enhanced data protection. Implement advanced encryption techniques and AI-based threat detection systems to safeguard sensitive information and ensure compliance with data security regulations.
• Promote Ethical Compliance: Champion ethical standards and corporate responsibility within the organization. Use AI to monitor adherence to codes of conduct, ensuring transparency in reporting mechanisms and enhancing ethical compliance across the board.
• Provide Strategic Leadership: Foster a T-shaped leadership style, balancing deep technical expertise with a broad understanding of related disciplines, and delivering exceptional customer-focused solutions.
• Drive Market Campaigns and Sales Initiatives: Drive market campaigns to introduce AIC4L to potential clients, actively engaging in sales strategies to generate demand for our innovative AI solutions. Leverage your expertise and network to identify opportunities, build client relationships, and convert market interest into tangible business growth.

What You'll Bring
• Industry Experience: Over 10 years of proven experience in the Life Sciences and Healthcare (HCLS) industry, demonstrating a deep understanding of industry dynamics and trends.
• AI/GenAI Experience: Strong understanding of AI and Generative AI technologies, with practical experience applying these technologies in the HCLS sector to drive compliance, productivity, innovation and improve outcomes.
• GRC Expertise: Extensive experience in developing and implementing Governance, Risk, and Compliance (GRC) frameworks in the HCLS industry, with a strong focus on AI-driven insights and proactive governance.
• Regulatory Expertise: In-depth understanding of global regulatory standards, including FDA, EMA, HIPAA, and GDPR. Proven ability to ensure compliance in complex regulatory environments, utilizing AI for continuous monitoring and adherence.
• Risk Management Acumen: Demonstrated success in implementing effective risk management strategies, including financial, operational, and technical risks. Experience with AI-powered tools for risk identification, assessment, and mitigation.
• Consulting/Startup Experience: Experience in consulting or startups, showcasing adaptability, agility, and an entrepreneurial mindset. Comfortable navigating ambiguity and driving success in fast-paced environments.
• Customer Experience: Experience in sales or business development, with a keen ability to understand, anticipate, and meet customer needs. Demonstrates a customer-obsessed mentality, fostering long-term client relationships.

If you are passionate about driving innovation in Governance, Risk, and Compliance, and thrive in a dynamic environment where AI and emerging technologies are at the forefront, we invite you to lead the future of GRC at Slalom.

About Us

Slalom is a purpose-led, global business and technology consulting company. From strategy to implementation, our approach is fiercely human. In six countries and 43 markets, we deeply understand our customers-and their customers-to deliver practical, end-to-end solutions that drive meaningful impact. Backed by close partnerships with over 400 leading technology providers, our 13,000+ strong team helps people and organizations dream bigger, move faster, and build better tomorrows for all. We're honored to be consistently recognized as a great place to work, including being one of Fortune's 100 Best Companies to Work For seven years running. Learn more at slalom.com.

Compensation and Benefits

Slalom prides itself on helping team members thrive in their work and life. As a result, Slalom is proud to invest in benefits that include meaningful time off and paid holidays, parental leave, 401(k) with a match, a range of choices for highly subsidized health, dental, & vision coverage, adoption and fertility assistance, and short/long-term disability. We also offer yearly $350 reimbursement account for any well-being-related expenses, as well as discounted home, auto, and pet insurance.

Slalom is committed to fair and equitable compensation practices. For this position at the Principal level the base salary pay range is $122,000 to $225,000. For this position at the Sr. Principal level the base salary pay range is $140,000 to $258,000. Actual compensation will depend upon an individual's skills, experience, qualifications, location, and other relevant factors. The salary pay range is subject to change and may be modified at any time.

EEO and Accommodations

Slalom is an equal opportunity employer and is committed to inclusion, diversity, and equity in the workplace. All qualified applicants will receive consideration for employment without regard to race, color, religion, sex, national origin, disability status, protected veterans' status, or any other characteristic protected by federal, state, or local laws. Slalom will also consider qualified applications with criminal histories, consistent with legal requirements. Slalom welcomes and encourages applications from individuals with disabilities. Reasonable accommodations are available for candidates during all aspects of the selection process. Please advise the talent acquisition team if you require accommodations during the interview process.

We will accept applicants for this role until 11/28/2024.
"
Artificial Intelligence (AI) Ethics and Governance Specialist,Merck,"Rahway, NJ • via Talentify",2025-01-08T19:39:47.185738,"Self-motivated and driven to learn new topics and develop your domain expertise; Finds excitement in working at the bleeding edge in an emerging field
Passionate about building a fairer and more inclusive AI ecosystem with respect for all; Has a keen interest in AI ethics, responsible AI, including policy, legal or regulatory landscape for emerging technologies, data privacy, or intellectual property
Enjoys working in a diverse and cross-functional team; Has good communication and interpersonal skills
Bachelor’s or Master’s Degree in any Field
Experience in AI ethics and responsible AI, with in-depth knowledge of AI, ML, Generative AI and the emerging technology landscape
Experience in trust and safety, risk management, governance or related
Ability to communicate and express technical viewpoints to senior stakeholders with succinctness and clarity
2+ years relevant working experience
Qualifications in analytical and technology disciplines, such as Engineering, Sciences, Mathematics, Computer Science or in Law, Philosophy or Psychology are encouraged to apply
Candidates are evaluated on a case-by case basis
Candidates with relevant experience are encouraged to apply
Hands-on code development experience in Data Science, Machine Learning, Generative AI (Python, scikit-learn, pandas, numpy, Dataiku, Databricks, Amazon Sagemaker, generative models / LLMs, synthetic data, etc.)
Knowledge of XAI (SHAP, LIME, etc.)
Knowledge of law, IP, policy, regulatory processes, or industry standards in AI or related fields
Domain knowledge in pharmaceutical business areas such as research, clinical, manufacturing, commercial and corporate functions is highly regarded
You can put your empathy, creativity, digital mastery, or scientific genius to work in collaboration with a diverse group of colleagues who pursue and bring hope to countless people who are battling some of the most challenging diseases of our time
Analytical Thinking, Artificial Intelligence (AI), Artificial Intelligence Ethics, Data Science, Generative AI, Machine Learning, Responsible AI, Risk Management
Intellectual Property, Law, Python (Programming Language), Regulatory Compliance, Software Development","Self-motivated and driven to learn new topics and develop your domain expertise; Finds excitement in working at the bleeding edge in an emerging field; Passionate about building a fairer and more inclusive AI ecosystem with respect for all; Has a keen interest in AI ethics, responsible AI, including policy, legal or regulatory landscape for emerging technologies, data privacy, or intellectual property; Enjoys working in a diverse and cross-functional team; Has good communication and interpersonal skills; Bachelor’s or Master’s Degree in any Field; Experience in AI ethics and responsible AI, with in-depth knowledge of AI, ML, Generative AI and the emerging technology landscape; Experience in trust and safety, risk management, governance or related; Ability to communicate and express technical viewpoints to senior stakeholders with succinctness and clarity; 2+ years relevant working experience; Qualifications in analytical and technology disciplines, such as Engineering, Sciences, Mathematics, Computer Science or in Law, Philosophy or Psychology are encouraged to apply; Candidates are evaluated on a case-by case basis; Candidates with relevant experience are encouraged to apply; Hands-on code development experience in Data Science, Machine Learning, Generative AI (Python, scikit-learn, pandas, numpy, Dataiku, Databricks, Amazon Sagemaker, generative models / LLMs, synthetic data, etc.); Knowledge of XAI (SHAP, LIME, etc.); Knowledge of law, IP, policy, regulatory processes, or industry standards in AI or related fields; Domain knowledge in pharmaceutical business areas such as research, clinical, manufacturing, commercial and corporate functions is highly regarded; You can put your empathy, creativity, digital mastery, or scientific genius to work in collaboration with a diverse group of colleagues who pursue and bring hope to countless people who are battling some of the most challenging diseases of our time; Analytical Thinking, Artificial Intelligence (AI), Artificial Intelligence Ethics, Data Science, Generative AI, Machine Learning, Responsible AI, Risk Management; Intellectual Property, Law, Python (Programming Language), Regulatory Compliance, Software Development","Self-motivated and driven to learn new topics and develop your domain expertise; Finds excitement in working at the bleeding edge in an emerging field
Passionate about building a fairer and more inclusive AI ecosystem with respect for all; Has a keen interest in AI ethics, responsible AI, including policy, legal or regulatory landscape for emerging technologies, data privacy, or intellectual property
Enjoys working in a diverse and cross-functional team; Has good communication and interpersonal skills
Bachelor’s or Master’s Degree in any Field
Experience in AI ethics and responsible AI, with in-depth knowledge of AI, ML, Generative AI and the emerging technology landscape
Experience in trust and safety, risk management, governance or related
Ability to communicate and express technical viewpoints to senior stakeholders with succinctness and clarity
2+ years relevant working experience
Qualifications in analytical and technology disciplines, such as Engineering, Sciences, Mathematics, Computer Science or in Law, Philosophy or Psychology are encouraged to apply
Candidates are evaluated on a case-by case basis
Candidates with relevant experience are encouraged to apply
Hands-on code development experience in Data Science, Machine Learning, Generative AI (Python, scikit-learn, pandas, numpy, Dataiku, Databricks, Amazon Sagemaker, generative models / LLMs, synthetic data, etc.)
Knowledge of XAI (SHAP, LIME, etc.)
Knowledge of law, IP, policy, regulatory processes, or industry standards in AI or related fields
Domain knowledge in pharmaceutical business areas such as research, clinical, manufacturing, commercial and corporate functions is highly regarded
You can put your empathy, creativity, digital mastery, or scientific genius to work in collaboration with a diverse group of colleagues who pursue and bring hope to countless people who are battling some of the most challenging diseases of our time
Analytical Thinking, Artificial Intelligence (AI), Artificial Intelligence Ethics, Data Science, Generative AI, Machine Learning, Responsible AI, Risk Management
Intellectual Property, Law, Python (Programming Language), Regulatory Compliance, Software Development","Self-motivated and driven to learn new topics and develop your domain expertise; Finds excitement in working at the bleeding edge in an emerging field; Passionate about building a fairer and more inclusive AI ecosystem with respect for all; Has a keen interest in AI ethics, responsible AI, including policy, legal or regulatory landscape for emerging technologies, data privacy, or intellectual property; Enjoys working in a diverse and cross-functional team; Has good communication and interpersonal skills; Bachelor’s or Master’s Degree in any Field; Experience in AI ethics and responsible AI, with in-depth knowledge of AI, ML, Generative AI and the emerging technology landscape; Experience in trust and safety, risk management, governance or related; Ability to communicate and express technical viewpoints to senior stakeholders with succinctness and clarity; 2+ years relevant working experience; Qualifications in analytical and technology disciplines, such as Engineering, Sciences, Mathematics, Computer Science or in Law, Philosophy or Psychology are encouraged to apply; Candidates are evaluated on a case-by case basis; Candidates with relevant experience are encouraged to apply; Hands-on code development experience in Data Science, Machine Learning, Generative AI (Python, scikit-learn, pandas, numpy, Dataiku, Databricks, Amazon Sagemaker, generative models / LLMs, synthetic data, etc.); Knowledge of XAI (SHAP, LIME, etc.); Knowledge of law, IP, policy, regulatory processes, or industry standards in AI or related fields; Domain knowledge in pharmaceutical business areas such as research, clinical, manufacturing, commercial and corporate functions is highly regarded; You can put your empathy, creativity, digital mastery, or scientific genius to work in collaboration with a diverse group of colleagues who pursue and bring hope to countless people who are battling some of the most challenging diseases of our time; Analytical Thinking, Artificial Intelligence (AI), Artificial Intelligence Ethics, Data Science, Generative AI, Machine Learning, Responsible AI, Risk Management; Intellectual Property, Law, Python (Programming Language), Regulatory Compliance, Software Development",,,,,"Job Description

Job title: Artificial Intelligence (AI) Ethics and Governance Specialist

Opportunity to be a part of a diverse and dynamic AI Ethics and Governance team in Singapore!

Based in Singapore, the regional hub for Asia Pacific (AP) and top-ranked biopharmaceutical company on The Straits Times and Statista’s list of Best Employers in Singapore for three consecutive years (2020, 2021, 2
022).

Join the premier biopharmaceutical company that has been in Singapore for more than 25 years and in AP for over 60 years.

Artificial intelligence is transforming the way we save and improve lives. The rising use of machine learning and advanced analytics brings great potential as well as risks of unintended consequences. Effectively scaling AI from bench to production rests on doing the right thing, with ethical policies, responsible development, and implementations that respect people, fairness, inclusion, and prevent harm.

As an AI Ethics and Governance Specialist, you will be part of our diverse and dynamic AI Ethics and Governance team based in our Singapore Technology Center working on AI risk assessment and governance processes in the organization.

You will be part of a key global project, working alongside subject matter experts and honing your skills and expertise in responsible AI. We are a highly collaborative team and our work is inherently cross-functional. You will have the chance to meet and work with stakeholders across the organization including senior leaders and have exposure to projects in human and animal health, business operations, supply chain management, clinical research, and IT.

Be a pioneer in the rapidly growing and recognized field of Responsible AI. In this role, you will have the opportunity to explore and work on our team’s multiple focus areas depending on your interest and expertise:

Primary Responsibilities

Find and Mitigate Risks in AI Projects. Work with business and technical stakeholders to identify and assess potential risks and impacts, recommend appropriate mitigations, and prevent harm.

Support development of Trust and Safety program for generative AI and general purpose AI. Develop content filtering and user guidelines, community engagement and training initiatives.

Implement Explainable AI (XAI). Test and audit data sets, models and AI solutions for bias, fairness, and explainability using open-source and enterprise tools.

Support development and implementation of policy processes and further the field of AI ethics. Be involved with building a safe, responsible, and ethical AI ecosystem in the organization and external industry.

Research and stay on top of AI developments, best practices, and regulatory changes. Experience opportunities to develop guidance and contribute to external initiatives.

If you would describe yourself as:

Self-motivated and driven to learn new topics and develop your domain expertise; Finds excitement in working at the bleeding edge in an emerging field.

Passionate about building a fairer and more inclusive AI ecosystem with respect for all; Has a keen interest in AI ethics, responsible AI, including policy, legal or regulatory landscape for emerging technologies, data privacy, or intellectual property.

Enjoys working in a diverse and cross-functional team; Has good communication and interpersonal skills.

Education Qualification:

Bachelor’s or Master’s Degree in any Field.

Experience and Skills:

Experience in AI ethics and responsible AI, with in-depth knowledge of AI, ML, Generative AI and the emerging technology landscape.

Experience in trust and safety, risk management, governance or related.

Ability to communicate and express technical viewpoints to senior stakeholders with succinctness and clarity

2+ years relevant working experience

Qualifications in analytical and technology disciplines, such as Engineering, Sciences, Mathematics, Computer Science or in Law, Philosophy or Psychology are encouraged to apply. Candidates are evaluated on a case-by case basis. Candidates with relevant experience are encouraged to apply.

Desired Experience and Skills:

Hands-on code development experience in Data Science, Machine Learning, Generative AI (Python, scikit-learn, pandas, numpy, Dataiku, Databricks, Amazon Sagemaker, generative models / LLMs, synthetic data, etc.)

Knowledge of XAI (SHAP, LIME, etc.)

Knowledge of law, IP, policy, regulatory processes, or industry standards in AI or related fields

Domain knowledge in pharmaceutical business areas such as research, clinical, manufacturing, commercial and corporate functions is highly regarded

What we look for …

Imagine getting up in the morning for a job as important as helping to save and improve lives around the world. Here, you have that opportunity. You can put your empathy, creativity, digital mastery, or scientific genius to work in collaboration with a diverse group of colleagues who pursue and bring hope to countless people who are battling some of the most challenging diseases of our time. Our team is constantly evolving, so if you are among the intellectually curious, join us—and start making your impact today.

We are proud to be a company that embraces the value of bringing diverse, talented, and committed people together. The fastest way to breakthrough innovation is when diverse ideas come together in an inclusive environment. We encourage our colleagues to respectfully challenge one another’s thinking and approach problems collectively. We are an equal opportunity employer, committed to fostering an inclusive and diverse workplace.

Current Employees apply HERE

Current Contingent Workers apply HERE

Search Firm Representatives Please Read Carefully
Merck & Co., Inc., Rahway, NJ, USA, also known as Merck Sharp & Dohme LLC, Rahway, NJ, USA, does not accept unsolicited assistance from search firms for employment opportunities. All CVs / resumes submitted by search firms to any employee at our company without a valid written search agreement in place for this position will be deemed the sole property of our company. No fee will be paid in the event a candidate is hired by our company as a result of an agency referral where no pre-existing agreement is in place. Where agency agreements are in place, introductions are position specific. Please, no phone calls or emails.

Employee Status:
Regular

Relocation:

VISA Sponsorship:

Travel Requirements:

Flexible Work Arrangements:
Hybrid

Shift:

Valid Driving License:

Hazardous Material(s):

Required Skills:
Analytical Thinking, Artificial Intelligence (AI), Artificial Intelligence Ethics, Data Science, Generative AI, Machine Learning, Responsible AI, Risk Management

Preferred Skills:
Intellectual Property, Law, Python (Programming Language), Regulatory Compliance, Software Development

Job Posting End Date:
12/22/2024
• A job posting is effective until 11:59:59PM on the day BEFORE the listed job posting end date. Please ensure you apply to a job posting no later than the day BEFORE the job posting end date.
"
"Senior Legal Counsel, AI Governance & IP",Contentful,"New York, NY • via Greenhouse",2025-01-08T19:39:58.137423,"10+ years of legal practice with direct subject matter expertise in AI and intellectual property
AI governance certification and/or completion of AI governance and compliance course(s)
Proven track record of providing legal advice and guidance on complex issues related to AI and IP
Substantial experience drafting and editing policies, procedures and related governance documents
Demonstrable project management skills
Highly responsive, solution-oriented approach in working with stakeholders
Strong writing skills with an attention to detail and the ability to express complicated matters in easily understandable and effective ways
Excellent judgment, analytical rigor, and business pragmatism
Self-directed and takes ownership of tasks with the ability to work effectively both independently and collaboratively","10+ years of legal practice with direct subject matter expertise in AI and intellectual property; AI governance certification and/or completion of AI governance and compliance course(s); Proven track record of providing legal advice and guidance on complex issues related to AI and IP; Substantial experience drafting and editing policies, procedures and related governance documents; Demonstrable project management skills; Highly responsive, solution-oriented approach in working with stakeholders; Strong writing skills with an attention to detail and the ability to express complicated matters in easily understandable and effective ways; Excellent judgment, analytical rigor, and business pragmatism; Self-directed and takes ownership of tasks with the ability to work effectively both independently and collaboratively","10+ years of legal practice with direct subject matter expertise in AI and intellectual property
AI governance certification and/or completion of AI governance and compliance course(s)
Proven track record of providing legal advice and guidance on complex issues related to AI and IP
Substantial experience drafting and editing policies, procedures and related governance documents
Demonstrable project management skills
Highly responsive, solution-oriented approach in working with stakeholders
Strong writing skills with an attention to detail and the ability to express complicated matters in easily understandable and effective ways
Excellent judgment, analytical rigor, and business pragmatism
Self-directed and takes ownership of tasks with the ability to work effectively both independently and collaboratively","10+ years of legal practice with direct subject matter expertise in AI and intellectual property; AI governance certification and/or completion of AI governance and compliance course(s); Proven track record of providing legal advice and guidance on complex issues related to AI and IP; Substantial experience drafting and editing policies, procedures and related governance documents; Demonstrable project management skills; Highly responsive, solution-oriented approach in working with stakeholders; Strong writing skills with an attention to detail and the ability to express complicated matters in easily understandable and effective ways; Excellent judgment, analytical rigor, and business pragmatism; Self-directed and takes ownership of tasks with the ability to work effectively both independently and collaboratively","Join an ambitious tech company reshaping the way people build digital experiences
Full-time employees receive Stock Options for the opportunity to share in the success of our company
Comprehensive healthcare package covering 100% of monthly health premiums for employees and 85% of costs for your dependents
Fertility and family building benefits, including a lifetime reimbursable wallet to support your growing family
We value Work-Life balance and You Time!
A generous amount of paid time off, including vacation days, sick days, compassion days for loss, education days, and volunteer days
Company paid parental leave to care for and focus on your growing family
Use your personal annual education budget to improve your skills and grow in your career
Enjoy a full range of virtual and in-person events, including workshops, guest speakers, and fun team activities, supporting learning and networking exchange beyond the usual work duties
An annual wellbeing stipend to care for your physical, financial, or emotional health
A monthly communication stipend and phone hardware upgrade reimbursement
New hire office equipment stipend for hybrid or distributed employees
Get the gear you need to work at your best
Any offered salary is determined based on internal equity, internal salary ranges, market data/ranges, applicant's skills and prior relevant experience, certain degrees and certifications (e.g. JD/technology), for example
New York Salary Range: $250,000 - $280,000
[This position is eligible for equity awards in accordance with the terms of Contentful’s equity plans.]","Join an ambitious tech company reshaping the way people build digital experiences; Full-time employees receive Stock Options for the opportunity to share in the success of our company; Comprehensive healthcare package covering 100% of monthly health premiums for employees and 85% of costs for your dependents; Fertility and family building benefits, including a lifetime reimbursable wallet to support your growing family; We value Work-Life balance and You Time!; A generous amount of paid time off, including vacation days, sick days, compassion days for loss, education days, and volunteer days; Company paid parental leave to care for and focus on your growing family; Use your personal annual education budget to improve your skills and grow in your career; Enjoy a full range of virtual and in-person events, including workshops, guest speakers, and fun team activities, supporting learning and networking exchange beyond the usual work duties; An annual wellbeing stipend to care for your physical, financial, or emotional health; A monthly communication stipend and phone hardware upgrade reimbursement; New hire office equipment stipend for hybrid or distributed employees; Get the gear you need to work at your best; Any offered salary is determined based on internal equity, internal salary ranges, market data/ranges, applicant's skills and prior relevant experience, certain degrees and certifications (e.g. JD/technology), for example; New York Salary Range: $250,000 - $280,000; [This position is eligible for equity awards in accordance with the terms of Contentful’s equity plans.]","Join an ambitious tech company reshaping the way people build digital experiences
Full-time employees receive Stock Options for the opportunity to share in the success of our company
Comprehensive healthcare package covering 100% of monthly health premiums for employees and 85% of costs for your dependents
Fertility and family building benefits, including a lifetime reimbursable wallet to support your growing family
We value Work-Life balance and You Time!
A generous amount of paid time off, including vacation days, sick days, compassion days for loss, education days, and volunteer days
Company paid parental leave to care for and focus on your growing family
Use your personal annual education budget to improve your skills and grow in your career
Enjoy a full range of virtual and in-person events, including workshops, guest speakers, and fun team activities, supporting learning and networking exchange beyond the usual work duties
An annual wellbeing stipend to care for your physical, financial, or emotional health
A monthly communication stipend and phone hardware upgrade reimbursement
New hire office equipment stipend for hybrid or distributed employees
Get the gear you need to work at your best
Any offered salary is determined based on internal equity, internal salary ranges, market data/ranges, applicant's skills and prior relevant experience, certain degrees and certifications (e.g. JD/technology), for example
New York Salary Range: $250,000 - $280,000
[This position is eligible for equity awards in accordance with the terms of Contentful’s equity plans.]","Join an ambitious tech company reshaping the way people build digital experiences; Full-time employees receive Stock Options for the opportunity to share in the success of our company; Comprehensive healthcare package covering 100% of monthly health premiums for employees and 85% of costs for your dependents; Fertility and family building benefits, including a lifetime reimbursable wallet to support your growing family; We value Work-Life balance and You Time!; A generous amount of paid time off, including vacation days, sick days, compassion days for loss, education days, and volunteer days; Company paid parental leave to care for and focus on your growing family; Use your personal annual education budget to improve your skills and grow in your career; Enjoy a full range of virtual and in-person events, including workshops, guest speakers, and fun team activities, supporting learning and networking exchange beyond the usual work duties; An annual wellbeing stipend to care for your physical, financial, or emotional health; A monthly communication stipend and phone hardware upgrade reimbursement; New hire office equipment stipend for hybrid or distributed employees; Get the gear you need to work at your best; Any offered salary is determined based on internal equity, internal salary ranges, market data/ranges, applicant's skills and prior relevant experience, certain degrees and certifications (e.g. JD/technology), for example; New York Salary Range: $250,000 - $280,000; [This position is eligible for equity awards in accordance with the terms of Contentful’s equity plans.]","About the opportunity

Contentful is an innovative, high-growth, customer-focused company in a large and growing market. This is a unique opportunity to join a growing legal team in an exciting and emerging area of law. As Contentful’s Legal Counsel - AI Governance & IP you will advise and partner with our Engineering, Product, Security, IT, Marketing, People, and other teams throughout the organi
zation to develop and implement Contentful’s AI governance program and manage risk and compliance with existing and emerging AI related laws and regulations. On the IP side, you will help manage Contentful’s patent and trademark portfolios, negotiate IP terms in technology related transactions and provide advice and support on a variety of IP issues. Success in this role requires a collaborative and supportive mentality, a willingness to embrace tactical details without missing strategic priorities, and skill in distilling complex legal concepts into simple, actionable business advice. This role will report directly to the VP & Deputy General Counsel PPIC (Product, Privacy, IP, Compliance).

What to expect?
• Develop a comprehensive AI governance program, work with cross-functional stakeholders on implementation, and take the lead on initiatives such as drafting policies, guidelines, risk assessments and training materials.
• Become the point-person within Legal for internal and customer-facing queries and communications on AI related issues.
• Support the Product, Engineering, Security and other teams to establish, implement and maintain an AI risk management framework to meet industry standards.
• Provide analysis and guidance on AI and IP issues to ensure compliance with existing and emerging laws and industry best practices, and implementation into business processes as needed.
• Draft, review and negotiate AI and IP related contract terms.
• Develop and implement a comprehensive IP strategy and manage Contentful’s global IP portfolio.
• Oversee invention sessions and invention disclosure selection.
• Respond to various IP inquiries from, and provide legal advice to, the business teams on IP issues ranging from open source software licenses to trademark and domain rights
• Consult with and direct outside counsel on intellectual property matters.

What you need to be successful?
• 10+ years of legal practice with direct subject matter expertise in AI and intellectual property.
• AI governance certification and/or completion of AI governance and compliance course(s).
• Proven track record of providing legal advice and guidance on complex issues related to AI and IP.
• Substantial experience drafting and editing policies, procedures and related governance documents.
• Demonstrable project management skills.
• Highly responsive, solution-oriented approach in working with stakeholders.
• Strong writing skills with an attention to detail and the ability to express complicated matters in easily understandable and effective ways.
• Excellent judgment, analytical rigor, and business pragmatism.
• Self-directed and takes ownership of tasks with the ability to work effectively both independently and collaboratively.

What's in it for you?
• Join an ambitious tech company reshaping the way people build digital experiences
• Full-time employees receive Stock Options for the opportunity to share in the success of our company
• Comprehensive healthcare package covering 100% of monthly health premiums for employees and 85% of costs for your dependents.
• Fertility and family building benefits, including a lifetime reimbursable wallet to support your growing family.
• We value Work-Life balance and You Time! A generous amount of paid time off, including vacation days, sick days, compassion days for loss, education days, and volunteer days
• Company paid parental leave to care for and focus on your growing family
• Use your personal annual education budget to improve your skills and grow in your career
• Enjoy a full range of virtual and in-person events, including workshops, guest speakers, and fun team activities, supporting learning and networking exchange beyond the usual work duties
• An annual wellbeing stipend to care for your physical, financial, or emotional health
• A monthly communication stipend and phone hardware upgrade reimbursement.
• New hire office equipment stipend for hybrid or distributed employees. Get the gear you need to work at your best.

This role will need to be conducted in a state in which we are currently registered to do business.

New York Salary Statement: The salary range displayed is specifically for those potential hires who will work or reside in the state of New York if selected for the role. Any offered salary is determined based on internal equity, internal salary ranges, market data/ranges, applicant's skills and prior relevant experience, certain degrees and certifications (e.g. JD/technology), for example.

New York Salary Range: $250,000 - $280,000
[This position is eligible for equity awards in accordance with the terms of Contentful’s equity plans.]

#LI-AS2 #LI-Hybrid
"
Risk Management - AI Governance & Integration Lead - Vice President,"JPMorgan Chase Bank, N.A.","Newark, NJ • via Talent.com",2025-01-08T19:40:08.650420,"Bachelor's or Master's degree in Computer Science, Software Engineering, or a related field
Proven experience in integrating AI models into production environments
Strong background in software engineering and development lifecycle
Experience with cloud platforms such as AWS, Azure and programming languages such as Python
Experience with RESTful APIs, and microservices architecture
Understanding of machine learning concepts and algorithms
Well organized, detail oriented, process driven and able to work systematically
Strong project management skills, with the ability to coordinate between multiple teams
Familiarity with Agile and Scrum methodologies
Advanced degree
Experience in financial services or a related industry
Knowledge of risk management and compliance practices
Experience with large-scale data processing and analytics platforms
Strong analytical, technical, and statistical skills
Ability to synthesize and analyze diverse information, develop recommendations and make decisions JPMorganChase, one of the oldest financial institutions, offers innovative financial solutions to millions of consumers, small businesses and many of the world's most prominent corporate, institutional and government clients under the J.P. Morgan and Chase brands","Bachelor's or Master's degree in Computer Science, Software Engineering, or a related field; Proven experience in integrating AI models into production environments; Strong background in software engineering and development lifecycle; Experience with cloud platforms such as AWS, Azure and programming languages such as Python; Experience with RESTful APIs, and microservices architecture; Understanding of machine learning concepts and algorithms; Well organized, detail oriented, process driven and able to work systematically; Strong project management skills, with the ability to coordinate between multiple teams; Familiarity with Agile and Scrum methodologies; Advanced degree; Experience in financial services or a related industry; Knowledge of risk management and compliance practices; Experience with large-scale data processing and analytics platforms; Strong analytical, technical, and statistical skills; Ability to synthesize and analyze diverse information, develop recommendations and make decisions JPMorganChase, one of the oldest financial institutions, offers innovative financial solutions to millions of consumers, small businesses and many of the world's most prominent corporate, institutional and government clients under the J.P. Morgan and Chase brands","Bachelor's or Master's degree in Computer Science, Software Engineering, or a related field
Proven experience in integrating AI models into production environments
Strong background in software engineering and development lifecycle
Experience with cloud platforms such as AWS, Azure and programming languages such as Python
Experience with RESTful APIs, and microservices architecture
Understanding of machine learning concepts and algorithms
Well organized, detail oriented, process driven and able to work systematically
Strong project management skills, with the ability to coordinate between multiple teams
Familiarity with Agile and Scrum methodologies
Advanced degree
Experience in financial services or a related industry
Knowledge of risk management and compliance practices
Experience with large-scale data processing and analytics platforms
Strong analytical, technical, and statistical skills
Ability to synthesize and analyze diverse information, develop recommendations and make decisions JPMorganChase, one of the oldest financial institutions, offers innovative financial solutions to millions of consumers, small businesses and many of the world's most prominent corporate, institutional and government clients under the J.P. Morgan and Chase brands","Bachelor's or Master's degree in Computer Science, Software Engineering, or a related field; Proven experience in integrating AI models into production environments; Strong background in software engineering and development lifecycle; Experience with cloud platforms such as AWS, Azure and programming languages such as Python; Experience with RESTful APIs, and microservices architecture; Understanding of machine learning concepts and algorithms; Well organized, detail oriented, process driven and able to work systematically; Strong project management skills, with the ability to coordinate between multiple teams; Familiarity with Agile and Scrum methodologies; Advanced degree; Experience in financial services or a related industry; Knowledge of risk management and compliance practices; Experience with large-scale data processing and analytics platforms; Strong analytical, technical, and statistical skills; Ability to synthesize and analyze diverse information, develop recommendations and make decisions JPMorganChase, one of the oldest financial institutions, offers innovative financial solutions to millions of consumers, small businesses and many of the world's most prominent corporate, institutional and government clients under the J.P. Morgan and Chase brands","We offer a competitive total rewards package including base salary determined based on the role, experience, skill set and location
Those in eligible roles may receive commission-based pay and / or discretionary incentive compensation, paid in the form of cash and / or forfeitable equity, awarded in recognition of individual achievements and contributions
We also offer a range of benefits and programs to meet employee needs, based on eligibility
These benefits include comprehensive health care coverage, on-site health and wellness centers, a retirement savings plan, backup childcare, tuition reimbursement, mental health support, financial coaching and more","We offer a competitive total rewards package including base salary determined based on the role, experience, skill set and location; Those in eligible roles may receive commission-based pay and / or discretionary incentive compensation, paid in the form of cash and / or forfeitable equity, awarded in recognition of individual achievements and contributions; We also offer a range of benefits and programs to meet employee needs, based on eligibility; These benefits include comprehensive health care coverage, on-site health and wellness centers, a retirement savings plan, backup childcare, tuition reimbursement, mental health support, financial coaching and more","We offer a competitive total rewards package including base salary determined based on the role, experience, skill set and location
Those in eligible roles may receive commission-based pay and / or discretionary incentive compensation, paid in the form of cash and / or forfeitable equity, awarded in recognition of individual achievements and contributions
We also offer a range of benefits and programs to meet employee needs, based on eligibility
These benefits include comprehensive health care coverage, on-site health and wellness centers, a retirement savings plan, backup childcare, tuition reimbursement, mental health support, financial coaching and more","We offer a competitive total rewards package including base salary determined based on the role, experience, skill set and location; Those in eligible roles may receive commission-based pay and / or discretionary incentive compensation, paid in the form of cash and / or forfeitable equity, awarded in recognition of individual achievements and contributions; We also offer a range of benefits and programs to meet employee needs, based on eligibility; These benefits include comprehensive health care coverage, on-site health and wellness centers, a retirement savings plan, backup childcare, tuition reimbursement, mental health support, financial coaching and more","Bring your expertise to JPMorgan Chase. As part of Risk Management and Compliance, you are at the center of keeping JPMorgan Chase strong and resilient. You help the firm grow its business in a responsible way by anticipating new and emerging risks, and using your expert judgement to solve real-world challenges that impact our company, customers and communities. Our culture in Risk Management and
Compliance is all about thinking outside the box, challenging the status quo and striving to be best-in-class. As an AI Governance & Integration Lead within the Data Analytics and Intelligent Automation team, you will be responsible for overseeing the integration of AI models into production environments, ensuring that they are scalable, reliable, and user-friendly. Additionally, you will ensure that each project follows the Risk Management & Compliance (RM&C) AI / ML Lifecycle, with agreed roles and responsibilities across technology teams and business units. Job Responsibilities
• Develop and implement strategies for integrating AI models into existing and new applications, while ensuring that integration processes align with business goals and technical requirements.
• Work closely with data scientists to understand the models being developed and application development team to understand functionality to drive operational testing and validation.
• Collaborate with software engineers, product managers, data science and other stakeholder teams to ensure seamless integration of AI solutions.
• Oversee the technical aspects of AI model deployment, including API development, microservices architecture, and cloud infrastructure. Monitor and troubleshoot issues related to model integration and deployment.
• Possess a strong project management mindset to ensure that each project follows the defined lifecycle, with agreed roles and responsibilities across technology teams and business units. Stay updated with the latest advancements in AI and integration technologies.
• Propose and implement improvements to integration and governance processes and tools.
• Guide training and resources to employees on AI governance, ethical considerations, and best practices through fostering a culture of continuous learning and improvement.
• Execute governance frameworks and processes to ensure effective oversight of the LLM lifecycle.
• Produce reporting and MIS for program governance forums, senior management and wider stakeholder groups. Required qualifications, capabilities, and skills
• Bachelor's or Master's degree in Computer Science, Software Engineering, or a related field
• Proven experience in integrating AI models into production environments
• Strong background in software engineering and development lifecycle
• Experience with cloud platforms such as AWS, Azure and programming languages such as Python
• Experience with RESTful APIs, and microservices architecture
• Understanding of machine learning concepts and algorithms
• Well organized, detail oriented, process driven and able to work systematically
• Strong project management skills, with the ability to coordinate between multiple teams
• Familiarity with Agile and Scrum methodologies
• Excellent communication skills to convey technical concepts to non-technical stakeholders Preferred qualifications, capabilities, and skills
• Advanced degree
• Experience in financial services or a related industry
• Knowledge of risk management and compliance practices
• Experience with large-scale data processing and analytics platforms
• Strong analytical, technical, and statistical skills
• Ability to synthesize and analyze diverse information, develop recommendations and make decisions JPMorganChase, one of the oldest financial institutions, offers innovative financial solutions to millions of consumers, small businesses and many of the world's most prominent corporate, institutional and government clients under the J.P. Morgan and Chase brands. Our history spans over 200 years and today we are a leader in investment banking, consumer and small business banking, commercial banking, financial transaction processing and asset management. We offer a competitive total rewards package including base salary determined based on the role, experience, skill set and location. Those in eligible roles may receive commission-based pay and / or discretionary incentive compensation, paid in the form of cash and / or forfeitable equity, awarded in recognition of individual achievements and contributions. We also offer a range of benefits and programs to meet employee needs, based on eligibility. These benefits include comprehensive health care coverage, on-site health and wellness centers, a retirement savings plan, backup childcare, tuition reimbursement, mental health support, financial coaching and more. Additional details about total compensation and benefits will be provided during the hiring process. We recognize that our people are our strength and the diverse talents they bring to our global workforce are directly linked to our success. We are an equal opportunity employer and place a high value on diversity and inclusion at our company. We do not discriminate on the basis of any protected attribute, including race, religion, color, national origin, gender, sexual orientation, gender identity, gender expression, age, marital or veteran status, pregnancy or disability, or any other basis protected under applicable law. We also make reasonable accommodations for applicants' and employees' religious practices and beliefs, as well as mental health or physical disability needs. Visit our FAQs for more information about requesting an accommodation. JPMorgan Chase & Co. is an Equal Opportunity Employer, including Disability / Veterans
"
Director of Data and AI Governance,Penn Medicine,"Philadelphia, PA • via Penn Medicine Careers",2025-01-08T19:40:19.542894,"Bachelor's degree
7+ years of progressively responsible experience in data governance, AI governance, data management, ML development or related roles in the health care industry
Experience managing teams and large complex cross-functional projects
Demonstrated expertise in data governance frameworks, data quality principles, data privacy regulations, and AI ethics
Applies knowledge to identify opportunities and develop solutions
Fosters team and organizational learning by focusing on learning from successes and mistakes in non-judgmental manners
Demonstrated interpersonal, verbal, and written communication skills
Ability to work with a diversity of stakeholders, including senior leaders
Strong analytical and problem-solving abilities
Project management skills and the ability to manage multiple initiatives simultaneously","Bachelor's degree; 7+ years of progressively responsible experience in data governance, AI governance, data management, ML development or related roles in the health care industry; Experience managing teams and large complex cross-functional projects; Demonstrated expertise in data governance frameworks, data quality principles, data privacy regulations, and AI ethics; Applies knowledge to identify opportunities and develop solutions; Fosters team and organizational learning by focusing on learning from successes and mistakes in non-judgmental manners; Demonstrated interpersonal, verbal, and written communication skills; Ability to work with a diversity of stakeholders, including senior leaders; Strong analytical and problem-solving abilities; Project management skills and the ability to manage multiple initiatives simultaneously","Bachelor's degree
7+ years of progressively responsible experience in data governance, AI governance, data management, ML development or related roles in the health care industry
Experience managing teams and large complex cross-functional projects
Demonstrated expertise in data governance frameworks, data quality principles, data privacy regulations, and AI ethics
Applies knowledge to identify opportunities and develop solutions
Fosters team and organizational learning by focusing on learning from successes and mistakes in non-judgmental manners
Demonstrated interpersonal, verbal, and written communication skills
Ability to work with a diversity of stakeholders, including senior leaders
Strong analytical and problem-solving abilities
Project management skills and the ability to manage multiple initiatives simultaneously","Bachelor's degree; 7+ years of progressively responsible experience in data governance, AI governance, data management, ML development or related roles in the health care industry; Experience managing teams and large complex cross-functional projects; Demonstrated expertise in data governance frameworks, data quality principles, data privacy regulations, and AI ethics; Applies knowledge to identify opportunities and develop solutions; Fosters team and organizational learning by focusing on learning from successes and mistakes in non-judgmental manners; Demonstrated interpersonal, verbal, and written communication skills; Ability to work with a diversity of stakeholders, including senior leaders; Strong analytical and problem-solving abilities; Project management skills and the ability to manage multiple initiatives simultaneously",We offer a comprehensive compensation and benefits program that includes one of the finest prepaid tuition assistance programs in the region,We offer a comprehensive compensation and benefits program that includes one of the finest prepaid tuition assistance programs in the region,We offer a comprehensive compensation and benefits program that includes one of the finest prepaid tuition assistance programs in the region,We offer a comprehensive compensation and benefits program that includes one of the finest prepaid tuition assistance programs in the region,"Description
Penn Medicine is dedicated to our tripartite mission of providing the highest level of care to patients, conducting innovative research, and educating future leaders in the field of medicine. Working for this leading academic medical center means collaboration with top clinical, technical and business professionals across all disciplines.

Today at Penn Medicine, someone will make a br
eakthrough. Someone will heal a heart, deliver hopeful news, and give comfort and reassurance. Our employees shape our future each day. Are you living your life's work?

Entity - Corporate

Department - Penn Data and Analytics Leadership

Location - 3600 Civic Center Blvd. Philadelphia, PA

Hours - 8:00AM-5:00PM, M-F | Hybrid

Summary:
• The Director of Data & AI Governance will hold a highly-visible role working with Penn Medicine's technical leaders and experts to develop a vision for data and AI governance. This person will be responsible for developing consensus and executing against the vision. They will oversee a small team to ensure the appropriate and ethical use of data and to promote responsible AI development, use, and monitoring.

Responsibilities:
• Data & AI Governance Strategy:
• * Collaborate with business, technical, clinical, and legal experts, to develop and implement a comprehensive data and AI governance strategy that aligns with the organization's mission and strategic goals. Continuously evaluate and enhance governance practices to adapt to evolving business needs and technology advancements.
• Governance Committee Management: Manage Data and AI Governance Committees and sub-committees. Create and refine structures, such as committee charters and documentation, to ensure efficient decision-making and effective oversight.
• Drive decision-making: Equip governance committee members with the tools and information that they need. Create frameworks and drive consensus building to ensure timely well-informed decision-making.
• Execution: Take governance committee decisions, translate them into projects and work plans, and ensure their implementation.
• Initiative: Take ownership of hands-on governance work, acting as an individual contributor, when necessary, to ensure the successful development and implementation of data policies, standards, and issues.
• Relationship building: Build and maintain strong relationships with colleagues across Penn Medicine. Lead projects requiring coordination with cross-functional teams, ensuring seamless execution.
• Facilitate Policy Development and Oversee Execution:
• * Key policy areas include: data quality management, data privacy and security, AI evaluation and oversight, AI ethics, data and AI stewardship, data & AI catalog and metadata management, and vendor and third-party oversight.
• Thought Partnership: Stay abreast of industry trends, best practices, and regulatory changes. Recommend initiatives to enhance the organization's data and AI governance maturity.
• Relationship Building: Establish credibility and trust with the Chief Information Security Officer, Chief Privacy Officer, CMIO, Office of Clinical Research, and faculty experts from across the University among other stakeholders.
• Facilitate Decision-Making: Define policy decisions to be made, identify relevant stakeholders and their roles in decision-making, ensure a shared understanding of the issues, and hold group accountable for timely decisions. Promote collaboration and drive consensus.
• Oversee Execution: Monitor the implementation of data and AI policies to ensure compliance and help troubleshoot, as needed.
• Reporting and Monitoring: Create and maintain dashboards and reports that provide visibility into data and AI governance metrics and progress to senior leadership and stakeholders.
• Leadership:
• * People Management: Lead, develop, and manage a team of data governance professional. Set high performance expectations and help team to achieve them. Create a positive team culture that promotes excellence and collaboration. Help individuals connect their work to Penn Medicine’s mission.
• Stakeholder Education and Training: Develop and deliver training programs to a variety of audiences on data and AI governance, data quality, data privacy, and AI ethics. Educate stakeholders about AI, including the limitations and risks associated with health AI solutions.
• Performs duties in accordance with Penn Medicine and entity values, policies, and procedures.
• Other duties as assigned to support the unit, department, entity, and health system organization.

Education or Equivalent Experience:
• Bachelor's degree. (Required)
• 7+ years of progressively responsible experience in data governance, AI governance, data management, ML development or related roles in the health care industry. Experience managing teams and large complex cross-functional projects. (Required)
• Master's degree (Preferred)

Skills/Abilities:
• Demonstrated expertise in data governance frameworks, data quality principles, data privacy regulations, and AI ethics. Applies knowledge to identify opportunities and develop solutions.
• Deep understanding of health care data, including EMR systems, particularly Epic, and their integration within healthcare operations.
• Demonstrated performance developing high-performing teams, fostering a positive culture of continuous improvement. Fosters team and organizational learning by focusing on learning from successes and mistakes in non-judgmental manners.
• Demonstrated interpersonal, verbal, and written communication skills. Ability to work with a diversity of stakeholders, including senior leaders.
• Strong analytical and problem-solving abilities.
• Project management skills and the ability to manage multiple initiatives simultaneously.

We believe that the best care for our patients starts with the best care for our employees. Our employee benefits programs help our employees get healthy and stay healthy. We offer a comprehensive compensation and benefits program that includes one of the finest prepaid tuition assistance programs in the region. Penn Medicine employees are actively engaged and committed to our mission. Together we will continue to make medical advances that help people live longer, healthier lives.

Live Your Life's Work

We are an Equal Opportunity and Affirmative Action employer. Candidates are considered for employment without regard to race, ethnicity, color, sex, sexual orientation, gender identity, religion, national origin, ancestry, age, disability, marital status, familial status, genetic information, domestic or sexual violence victim status, citizenship status, military status, status as a protected veteran or any other status protected by applicable law.
"
AI Governance Lead,Boston Quantara,"Boston, MA • via LinkedIn",2025-01-08T19:40:29.728955,"A strong background in AI ethics, governance, or a related field
Proven experience in designing and implementing governance frameworks in a technology-driven environment
Knowledge of AI/ML technologies, their applications, and associated risks
Familiarity with global AI regulatory landscapes and frameworks
Strong analytical, communication, and stakeholder management skills
Advanced degree in computer science, law, data ethics, or a related discipline","A strong background in AI ethics, governance, or a related field; Proven experience in designing and implementing governance frameworks in a technology-driven environment; Knowledge of AI/ML technologies, their applications, and associated risks; Familiarity with global AI regulatory landscapes and frameworks; Strong analytical, communication, and stakeholder management skills; Advanced degree in computer science, law, data ethics, or a related discipline","A strong background in AI ethics, governance, or a related field
Proven experience in designing and implementing governance frameworks in a technology-driven environment
Knowledge of AI/ML technologies, their applications, and associated risks
Familiarity with global AI regulatory landscapes and frameworks
Strong analytical, communication, and stakeholder management skills
Advanced degree in computer science, law, data ethics, or a related discipline","A strong background in AI ethics, governance, or a related field; Proven experience in designing and implementing governance frameworks in a technology-driven environment; Knowledge of AI/ML technologies, their applications, and associated risks; Familiarity with global AI regulatory landscapes and frameworks; Strong analytical, communication, and stakeholder management skills; Advanced degree in computer science, law, data ethics, or a related discipline",Compensation - $115 - $155 (Base),Compensation - $115 - $155 (Base),Compensation - $115 - $155 (Base),Compensation - $115 - $155 (Base),"AI Governance Lead / AI Governance / AI Strategy / Responsible AI / AI Act / GDPR / Machine Learning / Boston / Hybrid

Permanent Position – Hybrid

Compensation - $115 - $155 (Base)

Excellent Benefits

I am working with a Start up with offices in both New York and Boston, they are seeking an experienced and visionary AI Governance Lead to shape and oversee their AI governance framework and strat
egy.

If successful you will play a pivotal role in ensuring the AI systems are ethical, compliant, and aligned with organizational values and regulatory requirements.

AI Governance Lead Specification:
• Develop and implement robust AI governance frameworks, policies, and standards.
• Collaborate with cross-functional teams, including legal, IT, and data science, to ensure ethical AI practices.
• Monitor compliance with relevant regulations and industry standards (e.g., GDPR, AI Act).
• Conduct regular audits and risk assessments of AI systems to mitigate bias, data misuse, and other ethical concerns.
• Drive awareness and training initiatives on AI ethics and governance across the organization.
• Represent the organization in external AI governance forums and maintain relationships with regulators and industry bodies.
• A strong background in AI ethics, governance, or a related field.
• Proven experience in designing and implementing governance frameworks in a technology-driven environment.
• Knowledge of AI/ML technologies, their applications, and associated risks.
• Familiarity with global AI regulatory landscapes and frameworks.
• Strong analytical, communication, and stakeholder management skills.
• Advanced degree in computer science, law, data ethics, or a related discipline.

If you have the desired skills and experience and are either an AI Governance Lead or looking to step into this role from the relevant background, then please send me your resume and I will arrange a call.

AI Governance Lead / AI Governance / AI Strategy / Responsible AI / AI Act / GDPR / Machine Learning / Boston / Hybrid
"
Data Protection &AI Governance Advisor,Capco,"New York, NY • via Built In",2025-01-08T19:40:40.029641,"We need your expertise to tackle challenges posed by automated decision-making, emerging US state privacy laws, and insurance industry-specific security and data protection considerations
7+ years of experience of AI governance frameworks (e.g., NIST AI RMF, OECD AI principles, ISO 23894, ISO 42001) and insurance industry standards such as NAIC Model Laws and state insurance regulations
Familiarity with operational privacy-by-design practices and their application to AI systems within regulated industries like insurance
Awareness of US state privacy laws, particularly those impacting the ""right to opt out"" of automated decision-making, and their implications for insurance products and services
Practical experience in implementing IT and Information Security initiatives with a focus on data protection in regulated environments
Strong project management skills with a collaborative and servant-leader mentality
Familiarity with cloud platforms (AWS, Azure, Google Cloud) and data management tools (e.g., BigID, Collibra, OneTrust)
Ability to synthesize technical and regulatory insights into actionable business strategies, particularly for insurance clients","We need your expertise to tackle challenges posed by automated decision-making, emerging US state privacy laws, and insurance industry-specific security and data protection considerations; 7+ years of experience of AI governance frameworks (e.g., NIST AI RMF, OECD AI principles, ISO 23894, ISO 42001) and insurance industry standards such as NAIC Model Laws and state insurance regulations; Familiarity with operational privacy-by-design practices and their application to AI systems within regulated industries like insurance; Awareness of US state privacy laws, particularly those impacting the ""right to opt out"" of automated decision-making, and their implications for insurance products and services; Practical experience in implementing IT and Information Security initiatives with a focus on data protection in regulated environments; Strong project management skills with a collaborative and servant-leader mentality; Familiarity with cloud platforms (AWS, Azure, Google Cloud) and data management tools (e.g., BigID, Collibra, OneTrust); Ability to synthesize technical and regulatory insights into actionable business strategies, particularly for insurance clients","We need your expertise to tackle challenges posed by automated decision-making, emerging US state privacy laws, and insurance industry-specific security and data protection considerations
7+ years of experience of AI governance frameworks (e.g., NIST AI RMF, OECD AI principles, ISO 23894, ISO 42001) and insurance industry standards such as NAIC Model Laws and state insurance regulations
Familiarity with operational privacy-by-design practices and their application to AI systems within regulated industries like insurance
Awareness of US state privacy laws, particularly those impacting the ""right to opt out"" of automated decision-making, and their implications for insurance products and services
Practical experience in implementing IT and Information Security initiatives with a focus on data protection in regulated environments
Strong project management skills with a collaborative and servant-leader mentality
Familiarity with cloud platforms (AWS, Azure, Google Cloud) and data management tools (e.g., BigID, Collibra, OneTrust)
Ability to synthesize technical and regulatory insights into actionable business strategies, particularly for insurance clients","We need your expertise to tackle challenges posed by automated decision-making, emerging US state privacy laws, and insurance industry-specific security and data protection considerations; 7+ years of experience of AI governance frameworks (e.g., NIST AI RMF, OECD AI principles, ISO 23894, ISO 42001) and insurance industry standards such as NAIC Model Laws and state insurance regulations; Familiarity with operational privacy-by-design practices and their application to AI systems within regulated industries like insurance; Awareness of US state privacy laws, particularly those impacting the ""right to opt out"" of automated decision-making, and their implications for insurance products and services; Practical experience in implementing IT and Information Security initiatives with a focus on data protection in regulated environments; Strong project management skills with a collaborative and servant-leader mentality; Familiarity with cloud platforms (AWS, Azure, Google Cloud) and data management tools (e.g., BigID, Collibra, OneTrust); Ability to synthesize technical and regulatory insights into actionable business strategies, particularly for insurance clients","We offer highly competitive benefits, including medical, dental and vision insurance, a 401(k) plan, tuition reimbursement, and a work culture focused on innovation and creation of lasting value for our clients and employees
$141,000—$185,000 USD","We offer highly competitive benefits, including medical, dental and vision insurance, a 401(k) plan, tuition reimbursement, and a work culture focused on innovation and creation of lasting value for our clients and employees; $141,000—$185,000 USD","We offer highly competitive benefits, including medical, dental and vision insurance, a 401(k) plan, tuition reimbursement, and a work culture focused on innovation and creation of lasting value for our clients and employees
$141,000—$185,000 USD","We offer highly competitive benefits, including medical, dental and vision insurance, a 401(k) plan, tuition reimbursement, and a work culture focused on innovation and creation of lasting value for our clients and employees; $141,000—$185,000 USD","About the team:

Our Data Practice helps clients transform every aspect of their business through cutting-edge strategies and innovation. We specialize in data protection and AI governance, uniquely integrating Security and Privacy (S&P) under Data and Analytics (D&A). Our holistic approach addresses the modern enterprise's needs for compliance, risk mitigation, and ethical innovation in AI system
s. With deep expertise in the financial services and insurance sectors, we collaborate across disciplines to deliver solutions aligned with clients' objectives, regulatory requirements, and industry standards like NIST, NAIC Model Laws, and state insurance regulations.

About the Job:

As a member of our Data Protection & AI Governance Team, you will work at the intersection of data protection, regulatory compliance, and the rapidly evolving field of AI [ethics and governance. From implementing privacy-by-design principles to advising on global and industry-specific regulatory frameworks like NIST AI RMF, OECD AI principles, ISO standards (ISO 23894, ISO 42001), and insurance-specific regulations, you'll contribute to building robust strategies that shape our clients' futures.

We need your expertise to tackle challenges posed by automated decision-making, emerging US state privacy laws, and insurance industry-specific security and data protection considerations. If you're passionate about protecting data, driving ethical AI, and delivering measurable business value, we want to hear from you.

What You’ll Get to Do:
• * Collaborate and Lead: Guide clients in defining and implementing data protection and AI governance strategies aligned with business objectives and regulatory requirements, including NAIC Model Laws and state insurance regulations.
• Regulatory Expertise: Monitor and interpret developments in global and industry-specific AI and data privacy regulations (e.g., US state privacy laws, CPRA, GDPR) and their implications on automated decision-making and insurance practices.
• Program Assessment: Identify risks and gaps in client programs, from sensitive data handling to AI governance, with a focus on addressing insurance-specific data protection and compliance needs.
• Framework Application: Leverage frameworks like NIST AI RMF, OECD principles, and ISO standards alongside insurance-specific security and privacy requirements to create comprehensive governance models.
• Process Design: Draft policies and workflows that integrate privacy-by-design principles into AI and data governance strategies while addressing unique considerations in the insurance sector.
• Technology Enablement: Collaborate with technical teams to design and implement solutions that automate and scale data protection and AI governance activities, ensuring alignment with insurance regulatory and security requirements.
• Thought Leadership: Develop and present insights on the evolving landscape of AI risk management, data privacy, and insurance regulations, supporting clients' journeys to compliance and innovation.

What You’ll Bring with You:
• 7+ years of experience of AI governance frameworks (e.g., NIST AI RMF, OECD AI principles, ISO 23894, ISO 42001) and insurance industry standards such as NAIC Model Laws and state insurance regulations.
• Familiarity with operational privacy-by-design practices and their application to AI systems within regulated industries like insurance.
• Awareness of US state privacy laws, particularly those impacting the ""right to opt out"" of automated decision-making, and their implications for insurance products and services.
• Practical experience in implementing IT and Information Security initiatives with a focus on data protection in regulated environments.
• Strong project management skills with a collaborative and servant-leader mentality.
• Familiarity with cloud platforms (AWS, Azure, Google Cloud) and data management tools (e.g., BigID, Collibra, OneTrust).
• Ability to synthesize technical and regulatory insights into actionable business strategies, particularly for insurance clients.
• Preferred certifications: CIPP, CIPM, CDPSE, CIPT, CISSP, or equivalent.

Why Capco?

A career at Capco is a chance to help reshape the competitive landscape in financial services. We launch new banks, transform existing ones, and help our clients navigate complex change. As consultants, we work on the front-end business design all the way through to technology implementation.

We are the largest Financial Services focused consultancy in the world, serving everyone from global banks to emerging FinTechs, from strategy through digital transformation, design, business consulting, data and analytics, cyber, cloud, technology architecture, and engineering.

Capco is a young and growing firm. We maintain an entrepreneurial spirit and growth mindset and have minimal bureaucracy. We have no internal silos that get in the way of your career opportunities or ability to focus on our clients and make a difference to the business. We offer the opportunity for everyone to learn rapidly, take on tough challenges, and get promoted quickly. We take pride in our creative, collaborative, diverse, and inclusive culture, where everyone can #BYAW.

We offer highly competitive benefits, including medical, dental and vision insurance, a 401(k) plan, tuition reimbursement, and a work culture focused on innovation and creation of lasting value for our clients and employees.

Ready to take the Next Step

If this sounds like you, we would love to hear from you. This is an opportunity to make a difference and contribute to a highly successful company with a significant growth trajectory.

#LI-AS

#LI-HYBRID

New York Pay Range

$141,000—$185,000 USD
"
"Technical Governance and Responsible AI Researcher, Cohere For AI",Cohere,"New York, NY • via Teal",2025-01-08T19:40:50.381750,"Technical contributions to governance topics demonstrating rigor and thorough evaluation
Experience executing experiments with a strong scientific background
Ability to translate technical concepts into policy recommendations and discuss them with a general audience
Understanding of global public policy issues, particularly in AI policy
Ability to identify and analyze public policy developments and contextualize them with scientific problems
Computer science degree, economics degree, or equivalent technical experience","Technical contributions to governance topics demonstrating rigor and thorough evaluation; Experience executing experiments with a strong scientific background; Ability to translate technical concepts into policy recommendations and discuss them with a general audience; Understanding of global public policy issues, particularly in AI policy; Ability to identify and analyze public policy developments and contextualize them with scientific problems; Computer science degree, economics degree, or equivalent technical experience","Technical contributions to governance topics demonstrating rigor and thorough evaluation
Experience executing experiments with a strong scientific background
Ability to translate technical concepts into policy recommendations and discuss them with a general audience
Understanding of global public policy issues, particularly in AI policy
Ability to identify and analyze public policy developments and contextualize them with scientific problems
Computer science degree, economics degree, or equivalent technical experience","Technical contributions to governance topics demonstrating rigor and thorough evaluation; Experience executing experiments with a strong scientific background; Ability to translate technical concepts into policy recommendations and discuss them with a general audience; Understanding of global public policy issues, particularly in AI policy; Ability to identify and analyze public policy developments and contextualize them with scientific problems; Computer science degree, economics degree, or equivalent technical experience",Remote-first work environment with no location restrictions,Remote-first work environment with no location restrictions,Remote-first work environment with no location restrictions,Remote-first work environment with no location restrictions,"About the position

The Technical Governance Researcher role at Cohere For AI focuses on advancing the understanding of AI futures and supporting effective AI policy. This position involves conducting technical governance research, analyzing scientific experiments related to large language models, and providing insights that inform AI governance and risk mitigation strategies. The role emphasizes
collaboration and communication with a diverse audience, including policymakers, to enhance public awareness of AI capabilities and limitations.

Responsibilities
• Execute technical governance research and contribute to reports on the state of AI.
,
• Run and analyze scientific experiments to enhance understanding of large language models.
,
• Build models, collect data, and interpret results related to AI aspects such as inference time compute and traceability of open weights.
,
• Launch initiatives to promote public awareness of AI capabilities and limitations through whitepapers, guides, workshops, and courses.
,
• Communicate scientific findings to a wide audience, including policymakers.

Requirements
• Technical contributions to governance topics demonstrating rigor and thorough evaluation.
,
• Experience executing experiments with a strong scientific background.
,
• Ability to translate technical concepts into policy recommendations and discuss them with a general audience.
,
• Understanding of global public policy issues, particularly in AI policy.
,
• Ability to identify and analyze public policy developments and contextualize them with scientific problems.

Nice-to-haves
• Computer science degree, economics degree, or equivalent technical experience.

Benefits
• Remote-first work environment with no location restrictions.
"
"Associate Director, Digital Product and Ai Governance",Consumer Reports,"Yonkers, NY • via Indeed",2025-01-08T19:41:00.885233,"5 -10 years conducting advanced technology research and leading analytics teams
Expertise in ethical AI/ML, tech policy, engineering large systems
Demonstrated people and project management experience
Passion for translating complex technologies for non-technical audiences
Demonstrated leadership skills that include setting and achieving goals, initiating actions to resolve problems and improve processes
Ability to coach and collaborate with individuals across all levels of the organization
Strong communication skills, storytelling with executive presentation abilities
Able to produce clear, concise, and detailed documentation
Hands on, detail oriented with the ability to see the big picture
Innovative problem-solver able to creatively apply advanced technologies with excellent analytical, and technical troubleshooting skills
Ability to lead and manage in a collaborative and communicative style while ensuring alignment with and accountability to organization objectives
Great interpersonal skills; inspiring and motivating teams and individuals
Demonstrated effective planning, time management and organizational skills
Commitment to transparency, accountability and serving the public interest
Commitment to the public interest values CR represents
PhD in technical discipline like Computer Science, Applied Mathematics, etc
Background publishing peer-reviewed studies on AI/ML fairness or related topics
Serve as subject matter expert on emerging tech like AI/ML, blockchain, VR/AR and lead internal community building efforts
Experience developing standards or benchmarks for responsible technology
Policy advocacy experience related to consumer protection
Successful track record coordinating cross functional projects and initiatives
Passion for conducting rigorous, independent tech assessments","5 -10 years conducting advanced technology research and leading analytics teams; Expertise in ethical AI/ML, tech policy, engineering large systems; Demonstrated people and project management experience; Passion for translating complex technologies for non-technical audiences; Demonstrated leadership skills that include setting and achieving goals, initiating actions to resolve problems and improve processes; Ability to coach and collaborate with individuals across all levels of the organization; Strong communication skills, storytelling with executive presentation abilities; Able to produce clear, concise, and detailed documentation; Hands on, detail oriented with the ability to see the big picture; Innovative problem-solver able to creatively apply advanced technologies with excellent analytical, and technical troubleshooting skills; Ability to lead and manage in a collaborative and communicative style while ensuring alignment with and accountability to organization objectives; Great interpersonal skills; inspiring and motivating teams and individuals; Demonstrated effective planning, time management and organizational skills; Commitment to transparency, accountability and serving the public interest; Commitment to the public interest values CR represents; PhD in technical discipline like Computer Science, Applied Mathematics, etc; Background publishing peer-reviewed studies on AI/ML fairness or related topics; Serve as subject matter expert on emerging tech like AI/ML, blockchain, VR/AR and lead internal community building efforts; Experience developing standards or benchmarks for responsible technology; Policy advocacy experience related to consumer protection; Successful track record coordinating cross functional projects and initiatives; Passion for conducting rigorous, independent tech assessments","5 -10 years conducting advanced technology research and leading analytics teams
Expertise in ethical AI/ML, tech policy, engineering large systems
Demonstrated people and project management experience
Passion for translating complex technologies for non-technical audiences
Demonstrated leadership skills that include setting and achieving goals, initiating actions to resolve problems and improve processes
Ability to coach and collaborate with individuals across all levels of the organization
Strong communication skills, storytelling with executive presentation abilities
Able to produce clear, concise, and detailed documentation
Hands on, detail oriented with the ability to see the big picture
Innovative problem-solver able to creatively apply advanced technologies with excellent analytical, and technical troubleshooting skills
Ability to lead and manage in a collaborative and communicative style while ensuring alignment with and accountability to organization objectives
Great interpersonal skills; inspiring and motivating teams and individuals
Demonstrated effective planning, time management and organizational skills
Commitment to transparency, accountability and serving the public interest
Commitment to the public interest values CR represents
PhD in technical discipline like Computer Science, Applied Mathematics, etc
Background publishing peer-reviewed studies on AI/ML fairness or related topics
Serve as subject matter expert on emerging tech like AI/ML, blockchain, VR/AR and lead internal community building efforts
Experience developing standards or benchmarks for responsible technology
Policy advocacy experience related to consumer protection
Successful track record coordinating cross functional projects and initiatives
Passion for conducting rigorous, independent tech assessments","5 -10 years conducting advanced technology research and leading analytics teams; Expertise in ethical AI/ML, tech policy, engineering large systems; Demonstrated people and project management experience; Passion for translating complex technologies for non-technical audiences; Demonstrated leadership skills that include setting and achieving goals, initiating actions to resolve problems and improve processes; Ability to coach and collaborate with individuals across all levels of the organization; Strong communication skills, storytelling with executive presentation abilities; Able to produce clear, concise, and detailed documentation; Hands on, detail oriented with the ability to see the big picture; Innovative problem-solver able to creatively apply advanced technologies with excellent analytical, and technical troubleshooting skills; Ability to lead and manage in a collaborative and communicative style while ensuring alignment with and accountability to organization objectives; Great interpersonal skills; inspiring and motivating teams and individuals; Demonstrated effective planning, time management and organizational skills; Commitment to transparency, accountability and serving the public interest; Commitment to the public interest values CR represents; PhD in technical discipline like Computer Science, Applied Mathematics, etc; Background publishing peer-reviewed studies on AI/ML fairness or related topics; Serve as subject matter expert on emerging tech like AI/ML, blockchain, VR/AR and lead internal community building efforts; Experience developing standards or benchmarks for responsible technology; Policy advocacy experience related to consumer protection; Successful track record coordinating cross functional projects and initiatives; Passion for conducting rigorous, independent tech assessments","We offer medical benefits that start on your first day as a CR employee that include behavioral health coverage, family planning and a generous 401K match
Fair Pay & A Just WorkPlace
At Consumer Reports, we are committed to fair, transparent pay and we strive to provide competitive, market-informed compensation
The target salary range for this position is $180k to $200k","We offer medical benefits that start on your first day as a CR employee that include behavioral health coverage, family planning and a generous 401K match; Fair Pay & A Just WorkPlace; At Consumer Reports, we are committed to fair, transparent pay and we strive to provide competitive, market-informed compensation; The target salary range for this position is $180k to $200k","We offer medical benefits that start on your first day as a CR employee that include behavioral health coverage, family planning and a generous 401K match
Fair Pay & A Just WorkPlace
At Consumer Reports, we are committed to fair, transparent pay and we strive to provide competitive, market-informed compensation
The target salary range for this position is $180k to $200k","We offer medical benefits that start on your first day as a CR employee that include behavioral health coverage, family planning and a generous 401K match; Fair Pay & A Just WorkPlace; At Consumer Reports, we are committed to fair, transparent pay and we strive to provide competitive, market-informed compensation; The target salary range for this position is $180k to $200k","WHO WE ARE

Consumer Reports is an independent, nonprofit organization dedicated to a fair and just marketplace for consumers. Our team is made up of truth tellers, change agents, and consumer advocates who investigate and build coalitions to fight for fairness and justice in the marketplace for consumers. We leverage our evidence-based approach to demand safer products, a healthier environment, a
nd equitable services for everyone.

Our mission starts with you. We offer medical benefits that start on your first day as a CR employee that include behavioral health coverage, family planning and a generous 401K match. Learn more about how CR advocates on behalf of our employees.

Overview

The Associate Director oversees Consumer Reports' research, evaluation, testing and day to day operations for the Digital Marketplace Program. They are responsible for driving innovation initiatives related to emerging technologies and business models across the digital marketplace. They lead a team of professionals responsible for developing standards, benchmarks and testing protocols to assess Digital Marketplace fairness, security, privacy and products/services that impact consumers with a specific focus on AI/ML. The role requires deep technical expertise in data science, engineering and applied ethics in addition to excellent project and people management abilities.

Under our CRFlex program, this is a hybrid position and is eligible for remote work up to 80%. The successful candidate must reside within 75 miles of our main office location in Yonkers New York or New York City.

How you'll make an Impact:

As an Associate Director, Digital Marketplace Program you will:
• Develop and execute on Consumer Reports' Digital Marketplace objectives. Responsible for AI/ML, Fintech and IOT connected device research & testing agenda, including advocating policies, publishing insight and building partnerships
• Lead prototype development of AI auditing and benchmarking tools for the digital marketplace
• Manage team of digital marketplace product and technology researchers, evaluators/testers and R&D specialists conducting product evaluations, technology assessments, and marketplace analysis
• Continuously enhance digital marketplace research and testing methodologies and research practices related to responsible innovation
• Work closely with the Sr. Director, Digital Marketplace to ensure alignment with program strategy
• Be accountable for the performance and project outcomes, ensure delivery on critical project metrics, and keep others informed of progress
• Support Sr. Director,Testing and Research, in overseeing operational and test development activities to ensure that product testing is performed on schedule, according to procedures, with quality and accuracy.
• Manage relationships with internal and external partners and stakeholders ensuring effective collaboration.
• Represent Consumer Reports externally such as in videos, media interviews, and with academia, industry, and manufacturer interactions and help shape policy, regulatory debates related to technology impacts
• Work with Sr. Director, Testing and Research, to develop and execute effective succession plans, including the selection, mentoring, and coaching of the appropriate team members to meet the department's requirements of the organization
• Stay current on external trends, testing standards and competitors' practices.
• Perform other tasks as required

You'll Be Highly Rated If:
• 5 -10 years conducting advanced technology research and leading analytics teams
• Expertise in ethical AI/ML, tech policy, engineering large systems
• Demonstrated people and project management experience
• Passion for translating complex technologies for non-technical audiences
• Demonstrated leadership skills that include setting and achieving goals, initiating actions to resolve problems and improve processes
• Ability to coach and collaborate with individuals across all levels of the organization
• Strong communication skills, storytelling with executive presentation abilities. Able to produce clear, concise, and detailed documentation
• Hands on, detail oriented with the ability to see the big picture
• Innovative problem-solver able to creatively apply advanced technologies with excellent analytical, and technical troubleshooting skills.
• Ability to lead and manage in a collaborative and communicative style while ensuring alignment with and accountability to organization objectives.
• Great interpersonal skills; inspiring and motivating teams and individuals.
• Demonstrated effective planning, time management and organizational skills
• Commitment to transparency, accountability and serving the public interest
• Commitment to the public interest values CR represents

You'll be one of our top picks if:
• PhD in technical discipline like Computer Science, Applied Mathematics, etc.
• Background publishing peer-reviewed studies on AI/ML fairness or related topics
• Serve as subject matter expert on emerging tech like AI/ML, blockchain, VR/AR and lead internal community building efforts
• Experience developing standards or benchmarks for responsible technology
• Policy advocacy experience related to consumer protection
• Successful track record coordinating cross functional projects and initiatives
• Passion for conducting rigorous, independent tech assessments

#LI-CM1

Fair Pay & A Just WorkPlace

At Consumer Reports, we are committed to fair, transparent pay and we strive to provide competitive, market-informed compensation. The target salary range for this position is $180k to $200k. This posted range is reflective of the NY/CA market. It is anticipated that most qualified candidates will fall near the middle of this range. Compensation for the successful candidate will be informed by the candidate's particular combination of knowledge, skills, competencies, and experience.

Consumer Reports proudly seeks to build a richly diverse workforce by hiring people with a diversity of thoughts, identities, perspectives, and experiences that help advance the difference we make for consumers, and by ensuring individuals experience equity and inclusion in their work lives. We encourage members of traditionally underrepresented communities to apply, including women, LGBTQIA people, people of color, and people with disabilities.
"
AI Governance Lead,SUNY Upstate Medical University,"Syracuse, NY • via Upstate Careers - Upstate Medical University",2025-01-08T19:41:11.095894,"Bachelor's degree and 3 years relevant project management and/or information systems experience or an equivalent combination of education and experience required
Must be self-directed with strong interpersonal, communication, analytic and computer skills
Strong understanding of ethical considerations around AI implementation; background in clinical informatics/healthcare; familiarity with data science/AI & ML concepts","Bachelor's degree and 3 years relevant project management and/or information systems experience or an equivalent combination of education and experience required; Must be self-directed with strong interpersonal, communication, analytic and computer skills; Strong understanding of ethical considerations around AI implementation; background in clinical informatics/healthcare; familiarity with data science/AI & ML concepts","Bachelor's degree and 3 years relevant project management and/or information systems experience or an equivalent combination of education and experience required
Must be self-directed with strong interpersonal, communication, analytic and computer skills
Strong understanding of ethical considerations around AI implementation; background in clinical informatics/healthcare; familiarity with data science/AI & ML concepts","Bachelor's degree and 3 years relevant project management and/or information systems experience or an equivalent combination of education and experience required; Must be self-directed with strong interpersonal, communication, analytic and computer skills; Strong understanding of ethical considerations around AI implementation; background in clinical informatics/healthcare; familiarity with data science/AI & ML concepts",,,,,"Job Summary:

The AI Governance Lead will play a critical role in designing, implementing, and maintaining a governing structure for leveraging Artificial Intelligence (AI) technologies in an ethical and responsible manner that aligns with Upstate's mission, vision and values and all relevant laws and regulations. Responsible for establishing, and overseeing a multidisciplinary AI governance commi
ttee representing stakeholders across multiple domains; identifying issues that can be addressed through the responsible use of AI and related technologies and developing comprehensive training programs to raise awareness and educate staff on best practices in AI policies and procedures. Responsibilities include, but are not limited to, engaging the Upstate community to promote the understanding and adoption of responsible use of AI; facilitating AI governance meetings at all levels of stakeholder involvement; identifying opportunities for process improvement and automation where AI can be leveraged; keeping abreast of emerging regulatory guidelines to ensure compliance and address potential gaps; working closely with leadership to ensure project objective are in alignment with organizational goals, managing risk, monitoring and managing project scope, and managing and maintaining all documentation.

Minimum Qualifications:

Bachelor's degree and 3 years relevant project management and/or information systems experience or an equivalent combination of education and experience required. Must be self-directed with strong interpersonal, communication, analytic and computer skills.

Preferred Qualifications:

Strong understanding of ethical considerations around AI implementation; background in clinical informatics/healthcare; familiarity with data science/AI & ML concepts.

Work Days:

8-430 M-F

Message to Applicants:

Recruitment Office: Human Resources

Executive Order:

Pursuant to Executive Order 161, no State entity, as defined by the Executive Order, is permitted to ask, or mandate, in any form, that an applicant for employment provide his or her current compensation, or any prior compensation history, until such time as the applicant is extended a conditional offer of employment with compensation. If such information has been requested from you before such time, please contact the Governor's Office of Employee Relations at (518) 474-6988 or via email at info@goer.ny.gov.
"
AI Governance VP,2755 Barclays Services Corpor,United States • via Workday,2025-01-08T19:41:18.408980,,,,,,,,,"Job Description Purpose of the role To design frameworks, provide governance of model risk, controls, infrastructure and reporting as well as providing oversight for compliance of the Model Owner community with the Model Risk Management framework Accountabilities Development, maintenance and management of a globally consistent model risk framework that complies with the firm’s major regulatory req
uirements. Delivery of model inventory and workflow, including associated data quality & reporting and oversight of Quantitative Processes. Assessment of the controls employed by the various areas of Barclays that own models to determine their level of compliance with and implementation of the Model Risk Framework. Establishment of the Model risk appetite. Model risk tolerance reports are provided to the respective Group level and legal entity committees where relevant. Management of the strategic Validation Center of Excellence, performing independent quality assurance to assess whether validation outcomes are well supported by IVU’s assessment of the model. Oversight of regulatory and audit responses and interactions within MRM. Vice President Expectations Advise key stakeholders, including functional leadership teams and senior management on functional and cross functional areas of impact and alignment. Manage and mitigate risks through assessment, in support of the control and governance agenda. Demonstrate leadership and accountability for managing risk and strengthening controls in relation to the work your team does. Demonstrate comprehensive understanding of the organisation functions to contribute to achieving the goals of the business. Collaborate with other areas of work, for business aligned support areas to keep up to speed with business activity and the business strategies. Create solutions based on sophisticated analytical thought comparing and selecting complex alternatives. In-depth analysis with interpretative thinking will be required to define problems and develop innovative solutions. Adopt and include the outcomes of extensive research in problem solving processes. Seek out, build and maintain trusting relationships and partnerships with internal and external stakeholders in order to accomplish key business objectives, using influencing and negotiating skills to achieve outcomes. All colleagues will be expected to demonstrate the Barclays Values of Respect, Integrity, Service, Excellence and Stewardship – our moral compass, helping us do what we believe is right. They will also be expected to demonstrate the Barclays Mindset – to Empower, Challenge and Drive – the operating manual for how we behave. Step into the role of AI Governance VP at Barclays, where you will be focused on supporting various aspects of AI governance/operating model, including the development and implementation of AI policies and standards, the creation and maintenance of the AI inventory, overseeing the AI risk tiering , establishing the production use guardrails, coordinating cross-functional AI risk assessments, supporting Generative AI proof-of-concepts, and contributing to the governance meetings. This role is crucial for effective communication and collaboration with a broad spectrum of stakeholders to ensure the Policy, Standards and Governance processes are well understood and appropriately integrated into the broader Barclays Risk Framework. It offers exceptional opportunities for a motivated individual to expand the knowledge in AI governance and operating model, areas with heightened focus in the financial industry and the broader economy. It will enable you to enhance your expertise in AI technology and its significant implications on business operations and regulatory compliance. To be successful as a AI Governance VP, you should have experience with: Oversight and governance of AI/ML models at an enterprise level Developing, implementing, and overseeing the governance frameworks and policies Key regulatory frameworks and standards relevant to AI use in the financial industry, such as EU AI Act, NIST guidelines, and the ability to apply these in a practical context Producing high-quality documents, presentation slides, and training materials to technical and non-technical audiences of levels of seniority Some other highly valued skills may include: Excellent analytical or and problem-solving skills, proven in complex and dynamic settings Strong negotiation and communication skills, both verbal and written, as well as exceptional interpersonal abilities to engage with diverse teams and stakeholders An innovative mindset, capable of proposing effective solutions to control issues identified You may be assessed on the key critical skills relevant for success in role, such as risk and controls, change and transformation, business acumen strategic thinking and digital and technology, as well as job-specific technical skills This role is located in New York Minimum Salary: $180,850 Maximum Salary: $219,000 The minimum and maximum salary/rate information above include only base salary or base hourly rate. It does not include any another type of compensation or benefits that may be available. Our Work Experience is the combination of everything that's unique about us: our culture, our core values, our company meetings, our commitment to sustainability, our recognition programs, but most importantly, it's our people. Our employees are self-disciplined, hard working, curious, trustworthy, humble, and truthful. They make choices according to what is best for the team, they live for opportunities to collaborate and make a difference, and they make us the #1 Top Workplace in the area.
"
AI Governance Strategy Consulting Sr. Manager,Accenture,"Philadelphia, PA • via JobzMall",2025-01-08T19:41:28.215586,"The ideal candidate will have a strong background in AI Governance and Strategy Consulting, with a minimum of 8+ years of experience in a similar role
This position requires an advanced degree in a related field, such as Computer Science, Business Administration, or Information Systems Management
The successful candidate will also possess a record of successful delivery of projects and the ability to develop and maintain relationships.If you are an experienced, results-driven AI Governance Strategy Consulting Senior Manager looking to make an impact in the ever-evolving field of AI Governance, we want to hear from you!","The ideal candidate will have a strong background in AI Governance and Strategy Consulting, with a minimum of 8+ years of experience in a similar role; This position requires an advanced degree in a related field, such as Computer Science, Business Administration, or Information Systems Management; The successful candidate will also possess a record of successful delivery of projects and the ability to develop and maintain relationships.If you are an experienced, results-driven AI Governance Strategy Consulting Senior Manager looking to make an impact in the ever-evolving field of AI Governance, we want to hear from you!","The ideal candidate will have a strong background in AI Governance and Strategy Consulting, with a minimum of 8+ years of experience in a similar role
This position requires an advanced degree in a related field, such as Computer Science, Business Administration, or Information Systems Management
The successful candidate will also possess a record of successful delivery of projects and the ability to develop and maintain relationships.If you are an experienced, results-driven AI Governance Strategy Consulting Senior Manager looking to make an impact in the ever-evolving field of AI Governance, we want to hear from you!","The ideal candidate will have a strong background in AI Governance and Strategy Consulting, with a minimum of 8+ years of experience in a similar role; This position requires an advanced degree in a related field, such as Computer Science, Business Administration, or Information Systems Management; The successful candidate will also possess a record of successful delivery of projects and the ability to develop and maintain relationships.If you are an experienced, results-driven AI Governance Strategy Consulting Senior Manager looking to make an impact in the ever-evolving field of AI Governance, we want to hear from you!",,,,,"Accenture is looking for an experienced, results-driven AI Governance Strategy Consulting Senior Manager to join our team of dedicated professionals. This position offers the opportunity to lead our AI Governance Strategy Consulting practice, creating innovative solutions and strategies for our clients to navigate today’s AI-driven marketplace.As the AI Governance Strategy Consulting Senior Manage
r, you will be responsible for utilizing your expertise and experience to drive the development and implementation of effective governance strategies. You will be expected to have a deep understanding of AI governance and the ability to communicate complex concepts to stakeholders of all levels. You will be expected to develop and lead the AI Governance Strategy Consulting practice, drive the successful delivery of projects, and maintain relationships with clients.The ideal candidate will have a strong background in AI Governance and Strategy Consulting, with a minimum of 8+ years of experience in a similar role. This position requires an advanced degree in a related field, such as Computer Science, Business Administration, or Information Systems Management. The successful candidate will also possess a record of successful delivery of projects and the ability to develop and maintain relationships.If you are an experienced, results-driven AI Governance Strategy Consulting Senior Manager looking to make an impact in the ever-evolving field of AI Governance, we want to hear from you!

Accenture is an Equal Opportunity Employer. We celebrate diversity and are committed to creating an inclusive environment for all employees. We do not discriminate based upon race, religion, color, national origin, sex, sexual orientation, gender identity, age, status as a protected veteran, status as an individual with a disability, or other applicable legally protected characteristics.
"
"Sr Manager, Data & AI Governance - Duluth, GA",Medtronic,"Duluth, GA • via LinkedIn",2025-01-08T19:41:39.444314,"Our mission drives the need to be a highly skilled, flexible, extremely efficient, versatile, and agile in software product development for the benefit of our patients with Type 1 and Type 2 diabetes in need of intensive insulin therapy
Bachelor’s degree in Statistics, Computer Science, Mathematics, or other quantitative disciplines with 7+ years of relevant experience
5+ years of managerial experience
Advanced degree in Statistics, Computer Science, Mathematics, or other quantitative disciplines with 5+ years of relevant experience
5+ years of managerial experience
Deep understanding of data governance frameworks and best practices
Hands-on experience with Atlan (or similar tool) for data cataloging and Immuta for data security
Familiarity with AWS cloud services and Databricks platform
Minimum seven years of experience dedicated to data quality initiatives
Hands on experience with data profiling, cleansing, and improving data accuracy and reliability
Demonstrated experience in developing and enforcing ethical AI guidelines and framework within an organization
Experience conducting ethical risk assessment for AI projects to ensure compliance with ethical standards and regulations
Familiarity with ethical AI principles such as transparency, fairness, accountability, and explainability
Regulatory Knowledge: Expertise in global data protection regulations (GDPR, CCPA) and compliance strategies
Leadership Skills: Proven ability to lead cross-functional teams and drive organizational change
Communication Skills: Exceptional verbal and written communication abilities, with experience presenting to executive leadership
Analytical Skills: Strong problem-solving skills with a focus on risk assessment and mitigation
Deep expertise in the implementation of data strategy, governance frameworks, operating models, and key data management processes
Strong knowledge and experience working in a sophisticated multi-ERP system environment that includes SAP and Salesforce
Demonstrates a proven record of success in enabling technologies and the impact on Data Analytics and Reporting","Our mission drives the need to be a highly skilled, flexible, extremely efficient, versatile, and agile in software product development for the benefit of our patients with Type 1 and Type 2 diabetes in need of intensive insulin therapy; Bachelor’s degree in Statistics, Computer Science, Mathematics, or other quantitative disciplines with 7+ years of relevant experience; 5+ years of managerial experience; Advanced degree in Statistics, Computer Science, Mathematics, or other quantitative disciplines with 5+ years of relevant experience; 5+ years of managerial experience; Deep understanding of data governance frameworks and best practices; Hands-on experience with Atlan (or similar tool) for data cataloging and Immuta for data security; Familiarity with AWS cloud services and Databricks platform; Minimum seven years of experience dedicated to data quality initiatives; Hands on experience with data profiling, cleansing, and improving data accuracy and reliability; Demonstrated experience in developing and enforcing ethical AI guidelines and framework within an organization; Experience conducting ethical risk assessment for AI projects to ensure compliance with ethical standards and regulations; Familiarity with ethical AI principles such as transparency, fairness, accountability, and explainability; Regulatory Knowledge: Expertise in global data protection regulations (GDPR, CCPA) and compliance strategies; Leadership Skills: Proven ability to lead cross-functional teams and drive organizational change; Communication Skills: Exceptional verbal and written communication abilities, with experience presenting to executive leadership; Analytical Skills: Strong problem-solving skills with a focus on risk assessment and mitigation; Deep expertise in the implementation of data strategy, governance frameworks, operating models, and key data management processes; Strong knowledge and experience working in a sophisticated multi-ERP system environment that includes SAP and Salesforce; Demonstrates a proven record of success in enabling technologies and the impact on Data Analytics and Reporting","Our mission drives the need to be a highly skilled, flexible, extremely efficient, versatile, and agile in software product development for the benefit of our patients with Type 1 and Type 2 diabetes in need of intensive insulin therapy
Bachelor’s degree in Statistics, Computer Science, Mathematics, or other quantitative disciplines with 7+ years of relevant experience
5+ years of managerial experience
Advanced degree in Statistics, Computer Science, Mathematics, or other quantitative disciplines with 5+ years of relevant experience
5+ years of managerial experience
Deep understanding of data governance frameworks and best practices
Hands-on experience with Atlan (or similar tool) for data cataloging and Immuta for data security
Familiarity with AWS cloud services and Databricks platform
Minimum seven years of experience dedicated to data quality initiatives
Hands on experience with data profiling, cleansing, and improving data accuracy and reliability
Demonstrated experience in developing and enforcing ethical AI guidelines and framework within an organization
Experience conducting ethical risk assessment for AI projects to ensure compliance with ethical standards and regulations
Familiarity with ethical AI principles such as transparency, fairness, accountability, and explainability
Regulatory Knowledge: Expertise in global data protection regulations (GDPR, CCPA) and compliance strategies
Leadership Skills: Proven ability to lead cross-functional teams and drive organizational change
Communication Skills: Exceptional verbal and written communication abilities, with experience presenting to executive leadership
Analytical Skills: Strong problem-solving skills with a focus on risk assessment and mitigation
Deep expertise in the implementation of data strategy, governance frameworks, operating models, and key data management processes
Strong knowledge and experience working in a sophisticated multi-ERP system environment that includes SAP and Salesforce
Demonstrates a proven record of success in enabling technologies and the impact on Data Analytics and Reporting","Our mission drives the need to be a highly skilled, flexible, extremely efficient, versatile, and agile in software product development for the benefit of our patients with Type 1 and Type 2 diabetes in need of intensive insulin therapy; Bachelor’s degree in Statistics, Computer Science, Mathematics, or other quantitative disciplines with 7+ years of relevant experience; 5+ years of managerial experience; Advanced degree in Statistics, Computer Science, Mathematics, or other quantitative disciplines with 5+ years of relevant experience; 5+ years of managerial experience; Deep understanding of data governance frameworks and best practices; Hands-on experience with Atlan (or similar tool) for data cataloging and Immuta for data security; Familiarity with AWS cloud services and Databricks platform; Minimum seven years of experience dedicated to data quality initiatives; Hands on experience with data profiling, cleansing, and improving data accuracy and reliability; Demonstrated experience in developing and enforcing ethical AI guidelines and framework within an organization; Experience conducting ethical risk assessment for AI projects to ensure compliance with ethical standards and regulations; Familiarity with ethical AI principles such as transparency, fairness, accountability, and explainability; Regulatory Knowledge: Expertise in global data protection regulations (GDPR, CCPA) and compliance strategies; Leadership Skills: Proven ability to lead cross-functional teams and drive organizational change; Communication Skills: Exceptional verbal and written communication abilities, with experience presenting to executive leadership; Analytical Skills: Strong problem-solving skills with a focus on risk assessment and mitigation; Deep expertise in the implementation of data strategy, governance frameworks, operating models, and key data management processes; Strong knowledge and experience working in a sophisticated multi-ERP system environment that includes SAP and Salesforce; Demonstrates a proven record of success in enabling technologies and the impact on Data Analytics and Reporting","Benefits & Compensation
Medtronic offers a competitive Salary and flexible Benefits Package
A commitment to our employees lives at the core of our values
We offer a wide range of benefits, resources, and competitive compensation plans designed to support you at every career and life stage
Salary ranges for U.S (excl. PR) locations (USD):$150,400.00 - $225,600.00
This position is eligible for a short-term incentive called the Medtronic Incentive Plan (MIP)
The base salary range is applicable across the United States, excluding Puerto Rico and specific locations in California
The following benefits and additional compensation are available to those regular employees who work 20+ hours per week: Health, Dental and vision insurance, Health Savings Account, Healthcare Flexible Spending Account, Life insurance, Long-term disability leave, Dependent daycare spending account, Tuition assistance/reimbursement, and Simple Steps (global well-being program)
The following benefits and additional compensation are available to all regular employees: Incentive plans, 401(k) plan plus employer contribution and match, Short-term disability, Paid time off, Paid holidays, Employee Stock Purchase Plan, Employee Assistance Program, Non-qualified Retirement Plan Supplement (subject to IRS earning minimums), and Capital Accumulation Plan (available to Vice Presidents and above, or subject to IRS earning minimums)
Medtronic benefits and compensation plans","Benefits & Compensation; Medtronic offers a competitive Salary and flexible Benefits Package; A commitment to our employees lives at the core of our values; We offer a wide range of benefits, resources, and competitive compensation plans designed to support you at every career and life stage; Salary ranges for U.S (excl. PR) locations (USD):$150,400.00 - $225,600.00; This position is eligible for a short-term incentive called the Medtronic Incentive Plan (MIP); The base salary range is applicable across the United States, excluding Puerto Rico and specific locations in California; The following benefits and additional compensation are available to those regular employees who work 20+ hours per week: Health, Dental and vision insurance, Health Savings Account, Healthcare Flexible Spending Account, Life insurance, Long-term disability leave, Dependent daycare spending account, Tuition assistance/reimbursement, and Simple Steps (global well-being program); The following benefits and additional compensation are available to all regular employees: Incentive plans, 401(k) plan plus employer contribution and match, Short-term disability, Paid time off, Paid holidays, Employee Stock Purchase Plan, Employee Assistance Program, Non-qualified Retirement Plan Supplement (subject to IRS earning minimums), and Capital Accumulation Plan (available to Vice Presidents and above, or subject to IRS earning minimums); Medtronic benefits and compensation plans","Benefits & Compensation
Medtronic offers a competitive Salary and flexible Benefits Package
A commitment to our employees lives at the core of our values
We offer a wide range of benefits, resources, and competitive compensation plans designed to support you at every career and life stage
Salary ranges for U.S (excl. PR) locations (USD):$150,400.00 - $225,600.00
This position is eligible for a short-term incentive called the Medtronic Incentive Plan (MIP)
The base salary range is applicable across the United States, excluding Puerto Rico and specific locations in California
The following benefits and additional compensation are available to those regular employees who work 20+ hours per week: Health, Dental and vision insurance, Health Savings Account, Healthcare Flexible Spending Account, Life insurance, Long-term disability leave, Dependent daycare spending account, Tuition assistance/reimbursement, and Simple Steps (global well-being program)
The following benefits and additional compensation are available to all regular employees: Incentive plans, 401(k) plan plus employer contribution and match, Short-term disability, Paid time off, Paid holidays, Employee Stock Purchase Plan, Employee Assistance Program, Non-qualified Retirement Plan Supplement (subject to IRS earning minimums), and Capital Accumulation Plan (available to Vice Presidents and above, or subject to IRS earning minimums)
Medtronic benefits and compensation plans","Benefits & Compensation; Medtronic offers a competitive Salary and flexible Benefits Package; A commitment to our employees lives at the core of our values; We offer a wide range of benefits, resources, and competitive compensation plans designed to support you at every career and life stage; Salary ranges for U.S (excl. PR) locations (USD):$150,400.00 - $225,600.00; This position is eligible for a short-term incentive called the Medtronic Incentive Plan (MIP); The base salary range is applicable across the United States, excluding Puerto Rico and specific locations in California; The following benefits and additional compensation are available to those regular employees who work 20+ hours per week: Health, Dental and vision insurance, Health Savings Account, Healthcare Flexible Spending Account, Life insurance, Long-term disability leave, Dependent daycare spending account, Tuition assistance/reimbursement, and Simple Steps (global well-being program); The following benefits and additional compensation are available to all regular employees: Incentive plans, 401(k) plan plus employer contribution and match, Short-term disability, Paid time off, Paid holidays, Employee Stock Purchase Plan, Employee Assistance Program, Non-qualified Retirement Plan Supplement (subject to IRS earning minimums), and Capital Accumulation Plan (available to Vice Presidents and above, or subject to IRS earning minimums); Medtronic benefits and compensation plans","We anticipate the application window for this opening will close on - 31 Jan 2025

At Medtronic you can begin a life-long career of exploration and innovation, while helping champion healthcare access and equity for all. You’ll lead with purpose, breaking down barriers to innovation in a more connected, compassionate world.

A Day in the Life

Careers that Change Lives

As the Senior Manager of Da
ta & AI Governance, you will play a critical role in shaping our data and AI strategies. Your primary responsibility will be to develop, implement, and oversee comprehensive data governance frameworks that ensure data integrity, security, compliance, and ethical use across the organization. You will collaborate with business leaders to establish policies and standards for data management and AI practices, translating regulatory requirements and strategic objectives into actionable governance initiatives. Additionally, you will oversee the integration of governance tools like Atlan for data cataloging and metadata management, and Immuta for data security and access control, ensuring effective data stewardship and compliance with global regulations.

Our mission drives the need to be a highly skilled, flexible, extremely efficient, versatile, and agile in software product development for the benefit of our patients with Type 1 and Type 2 diabetes in need of intensive insulin therapy.

Diabetes impacts over 500 million people around the world — that’s roughly one in 10 adults. That means you probably know someone affected by this disease. At Medtronic, our Diabetes Operating Unit focuses on improving the lives of those within the global diabetes community. As a business, we strive to empower people with diabetes to live life on their terms by delivering innovation that truly matters and providing support in the ways they need it. We’re committed to meeting people with diabetes where they are in their journey, always with an aim to make their lives easier. Our portfolio of innovative solutions is designed to provide customers greater freedom and better health, helping them achieve better glucose control, while spending less time managing their disease.

Responsibilities may include the following and other duties may be assigned:
• Strategic Framework Development: Design and implement comprehensive data governance and AI governance frameworks that align with organizational goals and regulatory requirements.
• Policy Enforcement: Establish and enforce policies for data quality, metadata management, data lifecycle, and data privacy.
• Regulatory Compliance: Ensure compliance with global data protection laws (e.g., GDPR, CCPA) and industry-specific regulations.
• Data Stewardship: Lead initiatives to promote data stewardship, fostering a culture of data responsibility and accountability.
• Technology Integration: Oversee ( in partnership with Data engineering leadership ) the effective use of Atlan for data cataloging and metadata management, and Immuta for data security and access control.
• Cross-Functional Collaboration: Partner with IT, legal, compliance, data engineering, and data science teams to ensure cohesive data governance practices.
• Risk Management: Identify potential data risks and develop mitigation strategies, including regular audits and assessments.
• Performance Metrics: Define and monitor key performance indicators (KPIs) related to data governance and AI ethics.
• Training and Development: Create and deliver training programs to educate staff on data governance policies and best practices.
• Innovation and Best Practices: Stay current with industry trends to continuously improve governance frameworks and practices.
• Support strategic projects to provide permissible and timely access to data and content using AI automation
• Ethical AI Oversight Develop and enforce AI governance policies that ensure ethical use of AI and machine learning technologies across the organization. Establish frameworks to identify, monitor, and mitigate biases in AI models and algorithms.
• Data quality management implement robust data quality standards and processes to ensure the integrity and reliability of data.

Must Have: Minimum Requirements:
• Bachelor’s degree in Statistics, Computer Science, Mathematics, or other quantitative disciplines with 7+ years of relevant experience
• 5+ years of managerial experience

OR
• Advanced degree in Statistics, Computer Science, Mathematics, or other quantitative disciplines with 5+ years of relevant experience
• 5+ years of managerial experience

Nice to Have:
• Deep understanding of data governance frameworks and best practices.
• Hands-on experience with Atlan (or similar tool) for data cataloging and Immuta for data security.
• Familiarity with AWS cloud services and Databricks platform.
• Minimum seven years of experience dedicated to data quality initiatives.
• Hands on experience with data profiling, cleansing, and improving data accuracy and reliability.
• Demonstrated experience in developing and enforcing ethical AI guidelines and framework within an organization.
• Experience conducting ethical risk assessment for AI projects to ensure compliance with ethical standards and regulations.
• Familiarity with ethical AI principles such as transparency, fairness, accountability, and explainability.
• Regulatory Knowledge: Expertise in global data protection regulations (GDPR, CCPA) and compliance strategies.
• Leadership Skills: Proven ability to lead cross-functional teams and drive organizational change.
• Communication Skills: Exceptional verbal and written communication abilities, with experience presenting to executive leadership.
• Analytical Skills: Strong problem-solving skills with a focus on risk assessment and mitigation.
• Certifications: Relevant certifications CDMP or CIMP are highly desirable.
• Deep expertise in the implementation of data strategy, governance frameworks, operating models, and key data management processes
• Strong knowledge and experience working in a sophisticated multi-ERP system environment that includes SAP and Salesforce.
• Demonstrates a proven record of success in enabling technologies and the impact on Data Analytics and Reporting.

Physical Job Requirements

The above statements are intended to describe the general nature and level of work being performed by employees assigned to this position, but they are not an exhaustive list of all the required responsibilities and skills of this position.

The physical demands described within the Responsibilities section of this job description are representative of those that must be met by an employee to successfully perform the essential functions of this job. Reasonable accommodations may be made to enable individuals with disabilities to perform the essential functions. For Office Roles: While performing the duties of this job, the employee is regularly required to be independently mobile. The employee is also required to interact with a computer, and communicate with peers and co-workers. Contact your manager or local HR to understand the Work Conditions and Physical requirements that may be specific to each role.

Benefits & Compensation

Medtronic offers a competitive Salary and flexible Benefits Package

A commitment to our employees lives at the core of our values. We recognize their contributions. They share in the success they help to create. We offer a wide range of benefits, resources, and competitive compensation plans designed to support you at every career and life stage.

Salary ranges for U.S (excl. PR) locations (USD):$150,400.00 - $225,600.00

This position is eligible for a short-term incentive called the Medtronic Incentive Plan (MIP).

The base salary range is applicable across the United States, excluding Puerto Rico and specific locations in California. The offered rate complies with federal and local regulations and may vary based on factors such as experience, certification/education, market conditions, and location. Compensation and benefits information pertains solely to candidates hired within the United States (local market compensation and benefits will apply for others).

The following benefits and additional compensation are available to those regular employees who work 20+ hours per week: Health, Dental and vision insurance, Health Savings Account, Healthcare Flexible Spending Account, Life insurance, Long-term disability leave, Dependent daycare spending account, Tuition assistance/reimbursement, and Simple Steps (global well-being program).

The following benefits and additional compensation are available to all regular employees: Incentive plans, 401(k) plan plus employer contribution and match, Short-term disability, Paid time off, Paid holidays, Employee Stock Purchase Plan, Employee Assistance Program, Non-qualified Retirement Plan Supplement (subject to IRS earning minimums), and Capital Accumulation Plan (available to Vice Presidents and above, or subject to IRS earning minimums).

Regular employees are those who are not temporary, such as interns. Temporary employees are eligible for paid sick time, as required under applicable state law, and the Employee Stock Purchase Plan. Please note some of the above benefits may not apply to workers in Puerto Rico.

Further details are available at the link below:

About Medtronic

Medtronic benefits and compensation plans

We lead global healthcare technology and boldly attack the most challenging health problems facing humanity by searching out and finding solutions.

Our Mission — to alleviate pain, restore health, and extend life — unites a global team of 90,000+ passionate people.

We are engineers at heart— putting ambitious ideas to work to generate real solutions for real people. From the R&D lab, to the factory floor, to the conference room, every one of us experiments, creates, builds, improves and solves. We have the talent, diverse perspectives, and guts to engineer the extraordinary.

Learn more about our business, mission, and our commitment to diversity here.

It is the policy of Medtronic to provide equal employment opportunity (EEO) to all persons regardless of age, color, national origin, citizenship status, physical or mental disability, race, religion, creed, gender, sex, sexual orientation, gender identity and/or expression, genetic information, marital status, status with regard to public assistance, veteran status, or any other characteristic protected by federal, state or local law. In addition, Medtronic will provide reasonable accommodations for qualified individuals with disabilities.
"
"Responsible AI Governance Lead, Tech and Data Risk",McKinsey & Company,"Boston, MA (+3 others) • via ASU+GSV Summit Job Board",2025-01-08T19:41:49.786726,"Bachelor's degree required
7+ years experience within a risk or governance role
Expertise in AI ethics principles, privacy regulations (e.g., GDPR, CCPA), or industry standards for responsible AI
Deep understanding of the end-to-end AI/ML development lifecycle, including data collection, model development, deployment, and monitoring
Strong analytical skills, with the ability to interpret data and perform bias and fairness analysis on complex AI systems
Experience in responsible AI particularly AI testing and model validation
Demonstrated experience leading teams of technical experts, driving successful project outcomes and fostering team collaboration
Exceptional communication skills, with the ability to translate technical concepts to non-technical stakeholders and lead cross-functional teams
Proven ability to work effectively with cross-functional teams, including product, legal, compliance, and data science teams, to align on responsible AI objectives
Risk & Resilience
Job Skill Code - MREM - Manager, Risk Operations and Experience","Bachelor's degree required; 7+ years experience within a risk or governance role; Expertise in AI ethics principles, privacy regulations (e.g., GDPR, CCPA), or industry standards for responsible AI; Deep understanding of the end-to-end AI/ML development lifecycle, including data collection, model development, deployment, and monitoring; Strong analytical skills, with the ability to interpret data and perform bias and fairness analysis on complex AI systems; Experience in responsible AI particularly AI testing and model validation; Demonstrated experience leading teams of technical experts, driving successful project outcomes and fostering team collaboration; Exceptional communication skills, with the ability to translate technical concepts to non-technical stakeholders and lead cross-functional teams; Proven ability to work effectively with cross-functional teams, including product, legal, compliance, and data science teams, to align on responsible AI objectives; Risk & Resilience; Job Skill Code - MREM - Manager, Risk Operations and Experience","Bachelor's degree required
7+ years experience within a risk or governance role
Expertise in AI ethics principles, privacy regulations (e.g., GDPR, CCPA), or industry standards for responsible AI
Deep understanding of the end-to-end AI/ML development lifecycle, including data collection, model development, deployment, and monitoring
Strong analytical skills, with the ability to interpret data and perform bias and fairness analysis on complex AI systems
Experience in responsible AI particularly AI testing and model validation
Demonstrated experience leading teams of technical experts, driving successful project outcomes and fostering team collaboration
Exceptional communication skills, with the ability to translate technical concepts to non-technical stakeholders and lead cross-functional teams
Proven ability to work effectively with cross-functional teams, including product, legal, compliance, and data science teams, to align on responsible AI objectives
Risk & Resilience
Job Skill Code - MREM - Manager, Risk Operations and Experience","Bachelor's degree required; 7+ years experience within a risk or governance role; Expertise in AI ethics principles, privacy regulations (e.g., GDPR, CCPA), or industry standards for responsible AI; Deep understanding of the end-to-end AI/ML development lifecycle, including data collection, model development, deployment, and monitoring; Strong analytical skills, with the ability to interpret data and perform bias and fairness analysis on complex AI systems; Experience in responsible AI particularly AI testing and model validation; Demonstrated experience leading teams of technical experts, driving successful project outcomes and fostering team collaboration; Exceptional communication skills, with the ability to translate technical concepts to non-technical stakeholders and lead cross-functional teams; Proven ability to work effectively with cross-functional teams, including product, legal, compliance, and data science teams, to align on responsible AI objectives; Risk & Resilience; Job Skill Code - MREM - Manager, Risk Operations and Experience","For new joiners for this role in Canada and/or the United States, including all office locations where the job may be performed, a reasonable estimated range is $152,300 - $203,000 in USD and $153,000 - $204,000 in CAD — to help you understand what you can expect
Certain roles are also eligible for bonuses, subject to McKinsey's discretion and based on factors such as individual and/or organizational performance
Additionally, we provide a comprehensive benefits package that reflects our commitment to the wellness of our colleagues and their families
This includes medical, mental health, dental and vision coverage, telemedicine services, life, accident and disability insurance, parental leave and family planning benefits, caregiving resources, a generous retirement contributions program, financial guidance, and paid time off","For new joiners for this role in Canada and/or the United States, including all office locations where the job may be performed, a reasonable estimated range is $152,300 - $203,000 in USD and $153,000 - $204,000 in CAD — to help you understand what you can expect; Certain roles are also eligible for bonuses, subject to McKinsey's discretion and based on factors such as individual and/or organizational performance; Additionally, we provide a comprehensive benefits package that reflects our commitment to the wellness of our colleagues and their families; This includes medical, mental health, dental and vision coverage, telemedicine services, life, accident and disability insurance, parental leave and family planning benefits, caregiving resources, a generous retirement contributions program, financial guidance, and paid time off","For new joiners for this role in Canada and/or the United States, including all office locations where the job may be performed, a reasonable estimated range is $152,300 - $203,000 in USD and $153,000 - $204,000 in CAD — to help you understand what you can expect
Certain roles are also eligible for bonuses, subject to McKinsey's discretion and based on factors such as individual and/or organizational performance
Additionally, we provide a comprehensive benefits package that reflects our commitment to the wellness of our colleagues and their families
This includes medical, mental health, dental and vision coverage, telemedicine services, life, accident and disability insurance, parental leave and family planning benefits, caregiving resources, a generous retirement contributions program, financial guidance, and paid time off","For new joiners for this role in Canada and/or the United States, including all office locations where the job may be performed, a reasonable estimated range is $152,300 - $203,000 in USD and $153,000 - $204,000 in CAD — to help you understand what you can expect; Certain roles are also eligible for bonuses, subject to McKinsey's discretion and based on factors such as individual and/or organizational performance; Additionally, we provide a comprehensive benefits package that reflects our commitment to the wellness of our colleagues and their families; This includes medical, mental health, dental and vision coverage, telemedicine services, life, accident and disability insurance, parental leave and family planning benefits, caregiving resources, a generous retirement contributions program, financial guidance, and paid time off","Risk & Compliance Responsible AI Governance Lead, Tech and Data Risk
Job ID: 93767
• Atlanta
• Boston
• Chicago
• Dallas
• New Jersey
• New York City
• Phoenix
• Tampa
• Toronto
• Washington DC

Apply Now Apply Later

Do you want to do work that matters, alongside supportive leaders who will help you grow faster than you ever thought possible? Are you a creative problem-solver who is energized by
challenges? You’ve come to the right place.
Who You'll Work With
You will be based in one of our North America offices and will work within the firm's Technology & Data Risk function as the Responsible AI (RAI) Governance Lead.

You will be responsible for the design, implementation, and oversight of RAI practices across our firm ensuring alignment with global regulatory frameworks and firm values.

This role reports directly to the Associate Director of Strategic Programs, Technology & Data Risk, who is responsible for leading strategic programs as part of the risk function. You will partner closely with Legal, Risk teams, Technology and Product teams to assist you in the development of the RAI Governance program.

Your impact within our firm
As the RAI Governance Lead, you will be responsible for the firm’s RAI Governance Program, creating and maintaining policies and frameworks to ensure the responsible and compliant use of AI. You’ll ensure that AI systems meet global regulatory standards as defined by our legal team and adapt policies to keep pace of evolving legal requirements.

You will lead the implementation and integration of tools to support the RAI governance processes, including intake, risk assessment, monitoring, testing and compliance of AI use cases. You’ll work closely with product, engineering, and legal teams to embed responsible AI practices into product development and daily operations.

You will manage the team responsible for performing risk assessments on AI systems and will set the strategy for AI risk management including MLOps, continuous testing to ensure we have a strong ability to evaluate and validate AI models for reliability, ethical compliance, and regulatory adherence.

You will also play a key role in training teams across the firm, building awareness around the implications of AI use, and promoting accountability. Staying informed about global trends and regulatory changes, you’ll translate new developments into practical strategies and actionable recommendations.

You’ll define and monitor key performance metrics that ensure AI systems operate responsibly and are adhering to our standards. Conducting regular audits of models, algorithms, and datasets will help you confirm they meet the necessary standards.

Additionally, you’ll contribute to designing and implementing controls that mitigate potential AI risks and enhance trust.

Your qualifications and skills
• Bachelor's degree required
• 7+ years experience within a risk or governance role
• Expertise in AI ethics principles, privacy regulations (e.g., GDPR, CCPA), or industry standards for responsible AI
• Deep understanding of the end-to-end AI/ML development lifecycle, including data collection, model development, deployment, and monitoring
• Strong analytical skills, with the ability to interpret data and perform bias and fairness analysis on complex AI systems
• Experience in responsible AI particularly AI testing and model validation
• Demonstrated experience leading teams of technical experts, driving successful project outcomes and fostering team collaboration
• Exceptional communication skills, with the ability to translate technical concepts to non-technical stakeholders and lead cross-functional teams
• Proven ability to work effectively with cross-functional teams, including product, legal, compliance, and data science teams, to align on responsible AI objectives

Please review the additional requirements regarding essential job functions of McKinsey colleagues.

Industries
• High Tech

Capabilities
• Risk & Resilience

Apply Now Apply Later

FOR U.S. APPLICANTS: McKinsey & Company is an Equal Opportunity/Affirmative Action employer. All qualified applicants will receive consideration for employment without regard to sex, gender identity, sexual orientation, race, color, religion, national origin, disability, protected Veteran status, age, or any other characteristic protected by applicable law.

Certain US and Canadian jurisdictions require McKinsey & Company to include a reasonable estimate of the salary for this role. For new joiners for this role in Canada and/or the United States, including all office locations where the job may be performed, a reasonable estimated range is $152,300 - $203,000 in USD and $153,000 - $204,000 in CAD — to help you understand what you can expect. This reflects our best estimate of the lowest to highest salary for this role at the time of this posting, ensuring you have a clear picture right from the start, though it's important to remember that actual salaries may vary. Factors like your office location, your unique blend of experience and skills, start date and our current organizational needs all play a part in determining the final figure. Certain roles are also eligible for bonuses, subject to McKinsey's discretion and based on factors such as individual and/or organizational performance.

Additionally, we provide a comprehensive benefits package that reflects our commitment to the wellness of our colleagues and their families. This includes medical, mental health, dental and vision coverage, telemedicine services, life, accident and disability insurance, parental leave and family planning benefits, caregiving resources, a generous retirement contributions program, financial guidance, and paid time off.

FOR NON-U.S. APPLICANTS: McKinsey & Company is an Equal Opportunity employer. For additional details regarding our global EEO policy and diversity initiatives, please visit our McKinsey Careers and Diversity & Inclusion sites.

share this job

Job Skill Group - N/A
Job Skill Code - MREM - Manager, Risk Operations and Experience
Function - Risk & Resilience
Industry - High Tech
Post to LinkedIn - #LI-DNI
Posted to LinkedIn Date -
LinkedIn Posting City -
LinkedIn Posting State/Province -
LinkedIn Posting Country -
LinkedIn Job Title - Responsible AI Governance Lead, Tech and Data Risk
LinkedIn Function -
LinkedIn Industry -
LinkedIn Seniority Level -
"
AI Governance and Compliance Specialist,Ampcus Incorporated,Anywhere • via Indeed,2025-01-08T19:42:00.063222,"Candidate should have knowledge in ISO 42001 and responsible AI
Should have knowledge in Gen AI , how the models worked in security/Privacy
Assessing the current state , find gap analysis
Providing To-be state for getting ISO 42001 certification
Good in maintaining the ISO 42001 required documentation
Experienced in auditing the Gen AI controls for ISO 42001
Should have interacted with the internal Quality Management systems (QMS)
Should be familiar with NIST Framework , EU AI Act","Candidate should have knowledge in ISO 42001 and responsible AI; Should have knowledge in Gen AI , how the models worked in security/Privacy; Assessing the current state , find gap analysis; Providing To-be state for getting ISO 42001 certification; Good in maintaining the ISO 42001 required documentation; Experienced in auditing the Gen AI controls for ISO 42001; Should have interacted with the internal Quality Management systems (QMS); Should be familiar with NIST Framework , EU AI Act","Candidate should have knowledge in ISO 42001 and responsible AI
Should have knowledge in Gen AI , how the models worked in security/Privacy
Assessing the current state , find gap analysis
Providing To-be state for getting ISO 42001 certification
Good in maintaining the ISO 42001 required documentation
Experienced in auditing the Gen AI controls for ISO 42001
Should have interacted with the internal Quality Management systems (QMS)
Should be familiar with NIST Framework , EU AI Act","Candidate should have knowledge in ISO 42001 and responsible AI; Should have knowledge in Gen AI , how the models worked in security/Privacy; Assessing the current state , find gap analysis; Providing To-be state for getting ISO 42001 certification; Good in maintaining the ISO 42001 required documentation; Experienced in auditing the Gen AI controls for ISO 42001; Should have interacted with the internal Quality Management systems (QMS); Should be familiar with NIST Framework , EU AI Act",,,,,"Bravens Inc., a wholly owned subsidiary of Ampcus Inc., is an information technology consulting and services company. Bravens is a leader in providing tailored staffing solutions across both IT and non-IT industries. We are in search of a highly motivated candidate to join our talented team and contribute to our ongoing success.

Job Title: AI Governance and Compliance Specialist

Location(s): Sun
nyvale, CA

Summary:
• Candidate should have knowledge in ISO 42001 and responsible AI.
• Should have knowledge in Gen AI , how the models worked in security/Privacy.
• Assessing the current state , find gap analysis.
• Providing To-be state for getting ISO 42001 certification.
• Good in maintaining the ISO 42001 required documentation.
• Experienced in auditing the Gen AI controls for ISO 42001.
• Should have interacted with the internal Quality Management systems (QMS).
• Should be familiar with NIST Framework , EU AI Act.

Bravens is an Equal Opportunity Employer. All qualified applicants will receive consideration for employment without regard to race, color, religion, sex, sexual orientation, gender identify, national origin, age, protected veterans or individuals with disabilities.
"
Director of AI Governance,National Fair Housing Alliance,Anywhere • via Indeed,2025-01-08T19:42:10.307496,"Remote candidates will be considered for this position but must reside in the DMV area
Education: Advanced degree (Master’s or Ph.D.) in social sciences with quantitative background or in a data science field with policy background
A bachelor’s degree with equivalent years of experience may be considered
Experience: Minimum of 7 years of experience in AI governance, technology policy, civil rights law, research, or a related field, with at least 3 years in a leadership or managerial role
A bachelor’s degree requires minimum of 10 years of experience in addition to 5 years in a leadership or managerial role
AI ethics, governance frameworks, and compliance requirements, particularly within the context of civil rights and anti-discrimination laws
Federal and state regulations governing AI and data privacy, including the Fair Housing Act, Equal Credit Opportunity Act, and relevant international laws
Deep understanding of AI technologies and their ethical, legal, and societal implications, particularly in housing and financial services
Strong analytical and research skills, with the ability to synthesize complex information and develop actionable insights
Excellent communication and advocacy skills, capable of influencing policy and industry practices
Superior writing skills and ability to prepare written materials and convey technical, complex information about concepts, products, and research results to diverse audiences
Proven track record of managing cross-functional teams and leading complex projects
Interested applicants should submit a resume, two sample writeups, and a cover letter outlining your relevant experience and why you are interested in the position","Remote candidates will be considered for this position but must reside in the DMV area; Education: Advanced degree (Master’s or Ph.D.) in social sciences with quantitative background or in a data science field with policy background; A bachelor’s degree with equivalent years of experience may be considered; Experience: Minimum of 7 years of experience in AI governance, technology policy, civil rights law, research, or a related field, with at least 3 years in a leadership or managerial role; A bachelor’s degree requires minimum of 10 years of experience in addition to 5 years in a leadership or managerial role; AI ethics, governance frameworks, and compliance requirements, particularly within the context of civil rights and anti-discrimination laws; Federal and state regulations governing AI and data privacy, including the Fair Housing Act, Equal Credit Opportunity Act, and relevant international laws; Deep understanding of AI technologies and their ethical, legal, and societal implications, particularly in housing and financial services; Strong analytical and research skills, with the ability to synthesize complex information and develop actionable insights; Excellent communication and advocacy skills, capable of influencing policy and industry practices; Superior writing skills and ability to prepare written materials and convey technical, complex information about concepts, products, and research results to diverse audiences; Proven track record of managing cross-functional teams and leading complex projects; Interested applicants should submit a resume, two sample writeups, and a cover letter outlining your relevant experience and why you are interested in the position","Remote candidates will be considered for this position but must reside in the DMV area
Education: Advanced degree (Master’s or Ph.D.) in social sciences with quantitative background or in a data science field with policy background
A bachelor’s degree with equivalent years of experience may be considered
Experience: Minimum of 7 years of experience in AI governance, technology policy, civil rights law, research, or a related field, with at least 3 years in a leadership or managerial role
A bachelor’s degree requires minimum of 10 years of experience in addition to 5 years in a leadership or managerial role
AI ethics, governance frameworks, and compliance requirements, particularly within the context of civil rights and anti-discrimination laws
Federal and state regulations governing AI and data privacy, including the Fair Housing Act, Equal Credit Opportunity Act, and relevant international laws
Deep understanding of AI technologies and their ethical, legal, and societal implications, particularly in housing and financial services
Strong analytical and research skills, with the ability to synthesize complex information and develop actionable insights
Excellent communication and advocacy skills, capable of influencing policy and industry practices
Superior writing skills and ability to prepare written materials and convey technical, complex information about concepts, products, and research results to diverse audiences
Proven track record of managing cross-functional teams and leading complex projects
Interested applicants should submit a resume, two sample writeups, and a cover letter outlining your relevant experience and why you are interested in the position","Remote candidates will be considered for this position but must reside in the DMV area; Education: Advanced degree (Master’s or Ph.D.) in social sciences with quantitative background or in a data science field with policy background; A bachelor’s degree with equivalent years of experience may be considered; Experience: Minimum of 7 years of experience in AI governance, technology policy, civil rights law, research, or a related field, with at least 3 years in a leadership or managerial role; A bachelor’s degree requires minimum of 10 years of experience in addition to 5 years in a leadership or managerial role; AI ethics, governance frameworks, and compliance requirements, particularly within the context of civil rights and anti-discrimination laws; Federal and state regulations governing AI and data privacy, including the Fair Housing Act, Equal Credit Opportunity Act, and relevant international laws; Deep understanding of AI technologies and their ethical, legal, and societal implications, particularly in housing and financial services; Strong analytical and research skills, with the ability to synthesize complex information and develop actionable insights; Excellent communication and advocacy skills, capable of influencing policy and industry practices; Superior writing skills and ability to prepare written materials and convey technical, complex information about concepts, products, and research results to diverse audiences; Proven track record of managing cross-functional teams and leading complex projects; Interested applicants should submit a resume, two sample writeups, and a cover letter outlining your relevant experience and why you are interested in the position","The salary range for this role is between $130,000 – $160,000
Salary is commensurate with experience
100% paid health, vision, and dental coverage for employees and family
100% paid life, long-term disability, and long-term care insurance
Generous employer contribution to 403(b) retirement benefit plan
Comprehensive paid time off benefits, including holidays, vacation, and sick leave","The salary range for this role is between $130,000 – $160,000; Salary is commensurate with experience; 100% paid health, vision, and dental coverage for employees and family; 100% paid life, long-term disability, and long-term care insurance; Generous employer contribution to 403(b) retirement benefit plan; Comprehensive paid time off benefits, including holidays, vacation, and sick leave","The salary range for this role is between $130,000 – $160,000
Salary is commensurate with experience
100% paid health, vision, and dental coverage for employees and family
100% paid life, long-term disability, and long-term care insurance
Generous employer contribution to 403(b) retirement benefit plan
Comprehensive paid time off benefits, including holidays, vacation, and sick leave","The salary range for this role is between $130,000 – $160,000; Salary is commensurate with experience; 100% paid health, vision, and dental coverage for employees and family; 100% paid life, long-term disability, and long-term care insurance; Generous employer contribution to 403(b) retirement benefit plan; Comprehensive paid time off benefits, including holidays, vacation, and sick leave","Position Summary
The vision of the Responsible AI team is to advance fair housing by developing and implementing AI solutions that prioritize fairness, safety, security, and trust. Our mission is to proactively shape the future of AI in housing by fostering a responsible and equitable housing system. We strive to identify and mitigate the potential risks associated with AI development and deployme
nt, ensuring that these technologies never compromise the principles of fair housing. Simultaneously, we champion the advancement of AI innovations that actively promote equitable access, opportunity, and outcomes for all, thereby contributing to a housing system free from discrimination and segregation. We are looking for a Director of AI Governance to join the innovative, startup-like Research unit of our Responsible AI team and help advance our mission.

The Director of AI Governance at NFHA will lead the development and implementation of strategic and operational aspects of AI governance within the organization’s projects. Reporting to the Chief AI Officer, the incumbent will play a pivotal role in ensuring that AI technologies and initiatives within the housing and financial sectors are innovative, equitable, and compliant with civil and human rights laws. The role focuses on advocacy, research, and education, aiming to balance AI innovation with regulation to protect vulnerable communities and uphold NFHA’s mission to eliminate housing discrimination and promote inclusive, well-resourced communities.
We want someone who is comfortable asking “why?” and comfortable working in an agile environment. Visit Responsible AI - NFHA (nationalfairhousing.org) to learn more about the core principles that direct the team’s work. Remote candidates will be considered for this position but must reside in the DMV area.

Essential Job Functions
Responsibilities Overview
• Lead the development and execution of NFHA’s AI governance strategies, ensuring alignment with organizational goals and compliance with relevant legal and ethical standards.
• Oversee the implementation of responsible AI principles across NFHA’s projects, and partnerships, with a focus on the housing and financial sectors.
• Collaborate with the Chief AI Officer to integrate AI governance frameworks into NFHA’s broader advocacy, research, and policy initiatives.

Advocacy
• Advocate for fair and ethical AI practices in housing and financial services, engaging with policymakers, regulators, industry leaders, and NFHA’s members to influence AI-related legislation and standards.
• Lead the development and dissemination of policy briefs, position papers, and public comments on AI governance issues, focusing on eliminating bias and promoting fairness in AI systems.
• Represent NFHA in national and international forums, working groups, and conferences to advance NFHA’s mission as well as responsible AI practices in the public and private sectors.

Research
• Lead and coordinate high-quality research initiatives that explore the impact of AI on housing and financial services, particularly concerning discrimination, segregation, bias, and inequity and their effects.
• Analyze emerging AI technologies and their implications for civil rights, contributing to NFHA’s thought leadership in responsible AI.
• Lead the development of metrics and methodologies to assess the effectiveness of AI governance frameworks and interventions in the housing and financial sectors.
• Help lead the development, publication, and promotion of NFHA’s responsible AI research.

Stakeholder Engagement
• Build and maintain strong relationships with key stakeholders, including NFHA members, government agencies, private sector partners, advocacy groups, and academic institutions.
• Facilitate cross-sector collaborations to advance responsible AI development and usage, ensuring that stakeholder perspectives are integrated into NFHA’s AI governance strategies and that NFHA’s responsible AI principles are incorporated into stakeholder’s perspectives and strategies.
• Provide expert advice and guidance to NFHA’s leadership and partners on AI governance issues, aligning stakeholder efforts with NFHA’s mission and values.
• Work with internal stakeholders to increase cross-functional collaboration and facilitate organizational cohesion regarding NFHA’s responsible AI principles and work.

Conference and Event Support
• Assist in organizing and participating in conferences, workshops, and seminars to promote awareness and understanding of AI governance challenges and opportunities within the housing and financial sectors.
• Present NFHA’s research findings, policy positions, and best practices at events hosted by NFHA member organizations, government agencies, coalition partners, and industry fostering dialogue on responsible AI implementation.
• Lead the development of educational materials and resources on AI governance for diverse audiences, including policymakers, industry professionals, and community groups.

Qualifications, Skills, and Experience Required
Education: Advanced degree (Master’s or Ph.D.) in social sciences with quantitative background or in a data science field with policy background. A bachelor’s degree with equivalent years of experience may be considered.

Experience: Minimum of 7 years of experience in AI governance, technology policy, civil rights law, research, or a related field, with at least 3 years in a leadership or managerial role. A bachelor’s degree requires minimum of 10 years of experience in addition to 5 years in a leadership or managerial role.

Comprehensive Knowledge:
• AI ethics, governance frameworks, and compliance requirements, particularly within the context of civil rights and anti-discrimination laws.
• Federal and state regulations governing AI and data privacy, including the Fair Housing Act, Equal Credit Opportunity Act, and relevant international laws.
• Best practices in bias mitigation, fairness assessment, and transparency in AI systems.
• Quantitative and qualitative research and analytic methodologies as well as standards and protocols for producing and publishing high-quality research.

Skills:
• Deep understanding of AI technologies and their ethical, legal, and societal implications, particularly in housing and financial services.
• Strong analytical and research skills, with the ability to synthesize complex information and develop actionable insights.
• Excellent communication and advocacy skills, capable of influencing policy and industry practices.
• Superior writing skills and ability to prepare written materials and convey technical, complex information about concepts, products, and research results to diverse audiences.
• Proven track record of managing cross-functional teams and leading complex projects.

Application Process
The salary range for this role is between $130,000 – $160,000. Salary is commensurate with experience.

NFHA offers:
• 100% paid health, vision, and dental coverage for employees and family
• 100% paid life, long-term disability, and long-term care insurance
• Generous employer contribution to 403(b) retirement benefit plan
• Comprehensive paid time off benefits, including holidays, vacation, and sick leave.

Interested applicants should submit a resume, two sample writeups, and a cover letter outlining your relevant experience and why you are interested in the position. Applications without any of the required materials will not be considered. No telephone calls, please.

This position will remain open until filled.

Sf67qZz4nN
"
Sr Director Data Governance and AI Platform,Southern Glazer's Wine & Spirits,"Dallas, TX • via ForceBrands",2025-01-08T19:42:20.854104,"10+ Years of Experience with a BS or MS in Computer Science or equivalent education and experience
5+ years focused experience in building data management, governance, risk and compliance management platforms
Data management, data design, data modeling
Expertise in building data quality, data security, and regulatory frameworks
Knowledge of data modeling, data architecture, and data engineering concepts
Proficiency in building data governance tools and platforms
Excellent communication, collaboration and stakeholder management skills
Strategic thinker with a strong analytical mindset and problem-solving abilities
Excellent planning and organization skills
Experience working with cross-functional teams and facilitating workshops/meetings
Physical demands include a considerable amount of time sitting and typing/keyboarding, using a computer (e.g., keyboard, mouse, and monitor), or adding machine
Physical demands with activity or condition may include walking, bending, reaching, standing, squatting, and stooping
May require occasional lifting/lowering, pushing, carrying, or pulling up to 20lbs","10+ Years of Experience with a BS or MS in Computer Science or equivalent education and experience; 5+ years focused experience in building data management, governance, risk and compliance management platforms; Data management, data design, data modeling; Expertise in building data quality, data security, and regulatory frameworks; Knowledge of data modeling, data architecture, and data engineering concepts; Proficiency in building data governance tools and platforms; Excellent communication, collaboration and stakeholder management skills; Strategic thinker with a strong analytical mindset and problem-solving abilities; Excellent planning and organization skills; Experience working with cross-functional teams and facilitating workshops/meetings; Physical demands include a considerable amount of time sitting and typing/keyboarding, using a computer (e.g., keyboard, mouse, and monitor), or adding machine; Physical demands with activity or condition may include walking, bending, reaching, standing, squatting, and stooping; May require occasional lifting/lowering, pushing, carrying, or pulling up to 20lbs","10+ Years of Experience with a BS or MS in Computer Science or equivalent education and experience
5+ years focused experience in building data management, governance, risk and compliance management platforms
Data management, data design, data modeling
Expertise in building data quality, data security, and regulatory frameworks
Knowledge of data modeling, data architecture, and data engineering concepts
Proficiency in building data governance tools and platforms
Excellent communication, collaboration and stakeholder management skills
Strategic thinker with a strong analytical mindset and problem-solving abilities
Excellent planning and organization skills
Experience working with cross-functional teams and facilitating workshops/meetings
Physical demands include a considerable amount of time sitting and typing/keyboarding, using a computer (e.g., keyboard, mouse, and monitor), or adding machine
Physical demands with activity or condition may include walking, bending, reaching, standing, squatting, and stooping
May require occasional lifting/lowering, pushing, carrying, or pulling up to 20lbs","10+ Years of Experience with a BS or MS in Computer Science or equivalent education and experience; 5+ years focused experience in building data management, governance, risk and compliance management platforms; Data management, data design, data modeling; Expertise in building data quality, data security, and regulatory frameworks; Knowledge of data modeling, data architecture, and data engineering concepts; Proficiency in building data governance tools and platforms; Excellent communication, collaboration and stakeholder management skills; Strategic thinker with a strong analytical mindset and problem-solving abilities; Excellent planning and organization skills; Experience working with cross-functional teams and facilitating workshops/meetings; Physical demands include a considerable amount of time sitting and typing/keyboarding, using a computer (e.g., keyboard, mouse, and monitor), or adding machine; Physical demands with activity or condition may include walking, bending, reaching, standing, squatting, and stooping; May require occasional lifting/lowering, pushing, carrying, or pulling up to 20lbs","As a full-time employee, you can choose from a full menu of our Top Shelf Benefits, including comprehensive medical and prescription drug coverage, dental and vision plans, tax-saving Flexible Spending Accounts, disability coverage, life insurance plans, and a 401(k) plan
We also offer tuition reimbursement, a wellness program, parental leave, vacation accrual, paid sick leave, and more","As a full-time employee, you can choose from a full menu of our Top Shelf Benefits, including comprehensive medical and prescription drug coverage, dental and vision plans, tax-saving Flexible Spending Accounts, disability coverage, life insurance plans, and a 401(k) plan; We also offer tuition reimbursement, a wellness program, parental leave, vacation accrual, paid sick leave, and more","As a full-time employee, you can choose from a full menu of our Top Shelf Benefits, including comprehensive medical and prescription drug coverage, dental and vision plans, tax-saving Flexible Spending Accounts, disability coverage, life insurance plans, and a 401(k) plan
We also offer tuition reimbursement, a wellness program, parental leave, vacation accrual, paid sick leave, and more","As a full-time employee, you can choose from a full menu of our Top Shelf Benefits, including comprehensive medical and prescription drug coverage, dental and vision plans, tax-saving Flexible Spending Accounts, disability coverage, life insurance plans, and a 401(k) plan; We also offer tuition reimbursement, a wellness program, parental leave, vacation accrual, paid sick leave, and more","What You Need To Know

Open the door to a groundbreaking tech career with an industry leader. Southern Glazer's Wine & Spirits is North America's preeminent wine and spirits distributor, as well as a family-owned, privately held company with a 50+ year legacy of success. To create a new era in alcohol beverage sales and service, we're heavily invested in the most transformative new technologies -
and the most brilliant tech professionals. Southern Glazer's was named by Newsweek as a Most Loved Workplace and is included on the Forbes lists for Largest Private Companies and Best Employers for Diversity.

As a full-time employee, you can choose from a full menu of our Top Shelf Benefits, including comprehensive medical and prescription drug coverage, dental and vision plans, tax-saving Flexible Spending Accounts, disability coverage, life insurance plans, and a 401(k) plan. We also offer tuition reimbursement, a wellness program, parental leave, vacation accrual, paid sick leave, and more.

We offer continuous learning and career growth in a fast-paced environment where you are respected, your voice is heard, and technology is part of our strategy for success. If you're looking to fill your glass with opportunity, come join our FAMILY.

Overview

Reporting to the VP of Data&AI Platforms and Services, this role will design and implement a data governance platform that adheres to Southern Glazers Data&AI security and legal policies. The ideal candidate will have a strong background in developing data governance framework for an enterprise, with a focus on improving data quality, consistency, accessibility and protection of sensitive data.

Primary Responsibilities
• Partner with Data COE to build Southern Glazers Data Fingerprinting, management, classification, taxonomy, Ontology, tagging strategies, policies, standards and control frameworks.
• Evaluate and establish emerging data security practices and technologies related to data management.
• Drive team's direction in implementing AI driven data governance practices
• Identify and track Key metrics and measures to track data quality, adherence to security policies
• Partner with Data COE, Security and Legal to build a Responsible AI governance platform that addresses model explainability, fairness, model bias, toxicity
• Responsible for Southern Glazers Regulatory, Security and Data Quality Operations for Data&AI
• Partner with Data Integration and AI platform leaders to implement governance standards across Data and AI pipelines.
• Leverage AI in automating Data and AI governance.

Minimum Qualifications

Experience
• 10+ Years of Experience with a BS or MS in Computer Science or equivalent education and experience
• 5+ years focused experience in building data management, governance, risk and compliance management platforms

Technical Skills
• Data management, data design, data modeling
• Expertise in building data quality, data security, and regulatory frameworks
• Knowledge of data modeling, data architecture, and data engineering concepts
• Proficiency in building data governance tools and platforms

Soft Skills
• Excellent communication, collaboration and stakeholder management skills
• Strategic thinker with a strong analytical mindset and problem-solving abilities.
• Excellent planning and organization skills.
• Experience working with cross-functional teams and facilitating workshops/meetings

Physical Demands
• Physical demands include a considerable amount of time sitting and typing/keyboarding, using a computer (e.g., keyboard, mouse, and monitor), or adding machine
• Physical demands with activity or condition may include walking, bending, reaching, standing, squatting, and stooping
• May require occasional lifting/lowering, pushing, carrying, or pulling up to 20lbs

EEO Statement

Southern Glazer's Wine and Spirits, an Affirmative Action/EEO employer, prohibits discrimination and harassment of any type and provides equal employment opportunities to all employees and applicants for employment without regard to race, color, religion, age, sex, national origin, disability status, genetics, protected veteran status, sexual orientation, gender identity or expression, or any other characteristic protected by federal, state or local laws. This policy applies to all terms and conditions of employment, including recruiting, hiring, placement, promotion, termination, layoff, recall, transfer, leaves of absence, compensation and training. SGWS complies with all federal, state and local laws concerning consideration of a qualified applicant's arrest and/or criminal conviction records. Southern Glazer's Wine and Spirits provides competitive compensation based on estimated performance level consistent with the past relevant experience, knowledge, skills, abilities and education of employees. Unless otherwise expressly stated, any pay ranges posted here are estimates from outside of Southern Glazer's Wine and Spirits and do not reflect Southern Glazer's pay bands or ranges.
"
"Director, Data and AI Governance",Sutter Health,United States • via Wd1.Myworkdaysite.com,2025-01-08T19:42:30.910697,"They have a deep industry understanding and expert practitioner experience with governance including successfully running executive-level governance councils in various organizations
Job Description: EDUCATION: Equivalent experience will be accepted in lieu of the required degree or diploma
Bachelor's: Computer Engineering, Computer Science, Information Technology, Management Information Systems, Mathematics, or related field TYPICAL EXPERIENCE: 12 years recent relevant experience
SKILLS AND KNOWLEDGE: Advanced knowledge of healthcare trends, competitive intelligence, data analytics, and emerging technologies with the ability to integrate this knowledge into actionable strategic and long range plans
Comprehensive knowledge of healthcare-related data management and dependencies
Proven ability to manage and direct cross-functional projects and teams from various departments and locations within a major organization
Verbal and writing skills to effectively communicate with diverse groups such as: executives, managers, and subject matter experts","They have a deep industry understanding and expert practitioner experience with governance including successfully running executive-level governance councils in various organizations; Job Description: EDUCATION: Equivalent experience will be accepted in lieu of the required degree or diploma; Bachelor's: Computer Engineering, Computer Science, Information Technology, Management Information Systems, Mathematics, or related field TYPICAL EXPERIENCE: 12 years recent relevant experience; SKILLS AND KNOWLEDGE: Advanced knowledge of healthcare trends, competitive intelligence, data analytics, and emerging technologies with the ability to integrate this knowledge into actionable strategic and long range plans; Comprehensive knowledge of healthcare-related data management and dependencies; Proven ability to manage and direct cross-functional projects and teams from various departments and locations within a major organization; Verbal and writing skills to effectively communicate with diverse groups such as: executives, managers, and subject matter experts","They have a deep industry understanding and expert practitioner experience with governance including successfully running executive-level governance councils in various organizations
Job Description: EDUCATION: Equivalent experience will be accepted in lieu of the required degree or diploma
Bachelor's: Computer Engineering, Computer Science, Information Technology, Management Information Systems, Mathematics, or related field TYPICAL EXPERIENCE: 12 years recent relevant experience
SKILLS AND KNOWLEDGE: Advanced knowledge of healthcare trends, competitive intelligence, data analytics, and emerging technologies with the ability to integrate this knowledge into actionable strategic and long range plans
Comprehensive knowledge of healthcare-related data management and dependencies
Proven ability to manage and direct cross-functional projects and teams from various departments and locations within a major organization
Verbal and writing skills to effectively communicate with diverse groups such as: executives, managers, and subject matter experts","They have a deep industry understanding and expert practitioner experience with governance including successfully running executive-level governance councils in various organizations; Job Description: EDUCATION: Equivalent experience will be accepted in lieu of the required degree or diploma; Bachelor's: Computer Engineering, Computer Science, Information Technology, Management Information Systems, Mathematics, or related field TYPICAL EXPERIENCE: 12 years recent relevant experience; SKILLS AND KNOWLEDGE: Advanced knowledge of healthcare trends, competitive intelligence, data analytics, and emerging technologies with the ability to integrate this knowledge into actionable strategic and long range plans; Comprehensive knowledge of healthcare-related data management and dependencies; Proven ability to manage and direct cross-functional projects and teams from various departments and locations within a major organization; Verbal and writing skills to effectively communicate with diverse groups such as: executives, managers, and subject matter experts","Pay Range is $71.33 to $106.99 / hour The salary range for this role may vary above or below the posted range as determined by location
Base pay is just one piece of the total rewards program offered by Sutter Health
Eligible roles also qualify for a comprehensive benefits package",Pay Range is $71.33 to $106.99 / hour The salary range for this role may vary above or below the posted range as determined by location; Base pay is just one piece of the total rewards program offered by Sutter Health; Eligible roles also qualify for a comprehensive benefits package,"Pay Range is $71.33 to $106.99 / hour The salary range for this role may vary above or below the posted range as determined by location
Base pay is just one piece of the total rewards program offered by Sutter Health
Eligible roles also qualify for a comprehensive benefits package",Pay Range is $71.33 to $106.99 / hour The salary range for this role may vary above or below the posted range as determined by location; Base pay is just one piece of the total rewards program offered by Sutter Health; Eligible roles also qualify for a comprehensive benefits package,"We are so glad you are interested in joining Sutter Health! Organization: SHSO-Sutter Health System Office-Valley Position Overview: This position is eligible to work from home within the Sutter Health Northern California footprint and onsite two days a week in Sacramento. Implements data governance solutions ensuring high quality data exists throughout the entire data lifecycle. Supports data pro
tection efforts throughout Sutter Health and its regional affiliates through: data collection, data policy, data sovereignty, data retention, and data lifecycle management. Sets the team's priorities, timelines, and deliverables as well as provides strategic oversight in the design, development, testing, deployment, and maintenance of data protection and data governance solutions. Defines policies associated with data protection and data governance with key stakeholders throughout Sutter Health and its regional affiliates in order to implement said policies and to track the effectiveness of the implementation. The Director of Data and AI Governance leads the overall Data, Analytics, and AI governance for Sutter’s information assets. They provide strategic oversight and governance guidelines, ensuring high-quality data sources and efficient execution of data and analytics / AI strategies. This role involves collaborating with senior executives to plan and implement data, analytics, and AI governance, developing and implementing the governance strategy, and overseeing a governance team. They orchestrate the governance council and ensure compliance with governance policies in data, analytics, and AI. The Director ensures compliance with legal and ethical standards, partners with digital leaders to implement data and AI tools, and works closely with privacy, security, and risk teams. They also facilitate data literacy and training about key information assets across the organization. They have a deep industry understanding and expert practitioner experience with governance including successfully running executive-level governance councils in various organizations. Job Description: EDUCATION: Equivalent experience will be accepted in lieu of the required degree or diploma. Bachelor's: Computer Engineering, Computer Science, Information Technology, Management Information Systems, Mathematics, or related field TYPICAL EXPERIENCE: 12 years recent relevant experience. SKILLS AND KNOWLEDGE: Advanced knowledge of healthcare trends, competitive intelligence, data analytics, and emerging technologies with the ability to integrate this knowledge into actionable strategic and long range plans. Comprehensive knowledge of healthcare-related data management and dependencies. Proven ability to manage and direct cross-functional projects and teams from various departments and locations within a major organization. Verbal and writing skills to effectively communicate with diverse groups such as: executives, managers, and subject matter experts. Set priorities which accurately reflect the relative importance of job responsibilities and prioritize assignments to complete work in a timely manner. Analyze information, problems, situations, practices, or procedures in order to identify patterns, tendencies, and relationships resulting in the formulation of logical and objective conclusions Demonstrated ability to build and lead teams committed to carrying out initiatives in environments that may be resistant to change. Make presentations to persuade others to accept a specific opinion or action, or to provide information and instruction. Job Shift: Days Schedule: Full Time Shift Hours: 8 Days of the Week: Monday - Friday Weekend Requirements: As Needed Benefits: Yes Unions: No This position is work from home eligible. Position Status: Exempt Weekly Hours: 40 Employee Status: Regular Number of Openings: 1 Sutter Health is an equal opportunity employer EOE/M/F/Disability/Veterans. Pay Range is $71.33 to $106.99 / hour The salary range for this role may vary above or below the posted range as determined by location. This range has not been adjusted for any specific geographic differential applicable by area where the position may be filled. Compensation takes into account several factors including but not limited to a candidate’s experience, education, skills, licensure and certifications, department equity, training and organizational needs. Base pay is just one piece of the total rewards program offered by Sutter Health. Eligible roles also qualify for a comprehensive benefits package. Working at Sutter Health Sutter Health values and supports the unique talents and strengths that each employee brings to our organization. As a result, you are empowered to apply your passion for healing in innovative ways to care for patients and their families.
"
"Sr. Consultant - AI and Data Governance | Remote, USA",Optiv Security,Anywhere • via Teal,2025-01-08T19:42:41.103794,"Previous job experience in AI governance, data analytics, data protection, or compliance consulting services
Practical experience (5+ years) in governance, security, or compliance role
Thorough knowledge of at least two data privacy or protection capabilities
Understanding of at least one standard compliance framework or regulatory standard
Ability to articulate principles of NIST, HIPAA, COBIT, GDPR, CCPA, etc
Contribution to project planning and successful completion of engagement work streams
Collaboration with business development teams for proposals to clients
Bachelor's or master's degree in computer science, software engineering, data science, or cybersecurity
Hold one or more certifications: AI Governance Professional (AIGP), CIPP, CISSP, CIPM, CISM
Experience leveraging specialized tools to test controls related to AI/ML systems
Familiarity with standards like ENISA, EU AI Act, NIST AI RMF
Technology necessary to work remotely","Previous job experience in AI governance, data analytics, data protection, or compliance consulting services; Practical experience (5+ years) in governance, security, or compliance role; Thorough knowledge of at least two data privacy or protection capabilities; Understanding of at least one standard compliance framework or regulatory standard; Ability to articulate principles of NIST, HIPAA, COBIT, GDPR, CCPA, etc; Contribution to project planning and successful completion of engagement work streams; Collaboration with business development teams for proposals to clients; Bachelor's or master's degree in computer science, software engineering, data science, or cybersecurity; Hold one or more certifications: AI Governance Professional (AIGP), CIPP, CISSP, CIPM, CISM; Experience leveraging specialized tools to test controls related to AI/ML systems; Familiarity with standards like ENISA, EU AI Act, NIST AI RMF; Technology necessary to work remotely","Previous job experience in AI governance, data analytics, data protection, or compliance consulting services
Practical experience (5+ years) in governance, security, or compliance role
Thorough knowledge of at least two data privacy or protection capabilities
Understanding of at least one standard compliance framework or regulatory standard
Ability to articulate principles of NIST, HIPAA, COBIT, GDPR, CCPA, etc
Contribution to project planning and successful completion of engagement work streams
Collaboration with business development teams for proposals to clients
Bachelor's or master's degree in computer science, software engineering, data science, or cybersecurity
Hold one or more certifications: AI Governance Professional (AIGP), CIPP, CISSP, CIPM, CISM
Experience leveraging specialized tools to test controls related to AI/ML systems
Familiarity with standards like ENISA, EU AI Act, NIST AI RMF
Technology necessary to work remotely","Previous job experience in AI governance, data analytics, data protection, or compliance consulting services; Practical experience (5+ years) in governance, security, or compliance role; Thorough knowledge of at least two data privacy or protection capabilities; Understanding of at least one standard compliance framework or regulatory standard; Ability to articulate principles of NIST, HIPAA, COBIT, GDPR, CCPA, etc; Contribution to project planning and successful completion of engagement work streams; Collaboration with business development teams for proposals to clients; Bachelor's or master's degree in computer science, software engineering, data science, or cybersecurity; Hold one or more certifications: AI Governance Professional (AIGP), CIPP, CISSP, CIPM, CISM; Experience leveraging specialized tools to test controls related to AI/ML systems; Familiarity with standards like ENISA, EU AI Act, NIST AI RMF; Technology necessary to work remotely","Work/life balance
Professional training resources
Volunteer opportunities through ""Optiv Chips In""","Work/life balance; Professional training resources; Volunteer opportunities through ""Optiv Chips In""","Work/life balance
Professional training resources
Volunteer opportunities through ""Optiv Chips In""","Work/life balance; Professional training resources; Volunteer opportunities through ""Optiv Chips In""","About the position

The Senior Consultant - AI and Data Governance role at Optiv is a fully remote position focused on enhancing the company's AI practice by securing AI use through data governance, privacy, and protection. The consultant will leverage their technical and consultative skills to engage with clients, assess AI governance programs, and provide strategic guidance on AI risk management
and compliance. This role requires a blend of technical expertise in machine learning and data governance, along with strong communication skills to effectively collaborate with diverse teams and stakeholders.

Responsibilities
• Research new and emerging compliance capabilities and risk management techniques to evolve Optiv's security expertise around AI/ML strategy.
,
• Partner with Optiv technical experts to build and implement leading practices for secure AI/ML systems.
,
• Author regular status updates and final deliverables during client engagements.
,
• Perform AI/ML readiness assessments and advise clients on AI governance program development.
,
• Provide tactical and strategic guidance to help clients achieve stronger security postures.
,
• Build and maintain professional relationships with client stakeholders regarding AI governance and data protection.
,
• Track and monitor current practices for governing AI/ML applications.
,
• Lead and contribute to the development of AI/ML services and delivery processes.
,
• Mentor and train team members in AI/ML DGPP services.
,
• Assist with evaluating AI/ML security market solutions for client needs.
,
• Obtain and evolve personal technical expertise through training and learning initiatives.
,
• Contribute content to the Optiv blog and present on relevant topics at events.
,
• Review the work of team members to ensure high-quality deliverables.
,
• Identify and recommend improvements in Optiv's methodologies and internal processes.

Requirements
• Previous job experience in AI governance, data analytics, data protection, or compliance consulting services.
,
• Practical experience (5+ years) in governance, security, or compliance role.
,
• Thorough knowledge of at least two data privacy or protection capabilities.
,
• Understanding of at least one standard compliance framework or regulatory standard.
,
• Ability to articulate principles of NIST, HIPAA, COBIT, GDPR, CCPA, etc.
,
• Contribution to project planning and successful completion of engagement work streams.
,
• Collaboration with business development teams for proposals to clients.
,
• Bachelor's or master's degree in computer science, software engineering, data science, or cybersecurity.

Nice-to-haves
• Hold one or more certifications: AI Governance Professional (AIGP), CIPP, CISSP, CIPM, CISM.
,
• Experience leveraging specialized tools to test controls related to AI/ML systems.
,
• Familiarity with standards like ENISA, EU AI Act, NIST AI RMF.

Benefits
• Work/life balance
,
• Professional training resources
,
• Volunteer opportunities through ""Optiv Chips In""
,
• Technology necessary to work remotely
"
"Senior Legal Counsel, AI Governance & IP",Contentful,"Veraguas, Panama (+1 other) • via Wellfound",2025-01-08T19:42:51.276291,"10+ years of legal practice with direct subject matter expertise in AI and intellectual property
AI governance certification and/or completion of AI governance and compliance course(s)
Proven track record of providing legal advice and guidance on complex issues related to AI and IP
Substantial experience drafting and editing policies, procedures and related governance documents
Demonstrable project management skills
Highly responsive, solution-oriented approach in working with stakeholders
Strong writing skills with an attention to detail and the ability to express complicated matters in easily understandable and effective ways
Excellent judgment, analytical rigor, and business pragmatism
Self-directed and takes ownership of tasks with the ability to work effectively both independently and collaboratively
This role will need to be conducted in a state in which we are currently registered to do business","10+ years of legal practice with direct subject matter expertise in AI and intellectual property; AI governance certification and/or completion of AI governance and compliance course(s); Proven track record of providing legal advice and guidance on complex issues related to AI and IP; Substantial experience drafting and editing policies, procedures and related governance documents; Demonstrable project management skills; Highly responsive, solution-oriented approach in working with stakeholders; Strong writing skills with an attention to detail and the ability to express complicated matters in easily understandable and effective ways; Excellent judgment, analytical rigor, and business pragmatism; Self-directed and takes ownership of tasks with the ability to work effectively both independently and collaboratively; This role will need to be conducted in a state in which we are currently registered to do business","10+ years of legal practice with direct subject matter expertise in AI and intellectual property
AI governance certification and/or completion of AI governance and compliance course(s)
Proven track record of providing legal advice and guidance on complex issues related to AI and IP
Substantial experience drafting and editing policies, procedures and related governance documents
Demonstrable project management skills
Highly responsive, solution-oriented approach in working with stakeholders
Strong writing skills with an attention to detail and the ability to express complicated matters in easily understandable and effective ways
Excellent judgment, analytical rigor, and business pragmatism
Self-directed and takes ownership of tasks with the ability to work effectively both independently and collaboratively
This role will need to be conducted in a state in which we are currently registered to do business","10+ years of legal practice with direct subject matter expertise in AI and intellectual property; AI governance certification and/or completion of AI governance and compliance course(s); Proven track record of providing legal advice and guidance on complex issues related to AI and IP; Substantial experience drafting and editing policies, procedures and related governance documents; Demonstrable project management skills; Highly responsive, solution-oriented approach in working with stakeholders; Strong writing skills with an attention to detail and the ability to express complicated matters in easily understandable and effective ways; Excellent judgment, analytical rigor, and business pragmatism; Self-directed and takes ownership of tasks with the ability to work effectively both independently and collaboratively; This role will need to be conducted in a state in which we are currently registered to do business","Join an ambitious tech company reshaping the way people build digital experiences
Full-time employees receive Stock Options for the opportunity to share in the success of our company
Comprehensive healthcare package covering 100% of monthly health premiums for employees and 85% of costs for your dependents
Fertility and family building benefits, including a lifetime reimbursable wallet to support your growing family
We value Work-Life balance and You Time!
A generous amount of paid time off, including vacation days, sick days, compassion days for loss, education days, and volunteer days
Company paid parental leave to care for and focus on your growing family
Use your personal annual education budget to improve your skills and grow in your career
Enjoy a full range of virtual and in-person events, including workshops, guest speakers, and fun team activities, supporting learning and networking exchange beyond the usual work duties
An annual wellbeing stipend to care for your physical, financial, or emotional health
A monthly communication stipend and phone hardware upgrade reimbursement
New hire office equipment stipend for hybrid or distributed employees
Get the gear you need to work at your best
Any offered salary is determined based on internal equity, internal salary ranges, market data/ranges, applicant's skills and prior relevant experience, certain degrees and certifications (e.g. JD/technology), for example
California Salary Range: $278,000 - $312,000
[This position is eligible for equity awards in accordance with the terms of Contentful’s equity plans.]","Join an ambitious tech company reshaping the way people build digital experiences; Full-time employees receive Stock Options for the opportunity to share in the success of our company; Comprehensive healthcare package covering 100% of monthly health premiums for employees and 85% of costs for your dependents; Fertility and family building benefits, including a lifetime reimbursable wallet to support your growing family; We value Work-Life balance and You Time!; A generous amount of paid time off, including vacation days, sick days, compassion days for loss, education days, and volunteer days; Company paid parental leave to care for and focus on your growing family; Use your personal annual education budget to improve your skills and grow in your career; Enjoy a full range of virtual and in-person events, including workshops, guest speakers, and fun team activities, supporting learning and networking exchange beyond the usual work duties; An annual wellbeing stipend to care for your physical, financial, or emotional health; A monthly communication stipend and phone hardware upgrade reimbursement; New hire office equipment stipend for hybrid or distributed employees; Get the gear you need to work at your best; Any offered salary is determined based on internal equity, internal salary ranges, market data/ranges, applicant's skills and prior relevant experience, certain degrees and certifications (e.g. JD/technology), for example; California Salary Range: $278,000 - $312,000; [This position is eligible for equity awards in accordance with the terms of Contentful’s equity plans.]","Join an ambitious tech company reshaping the way people build digital experiences
Full-time employees receive Stock Options for the opportunity to share in the success of our company
Comprehensive healthcare package covering 100% of monthly health premiums for employees and 85% of costs for your dependents
Fertility and family building benefits, including a lifetime reimbursable wallet to support your growing family
We value Work-Life balance and You Time!
A generous amount of paid time off, including vacation days, sick days, compassion days for loss, education days, and volunteer days
Company paid parental leave to care for and focus on your growing family
Use your personal annual education budget to improve your skills and grow in your career
Enjoy a full range of virtual and in-person events, including workshops, guest speakers, and fun team activities, supporting learning and networking exchange beyond the usual work duties
An annual wellbeing stipend to care for your physical, financial, or emotional health
A monthly communication stipend and phone hardware upgrade reimbursement
New hire office equipment stipend for hybrid or distributed employees
Get the gear you need to work at your best
Any offered salary is determined based on internal equity, internal salary ranges, market data/ranges, applicant's skills and prior relevant experience, certain degrees and certifications (e.g. JD/technology), for example
California Salary Range: $278,000 - $312,000
[This position is eligible for equity awards in accordance with the terms of Contentful’s equity plans.]","Join an ambitious tech company reshaping the way people build digital experiences; Full-time employees receive Stock Options for the opportunity to share in the success of our company; Comprehensive healthcare package covering 100% of monthly health premiums for employees and 85% of costs for your dependents; Fertility and family building benefits, including a lifetime reimbursable wallet to support your growing family; We value Work-Life balance and You Time!; A generous amount of paid time off, including vacation days, sick days, compassion days for loss, education days, and volunteer days; Company paid parental leave to care for and focus on your growing family; Use your personal annual education budget to improve your skills and grow in your career; Enjoy a full range of virtual and in-person events, including workshops, guest speakers, and fun team activities, supporting learning and networking exchange beyond the usual work duties; An annual wellbeing stipend to care for your physical, financial, or emotional health; A monthly communication stipend and phone hardware upgrade reimbursement; New hire office equipment stipend for hybrid or distributed employees; Get the gear you need to work at your best; Any offered salary is determined based on internal equity, internal salary ranges, market data/ranges, applicant's skills and prior relevant experience, certain degrees and certifications (e.g. JD/technology), for example; California Salary Range: $278,000 - $312,000; [This position is eligible for equity awards in accordance with the terms of Contentful’s equity plans.]","About the opportunity

Contentful is an innovative, high-growth, customer-focused company in a large and growing market. This is a unique opportunity to join a growing legal team in an exciting and emerging area of law. As Contentful’s Legal Counsel - AI Governance & IP you will advise and partner with our Engineering, Product, Security, IT, Marketing, People, and other teams throughout the organi
zation to develop and implement Contentful’s AI governance program and manage risk and compliance with existing and emerging AI related laws and regulations. On the IP side, you will help manage Contentful’s patent and trademark portfolios, negotiate IP terms in technology related transactions and provide advice and support on a variety of IP issues. Success in this role requires a collaborative and supportive mentality, a willingness to embrace tactical details without missing strategic priorities, and skill in distilling complex legal concepts into simple, actionable business advice. This role will report directly to the VP & Deputy General Counsel PPIC (Product, Privacy, IP, Compliance).

What to expect?
• Develop a comprehensive AI governance program, work with cross-functional stakeholders on implementation, and take the lead on initiatives such as drafting policies, guidelines, risk assessments and training materials.
• Become the point-person within Legal for internal and customer-facing queries and communications on AI related issues.
• Support the Product, Engineering, Security and other teams to establish, implement and maintain an AI risk management framework to meet industry standards.
• Provide analysis and guidance on AI and IP issues to ensure compliance with existing and emerging laws and industry best practices, and implementation into business processes as needed.
• Draft, review and negotiate AI and IP related contract terms.
• Develop and implement a comprehensive IP strategy and manage Contentful’s global IP portfolio.
• Oversee invention sessions and invention disclosure selection.
• Respond to various IP inquiries from, and provide legal advice to, the business teams on IP issues ranging from open source software licenses to trademark and domain rights
• Consult with and direct outside counsel on intellectual property matters.

What you need to be successful?
• 10+ years of legal practice with direct subject matter expertise in AI and intellectual property.
• AI governance certification and/or completion of AI governance and compliance course(s).
• Proven track record of providing legal advice and guidance on complex issues related to AI and IP.
• Substantial experience drafting and editing policies, procedures and related governance documents.
• Demonstrable project management skills.
• Highly responsive, solution-oriented approach in working with stakeholders.
• Strong writing skills with an attention to detail and the ability to express complicated matters in easily understandable and effective ways.
• Excellent judgment, analytical rigor, and business pragmatism.
• Self-directed and takes ownership of tasks with the ability to work effectively both independently and collaboratively.

What's in it for you?
• Join an ambitious tech company reshaping the way people build digital experiences
• Full-time employees receive Stock Options for the opportunity to share in the success of our company
• Comprehensive healthcare package covering 100% of monthly health premiums for employees and 85% of costs for your dependents.
• Fertility and family building benefits, including a lifetime reimbursable wallet to support your growing family.
• We value Work-Life balance and You Time! A generous amount of paid time off, including vacation days, sick days, compassion days for loss, education days, and volunteer days
• Company paid parental leave to care for and focus on your growing family
• Use your personal annual education budget to improve your skills and grow in your career
• Enjoy a full range of virtual and in-person events, including workshops, guest speakers, and fun team activities, supporting learning and networking exchange beyond the usual work duties
• An annual wellbeing stipend to care for your physical, financial, or emotional health
• A monthly communication stipend and phone hardware upgrade reimbursement.
• New hire office equipment stipend for hybrid or distributed employees. Get the gear you need to work at your best.
• This role will need to be conducted in a state in which we are currently registered to do business. *

California Salary Statement: The salary range displayed is specifically for those potential hires who will work or reside in the state of California if selected for the role. Any offered salary is determined based on internal equity, internal salary ranges, market data/ranges, applicant's skills and prior relevant experience, certain degrees and certifications (e.g. JD/technology), for example.

California Salary Range: $278,000 - $312,000

[This position is eligible for equity awards in accordance with the terms of Contentful’s equity plans.]

#LI-AS2 #LI-Hybrid
"
Director - Program Manager - AI Governance Program,Mastercard,"Weldon Spring, MO • via Adzuna",2025-01-08T19:43:01.467838,"The ideal candidate is passionate about Responsible Tech, collaborative and highly organized
Have experience managing enterprise programs, particularly related to data, analytics or AI
Have excellent communication skills, including verbal and written communication
You have an eye for detail
Have a knack for structural frame thinking - you see can see processes and systems in terms of their parts and dependencies, and can identify short paths to positive outcomes
Possess the emotional intelligence, negotiation and influence skills required to effectively work with a diverse range of technical and business-focused partners
Have integrity; you mean what you say
This includes the having the ability to politely, firmly say ""no"" as required
Your decisions shape a high-performing program; you will collaborate and enable those around you to focus on delivering the essential
Awareness of and interest in trends in Artificial Intelligence, including Generative AI and Regulatory developments","The ideal candidate is passionate about Responsible Tech, collaborative and highly organized; Have experience managing enterprise programs, particularly related to data, analytics or AI; Have excellent communication skills, including verbal and written communication; You have an eye for detail; Have a knack for structural frame thinking - you see can see processes and systems in terms of their parts and dependencies, and can identify short paths to positive outcomes; Possess the emotional intelligence, negotiation and influence skills required to effectively work with a diverse range of technical and business-focused partners; Have integrity; you mean what you say; This includes the having the ability to politely, firmly say ""no"" as required; Your decisions shape a high-performing program; you will collaborate and enable those around you to focus on delivering the essential; Awareness of and interest in trends in Artificial Intelligence, including Generative AI and Regulatory developments","The ideal candidate is passionate about Responsible Tech, collaborative and highly organized
Have experience managing enterprise programs, particularly related to data, analytics or AI
Have excellent communication skills, including verbal and written communication
You have an eye for detail
Have a knack for structural frame thinking - you see can see processes and systems in terms of their parts and dependencies, and can identify short paths to positive outcomes
Possess the emotional intelligence, negotiation and influence skills required to effectively work with a diverse range of technical and business-focused partners
Have integrity; you mean what you say
This includes the having the ability to politely, firmly say ""no"" as required
Your decisions shape a high-performing program; you will collaborate and enable those around you to focus on delivering the essential
Awareness of and interest in trends in Artificial Intelligence, including Generative AI and Regulatory developments","The ideal candidate is passionate about Responsible Tech, collaborative and highly organized; Have experience managing enterprise programs, particularly related to data, analytics or AI; Have excellent communication skills, including verbal and written communication; You have an eye for detail; Have a knack for structural frame thinking - you see can see processes and systems in terms of their parts and dependencies, and can identify short paths to positive outcomes; Possess the emotional intelligence, negotiation and influence skills required to effectively work with a diverse range of technical and business-focused partners; Have integrity; you mean what you say; This includes the having the ability to politely, firmly say ""no"" as required; Your decisions shape a high-performing program; you will collaborate and enable those around you to focus on delivering the essential; Awareness of and interest in trends in Artificial Intelligence, including Generative AI and Regulatory developments","Pay Range
O'Fallon, MO: $128,000 - $205,000
In line with Mastercard's total compensation philosophy and assuming that the job will be performed in the US, the successful candidate will be offered a competitive base salary based on location, experience and other qualifications for the role and may be eligible for an annual bonus or commissions depending on the role
Mastercard benefits for full time (and certain part time) employees generally include: insurance (including medical, prescription drug, dental, vision, disability, life insurance), flexible spending account and health savings account, paid leaves (including 16 weeks new parent leave, up to 20 paid days bereavement leave), 10 annual paid sick days, 10 or more annual paid vacation days based on level, 5 personal days, 10 annual paid U.S. observed holidays, 401k with a best-in-class company match, deferred compensation for eligible roles, fitness reimbursement or on-site fitness facilities, eligibility for tuition reimbursement, gender-inclusive benefits and many more","Pay Range; O'Fallon, MO: $128,000 - $205,000; In line with Mastercard's total compensation philosophy and assuming that the job will be performed in the US, the successful candidate will be offered a competitive base salary based on location, experience and other qualifications for the role and may be eligible for an annual bonus or commissions depending on the role; Mastercard benefits for full time (and certain part time) employees generally include: insurance (including medical, prescription drug, dental, vision, disability, life insurance), flexible spending account and health savings account, paid leaves (including 16 weeks new parent leave, up to 20 paid days bereavement leave), 10 annual paid sick days, 10 or more annual paid vacation days based on level, 5 personal days, 10 annual paid U.S. observed holidays, 401k with a best-in-class company match, deferred compensation for eligible roles, fitness reimbursement or on-site fitness facilities, eligibility for tuition reimbursement, gender-inclusive benefits and many more","Pay Range
O'Fallon, MO: $128,000 - $205,000
In line with Mastercard's total compensation philosophy and assuming that the job will be performed in the US, the successful candidate will be offered a competitive base salary based on location, experience and other qualifications for the role and may be eligible for an annual bonus or commissions depending on the role
Mastercard benefits for full time (and certain part time) employees generally include: insurance (including medical, prescription drug, dental, vision, disability, life insurance), flexible spending account and health savings account, paid leaves (including 16 weeks new parent leave, up to 20 paid days bereavement leave), 10 annual paid sick days, 10 or more annual paid vacation days based on level, 5 personal days, 10 annual paid U.S. observed holidays, 401k with a best-in-class company match, deferred compensation for eligible roles, fitness reimbursement or on-site fitness facilities, eligibility for tuition reimbursement, gender-inclusive benefits and many more","Pay Range; O'Fallon, MO: $128,000 - $205,000; In line with Mastercard's total compensation philosophy and assuming that the job will be performed in the US, the successful candidate will be offered a competitive base salary based on location, experience and other qualifications for the role and may be eligible for an annual bonus or commissions depending on the role; Mastercard benefits for full time (and certain part time) employees generally include: insurance (including medical, prescription drug, dental, vision, disability, life insurance), flexible spending account and health savings account, paid leaves (including 16 weeks new parent leave, up to 20 paid days bereavement leave), 10 annual paid sick days, 10 or more annual paid vacation days based on level, 5 personal days, 10 annual paid U.S. observed holidays, 401k with a best-in-class company match, deferred compensation for eligible roles, fitness reimbursement or on-site fitness facilities, eligibility for tuition reimbursement, gender-inclusive benefits and many more","Our Purpose
Mastercard powers economies and empowers people in 200+ countries and territories worldwide. Together with our customers, we're helping build a sustainable economy where everyone can prosper. We support a wide range of digital payments choices, making transactions secure, simple, smart and accessible. Our technology and innovation, partnerships and networks combine to deliver a unique
set of products and services that help people, businesses and governments realize their greatest potential.
Title and Summary
Director - Program Manager - AI Governance Program
Who is Mastercard?
Mastercard is a global technology company in the payments industry. Our mission is to connect and power an inclusive, digital economy that benefits everyone, everywhere by making transactions safe, simple, smart, and accessible. Using secure data and networks, partnerships and passion, our innovations and solutions help individuals, financial institutions, governments, and businesses realize their greatest potential.
Our decency quotient, or DQ, drives our culture and everything we do inside and outside of our company. With connections across more than 210 countries and territories, we are building a sustainable world that unlocks priceless possibilities for all.
Overview
The Data Strategy and Management team is looking for a Program Manager, AI Governance to co-own Mastercard's enterprise-wide AI Governance program. The successful candidate will report to the Vice President, AI Governance, in the office of the Chief Data Officer. The ideal candidate is passionate about Responsible Tech, collaborative and highly organized.
Role
In this exciting and responsible role, you will:
- Manage and prioritize the initiatives and projects that sit under the AI Governance program's 4 major objectives of defining, ensuring, enabling and advancing Responsible AI.
- Partner with AI Governance team members and stakeholders to ensure that the operational and program development workloads of the AI Governance program are well managed and reliably communicated.
- Support planning, prioritization and implementation of new initiatives as they arise - such as regulatory compliance initiatives or exciting research and development partnerships.
- Communicate clear and consistent progress updates to senior executives including Mastercard's Chief Data Officer and Chief Privacy Officer, sharing roadmaps and issuing escalations as necessary.
- Identify opportunities to improve AI Governance processes, working alongside domain experts to standardize, automate and simplify workloads.
- Realize your personal values alongside Mastercard's principles, by advancing a program that creates RAI standards, research, tools and capabilities, and by helping to ensure that all of Mastercard's built and bought AI is trustworthy - fair, effective and transparent.
- Participate in the Responsible Tech community and help shape Mastercard's thinking on Responsible AI.
All About You
Ideally, you:
Have experience managing enterprise programs, particularly related to data, analytics or AI.
Have excellent communication skills, including verbal and written communication. You have an eye for detail.
Have a knack for structural frame thinking - you see can see processes and systems in terms of their parts and dependencies, and can identify short paths to positive outcomes.
Are highly organized; you manage your time and personal commitments well, are able to support your colleagues, and can oversee distributed processes to ensure quality.
Possess the emotional intelligence, negotiation and influence skills required to effectively work with a diverse range of technical and business-focused partners.
Have integrity; you mean what you say. This includes the having the ability to politely, firmly say ""no"" as required. Your decisions shape a high-performing program; you will collaborate and enable those around you to focus on delivering the essential.
Are thoughtful; you like to learn, and you're excited by the opportunity to work with diverse, passionate and intelligent colleagues in a new and developing field.
Want to help improve the world through the work that you do.
The following is desirable, but not required:
Awareness of and interest in trends in Artificial Intelligence, including Generative AI and Regulatory developments.
Corporate Security Responsibility
Every person working for, or on behalf of, Mastercard is responsible for information security. All activities involving access to Mastercard assets, information, and networks comes with an inherent risk to the organization and therefore, it is expected that the successful candidate for this position must:
- Abide by Mastercard's security policies and practices;
- Ensure the confidentiality and integrity of the information being accessed;
- Report any suspected information security violation or breach, and
- Complete all periodic mandatory security trainings in accordance with Mastercard's guidelines.
Pay Range
O'Fallon, MO: $128,000 - $205,000
Mastercard is an inclusive equal opportunity employer that considers applicants without regard to gender, gender identity, sexual orientation, race, ethnicity, disabled or veteran status, or any other characteristic protected by law. In the US or Canada, if you require accommodations or assistance to complete the online application process or during the recruitment process, please contact reasonable_accommodation@mastercard.com and identify the type of accommodation or assistance you are requesting. Do not include any medical or health information in this email. The Reasonable Accommodations team will respond to your email promptly.
Corporate Security Responsibility
All activities involving access to Mastercard assets, information, and networks comes with an inherent risk to the organization and, therefore, it is expected that every person working for, or on behalf of, Mastercard is responsible for information security and must:
- Abide by Mastercard's security policies and practices;
- Ensure the confidentiality and integrity of the information being accessed;
- Report any suspected information security violation or breach, and
- Complete all periodic mandatory security trainings in accordance with Mastercard's guidelines.
In line with Mastercard's total compensation philosophy and assuming that the job will be performed in the US, the successful candidate will be offered a competitive base salary based on location, experience and other qualifications for the role and may be eligible for an annual bonus or commissions depending on the role. Mastercard benefits for full time (and certain part time) employees generally include: insurance (including medical, prescription drug, dental, vision, disability, life insurance), flexible spending account and health savings account, paid leaves (including 16 weeks new parent leave, up to 20 paid days bereavement leave), 10 annual paid sick days, 10 or more annual paid vacation days based on level, 5 personal days, 10 annual paid U.S. observed holidays, 401k with a best-in-class company match, deferred compensation for eligible roles, fitness reimbursement or on-site fitness facilities, eligibility for tuition reimbursement, gender-inclusive benefits and many more.
"
Head of AI Governance,Massachusetts Mutual Life Insurance,"Boston, MA • via JobzMall",2025-01-08T19:43:11.628625,"Set strategy and roadmaps and drive the ongoing vision and execution of the AI Governance program
Design and activate measurable, enterprise standards and controls for risk management and maximizing business value by democratizing our AI/ML capabilities
Envision and deliver scalable architectures and governance-by-design best practices for data scientists and business teams that address novel AI/ML challenges
Execute AI governance operations including assessments, risk tracking, controls monitoring, and L1 support
Design oversight insights and key metrics to measure program effectiveness
Maintain a strategic roadmap for AI governance roll-out across the enterprise
Continue to hire and lead top talent
Develop a pragmatic, accountable stewardship program across the enterprise and drive our data culture consistent with our principles","Set strategy and roadmaps and drive the ongoing vision and execution of the AI Governance program; Design and activate measurable, enterprise standards and controls for risk management and maximizing business value by democratizing our AI/ML capabilities; Envision and deliver scalable architectures and governance-by-design best practices for data scientists and business teams that address novel AI/ML challenges; Execute AI governance operations including assessments, risk tracking, controls monitoring, and L1 support; Design oversight insights and key metrics to measure program effectiveness; Maintain a strategic roadmap for AI governance roll-out across the enterprise; Continue to hire and lead top talent; Develop a pragmatic, accountable stewardship program across the enterprise and drive our data culture consistent with our principles",,,,,,,"Set strategy and roadmaps and drive the ongoing vision and execution of the AI Governance program. Design and activate measurable, enterprise standards and controls for risk management and maximizing business value by democratizing our AI/ML capabilities. Envision and deliver scalable architectures and governance-by-design best practices for data scientists and business teams that address novel AI
/ML challenges. Execute AI governance operations including assessments, risk tracking, controls monitoring, and L1 support. Design oversight insights and key metrics to measure program effectiveness. Maintain a strategic roadmap for AI governance roll-out across the enterprise. Continue to hire and lead top talent. Develop a pragmatic, accountable stewardship program across the enterprise and drive our data culture consistent with our principles.

Massachusetts Mutual Life Insurance is an Equal Opportunity Employer. We celebrate diversity and are committed to creating an inclusive environment for all employees. We do not discriminate based upon race, religion, color, national origin, sex, sexual orientation, gender identity, age, status as a protected veteran, status as an individual with a disability, or other applicable legally protected characteristics.
"
"Head of AI Governance and Model Risk Management Remote, USA & Ontario, Canada",Tbwa Chiat/Day Inc,Anywhere • via Jooble,2025-01-08T19:43:22.714205,"Bring an engineering mindset to problem-solving
You like to think about business problems in terms of scalability, tolerances, constraints, and efficiency
Have experience working in a regulated environment, preferably with SR 11-7, the OCC’s guidance for Model Risk Management
Have created and applied statistical, econometric, or machine learning models
Have a vision for a responsible future for AI, machine learning, and data science within fintech
Love the efficiency of well-engineered software processes","Bring an engineering mindset to problem-solving; You like to think about business problems in terms of scalability, tolerances, constraints, and efficiency; Have experience working in a regulated environment, preferably with SR 11-7, the OCC’s guidance for Model Risk Management; Have created and applied statistical, econometric, or machine learning models; Have a vision for a responsible future for AI, machine learning, and data science within fintech; Love the efficiency of well-engineered software processes","Bring an engineering mindset to problem-solving
You like to think about business problems in terms of scalability, tolerances, constraints, and efficiency
Have experience working in a regulated environment, preferably with SR 11-7, the OCC’s guidance for Model Risk Management
Have created and applied statistical, econometric, or machine learning models
Have a vision for a responsible future for AI, machine learning, and data science within fintech
Love the efficiency of well-engineered software processes","Bring an engineering mindset to problem-solving; You like to think about business problems in terms of scalability, tolerances, constraints, and efficiency; Have experience working in a regulated environment, preferably with SR 11-7, the OCC’s guidance for Model Risk Management; Have created and applied statistical, econometric, or machine learning models; Have a vision for a responsible future for AI, machine learning, and data science within fintech; Love the efficiency of well-engineered software processes","Flexible work hours and flexible work location
A team that values learning and approaches work with a “growth mindset”
A competitive salary, equity, generous parental leave policy, and a full benefits package (health, dental, vision, 401k)
Compensation: USD
Additional compensation in the form(s) of participation in our annual incentive program and equity are dependent on role
Pay is based on factors such as work experience, education, certification(s), training, skills, and competencies related to the role
Mission Lane also offers a comprehensive benefits plan, which includes unlimited paid time off, 401(k) match, a monthly wellness stipend, health/dental/vision insurance options, disability coverage, paid parental leave, flexible spending account (for childcare and healthcare), life insurance, and a remote-friendly work environment","Flexible work hours and flexible work location; A team that values learning and approaches work with a “growth mindset”; A competitive salary, equity, generous parental leave policy, and a full benefits package (health, dental, vision, 401k); Compensation: USD; Additional compensation in the form(s) of participation in our annual incentive program and equity are dependent on role; Pay is based on factors such as work experience, education, certification(s), training, skills, and competencies related to the role; Mission Lane also offers a comprehensive benefits plan, which includes unlimited paid time off, 401(k) match, a monthly wellness stipend, health/dental/vision insurance options, disability coverage, paid parental leave, flexible spending account (for childcare and healthcare), life insurance, and a remote-friendly work environment","Flexible work hours and flexible work location
A team that values learning and approaches work with a “growth mindset”
A competitive salary, equity, generous parental leave policy, and a full benefits package (health, dental, vision, 401k)
Compensation: USD
Additional compensation in the form(s) of participation in our annual incentive program and equity are dependent on role
Pay is based on factors such as work experience, education, certification(s), training, skills, and competencies related to the role
Mission Lane also offers a comprehensive benefits plan, which includes unlimited paid time off, 401(k) match, a monthly wellness stipend, health/dental/vision insurance options, disability coverage, paid parental leave, flexible spending account (for childcare and healthcare), life insurance, and a remote-friendly work environment","Flexible work hours and flexible work location; A team that values learning and approaches work with a “growth mindset”; A competitive salary, equity, generous parental leave policy, and a full benefits package (health, dental, vision, 401k); Compensation: USD; Additional compensation in the form(s) of participation in our annual incentive program and equity are dependent on role; Pay is based on factors such as work experience, education, certification(s), training, skills, and competencies related to the role; Mission Lane also offers a comprehensive benefits plan, which includes unlimited paid time off, 401(k) match, a monthly wellness stipend, health/dental/vision insurance options, disability coverage, paid parental leave, flexible spending account (for childcare and healthcare), life insurance, and a remote-friendly work environment","Head of AI Governance and Model Risk Management Mission Lane is revolutionizing access to credit to pave a clear way forward for millions of Americans on the path to financial success. By attracting top-tier talent and leveraging cutting-edge technology, we’re redefining consumer credit for the better. Sound like a mission you can get behind?
This (remote) role is an opportunity to lead Mission La
ne’s Model Risk Management, our emerging strategy for AI governance, and day-to-day operations managing models within our Risk Management team.
You’ll thrive in this role if you:
Bring an engineering mindset to problem-solving. You like to think about business problems in terms of scalability, tolerances, constraints, and efficiency. You enjoy iteratively refining business processes until they’re well-engineered.
Enjoy coding - you can review code for a data scientist’s PyData dev work or script your tasks to automate them
Have experience working in a regulated environment, preferably with SR 11-7, the OCC’s guidance for Model Risk Management
Have created and applied statistical, econometric, or machine learning models
Are skilled at performing model validations, model reviews, and assessing model risk
Have great collaboration and organizational skills to grow partnerships with our sponsor banks, legal team, modelers, and business owners
Have a vision for a responsible future for AI, machine learning, and data science within fintech
Are excited to have an impact and get stuff done
We are offering:
A humble, hungry, and smart team committed to solving practical problems together
The chance to work at a company where machine learning is at the heart of the business and integral to both our day-to-day operation and our executive team’s strategic vision
Flexible work hours and flexible work location
A team that values learning and approaches work with a “growth mindset”
A competitive salary, equity, generous parental leave policy, and a full benefits package (health, dental, vision, 401k)
You might be particularly excited about the role if you:
Have a vision for the future of how fintechs, sponsor banks, and regulators can collaborate on MRM
Are excited to apply risk management principles to create greater value, speed, and fairness
Follow emerging trends in AI regulation and machine learning research
Love the efficiency of well-engineered software processes
Want to balance the benefits and risks of AI and machine learning
Compensation: USD
Additional compensation in the form(s) of participation in our annual incentive program and equity are dependent on role. Pay is based on factors such as work experience, education, certification(s), training, skills, and competencies related to the role. Mission Lane also offers a comprehensive benefits plan, which includes unlimited paid time off, 401(k) match, a monthly wellness stipend, health/dental/vision insurance options, disability coverage, paid parental leave, flexible spending account (for childcare and healthcare), life insurance, and a remote-friendly work environment.
About Mission Lane:
Founded in December 2018, Mission Lane is a purpose-driven fintech company based in the U.S., with headquarters in Richmond, Virginia.
It all started with a realization: nearly fifty percent of the adult population in the U.S. doesn’t have access to a clear line of credit. Most traditional credit card companies either overlook or overcharge this group because they have less-than-perfect credit scores or no scores at all. We decided this just wouldn’t do.
In partnership with our sponsor banks, we offer credit cards under the Mission Lane brand name, with better, clearer terms, and a more refined customer experience than the alternatives available to people working hard to improve their credit.
To date, over three million consumers have chosen Mission Lane, earning high customer ratings on Credit Karma for its market segment and industry leading Net Promoter scores.
Mission Lane has cumulatively raised over $600 million of equity from leading investors, including Invus Opportunities, QED Investors, LL Funds, funds affiliated with Oaktree Capital Management, and other leading investors.
Mission Lane is an Equal Opportunity Employer committed to diversity and inclusion in the workplace. All qualified applicants will receive consideration for employment without regard to sex, race, color, age, national origin, religion, physical and mental disability, genetic information, marital status, sexual orientation, gender identity/assignment, citizenship, pregnancy or maternity, protected veteran status, or any other status prohibited by applicable national, federal, state or local law.
Mission Lane provides reasonable accommodations to applicants who need them for medical or religious reasons, as required by law. Applicants can initiate an accommodation request by contacting View email address on click.appcast.io .
Mission Lane is not sponsoring new applicant employment authorization and please, no third-party recruiters.
Each Laner is responsible for keeping Mission Lane informed of their primary work location within the United States. Changes to a Laner's work location may result in changes to certain benefits based on local policies and requirements. If a Laner desires to move to an approved state within the US, we ask that they notify People Operations at least 30 days prior to moving, so we can ensure appropriate setup takes place.
Create a Job Alert
Interested in building your career at Mission Lane? Get future opportunities sent straight to your email.
Accepted file types: pdf, doc, docx, txt, rtf
Enter manually
Accepted file types: pdf, doc, docx, txt, rtf
LinkedIn Profile *
Website
How did you hear about this position? * Select...
If referred, who referred you?
What is your preferred name? *
Are you a US citizen, lawful permanent resident, green card holder, or asylee/refugee? * Select...
Will you now or in the future require Mission Lane to commence or sponsor an immigration case in order to employ you (for example H1-B or other employment based immigration) in either the United States or Canada? * Select...
If yes, for current visa holders, please specify the type of visa/sponsorship you have and the time remaining *

#J-18808-Ljbffr Tbwa Chiat/Day Inc
"
"Artificial Intelligence Governance Lead, Senior Advisor - Nationwide",Cardinal Health,United States • via Blind,2025-01-08T19:43:29.934980,,,,,,,,,"At Cardinal Health's Artificial Intelligence Center of Excellence (AI CoE), we're focused on using technology to improve healthcare. Our commitment to innovation, design, and a product-centric approach helps us create solutions that make a real difference.We're a team of passionate individuals who thrive in a culture of collaboration and continuous learning. We leverage cutting-edge technology and
data insights to solve complex problems, forge new business models, and create products that truly impact the lives of our customers.As an AI governance lead and a key member of our AI CoE, you will play a pivotal role in driving this transformation. The Lead AI Governance is responsible for establishing and overseeing the implementation of AI governance policies, ensuring AI systems are developed and deployed in an ethical, fair, transparent, and accountable manner. This role involves collaborating with cross-functional teams to design and enforce AI governance frameworks that align with organizational goals and adhere to relevant regulations.Responsibilities:• Create and maintain an AI catalog that documents all AI initiatives, tools, models, and their respective governance statuses.• Develop and implement an ROI framework for evaluating the effectiveness and financial impact of AI projects across the organization.• Create Standard Operating Procedures (SOPs) for AI governance processes to ensure consistency and compliance in all AI-related activities. Change management to help drive newly defined processes forward across the organization.• Lead the creation and continuous improvement of internal AI governance policies and guidelines.• Oversee adherence to established AI policy guidelines and ethical standards throughout the organization.• Ensure AI initiatives comply with applicable legal and regulatory frameworks.• Provide expert advice on navigating risks related to data privacy and AI vulnerabilities.• Collaborate with teams managing AI-related risks to identify, ev
"
Lead Corporate Legal Attorney – AI Governance/Regulation (Hybrid),"AFMIC American Family Mutual Insurance Company, S.I.",Anywhere • via Workday,2025-01-08T19:43:40.469021,"This role requires advanced legal knowledge and experience in highly visible, complex legal situations
Specialized Knowledge & Skills Requirements Demonstrated experience providing customer-driven solutions, support, or service
Demonstrated experience providing legal guidance in highly complex/highly visible situations
Demonstrated experience identifying complex legal and strategic business issues and providing practical legal analysis and advice
Advanced legal analytical skills and knowledge of complex legal concepts
Demonstrated experience to communicate with tact, diplomacy, and persuasiveness
Admitted to the state bar in the state where they are located or (1) admission to the bar within one year of hire for individuals who must pass a bar exam or portions of a bar exam to be admitted or (2) bar admission as soon as practicable but no later than 60 days of hire for individuals with diploma privilege or who are eligible for in-house counsel registration
Additional Knowledge & Skills Previous experience providing advice related to AI governance and AI regulation beneficial
Travel Requirements Up to 25%
Physical Requirements Work that primarily involves sitting/standing","This role requires advanced legal knowledge and experience in highly visible, complex legal situations; Specialized Knowledge & Skills Requirements Demonstrated experience providing customer-driven solutions, support, or service; Demonstrated experience providing legal guidance in highly complex/highly visible situations; Demonstrated experience identifying complex legal and strategic business issues and providing practical legal analysis and advice; Advanced legal analytical skills and knowledge of complex legal concepts; Demonstrated experience to communicate with tact, diplomacy, and persuasiveness; Admitted to the state bar in the state where they are located or (1) admission to the bar within one year of hire for individuals who must pass a bar exam or portions of a bar exam to be admitted or (2) bar admission as soon as practicable but no later than 60 days of hire for individuals with diploma privilege or who are eligible for in-house counsel registration; Additional Knowledge & Skills Previous experience providing advice related to AI governance and AI regulation beneficial; Travel Requirements Up to 25%; Physical Requirements Work that primarily involves sitting/standing","This role requires advanced legal knowledge and experience in highly visible, complex legal situations
Specialized Knowledge & Skills Requirements Demonstrated experience providing customer-driven solutions, support, or service
Demonstrated experience providing legal guidance in highly complex/highly visible situations
Demonstrated experience identifying complex legal and strategic business issues and providing practical legal analysis and advice
Advanced legal analytical skills and knowledge of complex legal concepts
Demonstrated experience to communicate with tact, diplomacy, and persuasiveness
Admitted to the state bar in the state where they are located or (1) admission to the bar within one year of hire for individuals who must pass a bar exam or portions of a bar exam to be admitted or (2) bar admission as soon as practicable but no later than 60 days of hire for individuals with diploma privilege or who are eligible for in-house counsel registration
Additional Knowledge & Skills Previous experience providing advice related to AI governance and AI regulation beneficial
Travel Requirements Up to 25%
Physical Requirements Work that primarily involves sitting/standing","This role requires advanced legal knowledge and experience in highly visible, complex legal situations; Specialized Knowledge & Skills Requirements Demonstrated experience providing customer-driven solutions, support, or service; Demonstrated experience providing legal guidance in highly complex/highly visible situations; Demonstrated experience identifying complex legal and strategic business issues and providing practical legal analysis and advice; Advanced legal analytical skills and knowledge of complex legal concepts; Demonstrated experience to communicate with tact, diplomacy, and persuasiveness; Admitted to the state bar in the state where they are located or (1) admission to the bar within one year of hire for individuals who must pass a bar exam or portions of a bar exam to be admitted or (2) bar admission as soon as practicable but no later than 60 days of hire for individuals with diploma privilege or who are eligible for in-house counsel registration; Additional Knowledge & Skills Previous experience providing advice related to AI governance and AI regulation beneficial; Travel Requirements Up to 25%; Physical Requirements Work that primarily involves sitting/standing","#LI-Hybrid Position Compensation Range: $128,000.00 - $216,000.00 Pay Rate Type: Salary Compensation may vary based on the job level and your geographic work location
You will have access to comprehensive medical, dental, vision and wellbeing benefits that enable you to take care of your health
We also offer a competitive 401(k) contribution, a pension plan, an annual incentive, 9 paid holidays and a paid time off program (23 days accrued annually for full-time employees)
In addition, our student loan repayment program and paid-family leave are available to support our employees and their families
Interns and contingent workers are not eligible for American Family Insurance Group benefits","#LI-Hybrid Position Compensation Range: $128,000.00 - $216,000.00 Pay Rate Type: Salary Compensation may vary based on the job level and your geographic work location; You will have access to comprehensive medical, dental, vision and wellbeing benefits that enable you to take care of your health; We also offer a competitive 401(k) contribution, a pension plan, an annual incentive, 9 paid holidays and a paid time off program (23 days accrued annually for full-time employees); In addition, our student loan repayment program and paid-family leave are available to support our employees and their families; Interns and contingent workers are not eligible for American Family Insurance Group benefits","#LI-Hybrid Position Compensation Range: $128,000.00 - $216,000.00 Pay Rate Type: Salary Compensation may vary based on the job level and your geographic work location
You will have access to comprehensive medical, dental, vision and wellbeing benefits that enable you to take care of your health
We also offer a competitive 401(k) contribution, a pension plan, an annual incentive, 9 paid holidays and a paid time off program (23 days accrued annually for full-time employees)
In addition, our student loan repayment program and paid-family leave are available to support our employees and their families
Interns and contingent workers are not eligible for American Family Insurance Group benefits","#LI-Hybrid Position Compensation Range: $128,000.00 - $216,000.00 Pay Rate Type: Salary Compensation may vary based on the job level and your geographic work location; You will have access to comprehensive medical, dental, vision and wellbeing benefits that enable you to take care of your health; We also offer a competitive 401(k) contribution, a pension plan, an annual incentive, 9 paid holidays and a paid time off program (23 days accrued annually for full-time employees); In addition, our student loan repayment program and paid-family leave are available to support our employees and their families; Interns and contingent workers are not eligible for American Family Insurance Group benefits","You will provide proactive legal services to the corporation, its subsidiaries, and divisions to safeguard the corporation's rights and assets. You will ensure compliance with applicable laws, regulations, and charter provisions that impact operations and policies. You will deliver effective legal representation, either directly or by retaining and supervising outside counsel, for the corporation.
You will typically specialize in a specific area of corporate law such as product, mergers and acquisitions, financial transactions, employment/benefits law, etc. This role requires advanced legal knowledge and experience in highly visible, complex legal situations. You may lead projects or programs and provide guidance and mentoring to less experienced team members. You will report to a legal director. In this flex office/home role, you will be expected to work a minimum of 10 days per month from one of the following office locations: Madison, WI 53783. #LI-Hybrid Position Compensation Range: $128,000.00 - $216,000.00 Pay Rate Type: Salary Compensation may vary based on the job level and your geographic work location. Relocation support is offered for eligible candidates. Primary Accountabilities You will represent the corporation in administrative and regulatory forums. You will select and supervise outside counsel to assist with corporate initiatives, transactions, and regulatory matters. You will ensure effective communication and coordination between the corporation and outside counsel. You will provide legal services and participate in the development of corporate and enterprise strategies. You will draft, review, and interpret corporation contracts including vendor agreements, documents for transactions, and agents' agreements. You may draft and review legal documentation for financial and investment transactions. You will analyze legal questions, conduct legal research, and advise leadership in various areas of the corporation. You will perform all necessary and required legal accountabilities to assure compliance with applicable laws and regulations. You will review and advise the corporation on proposed and current legislation and regulations. You will review and advise the corporation on policy forms and filings. You will oversee research and analysis work of support staff and paralegals. You will lead projects or programs and develop the strategy for project execution or legal support for project execution for clients. You will contribute to other department and organization projects as assigned. Specialized Knowledge & Skills Requirements Demonstrated experience providing customer-driven solutions, support, or service. Demonstrated experience providing legal guidance in highly complex/highly visible situations. Demonstrated experience identifying complex legal and strategic business issues and providing practical legal analysis and advice. Advanced legal analytical skills and knowledge of complex legal concepts. Demonstrated experience to communicate with tact, diplomacy, and persuasiveness. Admitted to the state bar in the state where they are located or (1) admission to the bar within one year of hire for individuals who must pass a bar exam or portions of a bar exam to be admitted or (2) bar admission as soon as practicable but no later than 60 days of hire for individuals with diploma privilege or who are eligible for in-house counsel registration. Additional Knowledge & Skills Previous experience providing advice related to AI governance and AI regulation beneficial. Education Juris Doctor. Travel Requirements Up to 25%. Physical Requirements Work that primarily involves sitting/standing. Working Conditions Not applicable. Additional Information Offer to selected candidate will be made contingent on the results of applicable background checks Offer to selected candidate is contingent on signing a non-disclosure agreement for proprietary information, trade secrets, and inventions Our policy restricts consideration of applicants needing employment sponsorship (visa) to specialty occupations. Sponsorship will not be considered for this position. We encourage you to apply even if you do not meet all of the requirements listed above. Skills can be used in many different ways, and your life and professional experience may be relevant beyond what a list of requirements will capture. We encourage those who are passionate about what we do to apply! We provide benefits that support your physical, emotional, and financial wellbeing. You will have access to comprehensive medical, dental, vision and wellbeing benefits that enable you to take care of your health. We also offer a competitive 401(k) contribution, a pension plan, an annual incentive, 9 paid holidays and a paid time off program (23 days accrued annually for full-time employees). In addition, our student loan repayment program and paid-family leave are available to support our employees and their families. Interns and contingent workers are not eligible for American Family Insurance Group benefits. We are an equal opportunity employer. It is our policy to comply with all applicable federal, state and local laws pertaining to non-discrimination, non-harassment and equal opportunity. We also consider qualified applicants with criminal histories, consistent with applicable federal, state and local law. #LI-MN2 At American Family Insurance, we know how hard our customers and employees work to achieve their dreams. That’s why, for over 90 years, we’ve made it our mission to protect those dreams. It’s all part of who we are and who we’ll always be – innovative, caring, agile, trustworthy, transparent and passionate. We’re a strong, forward-looking company and a proven leader in our industry. And if you’re looking to make a difference, we’re looking for you. Join Our Enterprise Talent Community!
"
"Assistant Professor, Associate Professor, or Full Professor in AI Governance",Northeastern University,"Boston, MA • via HigherEdJobs",2025-01-08T19:43:50.906636,"Successful candidates will have demonstrated expertise in AI governance and a robust research agenda
They should also have significant experience in or commitment to teaching, and a dedication to education innovation, including interest in developing new curricula for training a next generation of professionals who will need to understand how AI is being used to shape society, the roles that AI systems can and do play in decision-making, and the values and priorities underpinning those choices
Ph.D. in public policy, political science, international affairs, or a related field in hand by the employment start date is required
For consideration at the Associate Professor level, applicants must have at least 4 years of relevant experience
For consideration at the Full Professor level, applicants must have at least 6 years of relevant experience
A record in teaching, research, scholarship, and service, for level of appointment at higher rank of Associate or Full Professor
Commitment to engaged and impactful research and innovation
Evidence of interdisciplinary expertise and capacity for collaboration across disciplines
Commitment to the continued development of Northeastern University's signature experiential learning model
Commitment to enhancing diversity, equity, and inclusion
Commitment to faculty development and mentoring, if a senior candidate
Applicants should submit a cover letter that addresses the applicant's interest in and qualifications for the position, curriculum vitae, a research statement, writing sample, evidence of teaching effectiveness, sample syllabi, a diversity statement, and the names and contact information for at least three individuals who can provide a letter of recommendation","Successful candidates will have demonstrated expertise in AI governance and a robust research agenda; They should also have significant experience in or commitment to teaching, and a dedication to education innovation, including interest in developing new curricula for training a next generation of professionals who will need to understand how AI is being used to shape society, the roles that AI systems can and do play in decision-making, and the values and priorities underpinning those choices; Ph.D. in public policy, political science, international affairs, or a related field in hand by the employment start date is required; For consideration at the Associate Professor level, applicants must have at least 4 years of relevant experience; For consideration at the Full Professor level, applicants must have at least 6 years of relevant experience; A record in teaching, research, scholarship, and service, for level of appointment at higher rank of Associate or Full Professor; Commitment to engaged and impactful research and innovation; Evidence of interdisciplinary expertise and capacity for collaboration across disciplines; Commitment to the continued development of Northeastern University's signature experiential learning model; Commitment to enhancing diversity, equity, and inclusion; Commitment to faculty development and mentoring, if a senior candidate; Applicants should submit a cover letter that addresses the applicant's interest in and qualifications for the position, curriculum vitae, a research statement, writing sample, evidence of teaching effectiveness, sample syllabi, a diversity statement, and the names and contact information for at least three individuals who can provide a letter of recommendation","Successful candidates will have demonstrated expertise in AI governance and a robust research agenda
They should also have significant experience in or commitment to teaching, and a dedication to education innovation, including interest in developing new curricula for training a next generation of professionals who will need to understand how AI is being used to shape society, the roles that AI systems can and do play in decision-making, and the values and priorities underpinning those choices
Ph.D. in public policy, political science, international affairs, or a related field in hand by the employment start date is required
For consideration at the Associate Professor level, applicants must have at least 4 years of relevant experience
For consideration at the Full Professor level, applicants must have at least 6 years of relevant experience
A record in teaching, research, scholarship, and service, for level of appointment at higher rank of Associate or Full Professor
Commitment to engaged and impactful research and innovation
Evidence of interdisciplinary expertise and capacity for collaboration across disciplines
Commitment to the continued development of Northeastern University's signature experiential learning model
Commitment to enhancing diversity, equity, and inclusion
Commitment to faculty development and mentoring, if a senior candidate
Applicants should submit a cover letter that addresses the applicant's interest in and qualifications for the position, curriculum vitae, a research statement, writing sample, evidence of teaching effectiveness, sample syllabi, a diversity statement, and the names and contact information for at least three individuals who can provide a letter of recommendation","Successful candidates will have demonstrated expertise in AI governance and a robust research agenda; They should also have significant experience in or commitment to teaching, and a dedication to education innovation, including interest in developing new curricula for training a next generation of professionals who will need to understand how AI is being used to shape society, the roles that AI systems can and do play in decision-making, and the values and priorities underpinning those choices; Ph.D. in public policy, political science, international affairs, or a related field in hand by the employment start date is required; For consideration at the Associate Professor level, applicants must have at least 4 years of relevant experience; For consideration at the Full Professor level, applicants must have at least 6 years of relevant experience; A record in teaching, research, scholarship, and service, for level of appointment at higher rank of Associate or Full Professor; Commitment to engaged and impactful research and innovation; Evidence of interdisciplinary expertise and capacity for collaboration across disciplines; Commitment to the continued development of Northeastern University's signature experiential learning model; Commitment to enhancing diversity, equity, and inclusion; Commitment to faculty development and mentoring, if a senior candidate; Applicants should submit a cover letter that addresses the applicant's interest in and qualifications for the position, curriculum vitae, a research statement, writing sample, evidence of teaching effectiveness, sample syllabi, a diversity statement, and the names and contact information for at least three individuals who can provide a letter of recommendation","Northeastern has a comprehensive benefits package for benefit eligible employees
This includes medical, vision, dental, paid time off, tuition assistance, wellness & life, retirement- as well as commuting & transportation","Northeastern has a comprehensive benefits package for benefit eligible employees; This includes medical, vision, dental, paid time off, tuition assistance, wellness & life, retirement- as well as commuting & transportation","Northeastern has a comprehensive benefits package for benefit eligible employees
This includes medical, vision, dental, paid time off, tuition assistance, wellness & life, retirement- as well as commuting & transportation","Northeastern has a comprehensive benefits package for benefit eligible employees; This includes medical, vision, dental, paid time off, tuition assistance, wellness & life, retirement- as well as commuting & transportation","Assistant Professor, Associate Professor, or Full Professor in AI Governance

About the Opportunity

The College of Social Sciences and Humanities and its nine tenure units are the home of the Experiential Liberal Arts. Through its research, teaching, and engagement missions, the college collaborates across the university, the Northeastern network, and partners around the globe. We are strongly co
mmitted to fostering excellence through diversity and enthusiastically welcome nominations and applications from members of groups underrepresented in academia. Successful faculty in the College of Social Sciences and Humanities will be dynamic and innovative scholars with a record of research and teaching excellence and a commitment to improved equity, diversity, and inclusion. Strong candidates for this faculty position will have the expertise, knowledge, and skills to build their research, pedagogy, and curriculum in ways that reflect and enhance this commitment.

Northeastern University's College of Social Sciences and Humanities seeks to fill two open-rank faculty positions at the tenure-track Assistant Professor, Associate Professor, or Full Professor levels in AI governance, with an emphasis on public policy dimensions and regulations of AI and related technologies and the ethical, legal, and societal implications thereof.

Responsibilities

Successful candidates will teach undergraduate and graduate courses and will be working on the advancement of Responsible AI/Democracy at one or more scales, including but not limited to global/diplomatic, national, municipal/local, and grassroots/community, and may have experience with the roles of the public, private, or non-profit sectors in this space. We have a special interest in those examining AI governance in the Global South.

We welcome applicants from public policy, political science, international affairs, and related fields. Successful candidates will have demonstrated expertise in AI governance and a robust research agenda. They should also have significant experience in or commitment to teaching, and a dedication to education innovation, including interest in developing new curricula for training a next generation of professionals who will need to understand how AI is being used to shape society, the roles that AI systems can and do play in decision-making, and the values and priorities underpinning those choices. Successful candidates will contribute to the interdisciplinary mission of the college and university and the experiential liberal arts and will have a demonstrated commitment to fostering diverse and inclusive environments.

Applicants will be considered as part of a single pool for both positions. Academic rank at the Associate and Full Professor levels will be commensurate with experience and qualifications reflecting a record of demonstrated teaching and scholarly excellence.

Qualifications
• Ph.D. in public policy, political science, international affairs, or a related field in hand by the employment start date is required.
• For consideration at the Associate Professor level, applicants must have at least 4 years of relevant experience. For consideration at the Full Professor level, applicants must have at least 6 years of relevant experience.
• A record in teaching, research, scholarship, and service, for level of appointment at higher rank of Associate or Full Professor.
• Commitment to engaged and impactful research and innovation.
• Evidence of interdisciplinary expertise and capacity for collaboration across disciplines.
• Commitment to the continued development of Northeastern University's signature experiential learning model.
• Experience working in policy or collaborating with policymakers a plus.
• Commitment to enhancing diversity, equity, and inclusion.
• Commitment to faculty development and mentoring, if a senior candidate.
Documents to Submit

Applicants should submit a cover letter that addresses the applicant's interest in and qualifications for the position, curriculum vitae, a research statement, writing sample, evidence of teaching effectiveness, sample syllabi, a diversity statement, and the names and contact information for at least three individuals who can provide a letter of recommendation.

In the diversity statement, please describe how you can support Northeastern's commitment to diversity, equity, inclusion, and belonging. Describe how your teaching, service, research, and/or leadership (as applicable) has supported the success of students and/or colleagues; and/or describe the impact others have had on you as relating to diversity, equity and inclusion.

Review of applications will begin on December 1, 2024 and will continue until the position is filled.

Please address nominations and questions to Dan O'Brien, Chair, Search Committee at d.obrien@northeastern.edu.

Position Type

Academic

Additional Information

Northeastern University considers factors such as candidate work experience, education and skills when extending an offer.

Northeastern has a comprehensive benefits package for benefit eligible employees. This includes medical, vision, dental, paid time off, tuition assistance, wellness & life, retirement- as well as commuting & transportation. Visit https://hr.northeastern.edu/benefits/ for more information.

Northeastern University is an equal opportunity employer, seeking to recruit and support a broadly diverse community of faculty and staff. Northeastern values and celebrates diversity in all its forms and strives to foster an inclusive culture built on respect that affirms inter-group relations and builds cohesion.

All qualified applicants are encouraged to apply and will receive consideration for employment without regard to race, religion, color, national origin, age, sex, sexual orientation, disability status, or any other characteristic protected by applicable law.

To learn more about Northeastern University's commitment and support of diversity and inclusion, please see www.northeastern.edu/diversity.

To apply, visit https://northeastern.wd1.myworkdayjobs.com/en-US/careers/job/Boston-MA-Main-Campus/Assistant-Professor--Associate-Professor--or-Full-Professor-in-AI-Governance_R129440

jeid-a03b535a351fb4419a895f53f600a32e
"
AI Governance Strategy Consulting Sr. Manager,Accenture,"Portland, OR • via JobzMall",2025-01-08T19:44:01.023030,"In this role, you will be responsible for developing and delivering AI governance strategies to our clients, while collaborating with our team of experts to create innovative solutions.To be successful in this role, you must possess a deep knowledge of AI governance and strategy, as well as a proven track record of successful consulting engagements
You should have a demonstrated ability to think strategically and a commitment to staying up to date with the latest AI trends
Additionally, you must be highly organized, a talented communicator, and a creative problem solver.If you are enthusiastic and have a passion for driving AI governance success, we invite you to join our team","In this role, you will be responsible for developing and delivering AI governance strategies to our clients, while collaborating with our team of experts to create innovative solutions.To be successful in this role, you must possess a deep knowledge of AI governance and strategy, as well as a proven track record of successful consulting engagements; You should have a demonstrated ability to think strategically and a commitment to staying up to date with the latest AI trends; Additionally, you must be highly organized, a talented communicator, and a creative problem solver.If you are enthusiastic and have a passion for driving AI governance success, we invite you to join our team","In this role, you will be responsible for developing and delivering AI governance strategies to our clients, while collaborating with our team of experts to create innovative solutions.To be successful in this role, you must possess a deep knowledge of AI governance and strategy, as well as a proven track record of successful consulting engagements
You should have a demonstrated ability to think strategically and a commitment to staying up to date with the latest AI trends
Additionally, you must be highly organized, a talented communicator, and a creative problem solver.If you are enthusiastic and have a passion for driving AI governance success, we invite you to join our team","In this role, you will be responsible for developing and delivering AI governance strategies to our clients, while collaborating with our team of experts to create innovative solutions.To be successful in this role, you must possess a deep knowledge of AI governance and strategy, as well as a proven track record of successful consulting engagements; You should have a demonstrated ability to think strategically and a commitment to staying up to date with the latest AI trends; Additionally, you must be highly organized, a talented communicator, and a creative problem solver.If you are enthusiastic and have a passion for driving AI governance success, we invite you to join our team",,,,,"Accenture is looking for a motivated, experienced AI Governance Strategy Consulting Sr. Manager to join our team. In this role, you will be responsible for developing and delivering AI governance strategies to our clients, while collaborating with our team of experts to create innovative solutions.To be successful in this role, you must possess a deep knowledge of AI governance and strategy, as we
ll as a proven track record of successful consulting engagements. You should have a demonstrated ability to think strategically and a commitment to staying up to date with the latest AI trends. Additionally, you must be highly organized, a talented communicator, and a creative problem solver.If you are enthusiastic and have a passion for driving AI governance success, we invite you to join our team.

Accenture is an Equal Opportunity Employer. We celebrate diversity and are committed to creating an inclusive environment for all employees. We do not discriminate based upon race, religion, color, national origin, sex, sexual orientation, gender identity, age, status as a protected veteran, status as an individual with a disability, or other applicable legally protected characteristics.
"
AI Governance and IP Strategy Lead,Jobs for Humanity,"San Francisco, CA • via BeBee",2025-01-08T19:44:11.225709,"You will need 10+ years of legal practice with direct subject matter expertise in AI and intellectual property
You should have AI governance certification and/or completion of AI governance and compliance courses
Proven track record of providing legal advice and guidance on complex issues related to AI and IP is essential",You will need 10+ years of legal practice with direct subject matter expertise in AI and intellectual property; You should have AI governance certification and/or completion of AI governance and compliance courses; Proven track record of providing legal advice and guidance on complex issues related to AI and IP is essential,"You will need 10+ years of legal practice with direct subject matter expertise in AI and intellectual property
You should have AI governance certification and/or completion of AI governance and compliance courses
Proven track record of providing legal advice and guidance on complex issues related to AI and IP is essential",You will need 10+ years of legal practice with direct subject matter expertise in AI and intellectual property; You should have AI governance certification and/or completion of AI governance and compliance courses; Proven track record of providing legal advice and guidance on complex issues related to AI and IP is essential,,,,,"About Us

Contentful, the intelligent composable content platform, unlocks all of an organization's digital content to deliver impactful customer experiences. We empower digital teams to drive business momentum through collaboration, speed, and scale. Join our innovative team as an AI Governance and IP Strategy Lead and contribute to shaping the future of digital experiences.
Responsibilities
• De
velop a comprehensive AI governance program and work with cross-functional stakeholders on implementation.
• Become the point-person within Legal for internal and customer-facing queries and communications on AI-related issues.
• Support Product, Engineering, Security, and other teams to establish, implement, and maintain an AI risk management framework to meet industry standards.
Requirements

You will need 10+ years of legal practice with direct subject matter expertise in AI and intellectual property. You should have AI governance certification and/or completion of AI governance and compliance courses. Proven track record of providing legal advice and guidance on complex issues related to AI and IP is essential.
"
Generative AI Governance and Process Manager,Xerox,"Providence, RI • via Xerox Jobs",2025-01-08T19:44:21.516333,"Press space or enter keys to toggle section visibility
Candidate must reside in EST time zone
Proven experience in governance, process management, or risk management, preferably within AI, emerging technologies, or IT
Strong background in developing and operationalizing frameworks and processes to manage complex, cross-functional initiatives
Experience with technology solutions that support governance, such as workflow tools, intake management systems, or AI platforms
Familiarity with data privacy, security, and compliance regulations related to AI and technology
Demonstrated ability to collaborate across business functions and drive alignment in complex organizations
Strong analytical and problem-solving skills, with a proactive approach to managing change
Process Excellence: Expertise in designing and managing efficient, scalable processes
Adaptability: Ability to evolve frameworks and tools in response to technological and organizational changes
Collaboration: Skilled at building synergies across teams and fostering a culture of shared accountability
Strategic Thinking: Proactive in anticipating risks and opportunities in governance and process management
Technology Savvy: Knowledge of governance tools and systems to support processes effectively","Press space or enter keys to toggle section visibility; Candidate must reside in EST time zone; Proven experience in governance, process management, or risk management, preferably within AI, emerging technologies, or IT; Strong background in developing and operationalizing frameworks and processes to manage complex, cross-functional initiatives; Experience with technology solutions that support governance, such as workflow tools, intake management systems, or AI platforms; Familiarity with data privacy, security, and compliance regulations related to AI and technology; Demonstrated ability to collaborate across business functions and drive alignment in complex organizations; Strong analytical and problem-solving skills, with a proactive approach to managing change; Process Excellence: Expertise in designing and managing efficient, scalable processes; Adaptability: Ability to evolve frameworks and tools in response to technological and organizational changes; Collaboration: Skilled at building synergies across teams and fostering a culture of shared accountability; Strategic Thinking: Proactive in anticipating risks and opportunities in governance and process management; Technology Savvy: Knowledge of governance tools and systems to support processes effectively","Press space or enter keys to toggle section visibility
Candidate must reside in EST time zone
Proven experience in governance, process management, or risk management, preferably within AI, emerging technologies, or IT
Strong background in developing and operationalizing frameworks and processes to manage complex, cross-functional initiatives
Experience with technology solutions that support governance, such as workflow tools, intake management systems, or AI platforms
Familiarity with data privacy, security, and compliance regulations related to AI and technology
Demonstrated ability to collaborate across business functions and drive alignment in complex organizations
Strong analytical and problem-solving skills, with a proactive approach to managing change
Process Excellence: Expertise in designing and managing efficient, scalable processes
Adaptability: Ability to evolve frameworks and tools in response to technological and organizational changes
Collaboration: Skilled at building synergies across teams and fostering a culture of shared accountability
Strategic Thinking: Proactive in anticipating risks and opportunities in governance and process management
Technology Savvy: Knowledge of governance tools and systems to support processes effectively","Press space or enter keys to toggle section visibility; Candidate must reside in EST time zone; Proven experience in governance, process management, or risk management, preferably within AI, emerging technologies, or IT; Strong background in developing and operationalizing frameworks and processes to manage complex, cross-functional initiatives; Experience with technology solutions that support governance, such as workflow tools, intake management systems, or AI platforms; Familiarity with data privacy, security, and compliance regulations related to AI and technology; Demonstrated ability to collaborate across business functions and drive alignment in complex organizations; Strong analytical and problem-solving skills, with a proactive approach to managing change; Process Excellence: Expertise in designing and managing efficient, scalable processes; Adaptability: Ability to evolve frameworks and tools in response to technological and organizational changes; Collaboration: Skilled at building synergies across teams and fostering a culture of shared accountability; Strategic Thinking: Proactive in anticipating risks and opportunities in governance and process management; Technology Savvy: Knowledge of governance tools and systems to support processes effectively","Annual Base Salary Minimum
Annual Base Salary Maximum
The range listed is just one component of Xerox’s total compensation package for employees",Annual Base Salary Minimum; Annual Base Salary Maximum; The range listed is just one component of Xerox’s total compensation package for employees,"Annual Base Salary Minimum
Annual Base Salary Maximum
The range listed is just one component of Xerox’s total compensation package for employees",Annual Base Salary Minimum; Annual Base Salary Maximum; The range listed is just one component of Xerox’s total compensation package for employees,"Generative AI Governance and Process Manager

General Information

Press space or enter keys to toggle section visibility

Country

United States

Department

IM BUSINESS OPERATIONS

Date

Monday, December 23, 2024

Working time

Full-time

Ref#

20034719

Job Level

Specialist

Job Type

Experienced

Job Field

IM BUSINESS OPERATIONS

Seniority Level

Mid-Senior Level

Currency

USD - United Stat
es - US

Annual Base Salary Minimum

89,340

Annual Base Salary Maximum

178,680

The salary range above represents the low and high end in the local currency of Xerox’s salary range for this position and is reflected in an annualized amount. Actual salaries will vary based on factors including, but not limited to, geographic location, market competition, and/or the successful applicant’s education, experience, knowledge, skills, and abilities. The range listed is just one component of Xerox’s total compensation package for employees. Employees are also afforded a comprehensive suite of benefits, to view those details please visit Xerox Careers for your applicable country. If you are not reviewing this job posting on Xerox Careers (https://xerox.avature.net/en_US/careers) , we cannot guarantee the validity of this posting. For a list of our current internal postings, please visit Xerox Careers (https://xerox.avature.net/en_US/careers) .

Description & Requirements

Press space or enter keys to toggle section visibility

About Xerox Holdings Corporation

For more than 100 years, Xerox has continually redefined the workplace experience. Harnessing our leadership position in office and production print technology, we’ve expanded into software and services to sustainably power today’s workforce. From the office to industrial environments, our differentiated business solutions and financial services are designed to make every day work better for clients — no matter where that work is being done. Today, Xerox scientists and engineers are continuing our legacy of innovation with disruptive technologies in digital transformation, augmented reality, robotic process automation, additive manufacturing, Industrial Internet of Things and cleantech. Learn more at www.xerox.com and explore our commitment to diversity and inclusion. (https://www.xerox.com/en-us/jobs/diversity)

About the Role:

The Generative AI Governance and Process Manager will be a key member of the Generative AI Center of Excellence (COE), responsible for designing, implementing, and continuously refining governance frameworks and operational processes for Generative AI technologies. This role ensures that AI initiatives across Xerox are streamlined, responsible, and aligned with business goals, while adapting to the rapid evolution of AI tools and technologies.

You will lead efforts to centralize intake through a unified channel, create synergies between internal business functions, and manage the technology solutions that support these processes. Your work will play a pivotal role in maintaining trust, efficiency, and compliance while enabling scalable Generative AI adoption across the organization.

Candidate must reside in EST time zone.

Key Responsibilities:
• Establish Governance Frameworks and Processes
• Design and implement a centralized governance framework to streamline Generative AI intake, reviews, and approvals.
• Develop clear, adaptable processes to evaluate and approve AI use cases, tools, and technologies.
• Align governance processes with organizational values, legal requirements, and industry best practices.
• Centralize and Streamline Intake and Reviews
• Build and manage a unified channel for Generative AI intake, ensuring consistency across business functions.
• Collaborate with stakeholders to align on review processes, minimizing redundancies and improving efficiency.
• Create a mechanism to prioritize and track Generative AI initiatives from submission through implementation.
• Technology Management and Process Support
• Identify and implement tools and platforms to support governance processes, including intake management, tracking, and reporting.
• Ensure that technology solutions evolve alongside governance needs to support scalable AI adoption.
• Partner with IT and external vendors to optimize tool configuration and integration with existing systems.
• Adapt Processes to Evolving Technologies
• Continuously evaluate and update governance frameworks and processes to keep pace with advancements in Generative AI.
• Monitor emerging risks, regulations, and technologies to proactively adjust governance strategies.
• Foster a culture of adaptability and innovation in governance practices.
• Collaboration and Synergy Building
• Work closely with internal business functions (Legal, Privacy, IT, Security, and others) to ensure alignment and eliminate silos in governance efforts.
• Act as the central point of contact for cross-functional teams, driving collaboration and shared accountability.
• Build relationships with external partners to stay informed on best practices and benchmarks.
• Metrics, Reporting, and Communication
• Develop metrics and dashboards to track the effectiveness of governance frameworks and processes.
• Provide regular updates to leadership on governance performance, risks, and improvements.
• Create clear and concise documentation for governance policies, processes, and roles.

Qualifications and Experience:
• Proven experience in governance, process management, or risk management, preferably within AI, emerging technologies, or IT.
• Strong background in developing and operationalizing frameworks and processes to manage complex, cross-functional initiatives.
• Experience with technology solutions that support governance, such as workflow tools, intake management systems, or AI platforms.
• Familiarity with data privacy, security, and compliance regulations related to AI and technology.
• Demonstrated ability to collaborate across business functions and drive alignment in complex organizations.
• Strong analytical and problem-solving skills, with a proactive approach to managing change.
• Bachelor’s degree in a related field required; certifications in governance, risk, or project management are a plus.

Key Competencies:
• Process Excellence: Expertise in designing and managing efficient, scalable processes.
• Adaptability: Ability to evolve frameworks and tools in response to technological and organizational changes.
• Collaboration: Skilled at building synergies across teams and fostering a culture of shared accountability.
• Strategic Thinking: Proactive in anticipating risks and opportunities in governance and process management.
• Technology Savvy: Knowledge of governance tools and systems to support processes effectively.

#LI-LL1

#LI-REMOTE

Xerox is an Equal Opportunity Employer and considers applicants for all positions without regard to race, color, creed, religion, ancestry, national origin, age, gender identity, sex, marital status, sexual orientation, physical or mental disability, use of a guide dog or service animal, military/veteran status, citizenship status, basis of genetic information, or any other group protected by law. Learn more at www.xerox.com and explore our commitment to diversity and inclusion: https://www.xerox.com/en-us/jobs/diversity People with disabilities who need a reasonable accommodation to apply or compete for employment with Xerox may request such accommodation(s) by sending an e-mail to XeroxStaffingAdminCenter@xerox.com. Be sure to include your name, the job you are interested in, and the accommodation you are seeking.
"
"AI Governance, Risk, and Compliance (GRC) Leader",Slalom Consulting,"Hartford, CT • via Ladders",2025-01-08T19:44:31.841709,"Industry Experience: Over 10 years of proven experience in the Life Sciences and Healthcare (HCLS) industry, demonstrating a deep understanding of industry dynamics and trends
AI/GenAI Experience: Strong understanding of AI and Generative AI technologies, with practical experience applying these technologies in the HCLS sector to drive compliance, productivity, innovation and improve outcomes
GRC Expertise: Extensive experience in developing and implementing Governance, Risk, and Compliance (GRC) frameworks in the HCLS industry, with a strong focus on AI-driven insights and proactive governance
Regulatory Expertise: In-depth understanding of global regulatory standards, including FDA, EMA, HIPAA, and GDPR
Proven ability to ensure compliance in complex regulatory environments, utilizing AI for continuous monitoring and adherence
Risk Management Acumen: Demonstrated success in implementing effective risk management strategies, including financial, operational, and technical risks
Experience with AI-powered tools for risk identification, assessment, and mitigation
Consulting/Startup Experience: Experience in consulting or startups, showcasing adaptability, agility, and an entrepreneurial mindset
Comfortable navigating ambiguity and driving success in fast-paced environments
Customer Experience: Experience in sales or business development, with a keen ability to understand, anticipate, and meet customer needs
Demonstrates a customer-obsessed mentality, fostering long-term client relationships
Slalom will also consider qualified applications with criminal histories, consistent with legal requirements","Industry Experience: Over 10 years of proven experience in the Life Sciences and Healthcare (HCLS) industry, demonstrating a deep understanding of industry dynamics and trends; AI/GenAI Experience: Strong understanding of AI and Generative AI technologies, with practical experience applying these technologies in the HCLS sector to drive compliance, productivity, innovation and improve outcomes; GRC Expertise: Extensive experience in developing and implementing Governance, Risk, and Compliance (GRC) frameworks in the HCLS industry, with a strong focus on AI-driven insights and proactive governance; Regulatory Expertise: In-depth understanding of global regulatory standards, including FDA, EMA, HIPAA, and GDPR; Proven ability to ensure compliance in complex regulatory environments, utilizing AI for continuous monitoring and adherence; Risk Management Acumen: Demonstrated success in implementing effective risk management strategies, including financial, operational, and technical risks; Experience with AI-powered tools for risk identification, assessment, and mitigation; Consulting/Startup Experience: Experience in consulting or startups, showcasing adaptability, agility, and an entrepreneurial mindset; Comfortable navigating ambiguity and driving success in fast-paced environments; Customer Experience: Experience in sales or business development, with a keen ability to understand, anticipate, and meet customer needs; Demonstrates a customer-obsessed mentality, fostering long-term client relationships; Slalom will also consider qualified applications with criminal histories, consistent with legal requirements","Industry Experience: Over 10 years of proven experience in the Life Sciences and Healthcare (HCLS) industry, demonstrating a deep understanding of industry dynamics and trends
AI/GenAI Experience: Strong understanding of AI and Generative AI technologies, with practical experience applying these technologies in the HCLS sector to drive compliance, productivity, innovation and improve outcomes
GRC Expertise: Extensive experience in developing and implementing Governance, Risk, and Compliance (GRC) frameworks in the HCLS industry, with a strong focus on AI-driven insights and proactive governance
Regulatory Expertise: In-depth understanding of global regulatory standards, including FDA, EMA, HIPAA, and GDPR
Proven ability to ensure compliance in complex regulatory environments, utilizing AI for continuous monitoring and adherence
Risk Management Acumen: Demonstrated success in implementing effective risk management strategies, including financial, operational, and technical risks
Experience with AI-powered tools for risk identification, assessment, and mitigation
Consulting/Startup Experience: Experience in consulting or startups, showcasing adaptability, agility, and an entrepreneurial mindset
Comfortable navigating ambiguity and driving success in fast-paced environments
Customer Experience: Experience in sales or business development, with a keen ability to understand, anticipate, and meet customer needs
Demonstrates a customer-obsessed mentality, fostering long-term client relationships
Slalom will also consider qualified applications with criminal histories, consistent with legal requirements","Industry Experience: Over 10 years of proven experience in the Life Sciences and Healthcare (HCLS) industry, demonstrating a deep understanding of industry dynamics and trends; AI/GenAI Experience: Strong understanding of AI and Generative AI technologies, with practical experience applying these technologies in the HCLS sector to drive compliance, productivity, innovation and improve outcomes; GRC Expertise: Extensive experience in developing and implementing Governance, Risk, and Compliance (GRC) frameworks in the HCLS industry, with a strong focus on AI-driven insights and proactive governance; Regulatory Expertise: In-depth understanding of global regulatory standards, including FDA, EMA, HIPAA, and GDPR; Proven ability to ensure compliance in complex regulatory environments, utilizing AI for continuous monitoring and adherence; Risk Management Acumen: Demonstrated success in implementing effective risk management strategies, including financial, operational, and technical risks; Experience with AI-powered tools for risk identification, assessment, and mitigation; Consulting/Startup Experience: Experience in consulting or startups, showcasing adaptability, agility, and an entrepreneurial mindset; Comfortable navigating ambiguity and driving success in fast-paced environments; Customer Experience: Experience in sales or business development, with a keen ability to understand, anticipate, and meet customer needs; Demonstrates a customer-obsessed mentality, fostering long-term client relationships; Slalom will also consider qualified applications with criminal histories, consistent with legal requirements","Slalom prides itself on helping team members thrive in their work and life
As a result, Slalom is proud to invest in benefits that include meaningful time off and paid holidays, parental leave, 401(k) with a match, a range of choices for highly subsidized health, dental, & vision coverage, adoption and fertility assistance, and short/long-term disability
We also offer yearly $350 reimbursement account for any well-being-related expenses, as well as discounted home, auto, and pet insurance
Slalom is committed to fair and equitable compensation practices
For this position at the Principal level the base salary pay range is $122,000 to $225,000
Principal level the base salary pay range is $140,000 to $258,000
Actual compensation will depend upon an individual's skills, experience, qualifications, location, and other relevant factors
The salary pay range is subject to change and may be modified at any time","Slalom prides itself on helping team members thrive in their work and life; As a result, Slalom is proud to invest in benefits that include meaningful time off and paid holidays, parental leave, 401(k) with a match, a range of choices for highly subsidized health, dental, & vision coverage, adoption and fertility assistance, and short/long-term disability; We also offer yearly $350 reimbursement account for any well-being-related expenses, as well as discounted home, auto, and pet insurance; Slalom is committed to fair and equitable compensation practices; For this position at the Principal level the base salary pay range is $122,000 to $225,000; Principal level the base salary pay range is $140,000 to $258,000; Actual compensation will depend upon an individual's skills, experience, qualifications, location, and other relevant factors; The salary pay range is subject to change and may be modified at any time","Slalom prides itself on helping team members thrive in their work and life
As a result, Slalom is proud to invest in benefits that include meaningful time off and paid holidays, parental leave, 401(k) with a match, a range of choices for highly subsidized health, dental, & vision coverage, adoption and fertility assistance, and short/long-term disability
We also offer yearly $350 reimbursement account for any well-being-related expenses, as well as discounted home, auto, and pet insurance
Slalom is committed to fair and equitable compensation practices
For this position at the Principal level the base salary pay range is $122,000 to $225,000
Principal level the base salary pay range is $140,000 to $258,000
Actual compensation will depend upon an individual's skills, experience, qualifications, location, and other relevant factors
The salary pay range is subject to change and may be modified at any time","Slalom prides itself on helping team members thrive in their work and life; As a result, Slalom is proud to invest in benefits that include meaningful time off and paid holidays, parental leave, 401(k) with a match, a range of choices for highly subsidized health, dental, & vision coverage, adoption and fertility assistance, and short/long-term disability; We also offer yearly $350 reimbursement account for any well-being-related expenses, as well as discounted home, auto, and pet insurance; Slalom is committed to fair and equitable compensation practices; For this position at the Principal level the base salary pay range is $122,000 to $225,000; Principal level the base salary pay range is $140,000 to $258,000; Actual compensation will depend upon an individual's skills, experience, qualifications, location, and other relevant factors; The salary pay range is subject to change and may be modified at any time","Principal/Sr. Principal - Governance, Risk, and Compliance (GRC) Leader

Who You'll Work With

As a modern technology company, our Slalom Technologists are disrupting the market and bringing to life the art of the possible for our clients. We have passion for building strategies, solutions, and creative products to help our clients solve their most complex and interesting business problems. We sur
round our technologists with interesting challenges, innovative minds, and emerging technologies.

As an initial member of Slalom's new AI Center for Life (AIC4L), you will play a pivotal role in contributing to the foundation and early success of AIC4L, leading efforts to harness the transformative potential of AI/Generative AI in the Healthcare and Life Sciences sectors. AIC4L is our clients' trusted partner in pinpointing and addressing obstacles to AI value realization, uniquely blending exceptional data and AI capabilities, deep industry expertise, and a broad partnership network to drive superior business outcomes.

What You'll Do
• Design and Deliver AI-Powered GRC Solutions: Collaborate with Slalom markets, practice leaders, and account teams to design and implement scalable AI-driven GRC frameworks tailored for the HCLS industry. Integrate Slalom's capabilities to ensure comprehensive solutions, including project phasing, staffing, resource allocation, and cost estimation, while leveraging AI insights for proactive governance and strategic decision-making.
• Integrate AI into GRC: Lead the integration of AI/GenAI and other emerging technologies into GRC practices. Use predictive analytics, automated compliance monitoring, and advanced risk assessment techniques to drive innovation and improve governance processes.
• Ensure Regulatory Compliance: Lead AI initiatives to ensure compliance with global regulatory standards such as FDA, EMA, HIPAA, and GDPR. Utilize AI for continuous monitoring and automated compliance checks in the pharmaceutical, biotechnology, and medical device sectors, ensuring adherence to regulatory requirements.
• Manage Risks Effectively: Implement robust strategies to manage AI-introduced enterprise risks like financial, operational, and technical risks. Leverage AI-powered tools for risk identification, assessment, and mitigation, enhancing audit accuracy and efficiency through automated anomaly detection.
• Enhance Data Privacy and Security: Develop and enforce data privacy policies with a focus on AI-enhanced data protection. Implement advanced encryption techniques and AI-based threat detection systems to safeguard sensitive information and ensure compliance with data security regulations.
• Promote Ethical Compliance: Champion ethical standards and corporate responsibility within the organization. Use AI to monitor adherence to codes of conduct, ensuring transparency in reporting mechanisms and enhancing ethical compliance across the board.
• Provide Strategic Leadership: Foster a T-shaped leadership style, balancing deep technical expertise with a broad understanding of related disciplines, and delivering exceptional customer-focused solutions.
• Drive Market Campaigns and Sales Initiatives: Drive market campaigns to introduce AIC4L to potential clients, actively engaging in sales strategies to generate demand for our innovative AI solutions. Leverage your expertise and network to identify opportunities, build client relationships, and convert market interest into tangible business growth.

What You'll Bring
• Industry Experience: Over 10 years of proven experience in the Life Sciences and Healthcare (HCLS) industry, demonstrating a deep understanding of industry dynamics and trends.
• AI/GenAI Experience: Strong understanding of AI and Generative AI technologies, with practical experience applying these technologies in the HCLS sector to drive compliance, productivity, innovation and improve outcomes.
• GRC Expertise: Extensive experience in developing and implementing Governance, Risk, and Compliance (GRC) frameworks in the HCLS industry, with a strong focus on AI-driven insights and proactive governance.
• Regulatory Expertise: In-depth understanding of global regulatory standards, including FDA, EMA, HIPAA, and GDPR. Proven ability to ensure compliance in complex regulatory environments, utilizing AI for continuous monitoring and adherence.
• Risk Management Acumen: Demonstrated success in implementing effective risk management strategies, including financial, operational, and technical risks. Experience with AI-powered tools for risk identification, assessment, and mitigation.
• Consulting/Startup Experience: Experience in consulting or startups, showcasing adaptability, agility, and an entrepreneurial mindset. Comfortable navigating ambiguity and driving success in fast-paced environments.
• Customer Experience: Experience in sales or business development, with a keen ability to understand, anticipate, and meet customer needs. Demonstrates a customer-obsessed mentality, fostering long-term client relationships.

If you are passionate about driving innovation in Governance, Risk, and Compliance, and thrive in a dynamic environment where AI and emerging technologies are at the forefront, we invite you to lead the future of GRC at Slalom.

About Us

Slalom is a purpose-led, global business and technology consulting company. From strategy to implementation, our approach is fiercely human. In six countries and 43 markets, we deeply understand our customers-and their customers-to deliver practical, end-to-end solutions that drive meaningful impact. Backed by close partnerships with over 400 leading technology providers, our 13,000+ strong team helps people and organizations dream bigger, move faster, and build better tomorrows for all. We're honored to be consistently recognized as a great place to work, including being one of Fortune's 100 Best Companies to Work For seven years running. Learn more at slalom.com.

Compensation and Benefits

Slalom prides itself on helping team members thrive in their work and life. As a result, Slalom is proud to invest in benefits that include meaningful time off and paid holidays, parental leave, 401(k) with a match, a range of choices for highly subsidized health, dental, & vision coverage, adoption and fertility assistance, and short/long-term disability. We also offer yearly $350 reimbursement account for any well-being-related expenses, as well as discounted home, auto, and pet insurance.

Slalom is committed to fair and equitable compensation practices. For this position at the Principal level the base salary pay range is $122,000 to $225,000. For this position at the Sr. Principal level the base salary pay range is $140,000 to $258,000. Actual compensation will depend upon an individual's skills, experience, qualifications, location, and other relevant factors. The salary pay range is subject to change and may be modified at any time.

EEO and Accommodations

Slalom is an equal opportunity employer and is committed to inclusion, diversity, and equity in the workplace. All qualified applicants will receive consideration for employment without regard to race, color, religion, sex, national origin, disability status, protected veterans' status, or any other characteristic protected by federal, state, or local laws. Slalom will also consider qualified applications with criminal histories, consistent with legal requirements. Slalom welcomes and encourages applications from individuals with disabilities. Reasonable accommodations are available for candidates during all aspects of the selection process. Please advise the talent acquisition team if you require accommodations during the interview process.

We will accept applicants for this role until 11/28/2024.
"
"Senior Director, AI and Data Governance",KPMG,"Boston, MA • via Glassdoor",2025-01-08T19:44:41.889389,"Minimum twelve years of recent experience focusing on data governance, data management, and risk management with a proven track record of success in leading and scaling data governance programs within a complex AI enabled data estate
Experience working closely with a Chief Data Office or equivalent executive
Experience navigating the evolving AI and data regulatory landscape to develop and implement compliant governance practices and mitigate risk
Strong understanding of the evolving data estate, including the data and content supply chain, access, and usage permissibility, third party data and usage agreements, and the impacts of Generative AI technologies on data governance
These include the duties and responsibilities listed above, as well as the abilities to adhere to company policies, exercise sound judgment, effectively manage stress and work safely and respectfully with others, exhibit trustworthiness, and safeguard business operations and company reputation","Minimum twelve years of recent experience focusing on data governance, data management, and risk management with a proven track record of success in leading and scaling data governance programs within a complex AI enabled data estate; Experience working closely with a Chief Data Office or equivalent executive; Experience navigating the evolving AI and data regulatory landscape to develop and implement compliant governance practices and mitigate risk; Strong understanding of the evolving data estate, including the data and content supply chain, access, and usage permissibility, third party data and usage agreements, and the impacts of Generative AI technologies on data governance; These include the duties and responsibilities listed above, as well as the abilities to adhere to company policies, exercise sound judgment, effectively manage stress and work safely and respectfully with others, exhibit trustworthiness, and safeguard business operations and company reputation","Minimum twelve years of recent experience focusing on data governance, data management, and risk management with a proven track record of success in leading and scaling data governance programs within a complex AI enabled data estate
Experience working closely with a Chief Data Office or equivalent executive
Experience navigating the evolving AI and data regulatory landscape to develop and implement compliant governance practices and mitigate risk
Strong understanding of the evolving data estate, including the data and content supply chain, access, and usage permissibility, third party data and usage agreements, and the impacts of Generative AI technologies on data governance
These include the duties and responsibilities listed above, as well as the abilities to adhere to company policies, exercise sound judgment, effectively manage stress and work safely and respectfully with others, exhibit trustworthiness, and safeguard business operations and company reputation","Minimum twelve years of recent experience focusing on data governance, data management, and risk management with a proven track record of success in leading and scaling data governance programs within a complex AI enabled data estate; Experience working closely with a Chief Data Office or equivalent executive; Experience navigating the evolving AI and data regulatory landscape to develop and implement compliant governance practices and mitigate risk; Strong understanding of the evolving data estate, including the data and content supply chain, access, and usage permissibility, third party data and usage agreements, and the impacts of Generative AI technologies on data governance; These include the duties and responsibilities listed above, as well as the abilities to adhere to company policies, exercise sound judgment, effectively manage stress and work safely and respectfully with others, exhibit trustworthiness, and safeguard business operations and company reputation","Any offered salary is determined based on relevant factors such as applicant's skills, job responsibilities, prior relevant experience, certain degrees and certifications and market considerations
In addition, the firm is proud to offer a comprehensive, competitive benefits package, with options designed to help you make the best decisions for yourself, your family, and your lifestyle
Available benefits are based on eligibility
Our Total Rewards package includes a variety of medical and dental plans, vision coverage, disability and life insurance, 401(k) plans, and a robust suite of personal well-being benefits to support your mental health
Depending on job classification, standard work hours, and years of service, KPMG provides Personal Time Off per fiscal year
KPMG LLP (the U.S. member firm of KPMG International) offers a comprehensive compensation and benefits package","Any offered salary is determined based on relevant factors such as applicant's skills, job responsibilities, prior relevant experience, certain degrees and certifications and market considerations; In addition, the firm is proud to offer a comprehensive, competitive benefits package, with options designed to help you make the best decisions for yourself, your family, and your lifestyle; Available benefits are based on eligibility; Our Total Rewards package includes a variety of medical and dental plans, vision coverage, disability and life insurance, 401(k) plans, and a robust suite of personal well-being benefits to support your mental health; Depending on job classification, standard work hours, and years of service, KPMG provides Personal Time Off per fiscal year; KPMG LLP (the U.S. member firm of KPMG International) offers a comprehensive compensation and benefits package","Any offered salary is determined based on relevant factors such as applicant's skills, job responsibilities, prior relevant experience, certain degrees and certifications and market considerations
In addition, the firm is proud to offer a comprehensive, competitive benefits package, with options designed to help you make the best decisions for yourself, your family, and your lifestyle
Available benefits are based on eligibility
Our Total Rewards package includes a variety of medical and dental plans, vision coverage, disability and life insurance, 401(k) plans, and a robust suite of personal well-being benefits to support your mental health
Depending on job classification, standard work hours, and years of service, KPMG provides Personal Time Off per fiscal year
KPMG LLP (the U.S. member firm of KPMG International) offers a comprehensive compensation and benefits package","Any offered salary is determined based on relevant factors such as applicant's skills, job responsibilities, prior relevant experience, certain degrees and certifications and market considerations; In addition, the firm is proud to offer a comprehensive, competitive benefits package, with options designed to help you make the best decisions for yourself, your family, and your lifestyle; Available benefits are based on eligibility; Our Total Rewards package includes a variety of medical and dental plans, vision coverage, disability and life insurance, 401(k) plans, and a robust suite of personal well-being benefits to support your mental health; Depending on job classification, standard work hours, and years of service, KPMG provides Personal Time Off per fiscal year; KPMG LLP (the U.S. member firm of KPMG International) offers a comprehensive compensation and benefits package","Known for being a great place to work and build a career, KPMG provides audit, tax and advisory services for organizations in today’s most important industries. Our growth is driven by delivering real results for our clients. It’s also enabled by our culture, which encourages individual development, embraces an inclusive environment, rewards innovative excellence and supports our communities. With
qualities like those, it’s no wonder we’re consistently ranked among the best companies to work for by Fortune Magazine, Consulting Magazine, Seramount, Fair360 and others. If you’re as passionate about your future as we are, join our team.

KPMG is currently seeking a Senior Director, AI and Data Governance to join our Advisory Data Organization.

Responsibilities:
• As part of the senior leadership team for the Advisory Data Office, led by the Chief Data Officer.
• Ownership of advisory data risk register including performance of risk assessments, identify, document, and manage emerging risks associated with data governance, compliance, and the firm's strategic growth objectives including AI; leverage internal experience and applied practice to augment advisory client teams thought leadership in this space
• Define actionable, automated controls to manage data related risks and accelerate availability of permissible data
• Coordinate with other business function stakeholders to align on common data governance policy, approaches, and solutions where applicable
• Support strategic projects to provide permissible and timely access to data and content using AI automation
• Direct a high-performing team of data governance professionals, fostering a collaborative and results-oriented environment focused on continuous improvement. Coach client facing account teams on data handling policy and protocols to best protect client and firm data.

Qualifications:
• Minimum twelve years of recent experience focusing on data governance, data management, and risk management with a proven track record of success in leading and scaling data governance programs within a complex AI enabled data estate. Experience working closely with a Chief Data Office or equivalent executive.
• Bachelor’s degree from an accredited college/university, Masters preferred
• Experience navigating the evolving AI and data regulatory landscape to develop and implement compliant governance practices and mitigate risk
• Strong understanding of the evolving data estate, including the data and content supply chain, access, and usage permissibility, third party data and usage agreements, and the impacts of Generative AI technologies on data governance
• Proven ability to translate this knowledge into actionable, data and content governance strategies
• Demonstrate expertise in developing and implementing adaptable, scalable, and effective data governance practices and frameworks

KPMG complies with all local/state regulations regarding displaying salary ranges. If required, the ranges displayed below or via the URL below are specifically for those potential hires who will work in the location(s) listed. Any offered salary is determined based on relevant factors such as applicant's skills, job responsibilities, prior relevant experience, certain degrees and certifications and market considerations. In addition, the firm is proud to offer a comprehensive, competitive benefits package, with options designed to help you make the best decisions for yourself, your family, and your lifestyle. Available benefits are based on eligibility. Our Total Rewards package includes a variety of medical and dental plans, vision coverage, disability and life insurance, 401(k) plans, and a robust suite of personal well-being benefits to support your mental health. Depending on job classification, standard work hours, and years of service, KPMG provides Personal Time Off per fiscal year. Additionally, each year the firm publishes a calendar of holidays to be observed during the year and provides two firmwide breaks each year where employees will not be required to use Personal Time Off; one is at year end and the other is around the July 4th holiday. Additional details about our benefits can be found towards the bottom of our KPMG US Careers site at “Benefits & How We Work”.

Follow this link to obtain salary ranges by city outside of CA:

https://kpmg.com/us/en/how-we-work/pay-transparency.html/?id=6752_9_24

KPMG LLP (the U.S. member firm of KPMG International) offers a comprehensive compensation and benefits package. KPMG is an affirmative action-equal opportunity employer. KPMG complies with all applicable federal, state and local laws regarding recruitment and hiring. All qualified applicants are considered for employment without regard to race, color, religion, age, sex, sexual orientation, gender identity, national origin, citizenship status, disability, protected veteran status, or any other category protected by applicable federal, state or local laws. The attached link contains further information regarding the firm's compliance with federal, state and local recruitment and hiring laws. No phone calls or agencies please.

KPMG does not currently require partners or employees to be fully vaccinated or test negative for COVID-19 in order to go to KPMG offices, client sites or KPMG events, except when mandated by federal, state or local law. In some circumstances, clients also may require proof of vaccination or testing (e.g., to go to the client site).

KPMG recruits on a rolling basis. Candidates are considered as they apply, until the opportunity is filled. Candidates are encouraged to apply expeditiously to any role(s) for which they are qualified that is also of interest to them.

Los Angeles County applicants: Material job duties for this position are listed above. Criminal history may have a direct, adverse, and negative relationship with some of the material job duties of this position. These include the duties and responsibilities listed above, as well as the abilities to adhere to company policies, exercise sound judgment, effectively manage stress and work safely and respectfully with others, exhibit trustworthiness, and safeguard business operations and company reputation. Pursuant to the California Fair Chance Act, Los Angeles County Fair Chance Ordinance for Employers, Fair Chance Initiative for Hiring Ordinance, and San Francisco Fair Chance Ordinance, we will consider for employment qualified applicants with arrest and conviction records.
"
Information Security - AI Risk and Governance,Cotiviti,"Remote, OR • via Teal",2025-01-08T19:44:52.308922,"Bachelor's degree in Computer Science, Cybersecurity, Data Science, or a related field
Minimum of 8+ years of experience in information security, security audits and assessments, governance, and risk management
Strong understanding of AI governance principles, risk assessment methodologies, and regulatory compliance, machine learning models, adversarial attacks
Strong knowledge of AI technologies and governance principles and their inherent security risks
Familiarity with machine learning models, adversarial attacks, and data privacy regulations
Excellent communication and leadership skills to work across diverse teams
Excellent analytical skills to identify and address security vulnerabilities in AI systems
Experience with AI ethics and security frameworks
Familiarity with global AI governance standards
Experience in conducting training sessions on AI security and risk management","Bachelor's degree in Computer Science, Cybersecurity, Data Science, or a related field; Minimum of 8+ years of experience in information security, security audits and assessments, governance, and risk management; Strong understanding of AI governance principles, risk assessment methodologies, and regulatory compliance, machine learning models, adversarial attacks; Strong knowledge of AI technologies and governance principles and their inherent security risks; Familiarity with machine learning models, adversarial attacks, and data privacy regulations; Excellent communication and leadership skills to work across diverse teams; Excellent analytical skills to identify and address security vulnerabilities in AI systems; Experience with AI ethics and security frameworks; Familiarity with global AI governance standards; Experience in conducting training sessions on AI security and risk management","Bachelor's degree in Computer Science, Cybersecurity, Data Science, or a related field
Minimum of 8+ years of experience in information security, security audits and assessments, governance, and risk management
Strong understanding of AI governance principles, risk assessment methodologies, and regulatory compliance, machine learning models, adversarial attacks
Strong knowledge of AI technologies and governance principles and their inherent security risks
Familiarity with machine learning models, adversarial attacks, and data privacy regulations
Excellent communication and leadership skills to work across diverse teams
Excellent analytical skills to identify and address security vulnerabilities in AI systems
Experience with AI ethics and security frameworks
Familiarity with global AI governance standards
Experience in conducting training sessions on AI security and risk management","Bachelor's degree in Computer Science, Cybersecurity, Data Science, or a related field; Minimum of 8+ years of experience in information security, security audits and assessments, governance, and risk management; Strong understanding of AI governance principles, risk assessment methodologies, and regulatory compliance, machine learning models, adversarial attacks; Strong knowledge of AI technologies and governance principles and their inherent security risks; Familiarity with machine learning models, adversarial attacks, and data privacy regulations; Excellent communication and leadership skills to work across diverse teams; Excellent analytical skills to identify and address security vulnerabilities in AI systems; Experience with AI ethics and security frameworks; Familiarity with global AI governance standards; Experience in conducting training sessions on AI security and risk management","Medical insurance coverage
Dental insurance coverage
Vision insurance coverage
Disability insurance coverage
Life insurance coverage
401(k) savings plans
Paid family leave
9 paid holidays per year
17-27 days of Paid Time Off (PTO) per year, depending on specific level and length of service with Cotiviti","Medical insurance coverage; Dental insurance coverage; Vision insurance coverage; Disability insurance coverage; Life insurance coverage; 401(k) savings plans; Paid family leave; 9 paid holidays per year; 17-27 days of Paid Time Off (PTO) per year, depending on specific level and length of service with Cotiviti","Medical insurance coverage
Dental insurance coverage
Vision insurance coverage
Disability insurance coverage
Life insurance coverage
401(k) savings plans
Paid family leave
9 paid holidays per year
17-27 days of Paid Time Off (PTO) per year, depending on specific level and length of service with Cotiviti","Medical insurance coverage; Dental insurance coverage; Vision insurance coverage; Disability insurance coverage; Life insurance coverage; 401(k) savings plans; Paid family leave; 9 paid holidays per year; 17-27 days of Paid Time Off (PTO) per year, depending on specific level and length of service with Cotiviti","About the position

The Information Security - AI Governance and Risk role is crucial for leading the development and implementation of governance frameworks specifically tailored for AI systems. This position will oversee risk management strategies that are directly related to information security, ensuring that AI technologies align with organizational security policies, regulatory requirements,
and ethical standards. The ideal candidate will collaborate closely with cybersecurity teams, data scientists, and compliance officers to facilitate the secure and responsible deployment of AI technologies within the organization. In this role, you will be responsible for developing, implementing, and maintaining governance frameworks for AI systems that comply with security and regulatory requirements. You will establish AI governance policies that promote ethical use, transparency, and adherence to both internal and external standards. A significant part of your responsibilities will involve identifying and assessing risks associated with AI models, including adversarial threats, data leakage, and systemic vulnerabilities. You will also be tasked with developing risk management strategies that effectively mitigate these identified vulnerabilities, ensuring robust security for AI systems. Your role will require you to research, select, and implement appropriate tools to address security risks. Collaboration with cross-functional teams, including data science, cybersecurity, and legal/compliance, will be essential to implement AI security policies and develop necessary procedures. You will work alongside data privacy officers to ensure that AI systems comply with privacy regulations and oversee periodic audits of AI systems to verify compliance with security and ethical standards. Additionally, you will monitor adherence to global AI governance standards and ensure the organization is prepared for external certification. Conducting training sessions to raise awareness about AI security, risk management, and ethical guidelines among relevant stakeholders will also be part of your responsibilities. You will be expected to complete all responsibilities outlined in the annual performance review and/or goal setting, as well as any special projects and other duties as assigned. This job description is intended to provide a general overview of the nature and level of work being performed and is not exhaustive in listing all responsibilities, duties, and skills required.

Responsibilities
• Develop, implement, and maintain governance frameworks for AI systems in alignment with security and regulatory requirements.
,
• Establish AI governance policies that ensure ethical use, transparency, and compliance with internal and external standards.
,
• Identify and assess risks associated with AI models, including adversarial threats, data leakage, and systemic vulnerabilities.
,
• Develop risk management strategies that mitigate identified vulnerabilities and ensure robust AI system security.
,
• Research, select, and implement appropriate tools to mitigate security risks.
,
• Collaborate with cross-functional teams, including data science, cybersecurity, and legal/compliance, to implement AI security policies and ensure procedure development.
,
• Work with data privacy officers to ensure AI systems adhere to privacy regulations.
,
• Oversee periodic audits of AI systems to verify compliance with security and ethical standards.
,
• Monitor adherence to global AI governance standards and ensure readiness for external certification.
,
• Conduct training sessions to raise awareness about AI security, risk management, and ethical guidelines among relevant stakeholders.
,
• Complete all responsibilities as outlined in the annual performance review and/or goal setting.
,
• Complete all special projects and other duties as assigned.

Requirements
• Bachelor's degree in Computer Science, Cybersecurity, Data Science, or a related field.
,
• Minimum of 8+ years of experience in information security, security audits and assessments, governance, and risk management.
,
• Strong understanding of AI governance principles, risk assessment methodologies, and regulatory compliance, machine learning models, adversarial attacks.
,
• Strong knowledge of AI technologies and governance principles and their inherent security risks.
,
• Familiarity with machine learning models, adversarial attacks, and data privacy regulations.
,
• Relevant certifications like CISSP, CISM, CRISC, or AI ethics/security credentials are a plus.
,
• Excellent communication and leadership skills to work across diverse teams.
,
• Excellent analytical skills to identify and address security vulnerabilities in AI systems.

Nice-to-haves
• Experience with AI ethics and security frameworks.
,
• Familiarity with global AI governance standards.
,
• Experience in conducting training sessions on AI security and risk management.

Benefits
• Medical insurance coverage
,
• Dental insurance coverage
,
• Vision insurance coverage
,
• Disability insurance coverage
,
• Life insurance coverage
,
• 401(k) savings plans
,
• Paid family leave
,
• 9 paid holidays per year
,
• 17-27 days of Paid Time Off (PTO) per year, depending on specific level and length of service with Cotiviti.
"
Principal DataOps AI/ML,BlueCross BlueShield North Carolina,"Harrisburg, PA (+27 others) • via Careers | Blue Cross And Blue Shield Of North Carolina - Blue Cross NC",2025-01-08T19:45:02.348128,"Bachelor's Degree or Advanced Degree where required
8+ Years of Experience
In lieu of degree, 10+ years exp
Extensive experience in DataOps and MLOps, with a strong understanding of both domains
Strong understanding of CI/CD for data engineering and QitHub methods
Strong knowledge of machine learning frameworks and libraries (Sagemaker and Snowpark ML)
Excellent problem-solving skills and the ability to work in a fast-paced environment
Strong communication and leadership skills
Strong understanding of Metadata driven workflows, data architecture, semantics and data governance","Bachelor's Degree or Advanced Degree where required; 8+ Years of Experience; In lieu of degree, 10+ years exp; Extensive experience in DataOps and MLOps, with a strong understanding of both domains; Strong understanding of CI/CD for data engineering and QitHub methods; Strong knowledge of machine learning frameworks and libraries (Sagemaker and Snowpark ML); Excellent problem-solving skills and the ability to work in a fast-paced environment; Strong communication and leadership skills; Strong understanding of Metadata driven workflows, data architecture, semantics and data governance","Bachelor's Degree or Advanced Degree where required
8+ Years of Experience
In lieu of degree, 10+ years exp
Extensive experience in DataOps and MLOps, with a strong understanding of both domains
Strong understanding of CI/CD for data engineering and QitHub methods
Strong knowledge of machine learning frameworks and libraries (Sagemaker and Snowpark ML)
Excellent problem-solving skills and the ability to work in a fast-paced environment
Strong communication and leadership skills
Strong understanding of Metadata driven workflows, data architecture, semantics and data governance","Bachelor's Degree or Advanced Degree where required; 8+ Years of Experience; In lieu of degree, 10+ years exp; Extensive experience in DataOps and MLOps, with a strong understanding of both domains; Strong understanding of CI/CD for data engineering and QitHub methods; Strong knowledge of machine learning frameworks and libraries (Sagemaker and Snowpark ML); Excellent problem-solving skills and the ability to work in a fast-paced environment; Strong communication and leadership skills; Strong understanding of Metadata driven workflows, data architecture, semantics and data governance","Opportunity to work on cutting-edge technologies and innovative projects
Collaborative and inclusive work environment
Competitive salary and benefits package
Professional development and growth opportunities
Salary Range
$143,100.00 - $259,900.00","Opportunity to work on cutting-edge technologies and innovative projects; Collaborative and inclusive work environment; Competitive salary and benefits package; Professional development and growth opportunities; Salary Range; $143,100.00 - $259,900.00","Opportunity to work on cutting-edge technologies and innovative projects
Collaborative and inclusive work environment
Competitive salary and benefits package
Professional development and growth opportunities
Salary Range
$143,100.00 - $259,900.00","Opportunity to work on cutting-edge technologies and innovative projects; Collaborative and inclusive work environment; Competitive salary and benefits package; Professional development and growth opportunities; Salary Range; $143,100.00 - $259,900.00","Job Description

IT is different here. Our work as technology specialists pushes the boundaries of what’s possible in health care. You will build solutions that make a real difference in people’s lives. Driven by the importance of their work, our team members innovate to elevate. We’re encouraged to be curious, collaborate, and turn ideas into solutions that can make health care better for all.

A
s a Principal DataOps to MLOps Engineer, you will play a pivotal role in bridging the gap between data operations and machine learning operations. You will be responsible for designing, implementing, and maintaining the infrastructure and processes that support the dataops to MLOps lifecycle - data ingestion, governance and processing supporting model deployment and monitoring.

If you are ready to make a career out of making a difference, then you are the person for this team.

What You Will Do:

Infrastructure Development:
• Design and implement scalable MLOps supportive data pipelines for data ingestion, processing, and storage.
• Support and maintain DataOps components of cloud infrastructure to support machine learning workflows.
• Ensure data quality, availability, and reliability throughout its lifecycle.

Model Deployment and Monitoring:
• Collaborate with data scientists to deploy DataOps supporting the lifecycle of machine learning models into production environments.
• Set up monitoring and alerting systems to track model performance and data drift.
• Automate DataOps in support of model retraining and deployment processes to ensure continuous integration and delivery.

Collaboration and Leadership:
• Work closely with cross-functional teams, including data engineers, data scientists, and DevOps engineers.
• Provide technical leadership and mentorship to junior engineers.
• Drive best practices for DataOps and MLOps within the organization.

Process Optimization:
• Implement and optimize CI/CD pipelines for DataOps to machine learning projects.
• Develop and enforce standards for version control, testing, and documentation.
• Identify and address bottlenecks in data and model workflows to improve efficiency.

Security and Compliance:
• Ensure compliance with data privacy and security regulations.
• Implement robust security measures to protect data and models.

What You Bring:
• Bachelor's Degree or Advanced Degree where required
• 8+ Years of Experience
• In lieu of degree, 10+ years exp.
• Extensive experience in DataOps and MLOps, with a strong understanding of both domains.
• Proficiency in languages such as Python, SQL, Scala, Glue, with Ab Initio a plus
• Hands-on experience with cloud platforms (AWS, Snowflake with Ab Initio a plus) and containerization technologies such as Docker
• Strong understanding of CI/CD for data engineering and QitHub methods
• Strong knowledge of machine learning frameworks and libraries (Sagemaker and Snowpark ML)
• Excellent problem-solving skills and the ability to work in a fast-paced environment.
• Strong communication and leadership skills.
• Strong understanding of Metadata driven workflows, data architecture, semantics and data governance

Preferred Qualifications:
• Experience with Snowflake cloud platform, AWS, Sagemaker, Ab Initio and Ataccama.
• Understanding of data governance and compliance frameworks.
• Previous experience in a leadership or principal engineer role.

Why Join Us:
• Opportunity to work on cutting-edge technologies and innovative projects.
• Collaborative and inclusive work environment.
• Competitive salary and benefits package.
• Professional development and growth opportunities

Salary Range

$143,100.00 - $259,900.00

Salary Grade

P4H
"
Director of AI Governance,Office of the New York State Attorney General,"Albany, NY • via BeBee",2025-01-08T19:45:12.439987,"The ideal candidate will have at least 10 years of experience in AI, data science, and analytics, with a proven track record of leading complex data initiatives in the public or legal sector","The ideal candidate will have at least 10 years of experience in AI, data science, and analytics, with a proven track record of leading complex data initiatives in the public or legal sector","The ideal candidate will have at least 10 years of experience in AI, data science, and analytics, with a proven track record of leading complex data initiatives in the public or legal sector","The ideal candidate will have at least 10 years of experience in AI, data science, and analytics, with a proven track record of leading complex data initiatives in the public or legal sector",,,,,"We are seeking an experienced data scientist to lead our AI Center of Excellence. The ideal candidate will have at least 10 years of experience in AI, data science, and analytics, with a proven track record of leading complex data initiatives in the public or legal sector.

Responsibilities include evaluating current data capabilities, assessing AI-readiness, identifying gaps, and implementing nec
essary infrastructure improvements. Additionally, the Director will develop and execute a strategic roadmap for AI, data science, and analytics, establish and maintain AI and data governance frameworks, and lead the creation and enforcement of best practices for data management, AI, and analytics across the department.
"
Assistant Director – Data Governance (AI Governance focus),Principal Financial Group,"Des Moines, IA • via Salary.com",2025-01-08T19:45:22.668037,"Bachelor's degree or equivalent work experience
8 years of professional experience including risk management, machine learning/predictive modeling, and/or IT
Deep knowledge of AI, data and analytics governance, risk management, data quality, and master data management concepts
Skilled in collaborating with a variety of partners, including outside consultants and vendors, with ability to influence others without formal authority
Strong skills in communicating with all levels of the organization and easily translating complex topics for others to understand
Masters degree in quantitative discipline
6 years of quantitative modeling experience
Structured Query Language (SQL) and deep technical capability
Knowledge of metadata management concepts and processes and good understanding of database and data structures
Ability to learn new systems and integration patterns, including cloud platforms
Experience with Data Governance and/or Analytics Governance tools
At this time, we're not considering applicants that need any type of immigration sponsorship (additional work authorization or permanent work authorization) now or in the future to work in the United States
Nonimmigrant Workers and Green Card for Employment-Based Immigrants","Bachelor's degree or equivalent work experience; 8 years of professional experience including risk management, machine learning/predictive modeling, and/or IT; Deep knowledge of AI, data and analytics governance, risk management, data quality, and master data management concepts; Skilled in collaborating with a variety of partners, including outside consultants and vendors, with ability to influence others without formal authority; Strong skills in communicating with all levels of the organization and easily translating complex topics for others to understand; Masters degree in quantitative discipline; 6 years of quantitative modeling experience; Structured Query Language (SQL) and deep technical capability; Knowledge of metadata management concepts and processes and good understanding of database and data structures; Ability to learn new systems and integration patterns, including cloud platforms; Experience with Data Governance and/or Analytics Governance tools; At this time, we're not considering applicants that need any type of immigration sponsorship (additional work authorization or permanent work authorization) now or in the future to work in the United States; Nonimmigrant Workers and Green Card for Employment-Based Immigrants","Bachelor's degree or equivalent work experience
8 years of professional experience including risk management, machine learning/predictive modeling, and/or IT
Deep knowledge of AI, data and analytics governance, risk management, data quality, and master data management concepts
Skilled in collaborating with a variety of partners, including outside consultants and vendors, with ability to influence others without formal authority
Strong skills in communicating with all levels of the organization and easily translating complex topics for others to understand
Masters degree in quantitative discipline
6 years of quantitative modeling experience
Structured Query Language (SQL) and deep technical capability
Knowledge of metadata management concepts and processes and good understanding of database and data structures
Ability to learn new systems and integration patterns, including cloud platforms
Experience with Data Governance and/or Analytics Governance tools
At this time, we're not considering applicants that need any type of immigration sponsorship (additional work authorization or permanent work authorization) now or in the future to work in the United States
Nonimmigrant Workers and Green Card for Employment-Based Immigrants","Bachelor's degree or equivalent work experience; 8 years of professional experience including risk management, machine learning/predictive modeling, and/or IT; Deep knowledge of AI, data and analytics governance, risk management, data quality, and master data management concepts; Skilled in collaborating with a variety of partners, including outside consultants and vendors, with ability to influence others without formal authority; Strong skills in communicating with all levels of the organization and easily translating complex topics for others to understand; Masters degree in quantitative discipline; 6 years of quantitative modeling experience; Structured Query Language (SQL) and deep technical capability; Knowledge of metadata management concepts and processes and good understanding of database and data structures; Ability to learn new systems and integration patterns, including cloud platforms; Experience with Data Governance and/or Analytics Governance tools; At this time, we're not considering applicants that need any type of immigration sponsorship (additional work authorization or permanent work authorization) now or in the future to work in the United States; Nonimmigrant Workers and Green Card for Employment-Based Immigrants","Salary ranges below reflect targeted base salaries
Non-sales positions have the opportunity to participate in a bonus program
Sales positions are eligible for sales incentives, and in some instances a bonus plan, whereby total compensation may far exceed base salary depending on individual performance
Actual compensation for all roles will be based upon geographic location, work experience, education, licensure requirements and/or skill level and will be finalized at the time of offer
Salary Range (Non-Exempt expressed as hourly; Exempt expressed as yearly)
$123000 - $167000 / year
Time Off Program
Flexible Time Off (FTO) is provided to salaried (exempt) employees and provides the opportunity to take time away from the office with pay for vacation, personal or short-term illness
Employees don’t accrue a bank of time off under FTO and there is no set number of days provided
Pension Eligible","Salary ranges below reflect targeted base salaries; Non-sales positions have the opportunity to participate in a bonus program; Sales positions are eligible for sales incentives, and in some instances a bonus plan, whereby total compensation may far exceed base salary depending on individual performance; Actual compensation for all roles will be based upon geographic location, work experience, education, licensure requirements and/or skill level and will be finalized at the time of offer; Salary Range (Non-Exempt expressed as hourly; Exempt expressed as yearly); $123000 - $167000 / year; Time Off Program; Flexible Time Off (FTO) is provided to salaried (exempt) employees and provides the opportunity to take time away from the office with pay for vacation, personal or short-term illness; Employees don’t accrue a bank of time off under FTO and there is no set number of days provided; Pension Eligible","Salary ranges below reflect targeted base salaries
Non-sales positions have the opportunity to participate in a bonus program
Sales positions are eligible for sales incentives, and in some instances a bonus plan, whereby total compensation may far exceed base salary depending on individual performance
Actual compensation for all roles will be based upon geographic location, work experience, education, licensure requirements and/or skill level and will be finalized at the time of offer
Salary Range (Non-Exempt expressed as hourly; Exempt expressed as yearly)
$123000 - $167000 / year
Time Off Program
Flexible Time Off (FTO) is provided to salaried (exempt) employees and provides the opportunity to take time away from the office with pay for vacation, personal or short-term illness
Employees don’t accrue a bank of time off under FTO and there is no set number of days provided
Pension Eligible","Salary ranges below reflect targeted base salaries; Non-sales positions have the opportunity to participate in a bonus program; Sales positions are eligible for sales incentives, and in some instances a bonus plan, whereby total compensation may far exceed base salary depending on individual performance; Actual compensation for all roles will be based upon geographic location, work experience, education, licensure requirements and/or skill level and will be finalized at the time of offer; Salary Range (Non-Exempt expressed as hourly; Exempt expressed as yearly); $123000 - $167000 / year; Time Off Program; Flexible Time Off (FTO) is provided to salaried (exempt) employees and provides the opportunity to take time away from the office with pay for vacation, personal or short-term illness; Employees don’t accrue a bank of time off under FTO and there is no set number of days provided; Pension Eligible","What You'll Do

We’re looking for an Assistant Director – Data Governance to join our Enterprise Data and Analytics team! You'll be responsible for driving the build out and maintenance of our AI Governance program across the enterprise. This will include developing a consistent set of policies, standards, and practices to enable strategic and ethical use of artificial intelligence, data and analy
tics all while articulating the value of AI governance.
You’ll have the opportunity to:
• Create and maintain artificial intelligence (AI) policies and standards while providing oversight to measure compliance and maturity across the enterprise
• Drive AI governance activities and solutions by partnering with IT, Information Security, Risk, Privacy, Compliance, Data Scientists, Data Governance, Data Owners, Data Analysts, and external suppliers to research and resolve issues
• Develop and maintain training materials and playbooks for the enterprise AI development and deployment teams
• Empower and facilitate analytics teams in alignment with the enterprise framework
• Collaborate with the analytics and data scientists community to create scalable solutions that support ethical and responsible AI practices
• Create visibility to AI risk and work with cross-functional resources to document and mitigate AI risks
• Follow all security policies and procedures, to ensure that the highest level of system and data confidentiality, integrity and availability is maintained
• Produce and maintain documentation and artifacts

Operating at the intersection of financial services and technology, Principal builds financial tools that help our customers live better lives. We take pride in being a purpose-led firm, motivated by our mission to make financial security accessible to all. Our mission, integrity, and customer focus have made us a trusted leader for more than 140 years.

Who You Are
• Bachelor's degree or equivalent work experience
• 8 years of professional experience including risk management, machine learning/predictive modeling, and/or IT
• Deep knowledge of AI, data and analytics governance, risk management, data quality, and master data management concepts
• Skilled in collaborating with a variety of partners, including outside consultants and vendors, with ability to influence others without formal authority
• Strong skills in communicating with all levels of the organization and easily translating complex topics for others to understand
Skills That Will Help You Stand Out
• Masters degree in quantitative discipline
• 6 years of quantitative modeling experience
• Structured Query Language (SQL) and deep technical capability
• Knowledge of metadata management concepts and processes and good understanding of database and data structures
• Ability to learn new systems and integration patterns, including cloud platforms
• Experience with Data Governance and/or Analytics Governance tools

Salary Range Information

Salary ranges below reflect targeted base salaries. Non-sales positions have the opportunity to participate in a bonus program. Sales positions are eligible for sales incentives, and in some instances a bonus plan, whereby total compensation may far exceed base salary depending on individual performance. Actual compensation for all roles will be based upon geographic location, work experience, education, licensure requirements and/or skill level and will be finalized at the time of offer.
Salary Range (Non-Exempt expressed as hourly; Exempt expressed as yearly)

$123000 - $167000 / year
Time Off Program

Flexible Time Off (FTO) is provided to salaried (exempt) employees and provides the opportunity to take time away from the office with pay for vacation, personal or short-term illness. Employees don’t accrue a bank of time off under FTO and there is no set number of days provided.
Pension Eligible

Yes
Additional Information

Work Environments

This role offers an in-office and hybrid (blending at least three office days in a typical workweek) work arrangement in Des Moines, IA.
Work Authorization/Sponsorship

At this time, we're not considering applicants that need any type of immigration sponsorship (additional work authorization or permanent work authorization) now or in the future to work in the United States. This includes, but IS NOT LIMITED TO: F1-OPT, F1-CPT, H-1B, TN, L-1, J-1, etc. For additional information around work authorization needs please use the following links.

Nonimmigrant Workers and Green Card for Employment-Based Immigrants
Investment Code of Ethics

For Principal Asset Management positions, you’ll need to follow an Investment Code of Ethics related to personal and business conduct as well as personal trading activities for you and members of your household. These same requirements may also apply to other positions across the organization.
Experience Principal

At Principal, we value connecting on both a personal and professional level. Together, we’re imagining a more purpose-led future for financial services – and that starts with you. Our success depends on the unique experiences, backgrounds, and talents of our employees. And we support our employees the same way we support our customers: with comprehensive, competitive benefit offerings crafted to protect their physical, financial, and social well-being. Check out our careers site to learn more about our purpose, values and benefits.
Principal is an Equal Opportunity Employer

All qualified applicants will receive consideration for employment without regard to race, color, religion, sex, sexual orientation, gender identity, national origin, disability, or veteran status.

Posting Window

We will accept applications for 3 full days following the Original Posting Date, after which the posting may remain open or be removed based upon applications received. If we choose to post the job again, we will accept additional applications for at least 1 full day following the Most Recently Posted Date. Please submit applications in a timely manner as there is no guarantee the posting will be available beyond the applicable deadline.
Original Posting Date

4/2/2024
Most Recently Posted Date

5/23/2024

LinkedIn Hashtag

#LI-EW1
"
"Artificial Intelligence Governance Lead, Senior Advisor",Cardinal Health,"Providence, RI • via Teal",2025-01-08T19:45:32.956628,"Bachelor's degree in mathematics, Statistics, Engineering, Computer Science, or related field, or equivalent work experience
8-12 years of experience in a relevant field
Strong grasp of AI technologies and ability to explain complex concepts to diverse stakeholders
Experience in establishing and managing governance programs across organizations
Experience with organizational transformation through AI
Curiosity, flexibility, and enthusiasm for driving change
Agility and proactivity to stay on top of emerging trends and requirements in AI","Bachelor's degree in mathematics, Statistics, Engineering, Computer Science, or related field, or equivalent work experience; 8-12 years of experience in a relevant field; Strong grasp of AI technologies and ability to explain complex concepts to diverse stakeholders; Experience in establishing and managing governance programs across organizations; Experience with organizational transformation through AI; Curiosity, flexibility, and enthusiasm for driving change; Agility and proactivity to stay on top of emerging trends and requirements in AI","Bachelor's degree in mathematics, Statistics, Engineering, Computer Science, or related field, or equivalent work experience
8-12 years of experience in a relevant field
Strong grasp of AI technologies and ability to explain complex concepts to diverse stakeholders
Experience in establishing and managing governance programs across organizations
Experience with organizational transformation through AI
Curiosity, flexibility, and enthusiasm for driving change
Agility and proactivity to stay on top of emerging trends and requirements in AI","Bachelor's degree in mathematics, Statistics, Engineering, Computer Science, or related field, or equivalent work experience; 8-12 years of experience in a relevant field; Strong grasp of AI technologies and ability to explain complex concepts to diverse stakeholders; Experience in establishing and managing governance programs across organizations; Experience with organizational transformation through AI; Curiosity, flexibility, and enthusiasm for driving change; Agility and proactivity to stay on top of emerging trends and requirements in AI","Medical, dental and vision coverage
Paid time off plan
Health savings account (HSA)
401k savings plan
Access to wages before payday with myFlexPay
Flexible spending accounts (FSAs)
Short- and long-term disability coverage
Work-Life resources
Paid parental leave
Healthy lifestyle programs","Medical, dental and vision coverage; Paid time off plan; Health savings account (HSA); 401k savings plan; Access to wages before payday with myFlexPay; Flexible spending accounts (FSAs); Short- and long-term disability coverage; Work-Life resources; Paid parental leave; Healthy lifestyle programs","Medical, dental and vision coverage
Paid time off plan
Health savings account (HSA)
401k savings plan
Access to wages before payday with myFlexPay
Flexible spending accounts (FSAs)
Short- and long-term disability coverage
Work-Life resources
Paid parental leave
Healthy lifestyle programs","Medical, dental and vision coverage; Paid time off plan; Health savings account (HSA); 401k savings plan; Access to wages before payday with myFlexPay; Flexible spending accounts (FSAs); Short- and long-term disability coverage; Work-Life resources; Paid parental leave; Healthy lifestyle programs","About the position

The Artificial Intelligence Governance Lead at Cardinal Health's AI Center of Excellence is responsible for establishing and overseeing AI governance policies to ensure ethical, fair, and transparent deployment of AI systems. This role involves collaboration with cross-functional teams to design governance frameworks that align with organizational goals and comply with regulati
ons, ultimately driving transformation in healthcare through innovative AI solutions.

Responsibilities
• Create and maintain an AI catalog documenting all AI initiatives, tools, models, and their governance statuses.
,
• Develop and implement an ROI framework for evaluating the effectiveness and financial impact of AI projects.
,
• Create Standard Operating Procedures (SOPs) for AI governance processes to ensure consistency and compliance.
,
• Lead the creation and continuous improvement of internal AI governance policies and guidelines.
,
• Oversee adherence to established AI policy guidelines and ethical standards.
,
• Ensure AI initiatives comply with applicable legal and regulatory frameworks.
,
• Provide expert advice on navigating risks related to data privacy and AI vulnerabilities.
,
• Collaborate with teams managing AI-related risks to identify, evaluate, and mitigate potential hazards.
,
• Deploy ongoing monitoring mechanisms to maintain conformity with ethical standards across AI systems.
,
• Manage the procedural aspects of AI governance to secure a methodical and replicable framework.
,
• Advocate for transparency and accountability in the use of artificial intelligence.
,
• Analyze complex data and unique outcomes/customers in different Business Units to build a cohesive story around the value of AI.

Requirements
• Bachelor's degree in mathematics, Statistics, Engineering, Computer Science, or related field, or equivalent work experience.
,
• 8-12 years of experience in a relevant field.
,
• Strong grasp of AI technologies and ability to explain complex concepts to diverse stakeholders.
,
• Experience in establishing and managing governance programs across organizations.
,
• Experience with organizational transformation through AI.

Nice-to-haves
• Curiosity, flexibility, and enthusiasm for driving change.
,
• Agility and proactivity to stay on top of emerging trends and requirements in AI.

Benefits
• Medical, dental and vision coverage
,
• Paid time off plan
,
• Health savings account (HSA)
,
• 401k savings plan
,
• Access to wages before payday with myFlexPay
,
• Flexible spending accounts (FSAs)
,
• Short- and long-term disability coverage
,
• Work-Life resources
,
• Paid parental leave
,
• Healthy lifestyle programs
"
"Tenure-Track Faculty: Artificial Intelligence, Data, and Public Governance - The Ohio State University",The Ohio State University,"Columbus, OH • via UNC Center For Media Law And Policy",2025-01-08T19:45:43.184295,"Applicants must have completed or be nearing completion, of all Ph.D. degree requirements
Successful candidates will likely have or be nearing completion of doctorates in in a relevant field such as public policy and public affairs, government, law, ethics, computer science or engineering, systems engineering, information management systems, or technology in society
A drug screen or physical may be required during the post offer process","Applicants must have completed or be nearing completion, of all Ph.D. degree requirements; Successful candidates will likely have or be nearing completion of doctorates in in a relevant field such as public policy and public affairs, government, law, ethics, computer science or engineering, systems engineering, information management systems, or technology in society; A drug screen or physical may be required during the post offer process","Applicants must have completed or be nearing completion, of all Ph.D. degree requirements
Successful candidates will likely have or be nearing completion of doctorates in in a relevant field such as public policy and public affairs, government, law, ethics, computer science or engineering, systems engineering, information management systems, or technology in society
A drug screen or physical may be required during the post offer process","Applicants must have completed or be nearing completion, of all Ph.D. degree requirements; Successful candidates will likely have or be nearing completion of doctorates in in a relevant field such as public policy and public affairs, government, law, ethics, computer science or engineering, systems engineering, information management systems, or technology in society; A drug screen or physical may be required during the post offer process",,,,,"Job Title:

Open Rank Tenure-Track Faculty Position: Artificial Intelligence, Data, and Public Governance
Department:

John Glenn | Office of the Dean

The John Glenn College of Public Affairs at The Ohio State University seeks a scholar and teacher whose interdisciplinary work explores how existing and emerging information technologies can serve or undermine the public interest, and whether or ho
w they should be governed. This position focuses on the use of data in management and policy making, as well as the governance of data and data use. Both public and private sector organizations increasingly use data, data science, AI, and other emerging technologies to inform their operations and decisions. This development can enable greater access, agility, responsiveness, and insight. But it also poses threats to privacy, fairness, equity, and accountability and can give rise to unintended consequences. Realizing the benefits, and addressing the threats, requires rethinking governance, management, law, and policy. This faculty member, working at the frontier of public interest technology and science/technology policy, will join the Translational Data Analytics Institute (TDAI) and will enhance the Ohio State University’s major investments in information technology, digital trust and cybersecurity, AI/machine learning, and data governance.

The position begins Fall 2023. Salary will be commensurate with the candidate’s experience and qualifications. Applicants must have completed or be nearing completion, of all Ph.D. degree requirements. Successful candidates will likely have or be nearing completion of doctorates in in a relevant field such as public policy and public affairs, government, law, ethics, computer science or engineering, systems engineering, information management systems, or technology in society. Highly desirable candidates will have a strong potential for developing a successful research portfolio, practical experience, potential for high quality teaching, evidence of interest, capacity, and/or experience in helping to address the challenges that affect our community, potential to engage diversity topics in the classroom and mentor under-represented minorities, potential to engage and strengthen JGC relationships with University, local, or professional communities, and the potential to obtain research funding.

Tenure faculty (regardless of rank) - persons with the titles of professor, associate professor, assistant professor and instructor who serve on appointments totaling 50% or more service to the university and who are eligible for tenure or who have obtained tenure. Duties and responsibilities are assigned in accordance with the workload guidelines laid out in the pattern of administration of each faculty member’s tenure initiation unit (TIU) and, as appropriate, regional campus; obligations will include research, service and/or teaching or clinical practice. These faculty will have earned doctorate or other terminal degree in the relevant field of study or possession of equivalent experience.
Additional Information:

Applications will be evaluated as they are received and will be accepted until the position is filled. Applications received by September 5, 2022, are guaranteed full consideration. To apply, please submit a letter of application, curriculum vitae, writing sample, and three professional reference letters to OSU’s portal. Questions may be addressed to the search chair, David Landsbergen, at Glenn-TDAI@osu.edu. To build a diverse workforce, Ohio State encourages applications from individuals with disabilities, minorities, veterans, and women. Ohio State is an EEO/AA employer. All qualified applicants will receive consideration for employment without regard to race, color, religion, sex, sexual orientation or gender identity, national origin, disability status, or protected veteran status.

About Glenn College, Translational Data Analytics Institute, and Ohio State University

The John Glenn College of Public Affairs was recently ranked 20th overall among other graduate public affairs programs in in the U.S. The Ohio State University is ranked 7th in public administration out of 200 universities internationally according to the Shanghai Ranking. Our curricular offerings include the NASPAA-accredited Master of Public Administration and In-Career Master of Arts in Public Policy and Management; online Master of Public Administration and Leadership; dual master’s degrees with Law, City and Regional Planning, Public Health, Environment and Natural Resources, Social Work, Business Administration, Agricultural, Environmental and Development Economics, Slavic and East European Studies, and Latin American Studies; a joint degree in Arts Policy and Administration; a Ph.D. in Public Policy and Management; a B.A. in Public Management, Leadership, and Policy; a B.S. in Public Policy Analysis, and a variety of undergraduate and graduate minors including nonprofit management. The College also offers a wide array of management and leadership training seminars, programs, and certificates, serving over 2,000 mid-career professionals each year.

The Translational Data Analytics Institute is a foundational component of The Ohio State University’s Discovery Themes Initiative. Membership in TDAI provides an exceptional environment for cross-college interdisciplinary and external collaborations. Our 250+ faculty affiliates are part of an active community of scientists representing all 15 colleges and more than 60 disciplines who work on developing programs, resources and collaborative projects that span the traditional academic disciplines. TDAI affiliated faculty are connected to a vast network of existing and developing shared resources including datasets and databases and robust opportunities to test new technologies and platforms through external partnerships (i.e., Ohio Supercomputer Center, Aruba Networks/HPE, Amazon Web Services, among others). TDAI supports a virtual research data infrastructure connecting users for sharing datasets, knowledge, and software; and maximization of a cloud-based environment to integrate, develop and incorporate workflow specifications compliant with the FAIR process. In 2018 TDAI opened a 21,000 sq. ft. data analytics facility in the heart of The Ohio State University campus in Pomerene Hall. The facility has state of the art convening space and configurable project rooms; software, hardware, and visualization labs; hoteling workstations; and spaces that highlight our collaborative research programs.
Location:

Page Hall (0061)
Position Type:

Regular
Scheduled Hours:

40
Shift:

First Shift

The Ohio State University believes in diversity in people and ideas. What Ohio State does matters. And how we do it matters. When we are at our best, we make a real difference to people. Our size, breadth, geography, history and standard of excellence position us to drive the future of higher education. We believe that the university should be a place where people can work and learn together in a safe environment, free of violence, harassment, discrimination, exploitation, or intimidation. As such, finalists for any faculty position that carries tenure must sign an authorization and disclosure form, which will allow current or prior employer(s) to share information to the University regarding any findings of employment-related misconduct or disciplinary proceedings against a candidate and/or any pending investigations related to alleged misconduct. Such information shall include findings and pending investigations with respect to sexual harassment, violence, or harassment; research misconduct; financial fraud or misconduct; foreign influence violations, grant misuse or misconduct; and/or any other type of finding or pending investigation relating to a candidate’s employer’s policies and rules governing faculty conduct that may reasonably be expected to affect a candidate’s appointment. If the University becomes aware of any past finding of misconduct or pending investigations that were not disclosed, Ohio State will treat that as a serious omission and reserves the right to rescind an offer or terminate employment.

Final candidates are subject to successful completion of a background check. A drug screen or physical may be required during the post offer process.

Apply here.
"
Lead Data Governance Consultant - Artificial Intelligence (AI),Highmark Health,"Pittsburgh, PA • via Indeed",2025-01-08T19:45:53.178686,"Bachelor's Degree in Computer Systems Analysis, Data Processing, Healthcare Informatics, Management Information Systems, or closely related discipline
7 - 10 years of Data Analysis or related field
None
Microsoft Office
Collibra Data Governance Center
PowerBI or similar
SQL, Toad, or similar
Relational database familiarization
Google Cloud Platform (GCP)
Agile methodology
Data analysis and profiling
Language (Other than English):","Bachelor's Degree in Computer Systems Analysis, Data Processing, Healthcare Informatics, Management Information Systems, or closely related discipline; 7 - 10 years of Data Analysis or related field; None; Microsoft Office; Collibra Data Governance Center; PowerBI or similar; SQL, Toad, or similar; Relational database familiarization; Google Cloud Platform (GCP); Agile methodology; Data analysis and profiling; Language (Other than English):","Bachelor's Degree in Computer Systems Analysis, Data Processing, Healthcare Informatics, Management Information Systems, or closely related discipline
7 - 10 years of Data Analysis or related field
None
Microsoft Office
Collibra Data Governance Center
PowerBI or similar
SQL, Toad, or similar
Relational database familiarization
Google Cloud Platform (GCP)
Agile methodology
Data analysis and profiling
Language (Other than English):","Bachelor's Degree in Computer Systems Analysis, Data Processing, Healthcare Informatics, Management Information Systems, or closely related discipline; 7 - 10 years of Data Analysis or related field; None; Microsoft Office; Collibra Data Governance Center; PowerBI or similar; SQL, Toad, or similar; Relational database familiarization; Google Cloud Platform (GCP); Agile methodology; Data analysis and profiling; Language (Other than English):",,,,,"Company :
Highmark Health
Job Description :

JOB SUMMARY

This Data Governance Lead role is responsible for the day-to-day operational aspects of enterprise AI governance, supporting committees, and ensuring quality and compliance. While focusing on establishing and maintaining standards and definitions, the role will also play a key part in building the foundation for responsible AI implementatio
n by ensuring integrity of solutions.

ESSENTIAL RESPONSIBILITIES
• Provide backup and support for the various data governance committees of the organization, including preparation of detail behind requests to the committee, executing follow-up tasks assigned from the meetings, and providing education and support for data governance across the organization.
• Under the guidance of the data governance committees of the organization and management, execute the governance requirements established for all entities across the organization.
• Work with data owners to establish, maintain, and distribute definitions of data elements used by analytics in conjunction with data owners throughout the organization.
• Drive functional efforts for programs across multiple projects, including guidance and education of Seniors and Intermediates. Also responsible for management of relationships with customers.
• Other duties as assigned.

EDUCATION

Required
• Bachelor's Degree in Computer Systems Analysis, Data Processing, Healthcare Informatics, Management Information Systems, or closely related discipline

Substitutions
• None

Preferred
• Master's Degree in Management Information Systems

EXPERIENCE

Required
• 7 - 10 years of Data Analysis or related field

Preferred
• 3 - 5 years of Data Warehousing experience
• 3 - 5 years of Database Administration experience
• 5 - 7 years of experience working in the Healthcare Industry

LICENSES AND CERTIFICATIONS

Required
• None

Preferred
• None

SKILLS
• Microsoft Office
• Collibra Data Governance Center
• PowerBI or similar
• SQL, Toad, or similar
• Relational database familiarization
• Google Cloud Platform (GCP)
• Agile methodology
• Data analysis and profiling

Language (Other than English):

None

Travel Requirement:

0% - 25%

PHYSICAL, MENTAL DEMANDS and WORKING CONDITIONS

Position Type

Office-based

Teaches / trains others regularly

Occasionally

Travel regularly from the office to various work sites or from site-to-site

Rarely

Works primarily out-of-the office selling products/services (sales employees)

Never

Physical work site required

Yes

Lifting: up to 10 pounds

Constantly

Lifting: 10 to 25 pounds

Occasionally

Lifting: 25 to 50 pounds

Rarely

Disclaimer: The job description has been designed to indicate the general nature and essential duties and responsibilities of work performed by employees within this job title. It may not contain a comprehensive inventory of all duties, responsibilities, and qualifications required of employees to do this job.

Compliance Requirement : This job adheres to the ethical and legal standards and behavioral expectations as set forth in the code of business conduct and company policies.

As a component of job responsibilities, employees may have access to covered information, cardholder data, or other confidential customer information that must be protected at all times. In connection with this, all employees must comply with both the Health Insurance Portability Accountability Act of 1996 (HIPAA) as described in the Notice of Privacy Practices and Privacy Policies and Procedures as well as all data security guidelines established within the Company’s Handbook of Privacy Policies and Practices and Information Security Policy.

Furthermore, it is every employee’s responsibility to comply with the company’s Code of Business Conduct. This includes but is not limited to adherence to applicable federal and state laws, rules, and regulations as well as company policies and training requirements.

Highmark Health and its affiliates prohibit discrimination against qualified individuals based on their status as protected veterans or individuals with disabilities, and prohibit discrimination against all individuals based on their race, color, age, religion, sex, national origin, sexual orientation/gender identity or any other category protected by applicable federal, state or local law. Highmark Health and its affiliates take affirmative action to employ and advance in employment individuals without regard to race, color, age, religion, sex, national origin, sexual orientation/gender identity, protected veteran status or disability.

EEO is The Law

Equal Opportunity Employer Minorities/Women/Protected Veterans/Disabled/Sexual Orientation/Gender Identity ( https://www.eeoc.gov/sites/default/files/migrated_files/employers/poster_screen_reader_optimized.pdf )

We endeavor to make this site accessible to any and all users. If you would like to contact us regarding the accessibility of our website or need assistance completing the application process, please contact number below.

For accommodation requests, please contact HR Services Online at HRServices@highmarkhealth.org

California Consumer Privacy Act Employees, Contractors, and Applicants Notice
"
Generative AI Governance and Process Manager,Xerox,"Little Rock, AR • via Lensa",2025-01-08T19:46:03.527382,"Press space or enter keys to toggle section visibility
Candidate must reside in EST time zone
Proven experience in governance, process management, or risk management, preferably within AI, emerging technologies, or IT
Strong background in developing and operationalizing frameworks and processes to manage complex, cross-functional initiatives
Experience with technology solutions that support governance, such as workflow tools, intake management systems, or AI platforms
Familiarity with data privacy, security, and compliance regulations related to AI and technology
Demonstrated ability to collaborate across business functions and drive alignment in complex organizations
Strong analytical and problem-solving skills, with a proactive approach to managing change
Process Excellence: Expertise in designing and managing efficient, scalable processes
Adaptability: Ability to evolve frameworks and tools in response to technological and organizational changes
Collaboration: Skilled at building synergies across teams and fostering a culture of shared accountability
Strategic Thinking: Proactive in anticipating risks and opportunities in governance and process management
Technology Savvy: Knowledge of governance tools and systems to support processes effectively","Press space or enter keys to toggle section visibility; Candidate must reside in EST time zone; Proven experience in governance, process management, or risk management, preferably within AI, emerging technologies, or IT; Strong background in developing and operationalizing frameworks and processes to manage complex, cross-functional initiatives; Experience with technology solutions that support governance, such as workflow tools, intake management systems, or AI platforms; Familiarity with data privacy, security, and compliance regulations related to AI and technology; Demonstrated ability to collaborate across business functions and drive alignment in complex organizations; Strong analytical and problem-solving skills, with a proactive approach to managing change; Process Excellence: Expertise in designing and managing efficient, scalable processes; Adaptability: Ability to evolve frameworks and tools in response to technological and organizational changes; Collaboration: Skilled at building synergies across teams and fostering a culture of shared accountability; Strategic Thinking: Proactive in anticipating risks and opportunities in governance and process management; Technology Savvy: Knowledge of governance tools and systems to support processes effectively","Press space or enter keys to toggle section visibility
Candidate must reside in EST time zone
Proven experience in governance, process management, or risk management, preferably within AI, emerging technologies, or IT
Strong background in developing and operationalizing frameworks and processes to manage complex, cross-functional initiatives
Experience with technology solutions that support governance, such as workflow tools, intake management systems, or AI platforms
Familiarity with data privacy, security, and compliance regulations related to AI and technology
Demonstrated ability to collaborate across business functions and drive alignment in complex organizations
Strong analytical and problem-solving skills, with a proactive approach to managing change
Process Excellence: Expertise in designing and managing efficient, scalable processes
Adaptability: Ability to evolve frameworks and tools in response to technological and organizational changes
Collaboration: Skilled at building synergies across teams and fostering a culture of shared accountability
Strategic Thinking: Proactive in anticipating risks and opportunities in governance and process management
Technology Savvy: Knowledge of governance tools and systems to support processes effectively","Press space or enter keys to toggle section visibility; Candidate must reside in EST time zone; Proven experience in governance, process management, or risk management, preferably within AI, emerging technologies, or IT; Strong background in developing and operationalizing frameworks and processes to manage complex, cross-functional initiatives; Experience with technology solutions that support governance, such as workflow tools, intake management systems, or AI platforms; Familiarity with data privacy, security, and compliance regulations related to AI and technology; Demonstrated ability to collaborate across business functions and drive alignment in complex organizations; Strong analytical and problem-solving skills, with a proactive approach to managing change; Process Excellence: Expertise in designing and managing efficient, scalable processes; Adaptability: Ability to evolve frameworks and tools in response to technological and organizational changes; Collaboration: Skilled at building synergies across teams and fostering a culture of shared accountability; Strategic Thinking: Proactive in anticipating risks and opportunities in governance and process management; Technology Savvy: Knowledge of governance tools and systems to support processes effectively","Annual Base Salary Minimum
Annual Base Salary Maximum
The range listed is just one component of Xerox’s total compensation package for employees",Annual Base Salary Minimum; Annual Base Salary Maximum; The range listed is just one component of Xerox’s total compensation package for employees,"Annual Base Salary Minimum
Annual Base Salary Maximum
The range listed is just one component of Xerox’s total compensation package for employees",Annual Base Salary Minimum; Annual Base Salary Maximum; The range listed is just one component of Xerox’s total compensation package for employees,"Generative AI Governance and Process Manager

General Information

Press space or enter keys to toggle section visibility

Country

United States

Department

IM BUSINESS OPERATIONS

Date

Monday, December 23, 2024

Working time

Full-time

Ref#

20034719

Job Level

Specialist

Job Type

Experienced

Job Field

IM BUSINESS OPERATIONS

Seniority Level

Mid-Senior Level

Currency

USD - United Stat
es - US

Annual Base Salary Minimum

89,340

Annual Base Salary Maximum

178,680

The salary range above represents the low and high end in the local currency of Xerox’s salary range for this position and is reflected in an annualized amount. Actual salaries will vary based on factors including, but not limited to, geographic location, market competition, and/or the successful applicant’s education, experience, knowledge, skills, and abilities. The range listed is just one component of Xerox’s total compensation package for employees. Employees are also afforded a comprehensive suite of benefits, to view those details please visit Xerox Careers for your applicable country. If you are not reviewing this job posting on Xerox Careers (https://xerox.avature.net/en_US/careers) , we cannot guarantee the validity of this posting. For a list of our current internal postings, please visit Xerox Careers (https://xerox.avature.net/en_US/careers) .

Description & Requirements

Press space or enter keys to toggle section visibility

About Xerox Holdings Corporation

For more than 100 years, Xerox has continually redefined the workplace experience. Harnessing our leadership position in office and production print technology, we’ve expanded into software and services to sustainably power today’s workforce. From the office to industrial environments, our differentiated business solutions and financial services are designed to make every day work better for clients — no matter where that work is being done. Today, Xerox scientists and engineers are continuing our legacy of innovation with disruptive technologies in digital transformation, augmented reality, robotic process automation, additive manufacturing, Industrial Internet of Things and cleantech. Learn more at www.xerox.com and explore our commitment to diversity and inclusion. (https://www.xerox.com/en-us/jobs/diversity)

About the Role:

The Generative AI Governance and Process Manager will be a key member of the Generative AI Center of Excellence (COE), responsible for designing, implementing, and continuously refining governance frameworks and operational processes for Generative AI technologies. This role ensures that AI initiatives across Xerox are streamlined, responsible, and aligned with business goals, while adapting to the rapid evolution of AI tools and technologies.

You will lead efforts to centralize intake through a unified channel, create synergies between internal business functions, and manage the technology solutions that support these processes. Your work will play a pivotal role in maintaining trust, efficiency, and compliance while enabling scalable Generative AI adoption across the organization.

Candidate must reside in EST time zone.

Key Responsibilities:
• Establish Governance Frameworks and Processes
• Design and implement a centralized governance framework to streamline Generative AI intake, reviews, and approvals.
• Develop clear, adaptable processes to evaluate and approve AI use cases, tools, and technologies.
• Align governance processes with organizational values, legal requirements, and industry best practices.
• Centralize and Streamline Intake and Reviews
• Build and manage a unified channel for Generative AI intake, ensuring consistency across business functions.
• Collaborate with stakeholders to align on review processes, minimizing redundancies and improving efficiency.
• Create a mechanism to prioritize and track Generative AI initiatives from submission through implementation.
• Technology Management and Process Support
• Identify and implement tools and platforms to support governance processes, including intake management, tracking, and reporting.
• Ensure that technology solutions evolve alongside governance needs to support scalable AI adoption.
• Partner with IT and external vendors to optimize tool configuration and integration with existing systems.
• Adapt Processes to Evolving Technologies
• Continuously evaluate and update governance frameworks and processes to keep pace with advancements in Generative AI.
• Monitor emerging risks, regulations, and technologies to proactively adjust governance strategies.
• Foster a culture of adaptability and innovation in governance practices.
• Collaboration and Synergy Building
• Work closely with internal business functions (Legal, Privacy, IT, Security, and others) to ensure alignment and eliminate silos in governance efforts.
• Act as the central point of contact for cross-functional teams, driving collaboration and shared accountability.
• Build relationships with external partners to stay informed on best practices and benchmarks.
• Metrics, Reporting, and Communication
• Develop metrics and dashboards to track the effectiveness of governance frameworks and processes.
• Provide regular updates to leadership on governance performance, risks, and improvements.
• Create clear and concise documentation for governance policies, processes, and roles.

Qualifications and Experience:
• Proven experience in governance, process management, or risk management, preferably within AI, emerging technologies, or IT.
• Strong background in developing and operationalizing frameworks and processes to manage complex, cross-functional initiatives.
• Experience with technology solutions that support governance, such as workflow tools, intake management systems, or AI platforms.
• Familiarity with data privacy, security, and compliance regulations related to AI and technology.
• Demonstrated ability to collaborate across business functions and drive alignment in complex organizations.
• Strong analytical and problem-solving skills, with a proactive approach to managing change.
• Bachelor’s degree in a related field required; certifications in governance, risk, or project management are a plus.

Key Competencies:
• Process Excellence: Expertise in designing and managing efficient, scalable processes.
• Adaptability: Ability to evolve frameworks and tools in response to technological and organizational changes.
• Collaboration: Skilled at building synergies across teams and fostering a culture of shared accountability.
• Strategic Thinking: Proactive in anticipating risks and opportunities in governance and process management.
• Technology Savvy: Knowledge of governance tools and systems to support processes effectively.

#LI-LL1

#LI-REMOTE

Xerox is an Equal Opportunity Employer and considers applicants for all positions without regard to race, color, creed, religion, ancestry, national origin, age, gender identity, sex, marital status, sexual orientation, physical or mental disability, use of a guide dog or service animal, military/veteran status, citizenship status, basis of genetic information, or any other group protected by law. Learn more atwww.xerox.comand explore our commitment to diversity and inclusion: https://www.xerox.com/en-us/jobs/diversityPeople with disabilities who need a reasonable accommodation to apply or compete for employment with Xerox may request such accommodation(s) by sending an e-mail to XeroxStaffingAdminCenter@xerox.com. Be sure to include your name, the job you are interested in, and the accommodation you are seeking.
"
AI Governance SME,Robert Half,"Dallas, TX • via Teal",2025-01-08T19:46:13.628088,"Deep understanding of AI governance, risk and compliance
Practical experience and proficiency in OneTrust
Strong knowledge of AI ethics and principles
Proven experience in the application of legal and regulatory requirements related to AI
Excellent strategic, analytical and problem-solving skills
Excellent communication and collaboration abilities
Project management skills in managing complex, cross-functional initiatives","Deep understanding of AI governance, risk and compliance; Practical experience and proficiency in OneTrust; Strong knowledge of AI ethics and principles; Proven experience in the application of legal and regulatory requirements related to AI; Excellent strategic, analytical and problem-solving skills; Excellent communication and collaboration abilities; Project management skills in managing complex, cross-functional initiatives","Deep understanding of AI governance, risk and compliance
Practical experience and proficiency in OneTrust
Strong knowledge of AI ethics and principles
Proven experience in the application of legal and regulatory requirements related to AI
Excellent strategic, analytical and problem-solving skills
Excellent communication and collaboration abilities
Project management skills in managing complex, cross-functional initiatives","Deep understanding of AI governance, risk and compliance; Practical experience and proficiency in OneTrust; Strong knowledge of AI ethics and principles; Proven experience in the application of legal and regulatory requirements related to AI; Excellent strategic, analytical and problem-solving skills; Excellent communication and collaboration abilities; Project management skills in managing complex, cross-functional initiatives","Medical insurance
Vision insurance
Dental insurance
Life insurance
Disability insurance
401(k) plan",Medical insurance; Vision insurance; Dental insurance; Life insurance; Disability insurance; 401(k) plan,"Medical insurance
Vision insurance
Dental insurance
Life insurance
Disability insurance
401(k) plan",Medical insurance; Vision insurance; Dental insurance; Life insurance; Disability insurance; 401(k) plan,"About the position

Robert Half is seeking an experienced AI Governance Subject Matter Expert (SME) to work remotely on a contract basis. The role focuses on navigating the complexities of artificial intelligence governance, risk, compliance, and ethics, with a strong emphasis on utilizing OneTrust technology.

Responsibilities
• Understand and apply the principles of AI governance and ethics.
,
•
Develop, implement, and oversee AI governance protocols.
,
• Conduct audits and assessments of AI models to ensure compliance with established rules and regulations.
,
• Maintain proficiency and knowledge in OneTrust, handling activities that demand its application.
,
• Guide the design, build, test, and implementation process of AI projects whilst considering standards of governance.
,
• Work closely with multiple stakeholders to develop and execute strategies regarding AI governance.
,
• Assist in the resolution of AI-related ethical dilemmas and risk matrices.

Requirements
• Deep understanding of AI governance, risk and compliance.
,
• Practical experience and proficiency in OneTrust.
,
• Strong knowledge of AI ethics and principles.
,
• Proven experience in the application of legal and regulatory requirements related to AI.
,
• Excellent strategic, analytical and problem-solving skills.
,
• Excellent communication and collaboration abilities.
,
• Project management skills in managing complex, cross-functional initiatives.
,
• Minimum of a Bachelor's Degree in Computer Science, Information Systems, or a related field; advanced degree preferred.

Nice-to-haves

Benefits
• Medical insurance
,
• Vision insurance
,
• Dental insurance
,
• Life insurance
,
• Disability insurance
,
• 401(k) plan
"
"Senior Director, AI and Data Governance",KPMG,"Dallas, TX • via Glassdoor",2025-01-08T19:46:23.850509,"Minimum twelve years of recent experience focusing on data governance, data management, and risk management with a proven track record of success in leading and scaling data governance programs within a complex AI enabled data estate
Experience working closely with a Chief Data Office or equivalent executive
Experience navigating the evolving AI and data regulatory landscape to develop and implement compliant governance practices and mitigate risk
Strong understanding of the evolving data estate, including the data and content supply chain, access, and usage permissibility, third party data and usage agreements, and the impacts of Generative AI technologies on data governance
These include the duties and responsibilities listed above, as well as the abilities to adhere to company policies, exercise sound judgment, effectively manage stress and work safely and respectfully with others, exhibit trustworthiness, and safeguard business operations and company reputation","Minimum twelve years of recent experience focusing on data governance, data management, and risk management with a proven track record of success in leading and scaling data governance programs within a complex AI enabled data estate; Experience working closely with a Chief Data Office or equivalent executive; Experience navigating the evolving AI and data regulatory landscape to develop and implement compliant governance practices and mitigate risk; Strong understanding of the evolving data estate, including the data and content supply chain, access, and usage permissibility, third party data and usage agreements, and the impacts of Generative AI technologies on data governance; These include the duties and responsibilities listed above, as well as the abilities to adhere to company policies, exercise sound judgment, effectively manage stress and work safely and respectfully with others, exhibit trustworthiness, and safeguard business operations and company reputation","Minimum twelve years of recent experience focusing on data governance, data management, and risk management with a proven track record of success in leading and scaling data governance programs within a complex AI enabled data estate
Experience working closely with a Chief Data Office or equivalent executive
Experience navigating the evolving AI and data regulatory landscape to develop and implement compliant governance practices and mitigate risk
Strong understanding of the evolving data estate, including the data and content supply chain, access, and usage permissibility, third party data and usage agreements, and the impacts of Generative AI technologies on data governance
These include the duties and responsibilities listed above, as well as the abilities to adhere to company policies, exercise sound judgment, effectively manage stress and work safely and respectfully with others, exhibit trustworthiness, and safeguard business operations and company reputation","Minimum twelve years of recent experience focusing on data governance, data management, and risk management with a proven track record of success in leading and scaling data governance programs within a complex AI enabled data estate; Experience working closely with a Chief Data Office or equivalent executive; Experience navigating the evolving AI and data regulatory landscape to develop and implement compliant governance practices and mitigate risk; Strong understanding of the evolving data estate, including the data and content supply chain, access, and usage permissibility, third party data and usage agreements, and the impacts of Generative AI technologies on data governance; These include the duties and responsibilities listed above, as well as the abilities to adhere to company policies, exercise sound judgment, effectively manage stress and work safely and respectfully with others, exhibit trustworthiness, and safeguard business operations and company reputation","Any offered salary is determined based on relevant factors such as applicant's skills, job responsibilities, prior relevant experience, certain degrees and certifications and market considerations
In addition, the firm is proud to offer a comprehensive, competitive benefits package, with options designed to help you make the best decisions for yourself, your family, and your lifestyle
Available benefits are based on eligibility
Our Total Rewards package includes a variety of medical and dental plans, vision coverage, disability and life insurance, 401(k) plans, and a robust suite of personal well-being benefits to support your mental health
Depending on job classification, standard work hours, and years of service, KPMG provides Personal Time Off per fiscal year
KPMG LLP (the U.S. member firm of KPMG International) offers a comprehensive compensation and benefits package","Any offered salary is determined based on relevant factors such as applicant's skills, job responsibilities, prior relevant experience, certain degrees and certifications and market considerations; In addition, the firm is proud to offer a comprehensive, competitive benefits package, with options designed to help you make the best decisions for yourself, your family, and your lifestyle; Available benefits are based on eligibility; Our Total Rewards package includes a variety of medical and dental plans, vision coverage, disability and life insurance, 401(k) plans, and a robust suite of personal well-being benefits to support your mental health; Depending on job classification, standard work hours, and years of service, KPMG provides Personal Time Off per fiscal year; KPMG LLP (the U.S. member firm of KPMG International) offers a comprehensive compensation and benefits package","Any offered salary is determined based on relevant factors such as applicant's skills, job responsibilities, prior relevant experience, certain degrees and certifications and market considerations
In addition, the firm is proud to offer a comprehensive, competitive benefits package, with options designed to help you make the best decisions for yourself, your family, and your lifestyle
Available benefits are based on eligibility
Our Total Rewards package includes a variety of medical and dental plans, vision coverage, disability and life insurance, 401(k) plans, and a robust suite of personal well-being benefits to support your mental health
Depending on job classification, standard work hours, and years of service, KPMG provides Personal Time Off per fiscal year
KPMG LLP (the U.S. member firm of KPMG International) offers a comprehensive compensation and benefits package","Any offered salary is determined based on relevant factors such as applicant's skills, job responsibilities, prior relevant experience, certain degrees and certifications and market considerations; In addition, the firm is proud to offer a comprehensive, competitive benefits package, with options designed to help you make the best decisions for yourself, your family, and your lifestyle; Available benefits are based on eligibility; Our Total Rewards package includes a variety of medical and dental plans, vision coverage, disability and life insurance, 401(k) plans, and a robust suite of personal well-being benefits to support your mental health; Depending on job classification, standard work hours, and years of service, KPMG provides Personal Time Off per fiscal year; KPMG LLP (the U.S. member firm of KPMG International) offers a comprehensive compensation and benefits package","Known for being a great place to work and build a career, KPMG provides audit, tax and advisory services for organizations in today’s most important industries. Our growth is driven by delivering real results for our clients. It’s also enabled by our culture, which encourages individual development, embraces an inclusive environment, rewards innovative excellence and supports our communities. With
qualities like those, it’s no wonder we’re consistently ranked among the best companies to work for by Fortune Magazine, Consulting Magazine, Seramount, Fair360 and others. If you’re as passionate about your future as we are, join our team.

KPMG is currently seeking a Senior Director, AI and Data Governance to join our Advisory Data Organization.

Responsibilities:
• As part of the senior leadership team for the Advisory Data Office, led by the Chief Data Officer.
• Ownership of advisory data risk register including performance of risk assessments, identify, document, and manage emerging risks associated with data governance, compliance, and the firm's strategic growth objectives including AI; leverage internal experience and applied practice to augment advisory client teams thought leadership in this space
• Define actionable, automated controls to manage data related risks and accelerate availability of permissible data
• Coordinate with other business function stakeholders to align on common data governance policy, approaches, and solutions where applicable
• Support strategic projects to provide permissible and timely access to data and content using AI automation
• Direct a high-performing team of data governance professionals, fostering a collaborative and results-oriented environment focused on continuous improvement. Coach client facing account teams on data handling policy and protocols to best protect client and firm data.

Qualifications:
• Minimum twelve years of recent experience focusing on data governance, data management, and risk management with a proven track record of success in leading and scaling data governance programs within a complex AI enabled data estate. Experience working closely with a Chief Data Office or equivalent executive.
• Bachelor’s degree from an accredited college/university, Masters preferred
• Experience navigating the evolving AI and data regulatory landscape to develop and implement compliant governance practices and mitigate risk
• Strong understanding of the evolving data estate, including the data and content supply chain, access, and usage permissibility, third party data and usage agreements, and the impacts of Generative AI technologies on data governance
• Proven ability to translate this knowledge into actionable, data and content governance strategies
• Demonstrate expertise in developing and implementing adaptable, scalable, and effective data governance practices and frameworks

KPMG complies with all local/state regulations regarding displaying salary ranges. If required, the ranges displayed below or via the URL below are specifically for those potential hires who will work in the location(s) listed. Any offered salary is determined based on relevant factors such as applicant's skills, job responsibilities, prior relevant experience, certain degrees and certifications and market considerations. In addition, the firm is proud to offer a comprehensive, competitive benefits package, with options designed to help you make the best decisions for yourself, your family, and your lifestyle. Available benefits are based on eligibility. Our Total Rewards package includes a variety of medical and dental plans, vision coverage, disability and life insurance, 401(k) plans, and a robust suite of personal well-being benefits to support your mental health. Depending on job classification, standard work hours, and years of service, KPMG provides Personal Time Off per fiscal year. Additionally, each year the firm publishes a calendar of holidays to be observed during the year and provides two firmwide breaks each year where employees will not be required to use Personal Time Off; one is at year end and the other is around the July 4th holiday. Additional details about our benefits can be found towards the bottom of our KPMG US Careers site at “Benefits & How We Work”.

Follow this link to obtain salary ranges by city outside of CA:

https://kpmg.com/us/en/how-we-work/pay-transparency.html/?id=6752_9_24

KPMG LLP (the U.S. member firm of KPMG International) offers a comprehensive compensation and benefits package. KPMG is an affirmative action-equal opportunity employer. KPMG complies with all applicable federal, state and local laws regarding recruitment and hiring. All qualified applicants are considered for employment without regard to race, color, religion, age, sex, sexual orientation, gender identity, national origin, citizenship status, disability, protected veteran status, or any other category protected by applicable federal, state or local laws. The attached link contains further information regarding the firm's compliance with federal, state and local recruitment and hiring laws. No phone calls or agencies please.

KPMG does not currently require partners or employees to be fully vaccinated or test negative for COVID-19 in order to go to KPMG offices, client sites or KPMG events, except when mandated by federal, state or local law. In some circumstances, clients also may require proof of vaccination or testing (e.g., to go to the client site).

KPMG recruits on a rolling basis. Candidates are considered as they apply, until the opportunity is filled. Candidates are encouraged to apply expeditiously to any role(s) for which they are qualified that is also of interest to them.

Los Angeles County applicants: Material job duties for this position are listed above. Criminal history may have a direct, adverse, and negative relationship with some of the material job duties of this position. These include the duties and responsibilities listed above, as well as the abilities to adhere to company policies, exercise sound judgment, effectively manage stress and work safely and respectfully with others, exhibit trustworthiness, and safeguard business operations and company reputation. Pursuant to the California Fair Chance Act, Los Angeles County Fair Chance Ordinance for Employers, Fair Chance Initiative for Hiring Ordinance, and San Francisco Fair Chance Ordinance, we will consider for employment qualified applicants with arrest and conviction records.
"
Policy Director - AI Governance,Americans for Responsible Innovation,"Washington, DC • via BeBee",2025-01-08T19:46:33.877998,"This role requires expertise in AI and/or technology policy, ability to work effectively with stakeholders, and extensive experience producing original research and analysis","This role requires expertise in AI and/or technology policy, ability to work effectively with stakeholders, and extensive experience producing original research and analysis","This role requires expertise in AI and/or technology policy, ability to work effectively with stakeholders, and extensive experience producing original research and analysis","This role requires expertise in AI and/or technology policy, ability to work effectively with stakeholders, and extensive experience producing original research and analysis",,,,,"Company Overview

Americans for Responsible Innovation (ARI) is a nonprofit organization dedicated to establishing a thoughtful governance framework for artificial intelligence technology. We believe in protecting the public from harm while fostering innovation, taking a bipartisan approach to build coalitions across the political spectrum.
About the Role

We are seeking a Director of Policy to jo
in our growing organization. The successful candidate will lead research and analysis for specific issue areas related to AI policy, support the development and execution of ARI's policy strategy, and generate original research. This role requires expertise in AI and/or technology policy, ability to work effectively with stakeholders, and extensive experience producing original research and analysis.
"
"Artificial Intelligence Governance Lead, Senior Advisor",Cardinal Health,"Montpelier, VT • via Jooble",2025-01-08T19:46:44.602575,"Applies advanced knowledge and understanding of concepts, principles, and technical capabilities related to AI including Generative AI
Analyze complex data and unique outcomes/customers in the different Business Units and be able to build and drive a cohesive story around the value of AI at the enterprise level
The lead must be able to bring these siloed teams together to address AI risks holistically
Strong communication, facilitation and collaboration skills are essential
Applies advanced knowledge and understanding of concepts, principles, and technical capabilities to manage a wide variety of projects
Recommends new practices, processes, metrics, or models
Works on or may lead complex projects of large scope
Projects may have significant and long-term impact
Provides solutions which may set precedent
Independently determines method for completion of new projects
Acts as a mentor to less experienced colleagues
Strong grasp of how AI technologies work at a technical level and ability to explain complex AI concepts to both technical and non-technical stakeholders in simple terms. audience
Ability to establish and manage governance programs including aligning existing governance mechanisms, processes and operating models across the organization
And ability to influence leaders, secure buy-in, and manage the overall governance program effectively
Experience with organizational transformation through AI
Curiosity, flexibility, and enthusiasm for driving change
Agility and proactivity to stay on top of emerging trends and requirements as AI technologies and regulations evolve
_Candidates who are back-to-work, people with disabilities, without a college degree, and Veterans are encouraged to apply._","Applies advanced knowledge and understanding of concepts, principles, and technical capabilities related to AI including Generative AI; Analyze complex data and unique outcomes/customers in the different Business Units and be able to build and drive a cohesive story around the value of AI at the enterprise level; The lead must be able to bring these siloed teams together to address AI risks holistically; Strong communication, facilitation and collaboration skills are essential; Applies advanced knowledge and understanding of concepts, principles, and technical capabilities to manage a wide variety of projects; Recommends new practices, processes, metrics, or models; Works on or may lead complex projects of large scope; Projects may have significant and long-term impact; Provides solutions which may set precedent; Independently determines method for completion of new projects; Acts as a mentor to less experienced colleagues; Strong grasp of how AI technologies work at a technical level and ability to explain complex AI concepts to both technical and non-technical stakeholders in simple terms. audience; Ability to establish and manage governance programs including aligning existing governance mechanisms, processes and operating models across the organization; And ability to influence leaders, secure buy-in, and manage the overall governance program effectively; Experience with organizational transformation through AI; Curiosity, flexibility, and enthusiasm for driving change; Agility and proactivity to stay on top of emerging trends and requirements as AI technologies and regulations evolve; _Candidates who are back-to-work, people with disabilities, without a college degree, and Veterans are encouraged to apply._","Applies advanced knowledge and understanding of concepts, principles, and technical capabilities related to AI including Generative AI
Analyze complex data and unique outcomes/customers in the different Business Units and be able to build and drive a cohesive story around the value of AI at the enterprise level
The lead must be able to bring these siloed teams together to address AI risks holistically
Strong communication, facilitation and collaboration skills are essential
Applies advanced knowledge and understanding of concepts, principles, and technical capabilities to manage a wide variety of projects
Recommends new practices, processes, metrics, or models
Works on or may lead complex projects of large scope
Projects may have significant and long-term impact
Provides solutions which may set precedent
Independently determines method for completion of new projects
Acts as a mentor to less experienced colleagues
Strong grasp of how AI technologies work at a technical level and ability to explain complex AI concepts to both technical and non-technical stakeholders in simple terms. audience
Ability to establish and manage governance programs including aligning existing governance mechanisms, processes and operating models across the organization
And ability to influence leaders, secure buy-in, and manage the overall governance program effectively
Experience with organizational transformation through AI
Curiosity, flexibility, and enthusiasm for driving change
Agility and proactivity to stay on top of emerging trends and requirements as AI technologies and regulations evolve
_Candidates who are back-to-work, people with disabilities, without a college degree, and Veterans are encouraged to apply._","Applies advanced knowledge and understanding of concepts, principles, and technical capabilities related to AI including Generative AI; Analyze complex data and unique outcomes/customers in the different Business Units and be able to build and drive a cohesive story around the value of AI at the enterprise level; The lead must be able to bring these siloed teams together to address AI risks holistically; Strong communication, facilitation and collaboration skills are essential; Applies advanced knowledge and understanding of concepts, principles, and technical capabilities to manage a wide variety of projects; Recommends new practices, processes, metrics, or models; Works on or may lead complex projects of large scope; Projects may have significant and long-term impact; Provides solutions which may set precedent; Independently determines method for completion of new projects; Acts as a mentor to less experienced colleagues; Strong grasp of how AI technologies work at a technical level and ability to explain complex AI concepts to both technical and non-technical stakeholders in simple terms. audience; Ability to establish and manage governance programs including aligning existing governance mechanisms, processes and operating models across the organization; And ability to influence leaders, secure buy-in, and manage the overall governance program effectively; Experience with organizational transformation through AI; Curiosity, flexibility, and enthusiasm for driving change; Agility and proactivity to stay on top of emerging trends and requirements as AI technologies and regulations evolve; _Candidates who are back-to-work, people with disabilities, without a college degree, and Veterans are encouraged to apply._","$103,500-$147,900
*Bonus eligible:*
Cardinal Health offers a wide variety of benefits and programs to support health and well-being
Medical, dental and vision coverage
Paid time off plan
Health savings account (HSA)
401k savings plan
Access to wages before pay day with myFlexPay
Flexible spending accounts (FSAs)
Short- and long-term disability coverage
Work-Life resources
Paid parental leave
Healthy lifestyle programs
Pay at Cardinal Health is determined by multiple factors including, but not limited to, a candidates geographical location, relevant education, experience and skills and an evaluation of internal pay equity","$103,500-$147,900; *Bonus eligible:*; Cardinal Health offers a wide variety of benefits and programs to support health and well-being; Medical, dental and vision coverage; Paid time off plan; Health savings account (HSA); 401k savings plan; Access to wages before pay day with myFlexPay; Flexible spending accounts (FSAs); Short- and long-term disability coverage; Work-Life resources; Paid parental leave; Healthy lifestyle programs; Pay at Cardinal Health is determined by multiple factors including, but not limited to, a candidates geographical location, relevant education, experience and skills and an evaluation of internal pay equity","$103,500-$147,900
*Bonus eligible:*
Cardinal Health offers a wide variety of benefits and programs to support health and well-being
Medical, dental and vision coverage
Paid time off plan
Health savings account (HSA)
401k savings plan
Access to wages before pay day with myFlexPay
Flexible spending accounts (FSAs)
Short- and long-term disability coverage
Work-Life resources
Paid parental leave
Healthy lifestyle programs
Pay at Cardinal Health is determined by multiple factors including, but not limited to, a candidates geographical location, relevant education, experience and skills and an evaluation of internal pay equity","$103,500-$147,900; *Bonus eligible:*; Cardinal Health offers a wide variety of benefits and programs to support health and well-being; Medical, dental and vision coverage; Paid time off plan; Health savings account (HSA); 401k savings plan; Access to wages before pay day with myFlexPay; Flexible spending accounts (FSAs); Short- and long-term disability coverage; Work-Life resources; Paid parental leave; Healthy lifestyle programs; Pay at Cardinal Health is determined by multiple factors including, but not limited to, a candidates geographical location, relevant education, experience and skills and an evaluation of internal pay equity","At Cardinal Health's Artificial Intelligence Center of Excellence (AI CoE), we're focused on using technology to improve healthcare. Our commitment to innovation, design, and a product-centric approach helps us create solutions that make a real difference.

We're a team of passionate individuals who thrive in a culture of collaboration and continuous learning. We leverage cutting-edge technology a
nd data insights to solve complex problems, forge new business models, and create products that truly impact the lives of our customers.

As an AI governance lead and a key member of our AI CoE, you will play a pivotal role in driving this transformation. The Lead AI Governance is responsible for establishing and overseeing the implementation of AI governance policies, ensuring AI systems are developed and deployed in an ethical, fair, transparent, and accountable manner. This role involves collaborating with cross-functional teams to design and enforce AI governance frameworks that align with organizational goals and adhere to relevant regulations.
• *Responsibilities:**

+ Create and maintain an AI catalog that documents all AI initiatives, tools, models, and their respective governance statuses.

+ Develop and implement an ROI framework for evaluating the effectiveness and financial impact of AI projects across the organization.

+ Create Standard Operating Procedures (SOPs) for AI governance processes to ensure consistency and compliance in all AI-related activities. Change management to help drive newly defined processes forward across the organization.

+ Lead the creation and continuous improvement of internal AI governance policies and guidelines.

+ Oversee adherence to established AI policy guidelines and ethical standards throughout the organization.

+ Ensure AI initiatives comply with applicable legal and regulatory frameworks.

+ Provide expert advice on navigating risks related to data privacy and AI vulnerabilities.

+ Collaborate with teams managing AI-related risks to identify, evaluate, and mitigate potential hazards. Collaborate with internal experts in legal, IT, publishing, ethics, and security roles

+ Deploy ongoing monitoring mechanisms to maintain conformity with ethical standards across AI systems' operational span.

+ Manage the procedural aspects of AI governance to secure a methodical and replicable framework.

+ Advocate for transparency and accountability in the use of artificial intelligence.

+ Applies advanced knowledge and understanding of concepts, principles, and technical capabilities related to AI including Generative AI

+ Analyze complex data and unique outcomes/customers in the different Business Units and be able to build and drive a cohesive story around the value of AI at the enterprise level.

+ Understanding how the organization really functions, beyond just the formal structure, is critical. The lead will navigate organizational politics, culture, and informal networks to drive AI governance adoption. They need to know how decisions are made and how work gets done in practice.

+ Recommends new practices, processes, metrics, or models

+ Works on complex projects of large scope projects may have significant and long-term impact

+ Provides solutions which may set precedent

+ Multidisciplinary collaboration skills: AI governance requires input from diverse functions like data protection, risk, legal, security, and more. The lead must be able to bring these siloed teams together to address AI risks holistically. Strong communication, facilitation and collaboration skills are essential.
• *_What is expected of you and others at this level_**

+ Applies advanced knowledge and understanding of concepts, principles, and technical capabilities to manage a wide variety of projects

+ Participates in the development of policies and procedures to achieve specific goals

+ Recommends new practices, processes, metrics, or models

+ Works on or may lead complex projects of large scope

+ Projects may have significant and long-term impact

+ Provides solutions which may set precedent

+ Independently determines method for completion of new projects

+ Receives guidance on overall project objectives

+ Acts as a mentor to less experienced colleagues
• *Qualifications**

+ Bachelors degree in mathematics, Statistics, Engineering, Computer Science, other related field, or equivalent years of relevant work experience is preferred.

+ 8-12 years of experience, preferred

+ Strong grasp of how AI technologies work at a technical level and ability to explain complex AI concepts to both technical and non-technical stakeholders in simple terms. audience. .

+ Ability to establish and manage governance programs including aligning existing governance mechanisms, processes and operating models across the organization. And ability to influence leaders, secure buy-in, and manage the overall governance program effectively.

+ Experience with organizational transformation through AI.

+ Curiosity, flexibility, and enthusiasm for driving change.

+ Agility and proactivity to stay on top of emerging trends and requirements as AI technologies and regulations evolve.
• *Anticipated salary range:** $103,500-$147,900
• *Bonus eligible:** Yes
• *Benefits:** Cardinal Health offers a wide variety of benefits and programs to support health and well-being.

+ Medical, dental and vision coverage

+ Paid time off plan

+ Health savings account (HSA)

+ 401k savings plan

+ Access to wages before pay day with myFlexPay

+ Flexible spending accounts (FSAs)

+ Short- and long-term disability coverage

+ Work-Life resources

+ Paid parental leave

+ Healthy lifestyle programs
• *Application window anticipated to close:** 11/26/2024 *if interested in opportunity, please submit application as soon as possible.

The salary range listed is an estimate. Pay at Cardinal Health is determined by multiple factors including, but not limited to, a candidates geographical location, relevant education, experience and skills and an evaluation of internal pay equity.

#LI-Remote

_Candidates who are back-to-work, people with disabilities, without a college degree, and Veterans are encouraged to apply._

_Cardinal Health supports an inclusive workplace that values diversity of thought, experience and background. We celebrate the power of our differences to create better solutions for our customers by ensuring employees can be their authentic selves each day. Cardinal Health is an Equal_ _Opportunity/Affirmative_ _Action employer. All qualified applicants will receive consideration for employment without regard to race, religion, color, national origin, ancestry, age, physical or mental disability, sex, sexual orientation, gender identity/expression, pregnancy, veteran status, marital status, creed, status with regard to public assistance, genetic status or any other status protected by federal, state or local law._

_To read and review this privacy notice click_ here (
Cardinal Health
"
Generative AI Governance and Process Manager,Xerox,"Santa Fe, NM • via Xerox Jobs",2025-01-08T19:46:55.118720,"Press space or enter keys to toggle section visibility
Candidate must reside in EST time zone
Proven experience in governance, process management, or risk management, preferably within AI, emerging technologies, or IT
Strong background in developing and operationalizing frameworks and processes to manage complex, cross-functional initiatives
Experience with technology solutions that support governance, such as workflow tools, intake management systems, or AI platforms
Familiarity with data privacy, security, and compliance regulations related to AI and technology
Demonstrated ability to collaborate across business functions and drive alignment in complex organizations
Strong analytical and problem-solving skills, with a proactive approach to managing change
Process Excellence: Expertise in designing and managing efficient, scalable processes
Adaptability: Ability to evolve frameworks and tools in response to technological and organizational changes
Collaboration: Skilled at building synergies across teams and fostering a culture of shared accountability
Strategic Thinking: Proactive in anticipating risks and opportunities in governance and process management
Technology Savvy: Knowledge of governance tools and systems to support processes effectively","Press space or enter keys to toggle section visibility; Candidate must reside in EST time zone; Proven experience in governance, process management, or risk management, preferably within AI, emerging technologies, or IT; Strong background in developing and operationalizing frameworks and processes to manage complex, cross-functional initiatives; Experience with technology solutions that support governance, such as workflow tools, intake management systems, or AI platforms; Familiarity with data privacy, security, and compliance regulations related to AI and technology; Demonstrated ability to collaborate across business functions and drive alignment in complex organizations; Strong analytical and problem-solving skills, with a proactive approach to managing change; Process Excellence: Expertise in designing and managing efficient, scalable processes; Adaptability: Ability to evolve frameworks and tools in response to technological and organizational changes; Collaboration: Skilled at building synergies across teams and fostering a culture of shared accountability; Strategic Thinking: Proactive in anticipating risks and opportunities in governance and process management; Technology Savvy: Knowledge of governance tools and systems to support processes effectively","Press space or enter keys to toggle section visibility
Candidate must reside in EST time zone
Proven experience in governance, process management, or risk management, preferably within AI, emerging technologies, or IT
Strong background in developing and operationalizing frameworks and processes to manage complex, cross-functional initiatives
Experience with technology solutions that support governance, such as workflow tools, intake management systems, or AI platforms
Familiarity with data privacy, security, and compliance regulations related to AI and technology
Demonstrated ability to collaborate across business functions and drive alignment in complex organizations
Strong analytical and problem-solving skills, with a proactive approach to managing change
Process Excellence: Expertise in designing and managing efficient, scalable processes
Adaptability: Ability to evolve frameworks and tools in response to technological and organizational changes
Collaboration: Skilled at building synergies across teams and fostering a culture of shared accountability
Strategic Thinking: Proactive in anticipating risks and opportunities in governance and process management
Technology Savvy: Knowledge of governance tools and systems to support processes effectively","Press space or enter keys to toggle section visibility; Candidate must reside in EST time zone; Proven experience in governance, process management, or risk management, preferably within AI, emerging technologies, or IT; Strong background in developing and operationalizing frameworks and processes to manage complex, cross-functional initiatives; Experience with technology solutions that support governance, such as workflow tools, intake management systems, or AI platforms; Familiarity with data privacy, security, and compliance regulations related to AI and technology; Demonstrated ability to collaborate across business functions and drive alignment in complex organizations; Strong analytical and problem-solving skills, with a proactive approach to managing change; Process Excellence: Expertise in designing and managing efficient, scalable processes; Adaptability: Ability to evolve frameworks and tools in response to technological and organizational changes; Collaboration: Skilled at building synergies across teams and fostering a culture of shared accountability; Strategic Thinking: Proactive in anticipating risks and opportunities in governance and process management; Technology Savvy: Knowledge of governance tools and systems to support processes effectively","Annual Base Salary Minimum
Annual Base Salary Maximum
The range listed is just one component of Xerox’s total compensation package for employees",Annual Base Salary Minimum; Annual Base Salary Maximum; The range listed is just one component of Xerox’s total compensation package for employees,"Annual Base Salary Minimum
Annual Base Salary Maximum
The range listed is just one component of Xerox’s total compensation package for employees",Annual Base Salary Minimum; Annual Base Salary Maximum; The range listed is just one component of Xerox’s total compensation package for employees,"Generative AI Governance and Process Manager

General Information

Press space or enter keys to toggle section visibility

Country

United States

Department

IM BUSINESS OPERATIONS

Date

Monday, December 23, 2024

Working time

Full-time

Ref#

20034719

Job Level

Specialist

Job Type

Experienced

Job Field

IM BUSINESS OPERATIONS

Seniority Level

Mid-Senior Level

Currency

USD - United Stat
es - US

Annual Base Salary Minimum

89,340

Annual Base Salary Maximum

178,680

The salary range above represents the low and high end in the local currency of Xerox’s salary range for this position and is reflected in an annualized amount. Actual salaries will vary based on factors including, but not limited to, geographic location, market competition, and/or the successful applicant’s education, experience, knowledge, skills, and abilities. The range listed is just one component of Xerox’s total compensation package for employees. Employees are also afforded a comprehensive suite of benefits, to view those details please visit Xerox Careers for your applicable country. If you are not reviewing this job posting on Xerox Careers (https://xerox.avature.net/en_US/careers) , we cannot guarantee the validity of this posting. For a list of our current internal postings, please visit Xerox Careers (https://xerox.avature.net/en_US/careers) .

Description & Requirements

Press space or enter keys to toggle section visibility

About Xerox Holdings Corporation

For more than 100 years, Xerox has continually redefined the workplace experience. Harnessing our leadership position in office and production print technology, we’ve expanded into software and services to sustainably power today’s workforce. From the office to industrial environments, our differentiated business solutions and financial services are designed to make every day work better for clients — no matter where that work is being done. Today, Xerox scientists and engineers are continuing our legacy of innovation with disruptive technologies in digital transformation, augmented reality, robotic process automation, additive manufacturing, Industrial Internet of Things and cleantech. Learn more at www.xerox.com and explore our commitment to diversity and inclusion. (https://www.xerox.com/en-us/jobs/diversity)

About the Role:

The Generative AI Governance and Process Manager will be a key member of the Generative AI Center of Excellence (COE), responsible for designing, implementing, and continuously refining governance frameworks and operational processes for Generative AI technologies. This role ensures that AI initiatives across Xerox are streamlined, responsible, and aligned with business goals, while adapting to the rapid evolution of AI tools and technologies.

You will lead efforts to centralize intake through a unified channel, create synergies between internal business functions, and manage the technology solutions that support these processes. Your work will play a pivotal role in maintaining trust, efficiency, and compliance while enabling scalable Generative AI adoption across the organization.

Candidate must reside in EST time zone.

Key Responsibilities:
• Establish Governance Frameworks and Processes
• Design and implement a centralized governance framework to streamline Generative AI intake, reviews, and approvals.
• Develop clear, adaptable processes to evaluate and approve AI use cases, tools, and technologies.
• Align governance processes with organizational values, legal requirements, and industry best practices.
• Centralize and Streamline Intake and Reviews
• Build and manage a unified channel for Generative AI intake, ensuring consistency across business functions.
• Collaborate with stakeholders to align on review processes, minimizing redundancies and improving efficiency.
• Create a mechanism to prioritize and track Generative AI initiatives from submission through implementation.
• Technology Management and Process Support
• Identify and implement tools and platforms to support governance processes, including intake management, tracking, and reporting.
• Ensure that technology solutions evolve alongside governance needs to support scalable AI adoption.
• Partner with IT and external vendors to optimize tool configuration and integration with existing systems.
• Adapt Processes to Evolving Technologies
• Continuously evaluate and update governance frameworks and processes to keep pace with advancements in Generative AI.
• Monitor emerging risks, regulations, and technologies to proactively adjust governance strategies.
• Foster a culture of adaptability and innovation in governance practices.
• Collaboration and Synergy Building
• Work closely with internal business functions (Legal, Privacy, IT, Security, and others) to ensure alignment and eliminate silos in governance efforts.
• Act as the central point of contact for cross-functional teams, driving collaboration and shared accountability.
• Build relationships with external partners to stay informed on best practices and benchmarks.
• Metrics, Reporting, and Communication
• Develop metrics and dashboards to track the effectiveness of governance frameworks and processes.
• Provide regular updates to leadership on governance performance, risks, and improvements.
• Create clear and concise documentation for governance policies, processes, and roles.

Qualifications and Experience:
• Proven experience in governance, process management, or risk management, preferably within AI, emerging technologies, or IT.
• Strong background in developing and operationalizing frameworks and processes to manage complex, cross-functional initiatives.
• Experience with technology solutions that support governance, such as workflow tools, intake management systems, or AI platforms.
• Familiarity with data privacy, security, and compliance regulations related to AI and technology.
• Demonstrated ability to collaborate across business functions and drive alignment in complex organizations.
• Strong analytical and problem-solving skills, with a proactive approach to managing change.
• Bachelor’s degree in a related field required; certifications in governance, risk, or project management are a plus.

Key Competencies:
• Process Excellence: Expertise in designing and managing efficient, scalable processes.
• Adaptability: Ability to evolve frameworks and tools in response to technological and organizational changes.
• Collaboration: Skilled at building synergies across teams and fostering a culture of shared accountability.
• Strategic Thinking: Proactive in anticipating risks and opportunities in governance and process management.
• Technology Savvy: Knowledge of governance tools and systems to support processes effectively.

#LI-LL1

#LI-REMOTE

Xerox is an Equal Opportunity Employer and considers applicants for all positions without regard to race, color, creed, religion, ancestry, national origin, age, gender identity, sex, marital status, sexual orientation, physical or mental disability, use of a guide dog or service animal, military/veteran status, citizenship status, basis of genetic information, or any other group protected by law. Learn more at www.xerox.com and explore our commitment to diversity and inclusion: https://www.xerox.com/en-us/jobs/diversity People with disabilities who need a reasonable accommodation to apply or compete for employment with Xerox may request such accommodation(s) by sending an e-mail to XeroxStaffingAdminCenter@xerox.com. Be sure to include your name, the job you are interested in, and the accommodation you are seeking.
"
CCB AI Governance Lead,JPMorgan Chase,"Columbus, OH • via Teal",2025-01-08T19:47:05.687086,"10+ years in Governance, Audit, Controls or Data Science with proven Leadership experience
Bachelor's or Master's degree in Data Science, Math or a related quantitative field
Expertise across the AI/ML lifecycle, including data discovery, processing, solution development, deployment, risk and controls, and ongoing monitoring
Highly motivated individual with advanced skill sets in strategy, problem-solving, and execution
Excellent managerial skills with the ability to design and influence across multiple leadership and cross-functional teams
Leadership role in AI/ML Audit, Exam, and Regulatory requests
Proven experience in AI/ML Governance, Risk & Control Management with a strong understanding of AI/ML technologies
Proven experience leading and collaborating across Business, Technology, Compliance, and Controls functions
Professional certification in AI/ML, Data Science or related field
Advanced knowledge of Firmwide AI/ML & Estimation Policy, Standards, Risk and Controls in consumer and retail banking
In-depth knowledge of AI/ML regulatory requirements and ethical considerations, data, and security
Familiarity with MLOps principles and the MDLC lifecycle
Experience in AI/ML solution development, including LLM and GenAI
Experience with AI/ML tools and cloud platforms (e.g., Py Torch, AWS, Azure, TensorFlow, Python, Google Cloud)
Working knowledge of AI/ML industry trends, vendor ecosystem, and related political, ethical, and socio-economic risks","10+ years in Governance, Audit, Controls or Data Science with proven Leadership experience; Bachelor's or Master's degree in Data Science, Math or a related quantitative field; Expertise across the AI/ML lifecycle, including data discovery, processing, solution development, deployment, risk and controls, and ongoing monitoring; Highly motivated individual with advanced skill sets in strategy, problem-solving, and execution; Excellent managerial skills with the ability to design and influence across multiple leadership and cross-functional teams; Leadership role in AI/ML Audit, Exam, and Regulatory requests; Proven experience in AI/ML Governance, Risk & Control Management with a strong understanding of AI/ML technologies; Proven experience leading and collaborating across Business, Technology, Compliance, and Controls functions; Professional certification in AI/ML, Data Science or related field; Advanced knowledge of Firmwide AI/ML & Estimation Policy, Standards, Risk and Controls in consumer and retail banking; In-depth knowledge of AI/ML regulatory requirements and ethical considerations, data, and security; Familiarity with MLOps principles and the MDLC lifecycle; Experience in AI/ML solution development, including LLM and GenAI; Experience with AI/ML tools and cloud platforms (e.g., Py Torch, AWS, Azure, TensorFlow, Python, Google Cloud); Working knowledge of AI/ML industry trends, vendor ecosystem, and related political, ethical, and socio-economic risks","10+ years in Governance, Audit, Controls or Data Science with proven Leadership experience
Bachelor's or Master's degree in Data Science, Math or a related quantitative field
Expertise across the AI/ML lifecycle, including data discovery, processing, solution development, deployment, risk and controls, and ongoing monitoring
Highly motivated individual with advanced skill sets in strategy, problem-solving, and execution
Excellent managerial skills with the ability to design and influence across multiple leadership and cross-functional teams
Leadership role in AI/ML Audit, Exam, and Regulatory requests
Proven experience in AI/ML Governance, Risk & Control Management with a strong understanding of AI/ML technologies
Proven experience leading and collaborating across Business, Technology, Compliance, and Controls functions
Professional certification in AI/ML, Data Science or related field
Advanced knowledge of Firmwide AI/ML & Estimation Policy, Standards, Risk and Controls in consumer and retail banking
In-depth knowledge of AI/ML regulatory requirements and ethical considerations, data, and security
Familiarity with MLOps principles and the MDLC lifecycle
Experience in AI/ML solution development, including LLM and GenAI
Experience with AI/ML tools and cloud platforms (e.g., Py Torch, AWS, Azure, TensorFlow, Python, Google Cloud)
Working knowledge of AI/ML industry trends, vendor ecosystem, and related political, ethical, and socio-economic risks","10+ years in Governance, Audit, Controls or Data Science with proven Leadership experience; Bachelor's or Master's degree in Data Science, Math or a related quantitative field; Expertise across the AI/ML lifecycle, including data discovery, processing, solution development, deployment, risk and controls, and ongoing monitoring; Highly motivated individual with advanced skill sets in strategy, problem-solving, and execution; Excellent managerial skills with the ability to design and influence across multiple leadership and cross-functional teams; Leadership role in AI/ML Audit, Exam, and Regulatory requests; Proven experience in AI/ML Governance, Risk & Control Management with a strong understanding of AI/ML technologies; Proven experience leading and collaborating across Business, Technology, Compliance, and Controls functions; Professional certification in AI/ML, Data Science or related field; Advanced knowledge of Firmwide AI/ML & Estimation Policy, Standards, Risk and Controls in consumer and retail banking; In-depth knowledge of AI/ML regulatory requirements and ethical considerations, data, and security; Familiarity with MLOps principles and the MDLC lifecycle; Experience in AI/ML solution development, including LLM and GenAI; Experience with AI/ML tools and cloud platforms (e.g., Py Torch, AWS, Azure, TensorFlow, Python, Google Cloud); Working knowledge of AI/ML industry trends, vendor ecosystem, and related political, ethical, and socio-economic risks","Comprehensive health care coverage
On-site health and wellness centers
Retirement savings plan
Backup childcare
Tuition reimbursement
Mental health support
Financial coaching",Comprehensive health care coverage; On-site health and wellness centers; Retirement savings plan; Backup childcare; Tuition reimbursement; Mental health support; Financial coaching,"Comprehensive health care coverage
On-site health and wellness centers
Retirement savings plan
Backup childcare
Tuition reimbursement
Mental health support
Financial coaching",Comprehensive health care coverage; On-site health and wellness centers; Retirement savings plan; Backup childcare; Tuition reimbursement; Mental health support; Financial coaching,"About the position

The AI/ML Governance Lead at J.P. Morgan Chase (JPMC) is responsible for overseeing the governance of AI/ML initiatives within the Consumer and Community Banking (CCB) sector. This role involves establishing a comprehensive governance framework, coordinating with various stakeholders, and ensuring compliance with regulatory requirements while fostering a culture of responsible
AI/ML adoption. The position plays a crucial role in aligning AI/ML practices with the firm's standards and mitigating risks associated with AI/ML technologies.

Responsibilities
• Represent CCB in AI/ML Forums and Committees, providing key input on AIOG initiatives.
,
• Lead and build a comprehensive Governance Framework for AI/ML.
,
• Oversee a team responsible for AI/ML governance activities including Inventory Monitoring and Analytical Tool Documentation.
,
• Establish a cross-functional AI/ML Community of Practice to ensure alignment with Governance policies.
,
• Provide support for Audit, CCOR, and Supervisory requests, inquiries, and assessments.
,
• Ensure readiness and risk assessment support for Large Language Models (LLM) and Generative AI (GenAI).
,
• Engage with FW AIOG and LOB Product Office to enhance execution and adherence to AI/ML MDLC processes.
,
• Identify industry trends, emerging technologies, and regulatory changes impacting CCB's AI/ML Governance.

Requirements
• 10+ years in Governance, Audit, Controls or Data Science with proven Leadership experience.
,
• Bachelor's or Master's degree in Data Science, Math or a related quantitative field.
,
• Expertise across the AI/ML lifecycle, including data discovery, processing, solution development, deployment, risk and controls, and ongoing monitoring.
,
• Highly motivated individual with advanced skill sets in strategy, problem-solving, and execution.
,
• Excellent managerial skills with the ability to design and influence across multiple leadership and cross-functional teams.
,
• Leadership role in AI/ML Audit, Exam, and Regulatory requests.
,
• Proven experience in AI/ML Governance, Risk & Control Management with a strong understanding of AI/ML technologies.
,
• Proven experience leading and collaborating across Business, Technology, Compliance, and Controls functions.

Nice-to-haves
• Professional certification in AI/ML, Data Science or related field.
,
• Advanced knowledge of Firmwide AI/ML & Estimation Policy, Standards, Risk and Controls in consumer and retail banking.
,
• In-depth knowledge of AI/ML regulatory requirements and ethical considerations, data, and security.
,
• Familiarity with MLOps principles and the MDLC lifecycle.
,
• Experience in AI/ML solution development, including LLM and GenAI.
,
• Experience with AI/ML tools and cloud platforms (e.g., Py Torch, AWS, Azure, TensorFlow, Python, Google Cloud).
,
• Working knowledge of AI/ML industry trends, vendor ecosystem, and related political, ethical, and socio-economic risks.

Benefits
• Comprehensive health care coverage
,
• On-site health and wellness centers
,
• Retirement savings plan
,
• Backup childcare
,
• Tuition reimbursement
,
• Mental health support
,
• Financial coaching
"
AI Governance Leader,Mission Lane,"Richmond, VA • via BeBee",2025-01-08T19:47:15.553697,"You'll thrive in this position if you have an engineering mindset, enjoy coding, and have experience working in regulated environments
You should be able to review code and script tasks to automate them
You should have created and applied statistical, econometric, or machine learning models
You should be skilled at performing model validations, reviews, and assessing risk
You should have great collaboration and organizational skills to grow partnerships with our sponsor banks, legal team, modelers, and business owners","You'll thrive in this position if you have an engineering mindset, enjoy coding, and have experience working in regulated environments; You should be able to review code and script tasks to automate them; You should have created and applied statistical, econometric, or machine learning models; You should be skilled at performing model validations, reviews, and assessing risk; You should have great collaboration and organizational skills to grow partnerships with our sponsor banks, legal team, modelers, and business owners","You'll thrive in this position if you have an engineering mindset, enjoy coding, and have experience working in regulated environments
You should be able to review code and script tasks to automate them
You should have created and applied statistical, econometric, or machine learning models
You should be skilled at performing model validations, reviews, and assessing risk
You should have great collaboration and organizational skills to grow partnerships with our sponsor banks, legal team, modelers, and business owners","You'll thrive in this position if you have an engineering mindset, enjoy coding, and have experience working in regulated environments; You should be able to review code and script tasks to automate them; You should have created and applied statistical, econometric, or machine learning models; You should be skilled at performing model validations, reviews, and assessing risk; You should have great collaboration and organizational skills to grow partnerships with our sponsor banks, legal team, modelers, and business owners","A humble, hungry, and smart team committed to solving practical problems together
The chance to work at a company where machine learning is integral to both our day-to-day operation and executive team's strategic vision
Flexible work hours and location
A team that values learning and approaches work with a growth mindset
A competitive salary ($194,000 - $204,000), equity, generous parental leave policy, and full benefits package","A humble, hungry, and smart team committed to solving practical problems together; The chance to work at a company where machine learning is integral to both our day-to-day operation and executive team's strategic vision; Flexible work hours and location; A team that values learning and approaches work with a growth mindset; A competitive salary ($194,000 - $204,000), equity, generous parental leave policy, and full benefits package","A humble, hungry, and smart team committed to solving practical problems together
The chance to work at a company where machine learning is integral to both our day-to-day operation and executive team's strategic vision
Flexible work hours and location
A team that values learning and approaches work with a growth mindset
A competitive salary ($194,000 - $204,000), equity, generous parental leave policy, and full benefits package","A humble, hungry, and smart team committed to solving practical problems together; The chance to work at a company where machine learning is integral to both our day-to-day operation and executive team's strategic vision; Flexible work hours and location; A team that values learning and approaches work with a growth mindset; A competitive salary ($194,000 - $204,000), equity, generous parental leave policy, and full benefits package","About Mission Lane

Mission Lane is a fintech company revolutionizing access to credit, paving the way for millions of Americans to achieve financial success. Our mission is to redefine consumer credit for the better by attracting top-tier talent and leveraging cutting-edge technology.

We're seeking an experienced AI Governance Leader to lead our Model Risk Management strategy and day-to-day oper
ations. As a key member of our Risk Management team, you'll be responsible for managing models and ensuring they meet our high standards.
Job Description

This (remote) role involves leading Mission Lane's Model Risk Management strategy, emerging trends in AI regulation, and machine learning research. You'll thrive in this position if you have an engineering mindset, enjoy coding, and have experience working in regulated environments.
• You should be able to review code and script tasks to automate them.
• You should have created and applied statistical, econometric, or machine learning models.
• You should be skilled at performing model validations, reviews, and assessing risk.
• You should have great collaboration and organizational skills to grow partnerships with our sponsor banks, legal team, modelers, and business owners.

We offer:
• A humble, hungry, and smart team committed to solving practical problems together.
• The chance to work at a company where machine learning is integral to both our day-to-day operation and executive team's strategic vision.
• Flexible work hours and location.
• A team that values learning and approaches work with a growth mindset.
• A competitive salary ($194,000 - $204,000), equity, generous parental leave policy, and full benefits package.
"
"Director of Public Policy (WA), Office of Responsible AI",MICROSOFT,"Redmond, WA • via Adzuna",2025-01-08T19:47:22.755675,,,,,,,,,"Microsoft has an immediate opening for a Director of Public Policy to lead our public policy workstream in the Office of Responsible AI. Microsoft is committed to ensuring that we develop and deploy our AI technologies in ways that uphold our AI principles and warrant people’s trust. The Office of Responsible AI plays a leading role in this effort as part of Microsoft’s Corporate, External, and Le
gal Affairs (CELA) team. With a cross-company mandate, we establish internal policy to enact our responsible AI commitments, support the rollout of our responsible AI program, enable our community of Responsible AI Champs, manage the company’s governance system, and guide high impact engineering and customer projects. We also help to contribute to the conversation about the new laws, norms, and standards needed to advance responsible AI for the benefit of society at large. Responsibilities: Lead of Public Policy Workstream. Reporting to Microsoft’s Chief Responsible AI Officer, the Director of Public Policy will lead a high-performing team responsible for the company’s public policy workstream. The workstream is focused on designing and building the next generation of public policy positions and frameworks to ensure that effective regulatory guardrails are in place to secure the beneficial use of AI technologies. By combining your in-depth understanding of AI technologies and their sociotechnical implications with your knowledge of regulatory frameworks and public policy levers, you and your team will help Microsoft develop evidence-based positions that support the establishment of effective policy interventions, Collaborations with Research, Engineering, and Internal Policy Colleagues. Our responsible AI ecosystem at Microsoft combines policy and governance expertise with a commitment to research-led approaches that are engineered into the AI systems that we build. As such, our public policy work requires close coordination with our colleagues in Aether who provide scientific foresight on emerging issues and subject matter expertise on each of our AI principles. The Director of Public Policy will also work closely with our engineering teams to assess the impact of different policy positions and regulatory proposals and provide insight into emerging regulatory trends and developments to inform their planning cycles. Finally, you will collaborate closely with colleagues in the Office of Responsible AI’s Internal Policy team to bring insights from our internal policy development to the dialog on effective public policy measures and ensure that our internal practices are informed by emerging regulatory trends and developments, Collaborations with External Stakeholders. The development and adoption of effective public policy measures requires deep collaboration with stakeholders external to Microsoft, including representatives of civil society, academia, government, and industry. The Director of Public Policy builds and maintains strong, ongoing relationships with external stakeholders and proactively identifies opportunities to collaborate on effective regulatory safeguards, Trend Analysis and Coordination with Global Government Affairs Teams.  Working in close partnership with our Global Government Affairs teams around the world, the Director of Public Policy will ensure that public policy trends across geographies are identified in a timely way to help inform the Office of Responsible AI’s planning and prioritization processes. Leveraging the infrastructure maintained by our central coordination teams, you and your team will develop materials and training to equip and empower our Global Government Affairs colleagues in their local policy advocacy on responsible AI issues, Advocacy. The Director of Public Policy will be called upon to represent Microsoft externally on a range of issues at the intersection of responsible AI and regulation, which include participation in targeted working groups and initiatives. The successful candidate will spend time speaking in public fora. You will also be expected to contribute to publications, blogs, and whitepapers, People Management. The Director of Public Policy is an exemplary leader, who embodies our culture and values and delivers success through modeling, coaching, and caring. You have a track record of high ethical standards, unquestione integrity, and a steadfast commitment to advancing the company’s diversity and inclusion commitments. Required Qualifications: Bachelor's Degree in Public Policy, Public Administration, Law or a related field AND 4+ years’ experience of working in technology, highly-regulated fields such as finance or healthcare, or government on the development of new regulatory concepts and public policy positions to address complex and rapidly evolving issues at the intersection of technology, law, ethics, and society, OR 6+ years’ experience of working in technology, highly-regulated fields such as finance or healthcare, or government on the development of new regulatory concepts and public policy positions to address complex and rapidly evolving issues at the intersection of technology, law, ethics, and society; At least 3 years of people or team management experience with a track record of delivering success through empowerment and accountability by modeling, coaching, and caring. Additional Qualifications: Responsible AI Experience. Experience in the domain of responsible AI is valued highly Applicants should have a demonstrated ability to identify existing and emerging sociotechnical issues in the development and deployment of AI technologies and be able to design effective public policy strategies to address them, Regulatory Experience. Experience in crafting regulatory responses for new and emerging domains is valued highly. A deep knowledge of regulatory frameworks and public policy levers around the globe will be critical to success in this role, Stakeholder Engagement A proven track record of being able to engage and influence a variety of stakeholders, both within and outside Microsoft. Applicants should have a desire to work in a highly interdisciplinary environment that includes researchers and practitioners from computer science, statistics, social sciences, humanities, and other fields. At least 3 years of experience working in or with a large, matrixed organization, Communication Skills: Highly developed written and oral communication skills. Proven experience as an external presenter. Must be able to proactively advance company positions through high impact engagement in small and/or large group settings, Collaboration A strong record of being an effective team player dedicated to collective successes. The ability to promote cooperation and solve problems in a timely, creative, and professional manner, Agility The ability to navigate ambiguity and adapt to rapidly changing environments and demands, Growth Mindset: A strong record of experimentation, learning from both successes and failures.
"
Generative AI Governance and Process Manager,Xerox,"Helena, MT • via Montana Veteran Jobs",2025-01-08T19:47:33.052604,"Press space or enter keys to toggle section visibility
Candidate must reside in EST time zone
Proven experience in governance, process management, or risk management, preferably within AI, emerging technologies, or IT
Strong background in developing and operationalizing frameworks and processes to manage complex, cross-functional initiatives
Experience with technology solutions that support governance, such as workflow tools, intake management systems, or AI platforms
Familiarity with data privacy, security, and compliance regulations related to AI and technology
Demonstrated ability to collaborate across business functions and drive alignment in complex organizations
Strong analytical and problem-solving skills, with a proactive approach to managing change
Process Excellence: Expertise in designing and managing efficient, scalable processes
Adaptability: Ability to evolve frameworks and tools in response to technological and organizational changes
Collaboration: Skilled at building synergies across teams and fostering a culture of shared accountability
Strategic Thinking: Proactive in anticipating risks and opportunities in governance and process management
Technology Savvy: Knowledge of governance tools and systems to support processes effectively","Press space or enter keys to toggle section visibility; Candidate must reside in EST time zone; Proven experience in governance, process management, or risk management, preferably within AI, emerging technologies, or IT; Strong background in developing and operationalizing frameworks and processes to manage complex, cross-functional initiatives; Experience with technology solutions that support governance, such as workflow tools, intake management systems, or AI platforms; Familiarity with data privacy, security, and compliance regulations related to AI and technology; Demonstrated ability to collaborate across business functions and drive alignment in complex organizations; Strong analytical and problem-solving skills, with a proactive approach to managing change; Process Excellence: Expertise in designing and managing efficient, scalable processes; Adaptability: Ability to evolve frameworks and tools in response to technological and organizational changes; Collaboration: Skilled at building synergies across teams and fostering a culture of shared accountability; Strategic Thinking: Proactive in anticipating risks and opportunities in governance and process management; Technology Savvy: Knowledge of governance tools and systems to support processes effectively","Press space or enter keys to toggle section visibility
Candidate must reside in EST time zone
Proven experience in governance, process management, or risk management, preferably within AI, emerging technologies, or IT
Strong background in developing and operationalizing frameworks and processes to manage complex, cross-functional initiatives
Experience with technology solutions that support governance, such as workflow tools, intake management systems, or AI platforms
Familiarity with data privacy, security, and compliance regulations related to AI and technology
Demonstrated ability to collaborate across business functions and drive alignment in complex organizations
Strong analytical and problem-solving skills, with a proactive approach to managing change
Process Excellence: Expertise in designing and managing efficient, scalable processes
Adaptability: Ability to evolve frameworks and tools in response to technological and organizational changes
Collaboration: Skilled at building synergies across teams and fostering a culture of shared accountability
Strategic Thinking: Proactive in anticipating risks and opportunities in governance and process management
Technology Savvy: Knowledge of governance tools and systems to support processes effectively","Press space or enter keys to toggle section visibility; Candidate must reside in EST time zone; Proven experience in governance, process management, or risk management, preferably within AI, emerging technologies, or IT; Strong background in developing and operationalizing frameworks and processes to manage complex, cross-functional initiatives; Experience with technology solutions that support governance, such as workflow tools, intake management systems, or AI platforms; Familiarity with data privacy, security, and compliance regulations related to AI and technology; Demonstrated ability to collaborate across business functions and drive alignment in complex organizations; Strong analytical and problem-solving skills, with a proactive approach to managing change; Process Excellence: Expertise in designing and managing efficient, scalable processes; Adaptability: Ability to evolve frameworks and tools in response to technological and organizational changes; Collaboration: Skilled at building synergies across teams and fostering a culture of shared accountability; Strategic Thinking: Proactive in anticipating risks and opportunities in governance and process management; Technology Savvy: Knowledge of governance tools and systems to support processes effectively","Annual Base Salary Minimum
Annual Base Salary Maximum
The range listed is just one component of Xerox’s total compensation package for employees",Annual Base Salary Minimum; Annual Base Salary Maximum; The range listed is just one component of Xerox’s total compensation package for employees,"Annual Base Salary Minimum
Annual Base Salary Maximum
The range listed is just one component of Xerox’s total compensation package for employees",Annual Base Salary Minimum; Annual Base Salary Maximum; The range listed is just one component of Xerox’s total compensation package for employees,"Generative AI Governance and Process Manager

General Information

Press space or enter keys to toggle section visibility

Country

United States

Department

IM BUSINESS OPERATIONS

Date

Monday, December 23, 2024

Working time

Full-time

Ref#

20034719

Job Level

Specialist

Job Type

Experienced

Job Field

IM BUSINESS OPERATIONS

Seniority Level

Mid-Senior Level

Currency

USD - United Stat
es - US

Annual Base Salary Minimum

89,340

Annual Base Salary Maximum

178,680

The salary range above represents the low and high end in the local currency of Xerox’s salary range for this position and is reflected in an annualized amount. Actual salaries will vary based on factors including, but not limited to, geographic location, market competition, and/or the successful applicant’s education, experience, knowledge, skills, and abilities. The range listed is just one component of Xerox’s total compensation package for employees. Employees are also afforded a comprehensive suite of benefits, to view those details please visit Xerox Careers for your applicable country. If you are not reviewing this job posting on Xerox Careers (https://xerox.avature.net/en_US/careers) , we cannot guarantee the validity of this posting. For a list of our current internal postings, please visit Xerox Careers (https://xerox.avature.net/en_US/careers) .

Description & Requirements

Press space or enter keys to toggle section visibility

About Xerox Holdings Corporation

For more than 100 years, Xerox has continually redefined the workplace experience. Harnessing our leadership position in office and production print technology, we’ve expanded into software and services to sustainably power today’s workforce. From the office to industrial environments, our differentiated business solutions and financial services are designed to make every day work better for clients — no matter where that work is being done. Today, Xerox scientists and engineers are continuing our legacy of innovation with disruptive technologies in digital transformation, augmented reality, robotic process automation, additive manufacturing, Industrial Internet of Things and cleantech. Learn more at www.xerox.com and explore our commitment to diversity and inclusion. (https://www.xerox.com/en-us/jobs/diversity)

About the Role:

The Generative AI Governance and Process Manager will be a key member of the Generative AI Center of Excellence (COE), responsible for designing, implementing, and continuously refining governance frameworks and operational processes for Generative AI technologies. This role ensures that AI initiatives across Xerox are streamlined, responsible, and aligned with business goals, while adapting to the rapid evolution of AI tools and technologies.

You will lead efforts to centralize intake through a unified channel, create synergies between internal business functions, and manage the technology solutions that support these processes. Your work will play a pivotal role in maintaining trust, efficiency, and compliance while enabling scalable Generative AI adoption across the organization.

Candidate must reside in EST time zone.

Key Responsibilities:
• Establish Governance Frameworks and Processes
• Design and implement a centralized governance framework to streamline Generative AI intake, reviews, and approvals.
• Develop clear, adaptable processes to evaluate and approve AI use cases, tools, and technologies.
• Align governance processes with organizational values, legal requirements, and industry best practices.
• Centralize and Streamline Intake and Reviews
• Build and manage a unified channel for Generative AI intake, ensuring consistency across business functions.
• Collaborate with stakeholders to align on review processes, minimizing redundancies and improving efficiency.
• Create a mechanism to prioritize and track Generative AI initiatives from submission through implementation.
• Technology Management and Process Support
• Identify and implement tools and platforms to support governance processes, including intake management, tracking, and reporting.
• Ensure that technology solutions evolve alongside governance needs to support scalable AI adoption.
• Partner with IT and external vendors to optimize tool configuration and integration with existing systems.
• Adapt Processes to Evolving Technologies
• Continuously evaluate and update governance frameworks and processes to keep pace with advancements in Generative AI.
• Monitor emerging risks, regulations, and technologies to proactively adjust governance strategies.
• Foster a culture of adaptability and innovation in governance practices.
• Collaboration and Synergy Building
• Work closely with internal business functions (Legal, Privacy, IT, Security, and others) to ensure alignment and eliminate silos in governance efforts.
• Act as the central point of contact for cross-functional teams, driving collaboration and shared accountability.
• Build relationships with external partners to stay informed on best practices and benchmarks.
• Metrics, Reporting, and Communication
• Develop metrics and dashboards to track the effectiveness of governance frameworks and processes.
• Provide regular updates to leadership on governance performance, risks, and improvements.
• Create clear and concise documentation for governance policies, processes, and roles.

Qualifications and Experience:
• Proven experience in governance, process management, or risk management, preferably within AI, emerging technologies, or IT.
• Strong background in developing and operationalizing frameworks and processes to manage complex, cross-functional initiatives.
• Experience with technology solutions that support governance, such as workflow tools, intake management systems, or AI platforms.
• Familiarity with data privacy, security, and compliance regulations related to AI and technology.
• Demonstrated ability to collaborate across business functions and drive alignment in complex organizations.
• Strong analytical and problem-solving skills, with a proactive approach to managing change.
• Bachelor’s degree in a related field required; certifications in governance, risk, or project management are a plus.

Key Competencies:
• Process Excellence: Expertise in designing and managing efficient, scalable processes.
• Adaptability: Ability to evolve frameworks and tools in response to technological and organizational changes.
• Collaboration: Skilled at building synergies across teams and fostering a culture of shared accountability.
• Strategic Thinking: Proactive in anticipating risks and opportunities in governance and process management.
• Technology Savvy: Knowledge of governance tools and systems to support processes effectively.

#LI-LL1

#LI-REMOTE

Xerox is an Equal Opportunity Employer and considers applicants for all positions without regard to race, color, creed, religion, ancestry, national origin, age, gender identity, sex, marital status, sexual orientation, physical or mental disability, use of a guide dog or service animal, military/veteran status, citizenship status, basis of genetic information, or any other group protected by law. Learn more at www.xerox.com and explore our commitment to diversity and inclusion: https://www.xerox.com/en-us/jobs/diversity People with disabilities who need a reasonable accommodation to apply or compete for employment with Xerox may request such accommodation(s) by sending an e-mail to XeroxStaffingAdminCenter@xerox.com. Be sure to include your name, the job you are interested in, and the accommodation you are seeking.
"
Sr AI & Info Governance Consultant,Southwest Airlines,"Dallas, TX • via Teal",2025-01-08T19:47:43.325775,"High School Diploma or GED required
Expert-level experience in consulting, program management, and cross-functional enterprise strategic projects
Advanced ability to exercise excellent judgment in handling, researching, and resolving complex program issues
Ability to design, implement, and manage complex programs
Ability to make decisions in an ambiguous environment
Strong communication skills with the ability to clearly articulate complex situations
Advanced ability to develop and foster relationships to effectively influence stakeholders across the enterprise
Expert skill in Microsoft Office Suite including Word, Excel, Outlook, and PowerPoint
Experience in AI Governance and Privacy frameworks
Familiarity with compliance requirements in information governance","High School Diploma or GED required; Expert-level experience in consulting, program management, and cross-functional enterprise strategic projects; Advanced ability to exercise excellent judgment in handling, researching, and resolving complex program issues; Ability to design, implement, and manage complex programs; Ability to make decisions in an ambiguous environment; Strong communication skills with the ability to clearly articulate complex situations; Advanced ability to develop and foster relationships to effectively influence stakeholders across the enterprise; Expert skill in Microsoft Office Suite including Word, Excel, Outlook, and PowerPoint; Experience in AI Governance and Privacy frameworks; Familiarity with compliance requirements in information governance","High School Diploma or GED required
Expert-level experience in consulting, program management, and cross-functional enterprise strategic projects
Advanced ability to exercise excellent judgment in handling, researching, and resolving complex program issues
Ability to design, implement, and manage complex programs
Ability to make decisions in an ambiguous environment
Strong communication skills with the ability to clearly articulate complex situations
Advanced ability to develop and foster relationships to effectively influence stakeholders across the enterprise
Expert skill in Microsoft Office Suite including Word, Excel, Outlook, and PowerPoint
Experience in AI Governance and Privacy frameworks
Familiarity with compliance requirements in information governance","High School Diploma or GED required; Expert-level experience in consulting, program management, and cross-functional enterprise strategic projects; Advanced ability to exercise excellent judgment in handling, researching, and resolving complex program issues; Ability to design, implement, and manage complex programs; Ability to make decisions in an ambiguous environment; Strong communication skills with the ability to clearly articulate complex situations; Advanced ability to develop and foster relationships to effectively influence stakeholders across the enterprise; Expert skill in Microsoft Office Suite including Word, Excel, Outlook, and PowerPoint; Experience in AI Governance and Privacy frameworks; Familiarity with compliance requirements in information governance","Fly for free on any open seat on all Southwest flights for employees and eligible dependents
Up to a 9.3% 401(k) Company match, dollar for dollar, of eligible pay per paycheck
Potential for annual Profit-sharing contribution toward retirement when Southwest profits","Fly for free on any open seat on all Southwest flights for employees and eligible dependents; Up to a 9.3% 401(k) Company match, dollar for dollar, of eligible pay per paycheck; Potential for annual Profit-sharing contribution toward retirement when Southwest profits","Fly for free on any open seat on all Southwest flights for employees and eligible dependents
Up to a 9.3% 401(k) Company match, dollar for dollar, of eligible pay per paycheck
Potential for annual Profit-sharing contribution toward retirement when Southwest profits","Fly for free on any open seat on all Southwest flights for employees and eligible dependents; Up to a 9.3% 401(k) Company match, dollar for dollar, of eligible pay per paycheck; Potential for annual Profit-sharing contribution toward retirement when Southwest profits","About the position

The Senior Artificial Intelligence (AI) and Information Governance Consultant is a pivotal role within the AI and Data Transformation Department at Southwest Airlines. This position is part of the Information Governance Team, which is tasked with establishing new capabilities in AI and Data Transformation. The consultant will be responsible for developing and executing strategi
es related to records, data, and information retention. This includes creating retention schedules, providing training opportunities, and implementing processes to effectively inventory, retain, or purge company records. The role requires collaboration with various stakeholders, including Legal, Tech Architecture, Data Governance, Integrated Data Foundation, People, and Marketing, to foster a culture of care and concern for securing enterprise-wide information while maximizing its value. As a detail-oriented problem solver, the Senior AI and Information Governance Consultant will execute comprehensive strategies that align with the company's goals and help pilot the future of Southwest Airlines. The position emphasizes the importance of a flexible workplace, encouraging collaboration and innovation through face-to-face interactions at the vibrant Corporate Campus in Dallas, TX. Employees are required to work onsite at least three days a week, with specific days designated by the department. This role is essential in building capabilities and governance around strategic programs such as AI Governance, Records and Information Management, and Privacy, ensuring that the organization effectively manages its information assets while complying with relevant regulations.

Responsibilities
• Build capabilities and governance around new and existing strategic programs, such as AI Governance, Records and Information Management, and Privacy.
,
• Lead overall development of the program's strategic roadmap and key initiatives, including building an enterprise data inventory and policy framework.
,
• Lead business processes to enable proactive identification of risks and compliance requirements early in business processes and technology implementation.
,
• Provide leadership and organization for the program council to set the overall direction for major policy decisions.
,
• Provide program management support to manage all aspects of the program, including forums, external resources, and subject matter experts.
,
• Ensure cross-functional collaboration with program stakeholders and organize the program team to drive decisions and progress across individual projects.
,
• Lead collaboration with Technology and Legal Departments to evaluate and implement software or tools for information, data, and record classification.
,
• Serve as a subject matter expert on areas of information governance, such as privacy, records and information, and artificial intelligence.

Requirements
• High School Diploma or GED required.
,
• Preferred: Records and Information Management or IG certifications.
,
• Preferred: Understanding of the Information Governance Reference Model (IGRM), eDiscovery Reference Model (EDRM), data governance principles, and AI frameworks (IAPP and NIST).
,
• Expert-level experience in consulting, program management, and cross-functional enterprise strategic projects.
,
• Advanced ability to exercise excellent judgment in handling, researching, and resolving complex program issues.
,
• Ability to design, implement, and manage complex programs.
,
• Ability to make decisions in an ambiguous environment.
,
• Strong communication skills with the ability to clearly articulate complex situations.
,
• Advanced ability to develop and foster relationships to effectively influence stakeholders across the enterprise.
,
• Expert skill in Microsoft Office Suite including Word, Excel, Outlook, and PowerPoint.

Nice-to-haves
• Experience in AI Governance and Privacy frameworks.
,
• Familiarity with compliance requirements in information governance.

Benefits
• Fly for free on any open seat on all Southwest flights for employees and eligible dependents.
,
• Up to a 9.3% 401(k) Company match, dollar for dollar, of eligible pay per paycheck.
,
• Potential for annual Profit-sharing contribution toward retirement when Southwest profits.
"
Generative AI Governance and Process Manager,Xerox,"Olympia, WA • via Xerox Jobs",2025-01-08T19:47:53.788792,"Press space or enter keys to toggle section visibility
Candidate must reside in EST time zone
Proven experience in governance, process management, or risk management, preferably within AI, emerging technologies, or IT
Strong background in developing and operationalizing frameworks and processes to manage complex, cross-functional initiatives
Experience with technology solutions that support governance, such as workflow tools, intake management systems, or AI platforms
Familiarity with data privacy, security, and compliance regulations related to AI and technology
Demonstrated ability to collaborate across business functions and drive alignment in complex organizations
Strong analytical and problem-solving skills, with a proactive approach to managing change
Process Excellence: Expertise in designing and managing efficient, scalable processes
Adaptability: Ability to evolve frameworks and tools in response to technological and organizational changes
Collaboration: Skilled at building synergies across teams and fostering a culture of shared accountability
Strategic Thinking: Proactive in anticipating risks and opportunities in governance and process management
Technology Savvy: Knowledge of governance tools and systems to support processes effectively","Press space or enter keys to toggle section visibility; Candidate must reside in EST time zone; Proven experience in governance, process management, or risk management, preferably within AI, emerging technologies, or IT; Strong background in developing and operationalizing frameworks and processes to manage complex, cross-functional initiatives; Experience with technology solutions that support governance, such as workflow tools, intake management systems, or AI platforms; Familiarity with data privacy, security, and compliance regulations related to AI and technology; Demonstrated ability to collaborate across business functions and drive alignment in complex organizations; Strong analytical and problem-solving skills, with a proactive approach to managing change; Process Excellence: Expertise in designing and managing efficient, scalable processes; Adaptability: Ability to evolve frameworks and tools in response to technological and organizational changes; Collaboration: Skilled at building synergies across teams and fostering a culture of shared accountability; Strategic Thinking: Proactive in anticipating risks and opportunities in governance and process management; Technology Savvy: Knowledge of governance tools and systems to support processes effectively","Press space or enter keys to toggle section visibility
Candidate must reside in EST time zone
Proven experience in governance, process management, or risk management, preferably within AI, emerging technologies, or IT
Strong background in developing and operationalizing frameworks and processes to manage complex, cross-functional initiatives
Experience with technology solutions that support governance, such as workflow tools, intake management systems, or AI platforms
Familiarity with data privacy, security, and compliance regulations related to AI and technology
Demonstrated ability to collaborate across business functions and drive alignment in complex organizations
Strong analytical and problem-solving skills, with a proactive approach to managing change
Process Excellence: Expertise in designing and managing efficient, scalable processes
Adaptability: Ability to evolve frameworks and tools in response to technological and organizational changes
Collaboration: Skilled at building synergies across teams and fostering a culture of shared accountability
Strategic Thinking: Proactive in anticipating risks and opportunities in governance and process management
Technology Savvy: Knowledge of governance tools and systems to support processes effectively","Press space or enter keys to toggle section visibility; Candidate must reside in EST time zone; Proven experience in governance, process management, or risk management, preferably within AI, emerging technologies, or IT; Strong background in developing and operationalizing frameworks and processes to manage complex, cross-functional initiatives; Experience with technology solutions that support governance, such as workflow tools, intake management systems, or AI platforms; Familiarity with data privacy, security, and compliance regulations related to AI and technology; Demonstrated ability to collaborate across business functions and drive alignment in complex organizations; Strong analytical and problem-solving skills, with a proactive approach to managing change; Process Excellence: Expertise in designing and managing efficient, scalable processes; Adaptability: Ability to evolve frameworks and tools in response to technological and organizational changes; Collaboration: Skilled at building synergies across teams and fostering a culture of shared accountability; Strategic Thinking: Proactive in anticipating risks and opportunities in governance and process management; Technology Savvy: Knowledge of governance tools and systems to support processes effectively","Annual Base Salary Minimum
Annual Base Salary Maximum
The range listed is just one component of Xerox’s total compensation package for employees",Annual Base Salary Minimum; Annual Base Salary Maximum; The range listed is just one component of Xerox’s total compensation package for employees,"Annual Base Salary Minimum
Annual Base Salary Maximum
The range listed is just one component of Xerox’s total compensation package for employees",Annual Base Salary Minimum; Annual Base Salary Maximum; The range listed is just one component of Xerox’s total compensation package for employees,"Generative AI Governance and Process Manager

General Information

Press space or enter keys to toggle section visibility

Country

United States

Department

IM BUSINESS OPERATIONS

Date

Monday, December 23, 2024

Working time

Full-time

Ref#

20034719

Job Level

Specialist

Job Type

Experienced

Job Field

IM BUSINESS OPERATIONS

Seniority Level

Mid-Senior Level

Currency

USD - United Stat
es - US

Annual Base Salary Minimum

89,340

Annual Base Salary Maximum

178,680

The salary range above represents the low and high end in the local currency of Xerox’s salary range for this position and is reflected in an annualized amount. Actual salaries will vary based on factors including, but not limited to, geographic location, market competition, and/or the successful applicant’s education, experience, knowledge, skills, and abilities. The range listed is just one component of Xerox’s total compensation package for employees. Employees are also afforded a comprehensive suite of benefits, to view those details please visit Xerox Careers for your applicable country. If you are not reviewing this job posting on Xerox Careers (https://xerox.avature.net/en_US/careers) , we cannot guarantee the validity of this posting. For a list of our current internal postings, please visit Xerox Careers (https://xerox.avature.net/en_US/careers) .

Description & Requirements

Press space or enter keys to toggle section visibility

About Xerox Holdings Corporation

For more than 100 years, Xerox has continually redefined the workplace experience. Harnessing our leadership position in office and production print technology, we’ve expanded into software and services to sustainably power today’s workforce. From the office to industrial environments, our differentiated business solutions and financial services are designed to make every day work better for clients — no matter where that work is being done. Today, Xerox scientists and engineers are continuing our legacy of innovation with disruptive technologies in digital transformation, augmented reality, robotic process automation, additive manufacturing, Industrial Internet of Things and cleantech. Learn more at www.xerox.com and explore our commitment to diversity and inclusion. (https://www.xerox.com/en-us/jobs/diversity)

About the Role:

The Generative AI Governance and Process Manager will be a key member of the Generative AI Center of Excellence (COE), responsible for designing, implementing, and continuously refining governance frameworks and operational processes for Generative AI technologies. This role ensures that AI initiatives across Xerox are streamlined, responsible, and aligned with business goals, while adapting to the rapid evolution of AI tools and technologies.

You will lead efforts to centralize intake through a unified channel, create synergies between internal business functions, and manage the technology solutions that support these processes. Your work will play a pivotal role in maintaining trust, efficiency, and compliance while enabling scalable Generative AI adoption across the organization.

Candidate must reside in EST time zone.

Key Responsibilities:
• Establish Governance Frameworks and Processes
• Design and implement a centralized governance framework to streamline Generative AI intake, reviews, and approvals.
• Develop clear, adaptable processes to evaluate and approve AI use cases, tools, and technologies.
• Align governance processes with organizational values, legal requirements, and industry best practices.
• Centralize and Streamline Intake and Reviews
• Build and manage a unified channel for Generative AI intake, ensuring consistency across business functions.
• Collaborate with stakeholders to align on review processes, minimizing redundancies and improving efficiency.
• Create a mechanism to prioritize and track Generative AI initiatives from submission through implementation.
• Technology Management and Process Support
• Identify and implement tools and platforms to support governance processes, including intake management, tracking, and reporting.
• Ensure that technology solutions evolve alongside governance needs to support scalable AI adoption.
• Partner with IT and external vendors to optimize tool configuration and integration with existing systems.
• Adapt Processes to Evolving Technologies
• Continuously evaluate and update governance frameworks and processes to keep pace with advancements in Generative AI.
• Monitor emerging risks, regulations, and technologies to proactively adjust governance strategies.
• Foster a culture of adaptability and innovation in governance practices.
• Collaboration and Synergy Building
• Work closely with internal business functions (Legal, Privacy, IT, Security, and others) to ensure alignment and eliminate silos in governance efforts.
• Act as the central point of contact for cross-functional teams, driving collaboration and shared accountability.
• Build relationships with external partners to stay informed on best practices and benchmarks.
• Metrics, Reporting, and Communication
• Develop metrics and dashboards to track the effectiveness of governance frameworks and processes.
• Provide regular updates to leadership on governance performance, risks, and improvements.
• Create clear and concise documentation for governance policies, processes, and roles.

Qualifications and Experience:
• Proven experience in governance, process management, or risk management, preferably within AI, emerging technologies, or IT.
• Strong background in developing and operationalizing frameworks and processes to manage complex, cross-functional initiatives.
• Experience with technology solutions that support governance, such as workflow tools, intake management systems, or AI platforms.
• Familiarity with data privacy, security, and compliance regulations related to AI and technology.
• Demonstrated ability to collaborate across business functions and drive alignment in complex organizations.
• Strong analytical and problem-solving skills, with a proactive approach to managing change.
• Bachelor’s degree in a related field required; certifications in governance, risk, or project management are a plus.

Key Competencies:
• Process Excellence: Expertise in designing and managing efficient, scalable processes.
• Adaptability: Ability to evolve frameworks and tools in response to technological and organizational changes.
• Collaboration: Skilled at building synergies across teams and fostering a culture of shared accountability.
• Strategic Thinking: Proactive in anticipating risks and opportunities in governance and process management.
• Technology Savvy: Knowledge of governance tools and systems to support processes effectively.

#LI-LL1

#LI-REMOTE

Xerox is an Equal Opportunity Employer and considers applicants for all positions without regard to race, color, creed, religion, ancestry, national origin, age, gender identity, sex, marital status, sexual orientation, physical or mental disability, use of a guide dog or service animal, military/veteran status, citizenship status, basis of genetic information, or any other group protected by law. Learn more at www.xerox.com and explore our commitment to diversity and inclusion: https://www.xerox.com/en-us/jobs/diversity People with disabilities who need a reasonable accommodation to apply or compete for employment with Xerox may request such accommodation(s) by sending an e-mail to XeroxStaffingAdminCenter@xerox.com. Be sure to include your name, the job you are interested in, and the accommodation you are seeking.
"
Data Protection &AI Governance Advisor,CAPCO,"Charlotte, NC • via Indeed",2025-01-08T19:48:03.817329,"We need your expertise to tackle challenges posed by automated decision-making, emerging US state privacy laws, and insurance industry-specific security and data protection considerations
7+ years of experience of AI governance frameworks (e.g., NIST AI RMF, OECD AI principles, ISO 23894, ISO 42001) and insurance industry standards such as NAIC Model Laws and state insurance regulations
Familiarity with operational privacy-by-design practices and their application to AI systems within regulated industries like insurance
Awareness of US state privacy laws, particularly those impacting the ""right to opt out"" of automated decision-making, and their implications for insurance products and services
Practical experience in implementing IT and Information Security initiatives with a focus on data protection in regulated environments
Strong project management skills with a collaborative and servant-leader mentality
Familiarity with cloud platforms (AWS, Azure, Google Cloud) and data management tools (e.g., BigID, Collibra, OneTrust)
Ability to synthesize technical and regulatory insights into actionable business strategies, particularly for insurance clients","We need your expertise to tackle challenges posed by automated decision-making, emerging US state privacy laws, and insurance industry-specific security and data protection considerations; 7+ years of experience of AI governance frameworks (e.g., NIST AI RMF, OECD AI principles, ISO 23894, ISO 42001) and insurance industry standards such as NAIC Model Laws and state insurance regulations; Familiarity with operational privacy-by-design practices and their application to AI systems within regulated industries like insurance; Awareness of US state privacy laws, particularly those impacting the ""right to opt out"" of automated decision-making, and their implications for insurance products and services; Practical experience in implementing IT and Information Security initiatives with a focus on data protection in regulated environments; Strong project management skills with a collaborative and servant-leader mentality; Familiarity with cloud platforms (AWS, Azure, Google Cloud) and data management tools (e.g., BigID, Collibra, OneTrust); Ability to synthesize technical and regulatory insights into actionable business strategies, particularly for insurance clients","We need your expertise to tackle challenges posed by automated decision-making, emerging US state privacy laws, and insurance industry-specific security and data protection considerations
7+ years of experience of AI governance frameworks (e.g., NIST AI RMF, OECD AI principles, ISO 23894, ISO 42001) and insurance industry standards such as NAIC Model Laws and state insurance regulations
Familiarity with operational privacy-by-design practices and their application to AI systems within regulated industries like insurance
Awareness of US state privacy laws, particularly those impacting the ""right to opt out"" of automated decision-making, and their implications for insurance products and services
Practical experience in implementing IT and Information Security initiatives with a focus on data protection in regulated environments
Strong project management skills with a collaborative and servant-leader mentality
Familiarity with cloud platforms (AWS, Azure, Google Cloud) and data management tools (e.g., BigID, Collibra, OneTrust)
Ability to synthesize technical and regulatory insights into actionable business strategies, particularly for insurance clients","We need your expertise to tackle challenges posed by automated decision-making, emerging US state privacy laws, and insurance industry-specific security and data protection considerations; 7+ years of experience of AI governance frameworks (e.g., NIST AI RMF, OECD AI principles, ISO 23894, ISO 42001) and insurance industry standards such as NAIC Model Laws and state insurance regulations; Familiarity with operational privacy-by-design practices and their application to AI systems within regulated industries like insurance; Awareness of US state privacy laws, particularly those impacting the ""right to opt out"" of automated decision-making, and their implications for insurance products and services; Practical experience in implementing IT and Information Security initiatives with a focus on data protection in regulated environments; Strong project management skills with a collaborative and servant-leader mentality; Familiarity with cloud platforms (AWS, Azure, Google Cloud) and data management tools (e.g., BigID, Collibra, OneTrust); Ability to synthesize technical and regulatory insights into actionable business strategies, particularly for insurance clients","We offer highly competitive benefits, including medical, dental and vision insurance, a 401(k) plan, tuition reimbursement, and a work culture focused on innovation and creation of lasting value for our clients and employees","We offer highly competitive benefits, including medical, dental and vision insurance, a 401(k) plan, tuition reimbursement, and a work culture focused on innovation and creation of lasting value for our clients and employees","We offer highly competitive benefits, including medical, dental and vision insurance, a 401(k) plan, tuition reimbursement, and a work culture focused on innovation and creation of lasting value for our clients and employees","We offer highly competitive benefits, including medical, dental and vision insurance, a 401(k) plan, tuition reimbursement, and a work culture focused on innovation and creation of lasting value for our clients and employees","About the team:

Our Data Practice helps clients transform every aspect of their business through cutting-edge strategies and innovation. We specialize in data protection and AI governance, uniquely integrating Security and Privacy (S&P) under Data and Analytics (D&A). Our holistic approach addresses the modern enterprise's needs for compliance, risk mitigation, and ethical innovation in AI system
s. With deep expertise in the financial services and insurance sectors, we collaborate across disciplines to deliver solutions aligned with clients' objectives, regulatory requirements, and industry standards like NIST, NAIC Model Laws, and state insurance regulations.

About the Job:

As a member of our Data Protection & AI Governance Team, you will work at the intersection of data protection, regulatory compliance, and the rapidly evolving field of AI [ethics and governance. From implementing privacy-by-design principles to advising on global and industry-specific regulatory frameworks like NIST AI RMF, OECD AI principles, ISO standards (ISO 23894, ISO 42001), and insurance-specific regulations, you'll contribute to building robust strategies that shape our clients' futures.

We need your expertise to tackle challenges posed by automated decision-making, emerging US state privacy laws, and insurance industry-specific security and data protection considerations. If you're passionate about protecting data, driving ethical AI, and delivering measurable business value, we want to hear from you.

What You’ll Get to Do:
• * Collaborate and Lead: Guide clients in defining and implementing data protection and AI governance strategies aligned with business objectives and regulatory requirements, including NAIC Model Laws and state insurance regulations.
• Regulatory Expertise: Monitor and interpret developments in global and industry-specific AI and data privacy regulations (e.g., US state privacy laws, CPRA, GDPR) and their implications on automated decision-making and insurance practices.
• Program Assessment: Identify risks and gaps in client programs, from sensitive data handling to AI governance, with a focus on addressing insurance-specific data protection and compliance needs.
• Framework Application: Leverage frameworks like NIST AI RMF, OECD principles, and ISO standards alongside insurance-specific security and privacy requirements to create comprehensive governance models.
• Process Design: Draft policies and workflows that integrate privacy-by-design principles into AI and data governance strategies while addressing unique considerations in the insurance sector.
• Technology Enablement: Collaborate with technical teams to design and implement solutions that automate and scale data protection and AI governance activities, ensuring alignment with insurance regulatory and security requirements.
• Thought Leadership: Develop and present insights on the evolving landscape of AI risk management, data privacy, and insurance regulations, supporting clients' journeys to compliance and innovation.

What You’ll Bring with You:
• 7+ years of experience of AI governance frameworks (e.g., NIST AI RMF, OECD AI principles, ISO 23894, ISO 42001) and insurance industry standards such as NAIC Model Laws and state insurance regulations.
• Familiarity with operational privacy-by-design practices and their application to AI systems within regulated industries like insurance.
• Awareness of US state privacy laws, particularly those impacting the ""right to opt out"" of automated decision-making, and their implications for insurance products and services.
• Practical experience in implementing IT and Information Security initiatives with a focus on data protection in regulated environments.
• Strong project management skills with a collaborative and servant-leader mentality.
• Familiarity with cloud platforms (AWS, Azure, Google Cloud) and data management tools (e.g., BigID, Collibra, OneTrust).
• Ability to synthesize technical and regulatory insights into actionable business strategies, particularly for insurance clients.
• Preferred certifications: CIPP, CIPM, CDPSE, CIPT, CISSP, or equivalent.

Why Capco?

A career at Capco is a chance to help reshape the competitive landscape in financial services. We launch new banks, transform existing ones, and help our clients navigate complex change. As consultants, we work on the front-end business design all the way through to technology implementation.

We are the largest Financial Services focused consultancy in the world, serving everyone from global banks to emerging FinTechs, from strategy through digital transformation, design, business consulting, data and analytics, cyber, cloud, technology architecture, and engineering.

Capco is a young and growing firm. We maintain an entrepreneurial spirit and growth mindset and have minimal bureaucracy. We have no internal silos that get in the way of your career opportunities or ability to focus on our clients and make a difference to the business. We offer the opportunity for everyone to learn rapidly, take on tough challenges, and get promoted quickly. We take pride in our creative, collaborative, diverse, and inclusive culture, where everyone can #BYAW.

We offer highly competitive benefits, including medical, dental and vision insurance, a 401(k) plan, tuition reimbursement, and a work culture focused on innovation and creation of lasting value for our clients and employees.

Ready to take the Next Step

If this sounds like you, we would love to hear from you. This is an opportunity to make a difference and contribute to a highly successful company with a significant growth trajectory.

#LI-AS

#LI-HYBRID
"
Lead AI Governance Specialist,TIAA,"Charlotte, NC • via Karkidi",2025-01-08T19:48:13.916677,"Bachelor's Degree Required
Physical Requirements: Sedentary Work
5 Years Experience in Technology or Financial Services
3 Years Experience within a Risk or Governance Role
Business Acumen, Business Analysis, Business Process Understanding, Change Management, Collaboration, Communication, Continuous Improvement Mindset, Data Analysis, Data-Driven Business Intelligence, Data Management, Data Visualization, Executive Presence, Influence, Project Management, Story Telling","Bachelor's Degree Required; Physical Requirements: Sedentary Work; 5 Years Experience in Technology or Financial Services; 3 Years Experience within a Risk or Governance Role; Business Acumen, Business Analysis, Business Process Understanding, Change Management, Collaboration, Communication, Continuous Improvement Mindset, Data Analysis, Data-Driven Business Intelligence, Data Management, Data Visualization, Executive Presence, Influence, Project Management, Story Telling","Bachelor's Degree Required
Physical Requirements: Sedentary Work
5 Years Experience in Technology or Financial Services
3 Years Experience within a Risk or Governance Role
Business Acumen, Business Analysis, Business Process Understanding, Change Management, Collaboration, Communication, Continuous Improvement Mindset, Data Analysis, Data-Driven Business Intelligence, Data Management, Data Visualization, Executive Presence, Influence, Project Management, Story Telling","Bachelor's Degree Required; Physical Requirements: Sedentary Work; 5 Years Experience in Technology or Financial Services; 3 Years Experience within a Risk or Governance Role; Business Acumen, Business Analysis, Business Process Understanding, Change Management, Collaboration, Communication, Continuous Improvement Mindset, Data Analysis, Data-Driven Business Intelligence, Data Management, Data Visualization, Executive Presence, Influence, Project Management, Story Telling","Base Pay Range: $97,500/yr
$149,200/yr
Actual base salary may vary based upon, but not limited to, relevant experience, time in role, base salary of internal peers, prior performance, business sector, and geographic location
In addition to base salary, the competitive compensation package may include, depending on the role, participation in an incentive program linked to performance (for example, annual discretionary incentive programs, non-annual sales incentive plans, or other non-annual incentive plans)","Base Pay Range: $97,500/yr; $149,200/yr; Actual base salary may vary based upon, but not limited to, relevant experience, time in role, base salary of internal peers, prior performance, business sector, and geographic location; In addition to base salary, the competitive compensation package may include, depending on the role, participation in an incentive program linked to performance (for example, annual discretionary incentive programs, non-annual sales incentive plans, or other non-annual incentive plans)","Base Pay Range: $97,500/yr
$149,200/yr
Actual base salary may vary based upon, but not limited to, relevant experience, time in role, base salary of internal peers, prior performance, business sector, and geographic location
In addition to base salary, the competitive compensation package may include, depending on the role, participation in an incentive program linked to performance (for example, annual discretionary incentive programs, non-annual sales incentive plans, or other non-annual incentive plans)","Base Pay Range: $97,500/yr; $149,200/yr; Actual base salary may vary based upon, but not limited to, relevant experience, time in role, base salary of internal peers, prior performance, business sector, and geographic location; In addition to base salary, the competitive compensation package may include, depending on the role, participation in an incentive program linked to performance (for example, annual discretionary incentive programs, non-annual sales incentive plans, or other non-annual incentive plans)","In this role, the Lead AI Governance Specialist will be responsible for participating in the design and deployment of the AI governance framework, including Responsible AI Policy, Standards, Standard Operating Procedures (SOPs), and guidelines. The individual will participate in the resolution of process gaps and design solutions to problems that prevent TIAA from enabling AI solutions at scale. T
he Senior AI Governance and Risk Specialist will play a key role in ensuring submitted use cases adhere to Responsible AI requirements and that necessary control partners are engaged to review.

Key Responsibilities and Duties
• Participate in development and implementation of AI governance framework.
• Participate in the design and implementation of controls to address AI risk
• Facilitate risk assessments for AI engagements to the Responsible use of AI capabilities.
• Collaborate with cross-functional teams to integrate AI governance principles in existing processes and procedures.
• Stay abreast of global AI governance trends, regulations, and best practices.
• Provide training, guidance, and communications to staff on AI governance matters.
• Maintain AI COE process and procedure documentation.

Educational Requirements
• Bachelor's Degree Required

Work Experience
• 5+ Years Required; 7+ Years Preferred

Physical Requirements
• Physical Requirements: Sedentary Work

Career Level

8IC

Required Qualifications:
• 5 Years Experience in Technology or Financial Services
• 3 Years Experience within a Risk or Governance Role

Preferred Qualifications:
• 7+ Years Experience in Financial Services or Technology
• Experience presenting to Stakeholder or Business Leaders to foster collaboration and influence decision making
• Microsoft Office Skills
• Industry Certifications Preferred, such as: CISSP or CISA

Related Skills

Business Acumen, Business Analysis, Business Process Understanding, Change Management, Collaboration, Communication, Continuous Improvement Mindset, Data Analysis, Data-Driven Business Intelligence, Data Management, Data Visualization, Executive Presence, Influence, Project Management, Story Telling

Anticipated Posting End Date:

2024-03-15

Base Pay Range: $97,500/yr. - $149,200/yr.

Actual base salary may vary based upon, but not limited to, relevant experience, time in role, base salary of internal peers, prior performance, business sector, and geographic location. In addition to base salary, the competitive compensation package may include, depending on the role, participation in an incentive program linked to performance (for example, annual discretionary incentive programs, non-annual sales incentive plans, or other non-annual incentive plans).
"
AI Governance Attorney,Linkedin,"San Francisco, CA • via BeBee",2025-01-08T19:48:23.850129,"4+ years' related legal experience, focusing on product counseling, privacy/data protection, and IP-related counseling
J.D. and admission to the bar or ability to practice in-house","4+ years' related legal experience, focusing on product counseling, privacy/data protection, and IP-related counseling; J.D. and admission to the bar or ability to practice in-house","4+ years' related legal experience, focusing on product counseling, privacy/data protection, and IP-related counseling
J.D. and admission to the bar or ability to practice in-house","4+ years' related legal experience, focusing on product counseling, privacy/data protection, and IP-related counseling; J.D. and admission to the bar or ability to practice in-house","We offer a competitive salary, ranging from $175,000 to $225,000 annually, based on location and experience
Additionally, we provide a comprehensive benefits package, including medical, dental, and vision insurance, 401(k) matching, and paid time off","We offer a competitive salary, ranging from $175,000 to $225,000 annually, based on location and experience; Additionally, we provide a comprehensive benefits package, including medical, dental, and vision insurance, 401(k) matching, and paid time off","We offer a competitive salary, ranging from $175,000 to $225,000 annually, based on location and experience
Additionally, we provide a comprehensive benefits package, including medical, dental, and vision insurance, 401(k) matching, and paid time off","We offer a competitive salary, ranging from $175,000 to $225,000 annually, based on location and experience; Additionally, we provide a comprehensive benefits package, including medical, dental, and vision insurance, 401(k) matching, and paid time off","Job Summary

We're seeking a Senior Counsel to join our Legal & Public Policy team at LinkedIn. As a key member of our team, you'll provide critical support to our Product and Engineering AI teams, ensuring our AI technology is developed and deployed in compliance with relevant laws and regulations.

Key Responsibilities:
• Collaborate with cross-functional teams to ensure compliance with consumer
protection, security, and privacy laws.
• Advise on AI development and deployment-related compliance matters.
• Build and maintain a best-in-class AI governance program.

Requirements:
• 4+ years' related legal experience, focusing on product counseling, privacy/data protection, and IP-related counseling.
• J.D. and admission to the bar or ability to practice in-house.

What We Offer:

We offer a competitive salary, ranging from $175,000 to $225,000 annually, based on location and experience. Additionally, we provide a comprehensive benefits package, including medical, dental, and vision insurance, 401(k) matching, and paid time off.
"
"Specialist, AI Technology and Innovation AI Governance Alliance",World Economic Forum,Anywhere • via Teal,2025-01-08T19:48:34.034622,"Bachelor's degree in a relevant field such as computer science, data science or a related discipline required
Two years' experience in work related to AI ecosystems
Proven ability to analyze complex technical challenges and translate findings into actionable plans and deliverables
Strong research, writing, and presentation skills
Experience in community management and engaging with stakeholders across industries, cultures, and seniority levels
Demonstrated experience in project management, including developing timelines, tracking milestones, and coordinating cross-functional teams
Understanding of AI technologies, governance frameworks, and key stakeholders in the public and private sectors
Experience thriving in multicultural, highly collaborative work environments
Results driven, proactive, self-starter, and team player
Excellent organizational skills: able to juggle multiple tasks and assignments simultaneously and derive energy from high-pressure work settings
Excellent command of spoken and written English
Experience with Python and SQL","Bachelor's degree in a relevant field such as computer science, data science or a related discipline required; Two years' experience in work related to AI ecosystems; Proven ability to analyze complex technical challenges and translate findings into actionable plans and deliverables; Strong research, writing, and presentation skills; Experience in community management and engaging with stakeholders across industries, cultures, and seniority levels; Demonstrated experience in project management, including developing timelines, tracking milestones, and coordinating cross-functional teams; Understanding of AI technologies, governance frameworks, and key stakeholders in the public and private sectors; Experience thriving in multicultural, highly collaborative work environments; Results driven, proactive, self-starter, and team player; Excellent organizational skills: able to juggle multiple tasks and assignments simultaneously and derive energy from high-pressure work settings; Excellent command of spoken and written English; Experience with Python and SQL","Bachelor's degree in a relevant field such as computer science, data science or a related discipline required
Two years' experience in work related to AI ecosystems
Proven ability to analyze complex technical challenges and translate findings into actionable plans and deliverables
Strong research, writing, and presentation skills
Experience in community management and engaging with stakeholders across industries, cultures, and seniority levels
Demonstrated experience in project management, including developing timelines, tracking milestones, and coordinating cross-functional teams
Understanding of AI technologies, governance frameworks, and key stakeholders in the public and private sectors
Experience thriving in multicultural, highly collaborative work environments
Results driven, proactive, self-starter, and team player
Excellent organizational skills: able to juggle multiple tasks and assignments simultaneously and derive energy from high-pressure work settings
Excellent command of spoken and written English
Experience with Python and SQL","Bachelor's degree in a relevant field such as computer science, data science or a related discipline required; Two years' experience in work related to AI ecosystems; Proven ability to analyze complex technical challenges and translate findings into actionable plans and deliverables; Strong research, writing, and presentation skills; Experience in community management and engaging with stakeholders across industries, cultures, and seniority levels; Demonstrated experience in project management, including developing timelines, tracking milestones, and coordinating cross-functional teams; Understanding of AI technologies, governance frameworks, and key stakeholders in the public and private sectors; Experience thriving in multicultural, highly collaborative work environments; Results driven, proactive, self-starter, and team player; Excellent organizational skills: able to juggle multiple tasks and assignments simultaneously and derive energy from high-pressure work settings; Excellent command of spoken and written English; Experience with Python and SQL","401(k)
401(k) matching
Dental insurance
Employee assistance program
Flexible schedule
Flexible spending account
Health insurance
Life insurance
Paid time off
Parental leave
Professional development assistance
Vision insurance",401(k); 401(k) matching; Dental insurance; Employee assistance program; Flexible schedule; Flexible spending account; Health insurance; Life insurance; Paid time off; Parental leave; Professional development assistance; Vision insurance,"401(k)
401(k) matching
Dental insurance
Employee assistance program
Flexible schedule
Flexible spending account
Health insurance
Life insurance
Paid time off
Parental leave
Professional development assistance
Vision insurance",401(k); 401(k) matching; Dental insurance; Employee assistance program; Flexible schedule; Flexible spending account; Health insurance; Life insurance; Paid time off; Parental leave; Professional development assistance; Vision insurance,"About the position

The AI Technology and Innovation Specialist at the World Economic Forum will focus on advancing initiatives related to AI technology within the AI Governance Alliance. This role is pivotal in ensuring responsible governance of AI while harnessing its potential for societal benefit. The Specialist will engage with global leaders, coordinate discussions, and produce impactful del
iverables that contribute to the global conversation on advanced AI systems.

Responsibilities
• Provide insights on emerging trends in AI technologies.
,
• Assess technical advancements of AI in sectors such as healthcare, energy, sustainability, and advanced manufacturing.
,
• Analyze technical and safety-related challenges and synthesize findings into deliverables.
,
• Collaborate with the Forum's start-up community to further build out innovation programs.
,
• Support thought leadership by assisting in producing reports and other outputs that highlight key technological developments of advanced AI systems, such as AI agents.
,
• Coordinate community management, fostering meaningful engagement and promoting diversity of perspectives in discussions and initiatives.
,
• Collaborate across working groups and teams to align objectives and enhance synergies between initiatives.
,
• Coordinate meetings, managing logistical, content-related, and communication aspects.
,
• Prepare and organize key materials, including pre-reads, meeting summaries, and technical recommendations.
,
• Develop and maintain initiative plans and timelines, tracking progress and ensuring key milestones are met.

Requirements
• Bachelor's degree in a relevant field such as computer science, data science or a related discipline required.
,
• Two years' experience in work related to AI ecosystems.
,
• Proven ability to analyze complex technical challenges and translate findings into actionable plans and deliverables.
,
• Strong research, writing, and presentation skills.
,
• Experience in community management and engaging with stakeholders across industries, cultures, and seniority levels.
,
• Demonstrated experience in project management, including developing timelines, tracking milestones, and coordinating cross-functional teams.
,
• Understanding of AI technologies, governance frameworks, and key stakeholders in the public and private sectors.
,
• Experience thriving in multicultural, highly collaborative work environments.
,
• Results driven, proactive, self-starter, and team player.
,
• Excellent organizational skills: able to juggle multiple tasks and assignments simultaneously and derive energy from high-pressure work settings.
,
• Excellent command of spoken and written English.

Nice-to-haves
• A master's degree in artificial intelligence or a similar field is preferred.
,
• Proficiency in other languages is a plus.
,
• Experience with Python and SQL.

Benefits
• 401(k)
,
• 401(k) matching
,
• Dental insurance
,
• Employee assistance program
,
• Flexible schedule
,
• Flexible spending account
,
• Health insurance
,
• Life insurance
,
• Paid time off
,
• Parental leave
,
• Professional development assistance
,
• Vision insurance
"
"Director of Public Policy (GA), Office of Responsible AI",MICROSOFT,"Atlanta, GA • via Adzuna",2025-01-08T19:48:41.607455,,,,,,,,,"Microsoft has an immediate opening for a Director of Public Policy to lead our public policy workstream in the Office of Responsible AI. Microsoft is committed to ensuring that we develop and deploy our AI technologies in ways that uphold our AI principles and warrant people’s trust. The Office of Responsible AI plays a leading role in this effort as part of Microsoft’s Corporate, External, and Le
gal Affairs (CELA) team. With a cross-company mandate, we establish internal policy to enact our responsible AI commitments, support the rollout of our responsible AI program, enable our community of Responsible AI Champs, manage the company’s governance system, and guide high impact engineering and customer projects. We also help to contribute to the conversation about the new laws, norms, and standards needed to advance responsible AI for the benefit of society at large. Responsibilities: Lead of Public Policy Workstream. Reporting to Microsoft’s Chief Responsible AI Officer, the Director of Public Policy will lead a high-performing team responsible for the company’s public policy workstream. The workstream is focused on designing and building the next generation of public policy positions and frameworks to ensure that effective regulatory guardrails are in place to secure the beneficial use of AI technologies. By combining your in-depth understanding of AI technologies and their sociotechnical implications with your knowledge of regulatory frameworks and public policy levers, you and your team will help Microsoft develop evidence-based positions that support the establishment of effective policy interventions, Collaborations with Research, Engineering, and Internal Policy Colleagues. Our responsible AI ecosystem at Microsoft combines policy and governance expertise with a commitment to research-led approaches that are engineered into the AI systems that we build. As such, our public policy work requires close coordination with our colleagues in Aether who provide scientific foresight on emerging issues and subject matter expertise on each of our AI principles. The Director of Public Policy will also work closely with our engineering teams to assess the impact of different policy positions and regulatory proposals and provide insight into emerging regulatory trends and developments to inform their planning cycles. Finally, you will collaborate closely with colleagues in the Office of Responsible AI’s Internal Policy team to bring insights from our internal policy development to the dialog on effective public policy measures and ensure that our internal practices are informed by emerging regulatory trends and developments, Collaborations with External Stakeholders. The development and adoption of effective public policy measures requires deep collaboration with stakeholders external to Microsoft, including representatives of civil society, academia, government, and industry. The Director of Public Policy builds and maintains strong, ongoing relationships with external stakeholders and proactively identifies opportunities to collaborate on effective regulatory safeguards, Trend Analysis and Coordination with Global Government Affairs Teams.  Working in close partnership with our Global Government Affairs teams around the world, the Director of Public Policy will ensure that public policy trends across geographies are identified in a timely way to help inform the Office of Responsible AI’s planning and prioritization processes. Leveraging the infrastructure maintained by our central coordination teams, you and your team will develop materials and training to equip and empower our Global Government Affairs colleagues in their local policy advocacy on responsible AI issues, Advocacy. The Director of Public Policy will be called upon to represent Microsoft externally on a range of issues at the intersection of responsible AI and regulation, which include participation in targeted working groups and initiatives. The successful candidate will spend time speaking in public fora. You will also be expected to contribute to publications, blogs, and whitepapers, People Management. The Director of Public Policy is an exemplary leader, who embodies our culture and values and delivers success through modeling, coaching, and caring. You have a track record of high ethical standards, unquestione integrity, and a steadfast commitment to advancing the company’s diversity and inclusion commitments. Required Qualifications: Bachelor's Degree in Public Policy, Public Administration, Law or a related field AND 4+ years’ experience of working in technology, highly-regulated fields such as finance or healthcare, or government on the development of new regulatory concepts and public policy positions to address complex and rapidly evolving issues at the intersection of technology, law, ethics, and society, OR 6+ years’ experience of working in technology, highly-regulated fields such as finance or healthcare, or government on the development of new regulatory concepts and public policy positions to address complex and rapidly evolving issues at the intersection of technology, law, ethics, and society; At least 3 years of people or team management experience with a track record of delivering success through empowerment and accountability by modeling, coaching, and caring. Additional Qualifications: Responsible AI Experience. Experience in the domain of responsible AI is valued highly Applicants should have a demonstrated ability to identify existing and emerging sociotechnical issues in the development and deployment of AI technologies and be able to design effective public policy strategies to address them, Regulatory Experience. Experience in crafting regulatory responses for new and emerging domains is valued highly. A deep knowledge of regulatory frameworks and public policy levers around the globe will be critical to success in this role, Stakeholder Engagement A proven track record of being able to engage and influence a variety of stakeholders, both within and outside Microsoft. Applicants should have a desire to work in a highly interdisciplinary environment that includes researchers and practitioners from computer science, statistics, social sciences, humanities, and other fields. At least 3 years of experience working in or with a large, matrixed organization, Communication Skills: Highly developed written and oral communication skills. Proven experience as an external presenter. Must be able to proactively advance company positions through high impact engagement in small and/or large group settings, Collaboration A strong record of being an effective team player dedicated to collective successes. The ability to promote cooperation and solve problems in a timely, creative, and professional manner, Agility The ability to navigate ambiguity and adapt to rapidly changing environments and demands, Growth Mindset: A strong record of experimentation, learning from both successes and failures.
"
"Senior Director, AI and Data Governance",KPMG,"San Jose, CA • via Indeed",2025-01-08T19:48:51.693343,"Minimum twelve years of recent experience focusing on data governance, data management, and risk management with a proven track record of success in leading and scaling data governance programs within a complex AI enabled data estate
Experience working closely with a Chief Data Office or equivalent executive
Experience navigating the evolving AI and data regulatory landscape to develop and implement compliant governance practices and mitigate risk
Strong understanding of the evolving data estate, including the data and content supply chain, access, and usage permissibility, third party data and usage agreements, and the impacts of Generative AI technologies on data governance
These include the duties and responsibilities listed above, as well as the abilities to adhere to company policies, exercise sound judgment, effectively manage stress and work safely and respectfully with others, exhibit trustworthiness, and safeguard business operations and company reputation","Minimum twelve years of recent experience focusing on data governance, data management, and risk management with a proven track record of success in leading and scaling data governance programs within a complex AI enabled data estate; Experience working closely with a Chief Data Office or equivalent executive; Experience navigating the evolving AI and data regulatory landscape to develop and implement compliant governance practices and mitigate risk; Strong understanding of the evolving data estate, including the data and content supply chain, access, and usage permissibility, third party data and usage agreements, and the impacts of Generative AI technologies on data governance; These include the duties and responsibilities listed above, as well as the abilities to adhere to company policies, exercise sound judgment, effectively manage stress and work safely and respectfully with others, exhibit trustworthiness, and safeguard business operations and company reputation","Minimum twelve years of recent experience focusing on data governance, data management, and risk management with a proven track record of success in leading and scaling data governance programs within a complex AI enabled data estate
Experience working closely with a Chief Data Office or equivalent executive
Experience navigating the evolving AI and data regulatory landscape to develop and implement compliant governance practices and mitigate risk
Strong understanding of the evolving data estate, including the data and content supply chain, access, and usage permissibility, third party data and usage agreements, and the impacts of Generative AI technologies on data governance
These include the duties and responsibilities listed above, as well as the abilities to adhere to company policies, exercise sound judgment, effectively manage stress and work safely and respectfully with others, exhibit trustworthiness, and safeguard business operations and company reputation","Minimum twelve years of recent experience focusing on data governance, data management, and risk management with a proven track record of success in leading and scaling data governance programs within a complex AI enabled data estate; Experience working closely with a Chief Data Office or equivalent executive; Experience navigating the evolving AI and data regulatory landscape to develop and implement compliant governance practices and mitigate risk; Strong understanding of the evolving data estate, including the data and content supply chain, access, and usage permissibility, third party data and usage agreements, and the impacts of Generative AI technologies on data governance; These include the duties and responsibilities listed above, as well as the abilities to adhere to company policies, exercise sound judgment, effectively manage stress and work safely and respectfully with others, exhibit trustworthiness, and safeguard business operations and company reputation","Any offered salary is determined based on relevant factors such as applicant's skills, job responsibilities, prior relevant experience, certain degrees and certifications and market considerations
In addition, the firm is proud to offer a comprehensive, competitive benefits package, with options designed to help you make the best decisions for yourself, your family, and your lifestyle
Available benefits are based on eligibility
Our Total Rewards package includes a variety of medical and dental plans, vision coverage, disability and life insurance, 401(k) plans, and a robust suite of personal well-being benefits to support your mental health
Depending on job classification, standard work hours, and years of service, KPMG provides Personal Time Off per fiscal year
KPMG LLP (the U.S. member firm of KPMG International) offers a comprehensive compensation and benefits package","Any offered salary is determined based on relevant factors such as applicant's skills, job responsibilities, prior relevant experience, certain degrees and certifications and market considerations; In addition, the firm is proud to offer a comprehensive, competitive benefits package, with options designed to help you make the best decisions for yourself, your family, and your lifestyle; Available benefits are based on eligibility; Our Total Rewards package includes a variety of medical and dental plans, vision coverage, disability and life insurance, 401(k) plans, and a robust suite of personal well-being benefits to support your mental health; Depending on job classification, standard work hours, and years of service, KPMG provides Personal Time Off per fiscal year; KPMG LLP (the U.S. member firm of KPMG International) offers a comprehensive compensation and benefits package","Any offered salary is determined based on relevant factors such as applicant's skills, job responsibilities, prior relevant experience, certain degrees and certifications and market considerations
In addition, the firm is proud to offer a comprehensive, competitive benefits package, with options designed to help you make the best decisions for yourself, your family, and your lifestyle
Available benefits are based on eligibility
Our Total Rewards package includes a variety of medical and dental plans, vision coverage, disability and life insurance, 401(k) plans, and a robust suite of personal well-being benefits to support your mental health
Depending on job classification, standard work hours, and years of service, KPMG provides Personal Time Off per fiscal year
KPMG LLP (the U.S. member firm of KPMG International) offers a comprehensive compensation and benefits package","Any offered salary is determined based on relevant factors such as applicant's skills, job responsibilities, prior relevant experience, certain degrees and certifications and market considerations; In addition, the firm is proud to offer a comprehensive, competitive benefits package, with options designed to help you make the best decisions for yourself, your family, and your lifestyle; Available benefits are based on eligibility; Our Total Rewards package includes a variety of medical and dental plans, vision coverage, disability and life insurance, 401(k) plans, and a robust suite of personal well-being benefits to support your mental health; Depending on job classification, standard work hours, and years of service, KPMG provides Personal Time Off per fiscal year; KPMG LLP (the U.S. member firm of KPMG International) offers a comprehensive compensation and benefits package","Known for being a great place to work and build a career, KPMG provides audit, tax and advisory services for organizations in today’s most important industries. Our growth is driven by delivering real results for our clients. It’s also enabled by our culture, which encourages individual development, embraces an inclusive environment, rewards innovative excellence and supports our communities. With
qualities like those, it’s no wonder we’re consistently ranked among the best companies to work for by Fortune Magazine, Consulting Magazine, Seramount, Fair360 and others. If you’re as passionate about your future as we are, join our team.

KPMG is currently seeking a Senior Director, AI and Data Governance to join our Advisory Data Organization.

Responsibilities:
• As part of the senior leadership team for the Advisory Data Office, led by the Chief Data Officer.
• Ownership of advisory data risk register including performance of risk assessments, identify, document, and manage emerging risks associated with data governance, compliance, and the firm's strategic growth objectives including AI; leverage internal experience and applied practice to augment advisory client teams thought leadership in this space
• Define actionable, automated controls to manage data related risks and accelerate availability of permissible data
• Coordinate with other business function stakeholders to align on common data governance policy, approaches, and solutions where applicable
• Support strategic projects to provide permissible and timely access to data and content using AI automation
• Direct a high-performing team of data governance professionals, fostering a collaborative and results-oriented environment focused on continuous improvement. Coach client facing account teams on data handling policy and protocols to best protect client and firm data.

Qualifications:
• Minimum twelve years of recent experience focusing on data governance, data management, and risk management with a proven track record of success in leading and scaling data governance programs within a complex AI enabled data estate. Experience working closely with a Chief Data Office or equivalent executive.
• Bachelor’s degree from an accredited college/university, Masters preferred
• Experience navigating the evolving AI and data regulatory landscape to develop and implement compliant governance practices and mitigate risk
• Strong understanding of the evolving data estate, including the data and content supply chain, access, and usage permissibility, third party data and usage agreements, and the impacts of Generative AI technologies on data governance
• Proven ability to translate this knowledge into actionable, data and content governance strategies
• Demonstrate expertise in developing and implementing adaptable, scalable, and effective data governance practices and frameworks

KPMG complies with all local/state regulations regarding displaying salary ranges. If required, the ranges displayed below or via the URL below are specifically for those potential hires who will work in the location(s) listed. Any offered salary is determined based on relevant factors such as applicant's skills, job responsibilities, prior relevant experience, certain degrees and certifications and market considerations. In addition, the firm is proud to offer a comprehensive, competitive benefits package, with options designed to help you make the best decisions for yourself, your family, and your lifestyle. Available benefits are based on eligibility. Our Total Rewards package includes a variety of medical and dental plans, vision coverage, disability and life insurance, 401(k) plans, and a robust suite of personal well-being benefits to support your mental health. Depending on job classification, standard work hours, and years of service, KPMG provides Personal Time Off per fiscal year. Additionally, each year the firm publishes a calendar of holidays to be observed during the year and provides two firmwide breaks each year where employees will not be required to use Personal Time Off; one is at year end and the other is around the July 4th holiday. Additional details about our benefits can be found towards the bottom of our KPMG US Careers site at “Benefits & How We Work”.

Follow this link to obtain salary ranges by city outside of CA:

https://kpmg.com/us/en/how-we-work/pay-transparency.html/?id=6752_9_24

KPMG LLP (the U.S. member firm of KPMG International) offers a comprehensive compensation and benefits package. KPMG is an affirmative action-equal opportunity employer. KPMG complies with all applicable federal, state and local laws regarding recruitment and hiring. All qualified applicants are considered for employment without regard to race, color, religion, age, sex, sexual orientation, gender identity, national origin, citizenship status, disability, protected veteran status, or any other category protected by applicable federal, state or local laws. The attached link contains further information regarding the firm's compliance with federal, state and local recruitment and hiring laws. No phone calls or agencies please.

KPMG does not currently require partners or employees to be fully vaccinated or test negative for COVID-19 in order to go to KPMG offices, client sites or KPMG events, except when mandated by federal, state or local law. In some circumstances, clients also may require proof of vaccination or testing (e.g., to go to the client site).

KPMG recruits on a rolling basis. Candidates are considered as they apply, until the opportunity is filled. Candidates are encouraged to apply expeditiously to any role(s) for which they are qualified that is also of interest to them.

Los Angeles County applicants: Material job duties for this position are listed above. Criminal history may have a direct, adverse, and negative relationship with some of the material job duties of this position. These include the duties and responsibilities listed above, as well as the abilities to adhere to company policies, exercise sound judgment, effectively manage stress and work safely and respectfully with others, exhibit trustworthiness, and safeguard business operations and company reputation. Pursuant to the California Fair Chance Act, Los Angeles County Fair Chance Ordinance for Employers, Fair Chance Initiative for Hiring Ordinance, and San Francisco Fair Chance Ordinance, we will consider for employment qualified applicants with arrest and conviction records.
"
Generative AI Governance and Process Manager,Xerox,"Phoenix, AZ • via Xerox Jobs",2025-01-08T19:49:02.146019,"Press space or enter keys to toggle section visibility
Candidate must reside in EST time zone
Proven experience in governance, process management, or risk management, preferably within AI, emerging technologies, or IT
Strong background in developing and operationalizing frameworks and processes to manage complex, cross-functional initiatives
Experience with technology solutions that support governance, such as workflow tools, intake management systems, or AI platforms
Familiarity with data privacy, security, and compliance regulations related to AI and technology
Demonstrated ability to collaborate across business functions and drive alignment in complex organizations
Strong analytical and problem-solving skills, with a proactive approach to managing change
Process Excellence: Expertise in designing and managing efficient, scalable processes
Adaptability: Ability to evolve frameworks and tools in response to technological and organizational changes
Collaboration: Skilled at building synergies across teams and fostering a culture of shared accountability
Strategic Thinking: Proactive in anticipating risks and opportunities in governance and process management
Technology Savvy: Knowledge of governance tools and systems to support processes effectively","Press space or enter keys to toggle section visibility; Candidate must reside in EST time zone; Proven experience in governance, process management, or risk management, preferably within AI, emerging technologies, or IT; Strong background in developing and operationalizing frameworks and processes to manage complex, cross-functional initiatives; Experience with technology solutions that support governance, such as workflow tools, intake management systems, or AI platforms; Familiarity with data privacy, security, and compliance regulations related to AI and technology; Demonstrated ability to collaborate across business functions and drive alignment in complex organizations; Strong analytical and problem-solving skills, with a proactive approach to managing change; Process Excellence: Expertise in designing and managing efficient, scalable processes; Adaptability: Ability to evolve frameworks and tools in response to technological and organizational changes; Collaboration: Skilled at building synergies across teams and fostering a culture of shared accountability; Strategic Thinking: Proactive in anticipating risks and opportunities in governance and process management; Technology Savvy: Knowledge of governance tools and systems to support processes effectively","Press space or enter keys to toggle section visibility
Candidate must reside in EST time zone
Proven experience in governance, process management, or risk management, preferably within AI, emerging technologies, or IT
Strong background in developing and operationalizing frameworks and processes to manage complex, cross-functional initiatives
Experience with technology solutions that support governance, such as workflow tools, intake management systems, or AI platforms
Familiarity with data privacy, security, and compliance regulations related to AI and technology
Demonstrated ability to collaborate across business functions and drive alignment in complex organizations
Strong analytical and problem-solving skills, with a proactive approach to managing change
Process Excellence: Expertise in designing and managing efficient, scalable processes
Adaptability: Ability to evolve frameworks and tools in response to technological and organizational changes
Collaboration: Skilled at building synergies across teams and fostering a culture of shared accountability
Strategic Thinking: Proactive in anticipating risks and opportunities in governance and process management
Technology Savvy: Knowledge of governance tools and systems to support processes effectively","Press space or enter keys to toggle section visibility; Candidate must reside in EST time zone; Proven experience in governance, process management, or risk management, preferably within AI, emerging technologies, or IT; Strong background in developing and operationalizing frameworks and processes to manage complex, cross-functional initiatives; Experience with technology solutions that support governance, such as workflow tools, intake management systems, or AI platforms; Familiarity with data privacy, security, and compliance regulations related to AI and technology; Demonstrated ability to collaborate across business functions and drive alignment in complex organizations; Strong analytical and problem-solving skills, with a proactive approach to managing change; Process Excellence: Expertise in designing and managing efficient, scalable processes; Adaptability: Ability to evolve frameworks and tools in response to technological and organizational changes; Collaboration: Skilled at building synergies across teams and fostering a culture of shared accountability; Strategic Thinking: Proactive in anticipating risks and opportunities in governance and process management; Technology Savvy: Knowledge of governance tools and systems to support processes effectively","Annual Base Salary Minimum
Annual Base Salary Maximum
The range listed is just one component of Xerox’s total compensation package for employees",Annual Base Salary Minimum; Annual Base Salary Maximum; The range listed is just one component of Xerox’s total compensation package for employees,"Annual Base Salary Minimum
Annual Base Salary Maximum
The range listed is just one component of Xerox’s total compensation package for employees",Annual Base Salary Minimum; Annual Base Salary Maximum; The range listed is just one component of Xerox’s total compensation package for employees,"Generative AI Governance and Process Manager

General Information

Press space or enter keys to toggle section visibility

Country

United States

Department

IM BUSINESS OPERATIONS

Date

Monday, December 23, 2024

Working time

Full-time

Ref#

20034719

Job Level

Specialist

Job Type

Experienced

Job Field

IM BUSINESS OPERATIONS

Seniority Level

Mid-Senior Level

Currency

USD - United Stat
es - US

Annual Base Salary Minimum

89,340

Annual Base Salary Maximum

178,680

The salary range above represents the low and high end in the local currency of Xerox’s salary range for this position and is reflected in an annualized amount. Actual salaries will vary based on factors including, but not limited to, geographic location, market competition, and/or the successful applicant’s education, experience, knowledge, skills, and abilities. The range listed is just one component of Xerox’s total compensation package for employees. Employees are also afforded a comprehensive suite of benefits, to view those details please visit Xerox Careers for your applicable country. If you are not reviewing this job posting on Xerox Careers (https://xerox.avature.net/en_US/careers) , we cannot guarantee the validity of this posting. For a list of our current internal postings, please visit Xerox Careers (https://xerox.avature.net/en_US/careers) .

Description & Requirements

Press space or enter keys to toggle section visibility

About Xerox Holdings Corporation

For more than 100 years, Xerox has continually redefined the workplace experience. Harnessing our leadership position in office and production print technology, we’ve expanded into software and services to sustainably power today’s workforce. From the office to industrial environments, our differentiated business solutions and financial services are designed to make every day work better for clients — no matter where that work is being done. Today, Xerox scientists and engineers are continuing our legacy of innovation with disruptive technologies in digital transformation, augmented reality, robotic process automation, additive manufacturing, Industrial Internet of Things and cleantech. Learn more at www.xerox.com and explore our commitment to diversity and inclusion. (https://www.xerox.com/en-us/jobs/diversity)

About the Role:

The Generative AI Governance and Process Manager will be a key member of the Generative AI Center of Excellence (COE), responsible for designing, implementing, and continuously refining governance frameworks and operational processes for Generative AI technologies. This role ensures that AI initiatives across Xerox are streamlined, responsible, and aligned with business goals, while adapting to the rapid evolution of AI tools and technologies.

You will lead efforts to centralize intake through a unified channel, create synergies between internal business functions, and manage the technology solutions that support these processes. Your work will play a pivotal role in maintaining trust, efficiency, and compliance while enabling scalable Generative AI adoption across the organization.

Candidate must reside in EST time zone.

Key Responsibilities:
• Establish Governance Frameworks and Processes
• Design and implement a centralized governance framework to streamline Generative AI intake, reviews, and approvals.
• Develop clear, adaptable processes to evaluate and approve AI use cases, tools, and technologies.
• Align governance processes with organizational values, legal requirements, and industry best practices.
• Centralize and Streamline Intake and Reviews
• Build and manage a unified channel for Generative AI intake, ensuring consistency across business functions.
• Collaborate with stakeholders to align on review processes, minimizing redundancies and improving efficiency.
• Create a mechanism to prioritize and track Generative AI initiatives from submission through implementation.
• Technology Management and Process Support
• Identify and implement tools and platforms to support governance processes, including intake management, tracking, and reporting.
• Ensure that technology solutions evolve alongside governance needs to support scalable AI adoption.
• Partner with IT and external vendors to optimize tool configuration and integration with existing systems.
• Adapt Processes to Evolving Technologies
• Continuously evaluate and update governance frameworks and processes to keep pace with advancements in Generative AI.
• Monitor emerging risks, regulations, and technologies to proactively adjust governance strategies.
• Foster a culture of adaptability and innovation in governance practices.
• Collaboration and Synergy Building
• Work closely with internal business functions (Legal, Privacy, IT, Security, and others) to ensure alignment and eliminate silos in governance efforts.
• Act as the central point of contact for cross-functional teams, driving collaboration and shared accountability.
• Build relationships with external partners to stay informed on best practices and benchmarks.
• Metrics, Reporting, and Communication
• Develop metrics and dashboards to track the effectiveness of governance frameworks and processes.
• Provide regular updates to leadership on governance performance, risks, and improvements.
• Create clear and concise documentation for governance policies, processes, and roles.

Qualifications and Experience:
• Proven experience in governance, process management, or risk management, preferably within AI, emerging technologies, or IT.
• Strong background in developing and operationalizing frameworks and processes to manage complex, cross-functional initiatives.
• Experience with technology solutions that support governance, such as workflow tools, intake management systems, or AI platforms.
• Familiarity with data privacy, security, and compliance regulations related to AI and technology.
• Demonstrated ability to collaborate across business functions and drive alignment in complex organizations.
• Strong analytical and problem-solving skills, with a proactive approach to managing change.
• Bachelor’s degree in a related field required; certifications in governance, risk, or project management are a plus.

Key Competencies:
• Process Excellence: Expertise in designing and managing efficient, scalable processes.
• Adaptability: Ability to evolve frameworks and tools in response to technological and organizational changes.
• Collaboration: Skilled at building synergies across teams and fostering a culture of shared accountability.
• Strategic Thinking: Proactive in anticipating risks and opportunities in governance and process management.
• Technology Savvy: Knowledge of governance tools and systems to support processes effectively.

#LI-LL1

#LI-REMOTE

Xerox is an Equal Opportunity Employer and considers applicants for all positions without regard to race, color, creed, religion, ancestry, national origin, age, gender identity, sex, marital status, sexual orientation, physical or mental disability, use of a guide dog or service animal, military/veteran status, citizenship status, basis of genetic information, or any other group protected by law. Learn more at www.xerox.com and explore our commitment to diversity and inclusion: https://www.xerox.com/en-us/jobs/diversity People with disabilities who need a reasonable accommodation to apply or compete for employment with Xerox may request such accommodation(s) by sending an e-mail to XeroxStaffingAdminCenter@xerox.com. Be sure to include your name, the job you are interested in, and the accommodation you are seeking.
"
AI Data Steward,ServiceNow,"Santa Clara, CA • via JobzMall",2025-01-08T19:49:12.095356,"The ideal candidate is an individual with a deep understanding of AI data and its management, and a commitment to data quality and customer privacy
You must have a demonstrated track record of success in data governance, data engineering, data analysis, and data security
You should have excellent problem-solving and communication skills, and be comfortable working with stakeholders within the organization and across multiple departments
If you are a driven data professional and have the passion and the skills to help build the future of the enterprise, we want to hear from you!","The ideal candidate is an individual with a deep understanding of AI data and its management, and a commitment to data quality and customer privacy; You must have a demonstrated track record of success in data governance, data engineering, data analysis, and data security; You should have excellent problem-solving and communication skills, and be comfortable working with stakeholders within the organization and across multiple departments; If you are a driven data professional and have the passion and the skills to help build the future of the enterprise, we want to hear from you!","The ideal candidate is an individual with a deep understanding of AI data and its management, and a commitment to data quality and customer privacy
You must have a demonstrated track record of success in data governance, data engineering, data analysis, and data security
You should have excellent problem-solving and communication skills, and be comfortable working with stakeholders within the organization and across multiple departments
If you are a driven data professional and have the passion and the skills to help build the future of the enterprise, we want to hear from you!","The ideal candidate is an individual with a deep understanding of AI data and its management, and a commitment to data quality and customer privacy; You must have a demonstrated track record of success in data governance, data engineering, data analysis, and data security; You should have excellent problem-solving and communication skills, and be comfortable working with stakeholders within the organization and across multiple departments; If you are a driven data professional and have the passion and the skills to help build the future of the enterprise, we want to hear from you!",,,,,"We are looking for a passionate and experienced AI Data Steward to join our team at ServiceNow and help us build the future of the enterprise. As an AI Data Steward, you will be responsible for leading the design, implementation, and management of AI data to ensure data accuracy and integrity while protecting the privacy and security of our customers.The ideal candidate is an individual with a dee
p understanding of AI data and its management, and a commitment to data quality and customer privacy. You must have a demonstrated track record of success in data governance, data engineering, data analysis, and data security. You should have excellent problem-solving and communication skills, and be comfortable working with stakeholders within the organization and across multiple departments. If you are a driven data professional and have the passion and the skills to help build the future of the enterprise, we want to hear from you!

Responsibilities:

Lead the design and implementation of AI data to ensure accuracy and integrity.

Monitor data quality and ensure customer privacy and security.

Develop and maintain data governance policies, procedures, and systems.

Analyze and interpret AI data to identify trends and potential issues.

Collaborate with stakeholders to ensure data accuracy and integrity.

Create and maintain effective data security systems.

Troubleshoot and resolve data-related issues.

Develop and implement strategies to maintain data consistency.

Monitor and optimize data performance.

Ensure compliance with applicable laws and regulations.

ServiceNow is an Equal Opportunity Employer. We celebrate diversity and are committed to creating an inclusive environment for all employees. We do not discriminate based upon race, religion, color, national origin, sex, sexual orientation, gender identity, age, status as a protected veteran, status as an individual with a disability, or other applicable legally protected characteristics.
"
"Technical Program Director, AI Governance",DeepMind,"Mountain View, CA • via BeBee",2025-01-08T19:49:22.001710,"You are a seasoned professional with 8 years of experience in program management
You have a strong understanding of ML concepts and terminology
You have significant experience in creating scalable and repeatable processes involving multiple stakeholder groups
Bachelor's degree in a technical field, or equivalent practical experience
8 years of experience in program management
Working understanding of ML concepts and terminology
Significant experience in creating scalable and repeatable processes involving multiple stakeholder groups
Experience in compliance and the regulatory space is a must
Experience in team operations/software development
Experience managing diverse group of stakeholders & leading scaled communications
Strong attention to detail & organizational skills
Experience with high-visibility projects involving multiple Directors/VP-level stakeholders","You are a seasoned professional with 8 years of experience in program management; You have a strong understanding of ML concepts and terminology; You have significant experience in creating scalable and repeatable processes involving multiple stakeholder groups; Bachelor's degree in a technical field, or equivalent practical experience; 8 years of experience in program management; Working understanding of ML concepts and terminology; Significant experience in creating scalable and repeatable processes involving multiple stakeholder groups; Experience in compliance and the regulatory space is a must; Experience in team operations/software development; Experience managing diverse group of stakeholders & leading scaled communications; Strong attention to detail & organizational skills; Experience with high-visibility projects involving multiple Directors/VP-level stakeholders","You are a seasoned professional with 8 years of experience in program management
You have a strong understanding of ML concepts and terminology
You have significant experience in creating scalable and repeatable processes involving multiple stakeholder groups
Bachelor's degree in a technical field, or equivalent practical experience
8 years of experience in program management
Working understanding of ML concepts and terminology
Significant experience in creating scalable and repeatable processes involving multiple stakeholder groups
Experience in compliance and the regulatory space is a must
Experience in team operations/software development
Experience managing diverse group of stakeholders & leading scaled communications
Strong attention to detail & organizational skills
Experience with high-visibility projects involving multiple Directors/VP-level stakeholders","You are a seasoned professional with 8 years of experience in program management; You have a strong understanding of ML concepts and terminology; You have significant experience in creating scalable and repeatable processes involving multiple stakeholder groups; Bachelor's degree in a technical field, or equivalent practical experience; 8 years of experience in program management; Working understanding of ML concepts and terminology; Significant experience in creating scalable and repeatable processes involving multiple stakeholder groups; Experience in compliance and the regulatory space is a must; Experience in team operations/software development; Experience managing diverse group of stakeholders & leading scaled communications; Strong attention to detail & organizational skills; Experience with high-visibility projects involving multiple Directors/VP-level stakeholders","The estimated salary range for this position is between $142,000 - $219,000 per year, depending on location and experience, plus bonus, equity, and benefits","The estimated salary range for this position is between $142,000 - $219,000 per year, depending on location and experience, plus bonus, equity, and benefits","The estimated salary range for this position is between $142,000 - $219,000 per year, depending on location and experience, plus bonus, equity, and benefits","The estimated salary range for this position is between $142,000 - $219,000 per year, depending on location and experience, plus bonus, equity, and benefits","Job Description

We are looking for a Technical Program Director, AI Governance to support the fast-paced GenAI project at Google DeepMind. This role involves overseeing compliance-related initiatives, ensuring our models adhere to data compliance standards and are developed in a safe and responsible way.
About the Job
• This is an exciting opportunity to work with a talented team of engineers and
researchers to develop innovative AI solutions.
• You will be responsible for architecting and implementing a robust, end-to-end compliance and risk management program tailored to Google DeepMind's specific needs and regulatory environment.
• Developing a set of clear, quantifiable metrics and key performance indicators (KPIs) to objectively measure and track the program's effectiveness and identify areas for improvement.
• Preparing and delivering regular reports to senior management, providing actionable insights into the program's overall status, emerging risks, compliance performance, and recommended next steps.
• Partnering closely with cross-functional teams (AI Platforms, Infrastructure, Data Research and Security orgs) to embed compliance and risk management principles directly into core business processes, ensuring proactive risk mitigation.
• Bringing foresight of future regulatory developments to inform the strategy of what the data compliance team should be focusing on, so that we can stay ahead of the regulatory landscape.

About You
• You are a seasoned professional with 8 years of experience in program management.
• You have a strong understanding of ML concepts and terminology.
• You have significant experience in creating scalable and repeatable processes involving multiple stakeholder groups.

Requirements
• Bachelor's degree in a technical field, or equivalent practical experience.
• 8 years of experience in program management.
• Working understanding of ML concepts and terminology.
• Significant experience in creating scalable and repeatable processes involving multiple stakeholder groups.
• Experience in compliance and the regulatory space is a must.
• Experience in team operations/software development.
• Experience managing diverse group of stakeholders & leading scaled communications.
• Strong attention to detail & organizational skills.
• Experience with high-visibility projects involving multiple Directors/VP-level stakeholders.

Compensation

The estimated salary range for this position is between $142,000 - $219,000 per year, depending on location and experience, plus bonus, equity, and benefits.
"
Head of AI Governance and Model Risk Management,Mission Lane,"Richmond, VA • via BeBee",2025-01-08T19:49:31.879641,"Bring an engineering mindset to problem-solving, thinking about business problems in terms of scalability, tolerances, constraints, and efficiency
Enjoy coding, reviewing code for a data scientist's PyData dev work or scripting tasks to automate them
Have experience working in a regulated environment, preferably with SR 11-7, the OCC's guidance for Model Risk Management
Have a vision for a responsible future for AI, machine learning, and data science within fintech
Be excited to have an impact and get stuff done
The chance to work at a company where machine learning is integral to both day-to-day operations and executive strategic vision
A team that values learning and approaches work with a","Bring an engineering mindset to problem-solving, thinking about business problems in terms of scalability, tolerances, constraints, and efficiency; Enjoy coding, reviewing code for a data scientist's PyData dev work or scripting tasks to automate them; Have experience working in a regulated environment, preferably with SR 11-7, the OCC's guidance for Model Risk Management; Have a vision for a responsible future for AI, machine learning, and data science within fintech; Be excited to have an impact and get stuff done; The chance to work at a company where machine learning is integral to both day-to-day operations and executive strategic vision; A team that values learning and approaches work with a","Bring an engineering mindset to problem-solving, thinking about business problems in terms of scalability, tolerances, constraints, and efficiency
Enjoy coding, reviewing code for a data scientist's PyData dev work or scripting tasks to automate them
Have experience working in a regulated environment, preferably with SR 11-7, the OCC's guidance for Model Risk Management
Have a vision for a responsible future for AI, machine learning, and data science within fintech
Be excited to have an impact and get stuff done
The chance to work at a company where machine learning is integral to both day-to-day operations and executive strategic vision
A team that values learning and approaches work with a","Bring an engineering mindset to problem-solving, thinking about business problems in terms of scalability, tolerances, constraints, and efficiency; Enjoy coding, reviewing code for a data scientist's PyData dev work or scripting tasks to automate them; Have experience working in a regulated environment, preferably with SR 11-7, the OCC's guidance for Model Risk Management; Have a vision for a responsible future for AI, machine learning, and data science within fintech; Be excited to have an impact and get stuff done; The chance to work at a company where machine learning is integral to both day-to-day operations and executive strategic vision; A team that values learning and approaches work with a","A humble, hungry, and smart team committed to solving practical problems together
Flexible work hours and flexible work location","A humble, hungry, and smart team committed to solving practical problems together; Flexible work hours and flexible work location","A humble, hungry, and smart team committed to solving practical problems together
Flexible work hours and flexible work location","A humble, hungry, and smart team committed to solving practical problems together; Flexible work hours and flexible work location","Job Description

Mission Lane is revolutionizing access to credit, paving a clear way forward for millions of Americans on the path to financial success. By attracting top-tier talent and leveraging cutting-edge technology, we're redefining consumer credit for the better.

This (remote) role leads Mission Lane's Model Risk Management, our emerging strategy for AI governance, and day-to-day operati
ons managing models within our Risk Management team.

To thrive in this role, you should:
• Bring an engineering mindset to problem-solving, thinking about business problems in terms of scalability, tolerances, constraints, and efficiency.
• Enjoy coding, reviewing code for a data scientist's PyData dev work or scripting tasks to automate them.
• Have experience working in a regulated environment, preferably with SR 11-7, the OCC's guidance for Model Risk Management.
• Create and apply statistical, econometric, or machine learning models.
• Perform model validations, model reviews, and assess model risk.
• Collaborate and organize to grow partnerships with sponsor banks, legal teams, modelers, and business owners.
• Have a vision for a responsible future for AI, machine learning, and data science within fintech.
• Be excited to have an impact and get stuff done.

We offer:
• A humble, hungry, and smart team committed to solving practical problems together.
• The chance to work at a company where machine learning is integral to both day-to-day operations and executive strategic vision.
• Flexible work hours and flexible work location.
• A team that values learning and approaches work with a
"
"Artificial Intelligence Governance Lead, Senior Advisor",Cardinal Health,"Juneau, AK • via Teal",2025-01-08T19:49:41.895976,"Bachelor's degree in mathematics, Statistics, Engineering, Computer Science, or related field, or equivalent work experience
8-12 years of experience in a relevant field
Strong grasp of AI technologies and ability to explain complex concepts to diverse stakeholders
Experience in establishing and managing governance programs across organizations
Experience with organizational transformation through AI
Curiosity, flexibility, and enthusiasm for driving change
Experience in leading multidisciplinary collaboration efforts in AI governance
Ability to influence leaders and secure buy-in for governance programs","Bachelor's degree in mathematics, Statistics, Engineering, Computer Science, or related field, or equivalent work experience; 8-12 years of experience in a relevant field; Strong grasp of AI technologies and ability to explain complex concepts to diverse stakeholders; Experience in establishing and managing governance programs across organizations; Experience with organizational transformation through AI; Curiosity, flexibility, and enthusiasm for driving change; Experience in leading multidisciplinary collaboration efforts in AI governance; Ability to influence leaders and secure buy-in for governance programs","Bachelor's degree in mathematics, Statistics, Engineering, Computer Science, or related field, or equivalent work experience
8-12 years of experience in a relevant field
Strong grasp of AI technologies and ability to explain complex concepts to diverse stakeholders
Experience in establishing and managing governance programs across organizations
Experience with organizational transformation through AI
Curiosity, flexibility, and enthusiasm for driving change
Experience in leading multidisciplinary collaboration efforts in AI governance
Ability to influence leaders and secure buy-in for governance programs","Bachelor's degree in mathematics, Statistics, Engineering, Computer Science, or related field, or equivalent work experience; 8-12 years of experience in a relevant field; Strong grasp of AI technologies and ability to explain complex concepts to diverse stakeholders; Experience in establishing and managing governance programs across organizations; Experience with organizational transformation through AI; Curiosity, flexibility, and enthusiasm for driving change; Experience in leading multidisciplinary collaboration efforts in AI governance; Ability to influence leaders and secure buy-in for governance programs","Medical, dental and vision coverage
Paid time off plan
Health savings account (HSA)
401k savings plan
Access to wages before pay day with myFlexPay
Flexible spending accounts (FSAs)
Short- and long-term disability coverage
Work-Life resources
Paid parental leave
Healthy lifestyle programs","Medical, dental and vision coverage; Paid time off plan; Health savings account (HSA); 401k savings plan; Access to wages before pay day with myFlexPay; Flexible spending accounts (FSAs); Short- and long-term disability coverage; Work-Life resources; Paid parental leave; Healthy lifestyle programs","Medical, dental and vision coverage
Paid time off plan
Health savings account (HSA)
401k savings plan
Access to wages before pay day with myFlexPay
Flexible spending accounts (FSAs)
Short- and long-term disability coverage
Work-Life resources
Paid parental leave
Healthy lifestyle programs","Medical, dental and vision coverage; Paid time off plan; Health savings account (HSA); 401k savings plan; Access to wages before pay day with myFlexPay; Flexible spending accounts (FSAs); Short- and long-term disability coverage; Work-Life resources; Paid parental leave; Healthy lifestyle programs","About the position

The Artificial Intelligence Governance Lead at Cardinal Health's AI Center of Excellence is responsible for establishing and overseeing AI governance policies to ensure ethical, fair, and transparent deployment of AI systems. This role involves collaboration with cross-functional teams to design governance frameworks that align with organizational goals and comply with regulati
ons, ultimately driving transformation in healthcare through innovative AI solutions.

Responsibilities
• Create and maintain an AI catalog documenting all AI initiatives, tools, models, and their governance statuses.
,
• Develop and implement an ROI framework for evaluating the effectiveness and financial impact of AI projects.
,
• Create Standard Operating Procedures (SOPs) for AI governance processes to ensure consistency and compliance.
,
• Lead the creation and continuous improvement of internal AI governance policies and guidelines.
,
• Oversee adherence to established AI policy guidelines and ethical standards.
,
• Ensure AI initiatives comply with applicable legal and regulatory frameworks.
,
• Provide expert advice on navigating risks related to data privacy and AI vulnerabilities.
,
• Collaborate with teams managing AI-related risks to identify, evaluate, and mitigate potential hazards.
,
• Deploy ongoing monitoring mechanisms to maintain conformity with ethical standards across AI systems.
,
• Manage the procedural aspects of AI governance to secure a methodical and replicable framework.
,
• Advocate for transparency and accountability in the use of artificial intelligence.
,
• Analyze complex data and unique outcomes/customers in different Business Units to build a cohesive story around the value of AI.

Requirements
• Bachelor's degree in mathematics, Statistics, Engineering, Computer Science, or related field, or equivalent work experience.
,
• 8-12 years of experience in a relevant field.
,
• Strong grasp of AI technologies and ability to explain complex concepts to diverse stakeholders.
,
• Experience in establishing and managing governance programs across organizations.
,
• Experience with organizational transformation through AI.
,
• Curiosity, flexibility, and enthusiasm for driving change.

Nice-to-haves
• Experience in leading multidisciplinary collaboration efforts in AI governance.
,
• Ability to influence leaders and secure buy-in for governance programs.

Benefits
• Medical, dental and vision coverage
,
• Paid time off plan
,
• Health savings account (HSA)
,
• 401k savings plan
,
• Access to wages before pay day with myFlexPay
,
• Flexible spending accounts (FSAs)
,
• Short- and long-term disability coverage
,
• Work-Life resources
,
• Paid parental leave
,
• Healthy lifestyle programs
"
"Senior Legal Counsel, AI Governance",Contentful Inc,"San Francisco, CA • via BeBee",2025-01-08T19:49:51.748420,"You should be able to distill complex legal concepts into simple, actionable business advice","You should be able to distill complex legal concepts into simple, actionable business advice","You should be able to distill complex legal concepts into simple, actionable business advice","You should be able to distill complex legal concepts into simple, actionable business advice","Full-time employees receive Stock Options for the opportunity to share in the success of our company
Comprehensive healthcare package covering 100% of monthly health premiums for employees and 85% of costs for your dependents
Fertility and family building benefits, including a lifetime reimbursable wallet to support your growing family
We value Work-Life balance and You Time, offering a generous amount of paid time off, including vacation days, sick days, compassion days for loss, education days, and volunteer days
Company-paid parental leave to care for and focus on your growing family
Use your personal annual education budget to improve your skills and grow in your career
Enjoy a full range of virtual and in-person events, including workshops, guest speakers, and fun team activities, supporting learning and networking exchange beyond the usual work duties
An annual wellbeing stipend to care for your physical, financial, or emotional health
A monthly communication stipend and phone hardware upgrade reimbursement
New hire office equipment stipend for hybrid or distributed employees
Get the gear you need to work at your best","Full-time employees receive Stock Options for the opportunity to share in the success of our company; Comprehensive healthcare package covering 100% of monthly health premiums for employees and 85% of costs for your dependents; Fertility and family building benefits, including a lifetime reimbursable wallet to support your growing family; We value Work-Life balance and You Time, offering a generous amount of paid time off, including vacation days, sick days, compassion days for loss, education days, and volunteer days; Company-paid parental leave to care for and focus on your growing family; Use your personal annual education budget to improve your skills and grow in your career; Enjoy a full range of virtual and in-person events, including workshops, guest speakers, and fun team activities, supporting learning and networking exchange beyond the usual work duties; An annual wellbeing stipend to care for your physical, financial, or emotional health; A monthly communication stipend and phone hardware upgrade reimbursement; New hire office equipment stipend for hybrid or distributed employees; Get the gear you need to work at your best","Full-time employees receive Stock Options for the opportunity to share in the success of our company
Comprehensive healthcare package covering 100% of monthly health premiums for employees and 85% of costs for your dependents
Fertility and family building benefits, including a lifetime reimbursable wallet to support your growing family
We value Work-Life balance and You Time, offering a generous amount of paid time off, including vacation days, sick days, compassion days for loss, education days, and volunteer days
Company-paid parental leave to care for and focus on your growing family
Use your personal annual education budget to improve your skills and grow in your career
Enjoy a full range of virtual and in-person events, including workshops, guest speakers, and fun team activities, supporting learning and networking exchange beyond the usual work duties
An annual wellbeing stipend to care for your physical, financial, or emotional health
A monthly communication stipend and phone hardware upgrade reimbursement
New hire office equipment stipend for hybrid or distributed employees
Get the gear you need to work at your best","Full-time employees receive Stock Options for the opportunity to share in the success of our company; Comprehensive healthcare package covering 100% of monthly health premiums for employees and 85% of costs for your dependents; Fertility and family building benefits, including a lifetime reimbursable wallet to support your growing family; We value Work-Life balance and You Time, offering a generous amount of paid time off, including vacation days, sick days, compassion days for loss, education days, and volunteer days; Company-paid parental leave to care for and focus on your growing family; Use your personal annual education budget to improve your skills and grow in your career; Enjoy a full range of virtual and in-person events, including workshops, guest speakers, and fun team activities, supporting learning and networking exchange beyond the usual work duties; An annual wellbeing stipend to care for your physical, financial, or emotional health; A monthly communication stipend and phone hardware upgrade reimbursement; New hire office equipment stipend for hybrid or distributed employees; Get the gear you need to work at your best","About this opportunity at Contentful, we're looking for a talented Legal Counsel - AI Governance & IP to join our growing legal team. This role is perfect for someone who wants to make a meaningful impact in an innovative and high-growth company.

As the ideal candidate, you will have direct subject matter expertise in AI and intellectual property. You'll advise and partner with various teams acro
ss the organization, including Engineering, Product, Security, IT, Marketing, People, and more. Your key responsibilities will include:

AI Governance Program:
• Develop a comprehensive AI governance program that meets industry standards
• Work with cross-functional stakeholders on implementation and risk assessments
• Draft policies, guidelines, and training materials

Intellectual Property (IP) Management:
• Manage Contentful's global IP portfolio, including patents and trademarks
• Negotiate IP terms in technology-related transactions
• Provide analysis and guidance on AI and IP issues to ensure compliance with existing and emerging laws and industry best practices

This role requires strong collaboration, communication, and problem-solving skills. You should be able to distill complex legal concepts into simple, actionable business advice. If you're up for the challenge, we'd love to hear from you!

What do we offer?
• Full-time employees receive Stock Options for the opportunity to share in the success of our company.
• Comprehensive healthcare package covering 100% of monthly health premiums for employees and 85% of costs for your dependents.
• Fertility and family building benefits, including a lifetime reimbursable wallet to support your growing family.
• We value Work-Life balance and You Time, offering a generous amount of paid time off, including vacation days, sick days, compassion days for loss, education days, and volunteer days.
• Company-paid parental leave to care for and focus on your growing family.
• Use your personal annual education budget to improve your skills and grow in your career.
• Enjoy a full range of virtual and in-person events, including workshops, guest speakers, and fun team activities, supporting learning and networking exchange beyond the usual work duties.
• An annual wellbeing stipend to care for your physical, financial, or emotional health.
• A monthly communication stipend and phone hardware upgrade reimbursement.
• New hire office equipment stipend for hybrid or distributed employees. Get the gear you need to work at your best.

We're an equal opportunity employer and welcome applicants from diverse backgrounds. All qualified applications will receive consideration for employment without regard to race, color, national origin, religion, sexual orientation, gender, gender identity, age, physical [dis]ability, or length of time spent unemployed. Please apply if you're interested in this exciting opportunity!
"
Enterprise AI Governance Lead,Highmark Health,"Pittsburgh, PA • via BeBee",2025-01-08T19:50:01.438406,"You must also be proficient in Collibra Data Governance Center, PowerBI or similar, SQL, Toad, or similar, and Agile methodology
To be successful in this role, you should have excellent communication skills, the ability to work independently, and a strong understanding of data governance principles","You must also be proficient in Collibra Data Governance Center, PowerBI or similar, SQL, Toad, or similar, and Agile methodology; To be successful in this role, you should have excellent communication skills, the ability to work independently, and a strong understanding of data governance principles","You must also be proficient in Collibra Data Governance Center, PowerBI or similar, SQL, Toad, or similar, and Agile methodology
To be successful in this role, you should have excellent communication skills, the ability to work independently, and a strong understanding of data governance principles","You must also be proficient in Collibra Data Governance Center, PowerBI or similar, SQL, Toad, or similar, and Agile methodology; To be successful in this role, you should have excellent communication skills, the ability to work independently, and a strong understanding of data governance principles","The salary range for this position is $140,000 - $200,000 per year, based on your level of experience","The salary range for this position is $140,000 - $200,000 per year, based on your level of experience","The salary range for this position is $140,000 - $200,000 per year, based on your level of experience","The salary range for this position is $140,000 - $200,000 per year, based on your level of experience","About the Job

As an Enterprise AI Governance Lead, you will be responsible for providing backup and support for various data governance committees, executing governance requirements established for all entities across the organization, and working with data owners to establish definitions of data elements used by analytics.

The salary range for this position is $140,000 - $200,000 per year, base
d on your level of experience. You must also be proficient in Collibra Data Governance Center, PowerBI or similar, SQL, Toad, or similar, and Agile methodology.

To be successful in this role, you should have excellent communication skills, the ability to work independently, and a strong understanding of data governance principles.
"
Model Risk Management (Artificial Intelligence) - Senior Manager,Jobs For Humanity,"Houston, TX • via Teal",2025-01-08T19:50:11.365077,"Minimum of five years of experience building, testing, implementing, or validating models in a financial services technology, banking, payments, merchant/acquiring, audit/consulting, business software, retail or online services company
Experience with general Risk Management concepts and validation techniques used in model risk management
Highly analytical with ability to self-learn and effectively challenge processes and procedures
Ability to communicate and document findings, observations, and risk issues for executive level reporting
Ability to interpret technical documents and evaluate for accuracy and completeness
Ability to carry out Program objectives, improve existing processes, and represent a global risk function
Ability to think critically and work independently on highly visible products
Self-motivated with ability to engage business stakeholders and embed risk and compliance disciplines into business operations
Strong written, verbal, analytical, and organizational skills
Able to work autonomously to set priorities and manage multiple tasks across various timelines
Advanced understanding of applicable regulatory rules, guidance, or supervisory letters
Bachelor's Degree in Mathematics, Finance, Statistics or Business","Minimum of five years of experience building, testing, implementing, or validating models in a financial services technology, banking, payments, merchant/acquiring, audit/consulting, business software, retail or online services company; Experience with general Risk Management concepts and validation techniques used in model risk management; Highly analytical with ability to self-learn and effectively challenge processes and procedures; Ability to communicate and document findings, observations, and risk issues for executive level reporting; Ability to interpret technical documents and evaluate for accuracy and completeness; Ability to carry out Program objectives, improve existing processes, and represent a global risk function; Ability to think critically and work independently on highly visible products; Self-motivated with ability to engage business stakeholders and embed risk and compliance disciplines into business operations; Strong written, verbal, analytical, and organizational skills; Able to work autonomously to set priorities and manage multiple tasks across various timelines; Advanced understanding of applicable regulatory rules, guidance, or supervisory letters; Bachelor's Degree in Mathematics, Finance, Statistics or Business","Minimum of five years of experience building, testing, implementing, or validating models in a financial services technology, banking, payments, merchant/acquiring, audit/consulting, business software, retail or online services company
Experience with general Risk Management concepts and validation techniques used in model risk management
Highly analytical with ability to self-learn and effectively challenge processes and procedures
Ability to communicate and document findings, observations, and risk issues for executive level reporting
Ability to interpret technical documents and evaluate for accuracy and completeness
Ability to carry out Program objectives, improve existing processes, and represent a global risk function
Ability to think critically and work independently on highly visible products
Self-motivated with ability to engage business stakeholders and embed risk and compliance disciplines into business operations
Strong written, verbal, analytical, and organizational skills
Able to work autonomously to set priorities and manage multiple tasks across various timelines
Advanced understanding of applicable regulatory rules, guidance, or supervisory letters
Bachelor's Degree in Mathematics, Finance, Statistics or Business","Minimum of five years of experience building, testing, implementing, or validating models in a financial services technology, banking, payments, merchant/acquiring, audit/consulting, business software, retail or online services company; Experience with general Risk Management concepts and validation techniques used in model risk management; Highly analytical with ability to self-learn and effectively challenge processes and procedures; Ability to communicate and document findings, observations, and risk issues for executive level reporting; Ability to interpret technical documents and evaluate for accuracy and completeness; Ability to carry out Program objectives, improve existing processes, and represent a global risk function; Ability to think critically and work independently on highly visible products; Self-motivated with ability to engage business stakeholders and embed risk and compliance disciplines into business operations; Strong written, verbal, analytical, and organizational skills; Able to work autonomously to set priorities and manage multiple tasks across various timelines; Advanced understanding of applicable regulatory rules, guidance, or supervisory letters; Bachelor's Degree in Mathematics, Finance, Statistics or Business","A voice in the future of fintech
Always-on learning and development
Collaborative work environment
Opportunities to give back
Competitive compensation package with a salary range of $117,620.00 - $197,580.00 based on experience and location","A voice in the future of fintech; Always-on learning and development; Collaborative work environment; Opportunities to give back; Competitive compensation package with a salary range of $117,620.00 - $197,580.00 based on experience and location","A voice in the future of fintech
Always-on learning and development
Collaborative work environment
Opportunities to give back
Competitive compensation package with a salary range of $117,620.00 - $197,580.00 based on experience and location","A voice in the future of fintech; Always-on learning and development; Collaborative work environment; Opportunities to give back; Competitive compensation package with a salary range of $117,620.00 - $197,580.00 based on experience and location","About the position

As a valued member of our Enterprise Risk Team, you will be responsible for the execution of a global model risk management (MRM) program ensuring lines of business comply with corporate policies and regulatory guidance for proper model risk management and governance. This role is critical as it involves leading dynamic AI and GenAI model risk and control environment assessment
s, evaluating model performance, developing internal and external reporting, documenting and monitoring model risk issues and remediation, and guiding businesses on opportunities to align model risk functions with industry best practices. The Enterprise Risk Management organization is responsible for governance and oversight of global operational and strategic risk management for all FIS products and services. The Model Risk Management team, within Enterprise Risk, focuses on managing FinTech model risk across a dynamic ecosystem of banking, payments, wealth, trading, treasury, and risk businesses; ensuring model environments are sound, secure, controlled, and in compliance with corporate model risk practices and standards. In this role, you will support the development of AI and GenAI model risk frameworks for second line of defense oversight and governance. You will partner with risk and compliance practitioners to enhance and mature existing model risk management routines and framework. Additionally, you will conduct control testing examinations to ensure compliance with GenAI, Model, and Data Classification/Handling policies, and support other model risk management activities, exams, and process improvements, including AML monitoring, fraud risk, trading, and sanction screening tools and solutions.

Responsibilities
• Support development of AI and GenAI model risk frameworks for second line of defense oversight and governance.
,
• Partner with risk and compliance practitioners to enhance and mature existing model risk management routines and framework.
,
• Conduct control testing examinations to ensure compliance with GenAI, Model, and Data Classification/Handling policies.
,
• Support other model risk management activities, exams, and process improvements, including AML monitoring, fraud risk, trading, and sanction screening tools and solutions.
,
• Develop look-back testing routines to ensure businesses maintain consistency and compliance with approved GenAI use case, scope, purpose, and data use.
,
• Analyze and evaluate effectiveness of business monitoring processes that ensure AI generation and output are fit for purpose, accurate, and void of bias or defects.
,
• Collaborate with business owners to foster and mature AI model risk governance practices across the enterprise.
,
• Manage enterprise inventory of AI models, owners, and vendors.
,
• Develop executive level reporting on AI model governance for leadership and board updates.
,
• Support third-party risk management initiatives regarding AI use and data protection.
,
• Stay current on AI developments, trends, and regulations.
,
• Serve as the primary subject matter expert for enterprise model risk management standards, program governance and framework.
,
• Facilitate model risk management committee and outreach initiatives.
,
• Develop key metrics reporting for business stakeholders and executive leadership.
,
• Provide on demand support during the regulatory exams on model risk management and periodic reviews performed by the Internal Audit.

Requirements
• Minimum of five years of experience building, testing, implementing, or validating models in a financial services technology, banking, payments, merchant/acquiring, audit/consulting, business software, retail or online services company.
,
• Experience with general Risk Management concepts and validation techniques used in model risk management.
,
• Highly analytical with ability to self-learn and effectively challenge processes and procedures.
,
• Ability to communicate and document findings, observations, and risk issues for executive level reporting.
,
• Ability to interpret technical documents and evaluate for accuracy and completeness.
,
• Ability to carry out Program objectives, improve existing processes, and represent a global risk function.
,
• Ability to think critically and work independently on highly visible products.
,
• Self-motivated with ability to engage business stakeholders and embed risk and compliance disciplines into business operations.
,
• Strong written, verbal, analytical, and organizational skills.
,
• Able to work autonomously to set priorities and manage multiple tasks across various timelines.
,
• Advanced understanding of applicable regulatory rules, guidance, or supervisory letters.

Nice-to-haves
• Bachelor's Degree in Mathematics, Finance, Statistics or Business.

Benefits
• A voice in the future of fintech
,
• Always-on learning and development
,
• Collaborative work environment
,
• Opportunities to give back
,
• Competitive compensation package with a salary range of $117,620.00 - $197,580.00 based on experience and location.
"
Generative AI Governance and Process Manager,Xerox,"Cheyenne, WY • via Learn4Good",2025-01-08T19:50:21.207921,"Proven experience in governance, process management, or risk management, preferably within AI or emerging technologies
Strong background in developing and operationalizing frameworks and processes
Experience with technology solutions that support governance
Familiarity with data privacy, security, and compliance regulations related to AI
Strong analytical and problem-solving skills","Proven experience in governance, process management, or risk management, preferably within AI or emerging technologies; Strong background in developing and operationalizing frameworks and processes; Experience with technology solutions that support governance; Familiarity with data privacy, security, and compliance regulations related to AI; Strong analytical and problem-solving skills","Proven experience in governance, process management, or risk management, preferably within AI or emerging technologies
Strong background in developing and operationalizing frameworks and processes
Experience with technology solutions that support governance
Familiarity with data privacy, security, and compliance regulations related to AI
Strong analytical and problem-solving skills","Proven experience in governance, process management, or risk management, preferably within AI or emerging technologies; Strong background in developing and operationalizing frameworks and processes; Experience with technology solutions that support governance; Familiarity with data privacy, security, and compliance regulations related to AI; Strong analytical and problem-solving skills","Annual Base Salary Minimum: 89,340
Annual Base Salary Maximum: 178,680","Annual Base Salary Minimum: 89,340; Annual Base Salary Maximum: 178,680","Annual Base Salary Minimum: 89,340
Annual Base Salary Maximum: 178,680","Annual Base Salary Minimum: 89,340; Annual Base Salary Maximum: 178,680","Xerox Generative AI Governance and Process Manager Cheyenne, Wyoming Apply Now

General Information

Country: United States

Department: IM BUSINESS OPERATIONS

Date: Monday, December 23, 2024

Working time: Full-time

#:

Job Level: Specialist

Job Type: Experienced

Job Field: IM BUSINESS OPERATIONS

Seniority Level: Mid-Senior Level

Currency: USD - United States - US

Annual Base Salary Minimu
m: 89,340

Annual Base Salary Maximum: 178,680

Description & Requirements

About Xerox Holdings Corporation

For more than 100 years, Xerox has continually redefined the workplace experience. Harnessing our leadership position in office and production print technology, we’ve expanded into software and services to sustainably power today’s workforce. Today, Xerox scientists and engineers are continuing our legacy of innovation with disruptive technologies in digital transformation, augmented reality, robotic process automation, additive manufacturing, Industrial Internet of Things, and cleantech.

About the Role:

The Generative AI Governance and Process Manager will be a key member of the Generative AI Center of Excellence (COE), responsible for designing, implementing, and continuously refining governance frameworks and operational processes for Generative AI technologies. This role ensures that AI initiatives across Xerox are streamlined, responsible, and aligned with business goals.

Key Responsibilities:
• Establish Governance Frameworks and Processes: Design and implement a centralized governance framework to streamline Generative AI intake, reviews, and approvals.
• Centralize and Streamline Intake and Reviews: Build and manage a unified channel for Generative AI intake, ensuring consistency across business functions.
• Technology Management and Process Support: Identify and implement tools and platforms to support governance processes.
• Adapt Processes to Evolving Technologies: Continuously evaluate and update governance frameworks and processes to keep pace with advancements in Generative AI.
• Collaboration and Synergy Building: Work closely with internal business functions to ensure alignment and eliminate silos in governance efforts.
• Metrics, Reporting, and Communication: Develop metrics and dashboards to track the effectiveness of governance frameworks and processes.

Qualifications and Experience:
• Proven experience in governance, process management, or risk management, preferably within AI or emerging technologies.
• Strong background in developing and operationalizing frameworks and processes.
• Experience with technology solutions that support governance.
• Familiarity with data privacy, security, and compliance regulations related to AI.
• Strong analytical and problem-solving skills.
• Bachelor’s degree in a related field required; certifications in governance or project management are a plus.

Xerox is an Equal Opportunity Employer

People with disabilities who need a reasonable accommodation to apply or compete for employment with Xerox may request such accommodation(s) by sending an e-mail to Xerox
#J-18808-Ljbffr
"
Principal AI Governance Expert,City and County of San Francisco,"San Francisco, CA • via BeBee",2025-01-08T19:50:31.131353,"Possession of a baccalaureate degree from an accredited college or university, and five (5) years full-time equivalent experience performing professional-level analytical work
Substitution: Possession of a graduate degree (Master's degree or higher) from an accredited college or university with major coursework in specialized subject matter areas such as public or business administration, management, business law, contract law, public policy, urban studies, economics, statistical analysis, finance, accounting or other fields of study closely related to the essential functions of positions in the Class series may be substituted for one (1) year of required experience
A hybrid work arrangement with a minimum of 20% time spent in the office in San Francisco, California","Possession of a baccalaureate degree from an accredited college or university, and five (5) years full-time equivalent experience performing professional-level analytical work; Substitution: Possession of a graduate degree (Master's degree or higher) from an accredited college or university with major coursework in specialized subject matter areas such as public or business administration, management, business law, contract law, public policy, urban studies, economics, statistical analysis, finance, accounting or other fields of study closely related to the essential functions of positions in the Class series may be substituted for one (1) year of required experience; A hybrid work arrangement with a minimum of 20% time spent in the office in San Francisco, California","Possession of a baccalaureate degree from an accredited college or university, and five (5) years full-time equivalent experience performing professional-level analytical work
Substitution: Possession of a graduate degree (Master's degree or higher) from an accredited college or university with major coursework in specialized subject matter areas such as public or business administration, management, business law, contract law, public policy, urban studies, economics, statistical analysis, finance, accounting or other fields of study closely related to the essential functions of positions in the Class series may be substituted for one (1) year of required experience
A hybrid work arrangement with a minimum of 20% time spent in the office in San Francisco, California","Possession of a baccalaureate degree from an accredited college or university, and five (5) years full-time equivalent experience performing professional-level analytical work; Substitution: Possession of a graduate degree (Master's degree or higher) from an accredited college or university with major coursework in specialized subject matter areas such as public or business administration, management, business law, contract law, public policy, urban studies, economics, statistical analysis, finance, accounting or other fields of study closely related to the essential functions of positions in the Class series may be substituted for one (1) year of required experience; A hybrid work arrangement with a minimum of 20% time spent in the office in San Francisco, California","An estimated annual salary of $138,268 - $168,090, based on the competitive hourly rate of $66.4750 - $80.8125
A diverse work environment in a vibrant and inclusive city
Career development and growth opportunities, including training programs and workshops","An estimated annual salary of $138,268 - $168,090, based on the competitive hourly rate of $66.4750 - $80.8125; A diverse work environment in a vibrant and inclusive city; Career development and growth opportunities, including training programs and workshops","An estimated annual salary of $138,268 - $168,090, based on the competitive hourly rate of $66.4750 - $80.8125
A diverse work environment in a vibrant and inclusive city
Career development and growth opportunities, including training programs and workshops","An estimated annual salary of $138,268 - $168,090, based on the competitive hourly rate of $66.4750 - $80.8125; A diverse work environment in a vibrant and inclusive city; Career development and growth opportunities, including training programs and workshops","Shape the Future of Technology!
• *Job Description:**

We are seeking a highly skilled Principal AI Governance Expert to join our Emerging Technologies team at the Department of Technology. This is an exciting opportunity to shape the future of technology and ensure its responsible and ethical use in the City and County of San Francisco.

As a Principal AI Governance Expert, you will lead the deve
lopment and implementation of policies and frameworks that govern the use of artificial intelligence (AI) across the City. Your work will directly impact how technology serves San Franciscans, businesses, and visitors.
• *Key Requirements:
• Possession of a baccalaureate degree from an accredited college or university, and five (5) years full-time equivalent experience performing professional-level analytical work.
• Substitution: Possession of a graduate degree (Master's degree or higher) from an accredited college or university with major coursework in specialized subject matter areas such as public or business administration, management, business law, contract law, public policy, urban studies, economics, statistical analysis, finance, accounting or other fields of study closely related to the essential functions of positions in the Class series may be substituted for one (1) year of required experience.
• *Benefits Package:
• An estimated annual salary of $138,268 - $168,090, based on the competitive hourly rate of $66.4750 - $80.8125.
• A hybrid work arrangement with a minimum of 20% time spent in the office in San Francisco, California.
• A diverse work environment in a vibrant and inclusive city.
• Career development and growth opportunities, including training programs and workshops.
• *How to Apply:

Apply via the City and County of San Francisco's official job portal, attaching your resume, cover letter, and any supporting documents.
"
Manager - AI Risk Management,American Express,"Juneau, AK • via Teal",2025-01-08T19:50:41.024587,"Deep technical expertise in AI/machine learning technologies and their potential risks, and strategic thinking ability to align AI risk management with business objectives
Minimum of five years-experience in risk management (preferably including Traditional AI and Gen AI), or related fields within the financial services industry
Strong background in risk management, compliance, and governance
Proven track record in operationalizing risk management frameworks for existing and emerging risks
Knowledgeable of relevant Financial Services industry regulations globally, and AI standards, and ethical principles related to AI
Knowledgeable of managing heightened and novel risks associated with AI and emerging technologies, in particular for Gen AI
Proven expertise and track record in data-driven risk management and analytics tools / technologies
Ability to bring the right balance of big picture thinking and intellectual curiosity
Ability to collaboratively deliver outcomes and results in a volatile, unstructured, challenging, and ambiguous environment
Excellent communication and leadership skills to influence cross-functional teams
Relevant industry certifications","Deep technical expertise in AI/machine learning technologies and their potential risks, and strategic thinking ability to align AI risk management with business objectives; Minimum of five years-experience in risk management (preferably including Traditional AI and Gen AI), or related fields within the financial services industry; Strong background in risk management, compliance, and governance; Proven track record in operationalizing risk management frameworks for existing and emerging risks; Knowledgeable of relevant Financial Services industry regulations globally, and AI standards, and ethical principles related to AI; Knowledgeable of managing heightened and novel risks associated with AI and emerging technologies, in particular for Gen AI; Proven expertise and track record in data-driven risk management and analytics tools / technologies; Ability to bring the right balance of big picture thinking and intellectual curiosity; Ability to collaboratively deliver outcomes and results in a volatile, unstructured, challenging, and ambiguous environment; Excellent communication and leadership skills to influence cross-functional teams; Relevant industry certifications","Deep technical expertise in AI/machine learning technologies and their potential risks, and strategic thinking ability to align AI risk management with business objectives
Minimum of five years-experience in risk management (preferably including Traditional AI and Gen AI), or related fields within the financial services industry
Strong background in risk management, compliance, and governance
Proven track record in operationalizing risk management frameworks for existing and emerging risks
Knowledgeable of relevant Financial Services industry regulations globally, and AI standards, and ethical principles related to AI
Knowledgeable of managing heightened and novel risks associated with AI and emerging technologies, in particular for Gen AI
Proven expertise and track record in data-driven risk management and analytics tools / technologies
Ability to bring the right balance of big picture thinking and intellectual curiosity
Ability to collaboratively deliver outcomes and results in a volatile, unstructured, challenging, and ambiguous environment
Excellent communication and leadership skills to influence cross-functional teams
Relevant industry certifications","Deep technical expertise in AI/machine learning technologies and their potential risks, and strategic thinking ability to align AI risk management with business objectives; Minimum of five years-experience in risk management (preferably including Traditional AI and Gen AI), or related fields within the financial services industry; Strong background in risk management, compliance, and governance; Proven track record in operationalizing risk management frameworks for existing and emerging risks; Knowledgeable of relevant Financial Services industry regulations globally, and AI standards, and ethical principles related to AI; Knowledgeable of managing heightened and novel risks associated with AI and emerging technologies, in particular for Gen AI; Proven expertise and track record in data-driven risk management and analytics tools / technologies; Ability to bring the right balance of big picture thinking and intellectual curiosity; Ability to collaboratively deliver outcomes and results in a volatile, unstructured, challenging, and ambiguous environment; Excellent communication and leadership skills to influence cross-functional teams; Relevant industry certifications","Competitive base salaries
Bonus incentives
6% Company Match on retirement savings plan
Free financial services",Competitive base salaries; Bonus incentives; 6% Company Match on retirement savings plan; Free financial services,"Competitive base salaries
Bonus incentives
6% Company Match on retirement savings plan
Free financial services",Competitive base salaries; Bonus incentives; 6% Company Match on retirement savings plan; Free financial services,"About the position

The Manager of AI Risk Management at American Express is responsible for overseeing the risk management and governance framework related to the development and deployment of artificial intelligence (AI) systems. This role involves identifying, measuring, managing, and reporting risks associated with Traditional AI and Generative AI (Gen AI) while ensuring compliance with regula
tory requirements. The position requires collaboration with various departments to establish controls, conduct risk assessments, and develop training modules for AI risks, ultimately contributing to the company's commitment to safety and soundness in AI adoption.

Responsibilities
• Implement AI risk management framework, AI risk policy, and AI risk capabilities to identify, measure, manage, monitor, and report risks related to Traditional AI and Gen AI.
,
• Identify heightened and novel risks presented by Traditional AI and Gen AI and oversee controls in line with AXP's risk and control framework.
,
• Leverage AI risk framework to conduct risk assessments at an aggregate level and for various AI and Gen AI use cases, across the AI use case lifecycle.
,
• Develop Board and management reporting on key risk metrics (Key Control Indicators, Key Risk Indicators and Key Performance Indicators) towards early identification of key Traditional AI and Gen AI risks.
,
• Execute monitoring and testing processes to continuously evaluate AI risks.
,
• Collaborate with leadership across Technologies, Privacy, Legal, Data and other organizations to report on the organization's risk appetite for AI and monitor adherence to established thresholds.
,
• Collaborate with GCO and other key partners, to develop and implement an enterprise-wide training module for Traditional AI and Gen AI risks.
,
• Support the Gen AI risk governance council meetings for Gen AI Risk governance, use case risk assessments, including related record keeping and preparation of materials.
,
• Support the socialization of the Gen AI use case risk assessment intake governance and life cycle management.
,
• Support the socialization of the Gen AI risk policy setting forth risk assessment and governance structure, roles and responsibilities, and risk management requirements.
,
• Support the development and delivery of enterprise role-based curriculum for AI risks, including all colleague training.
,
• Facilitate and manage ongoing enhancements of risk factor analysis from all pillar SMEs and document minimum recommended controls for each risk area.
,
• Support the development, collection and publication of standardized metrics for tracking Gen AI usage.
,
• Track enterprise activities and develop leadership reporting as directed, including on AI risk taking, inventory, and escalations.
,
• Support other internal teams on their regulatory exams/ reporting, public disclosures, board and risk committee reporting, litigation, etc.

Requirements
• Deep technical expertise in AI/machine learning technologies and their potential risks, and strategic thinking ability to align AI risk management with business objectives.
,
• Minimum of five years-experience in risk management (preferably including Traditional AI and Gen AI), or related fields within the financial services industry.
,
• Strong background in risk management, compliance, and governance.
,
• Proven track record in operationalizing risk management frameworks for existing and emerging risks.
,
• Experience and expertise in Data Risk, Information Security, Operations, Privacy and Compliance is desirable.
,
• Experience in successfully executing AI risk management strategies in a Fortune 500 or similarly complex organization is desirable.
,
• Advanced degree in Technology, Engineering, Risk Management, Computer Science, Mathematics, or a related discipline is preferred.
,
• Knowledgeable of relevant Financial Services industry regulations globally, and AI standards, and ethical principles related to AI.
,
• Knowledgeable of managing heightened and novel risks associated with AI and emerging technologies, in particular for Gen AI.
,
• Knowledgeable of large language models (LLMs) and technology architecture, especially for cloud-based deployments would be a plus.
,
• Proven expertise and track record in data-driven risk management and analytics tools / technologies.
,
• Ability to bring the right balance of big picture thinking and intellectual curiosity.
,
• Ability to collaboratively deliver outcomes and results in a volatile, unstructured, challenging, and ambiguous environment.
,
• Excellent communication and leadership skills to influence cross-functional teams.
,
• Relevant industry certifications.

Nice-to-haves

Benefits
• Competitive base salaries
,
• Bonus incentives
,
• 6% Company Match on retirement savings plan
,
• Free financial services
"
Cybersecurity Specialist in AI Governance,XCEL Engineering Inc,"Oak Ridge, TN • via BeBee",2025-01-08T19:50:50.851696,"Bachelor's or Master's degree in Computer Science, Information Security, Data Science, or a related field
Proven experience in developing and implementing governance frameworks and policies
Strong understanding of AI technologies, ethical AI principles, and data privacy regulations
Ability to obtain and maintain a DOE Q security clearance
Excellent analytical, problem-solving, and communication skills","Bachelor's or Master's degree in Computer Science, Information Security, Data Science, or a related field; Proven experience in developing and implementing governance frameworks and policies; Strong understanding of AI technologies, ethical AI principles, and data privacy regulations; Ability to obtain and maintain a DOE Q security clearance; Excellent analytical, problem-solving, and communication skills","Bachelor's or Master's degree in Computer Science, Information Security, Data Science, or a related field
Proven experience in developing and implementing governance frameworks and policies
Strong understanding of AI technologies, ethical AI principles, and data privacy regulations
Ability to obtain and maintain a DOE Q security clearance
Excellent analytical, problem-solving, and communication skills","Bachelor's or Master's degree in Computer Science, Information Security, Data Science, or a related field; Proven experience in developing and implementing governance frameworks and policies; Strong understanding of AI technologies, ethical AI principles, and data privacy regulations; Ability to obtain and maintain a DOE Q security clearance; Excellent analytical, problem-solving, and communication skills","A competitive salary of $120,000 per year
A comprehensive benefits package, including health insurance, retirement savings plan, and paid time off
The opportunity to work with a talented team of professionals in the field of AI
Professional development opportunities to enhance your skills and knowledge","A competitive salary of $120,000 per year; A comprehensive benefits package, including health insurance, retirement savings plan, and paid time off; The opportunity to work with a talented team of professionals in the field of AI; Professional development opportunities to enhance your skills and knowledge","A competitive salary of $120,000 per year
A comprehensive benefits package, including health insurance, retirement savings plan, and paid time off
The opportunity to work with a talented team of professionals in the field of AI
Professional development opportunities to enhance your skills and knowledge","A competitive salary of $120,000 per year; A comprehensive benefits package, including health insurance, retirement savings plan, and paid time off; The opportunity to work with a talented team of professionals in the field of AI; Professional development opportunities to enhance your skills and knowledge","Xcel Engineering Inc is a leading provider of cutting-edge solutions in the field of Artificial Intelligence. We are currently seeking a highly skilled Cybersecurity Specialist in AI Governance to join our team.

About the Role:

We are looking for an expert who can develop and implement robust governance frameworks, policies, and procedures to ensure secure and responsible use of AI technologies.
The successful candidate will work closely with cross-functional teams to establish guidelines for the ethical creation, management, and use of AI datasets and models.

Key Responsibilities:
• Develop and implement AI governance frameworks, policies, and procedures to ensure compliance with regulatory requirements and industry standards.
• Conduct risk assessments of AI systems and datasets to identify potential security vulnerabilities and ethical concerns.
• Establish guidelines for the ethical creation, management, and use of AI datasets and models.
• Implement controls and mitigation strategies to address identified risks and ensure the integrity of AI models.
• Monitor AI systems for compliance with established governance policies and procedures.
• Prepare and present reports on AI governance and security metrics to senior management and stakeholders.

Requirements:
• Bachelor's or Master's degree in Computer Science, Information Security, Data Science, or a related field.
• Proven experience in developing and implementing governance frameworks and policies.
• Strong understanding of AI technologies, ethical AI principles, and data privacy regulations.
• Ability to obtain and maintain a DOE Q security clearance.
• Excellent analytical, problem-solving, and communication skills.

What We Offer:
• A competitive salary of $120,000 per year.
• A comprehensive benefits package, including health insurance, retirement savings plan, and paid time off.
• The opportunity to work with a talented team of professionals in the field of AI.
• Professional development opportunities to enhance your skills and knowledge.

Xcel Engineering Inc is an Equal Opportunity/Affirmative Action Employer. All qualified applicants will receive consideration for employment without regard to race, color, religion, religious creed, gender, sexual orientation, gender identity, gender expression, transgender, pregnancy, marital status, national origin, ancestry, citizenship status, age, disability, protected Veteran Status, genetics, or any other characteristics protected by applicable federal, state, or local law.
"
"Senior Legal Counsel, AI Governance",Contentful Inc,"Denver, CO • via BeBee",2025-01-08T19:51:00.699429,"10+ years of legal practice with direct subject matter expertise in AI and intellectual property
Proven track record of providing legal advice and guidance on complex issues related to AI and IP
Substantial experience drafting and editing policies, procedures, and related governance documents
Demonstrable project management skills
Highly responsive, solution-oriented approach in working with stakeholders
Strong writing skills with an attention to detail and the ability to express complicated matters in easily understandable and effective ways
Excellent judgment, analytical rigor, and business pragmatism
Self-directed and takes ownership of tasks with the ability to work effectively both independently and collaboratively","10+ years of legal practice with direct subject matter expertise in AI and intellectual property; Proven track record of providing legal advice and guidance on complex issues related to AI and IP; Substantial experience drafting and editing policies, procedures, and related governance documents; Demonstrable project management skills; Highly responsive, solution-oriented approach in working with stakeholders; Strong writing skills with an attention to detail and the ability to express complicated matters in easily understandable and effective ways; Excellent judgment, analytical rigor, and business pragmatism; Self-directed and takes ownership of tasks with the ability to work effectively both independently and collaboratively","10+ years of legal practice with direct subject matter expertise in AI and intellectual property
Proven track record of providing legal advice and guidance on complex issues related to AI and IP
Substantial experience drafting and editing policies, procedures, and related governance documents
Demonstrable project management skills
Highly responsive, solution-oriented approach in working with stakeholders
Strong writing skills with an attention to detail and the ability to express complicated matters in easily understandable and effective ways
Excellent judgment, analytical rigor, and business pragmatism
Self-directed and takes ownership of tasks with the ability to work effectively both independently and collaboratively","10+ years of legal practice with direct subject matter expertise in AI and intellectual property; Proven track record of providing legal advice and guidance on complex issues related to AI and IP; Substantial experience drafting and editing policies, procedures, and related governance documents; Demonstrable project management skills; Highly responsive, solution-oriented approach in working with stakeholders; Strong writing skills with an attention to detail and the ability to express complicated matters in easily understandable and effective ways; Excellent judgment, analytical rigor, and business pragmatism; Self-directed and takes ownership of tasks with the ability to work effectively both independently and collaboratively","Join an ambitious tech company reshaping the way people build digital experiences
Full-time employees receive Stock Options for the opportunity to share in the success of our company
Comprehensive healthcare package covering 100% of monthly health premiums for employees and 85% of costs for dependents
Fertility and family building benefits, including a lifetime reimbursable wallet to support growing families
Value Work-Life balance and You Time
A generous amount of paid time off, including vacation days, sick days, compassion days for loss, education days, and volunteer days
Company-paid parental leave to care for and focus on growing families
Use personal annual education budget to improve skills and grow in careers
Enjoy full range of virtual and in-person events, including workshops, guest speakers, and fun team activities, supporting learning and networking exchange beyond usual work duties
An annual wellbeing stipend to care for physical, financial, or emotional health
A monthly communication stipend and phone hardware upgrade reimbursement
New hire office equipment stipend for hybrid or distributed employees","Join an ambitious tech company reshaping the way people build digital experiences; Full-time employees receive Stock Options for the opportunity to share in the success of our company; Comprehensive healthcare package covering 100% of monthly health premiums for employees and 85% of costs for dependents; Fertility and family building benefits, including a lifetime reimbursable wallet to support growing families; Value Work-Life balance and You Time; A generous amount of paid time off, including vacation days, sick days, compassion days for loss, education days, and volunteer days; Company-paid parental leave to care for and focus on growing families; Use personal annual education budget to improve skills and grow in careers; Enjoy full range of virtual and in-person events, including workshops, guest speakers, and fun team activities, supporting learning and networking exchange beyond usual work duties; An annual wellbeing stipend to care for physical, financial, or emotional health; A monthly communication stipend and phone hardware upgrade reimbursement; New hire office equipment stipend for hybrid or distributed employees","Join an ambitious tech company reshaping the way people build digital experiences
Full-time employees receive Stock Options for the opportunity to share in the success of our company
Comprehensive healthcare package covering 100% of monthly health premiums for employees and 85% of costs for dependents
Fertility and family building benefits, including a lifetime reimbursable wallet to support growing families
Value Work-Life balance and You Time
A generous amount of paid time off, including vacation days, sick days, compassion days for loss, education days, and volunteer days
Company-paid parental leave to care for and focus on growing families
Use personal annual education budget to improve skills and grow in careers
Enjoy full range of virtual and in-person events, including workshops, guest speakers, and fun team activities, supporting learning and networking exchange beyond usual work duties
An annual wellbeing stipend to care for physical, financial, or emotional health
A monthly communication stipend and phone hardware upgrade reimbursement
New hire office equipment stipend for hybrid or distributed employees","Join an ambitious tech company reshaping the way people build digital experiences; Full-time employees receive Stock Options for the opportunity to share in the success of our company; Comprehensive healthcare package covering 100% of monthly health premiums for employees and 85% of costs for dependents; Fertility and family building benefits, including a lifetime reimbursable wallet to support growing families; Value Work-Life balance and You Time; A generous amount of paid time off, including vacation days, sick days, compassion days for loss, education days, and volunteer days; Company-paid parental leave to care for and focus on growing families; Use personal annual education budget to improve skills and grow in careers; Enjoy full range of virtual and in-person events, including workshops, guest speakers, and fun team activities, supporting learning and networking exchange beyond usual work duties; An annual wellbeing stipend to care for physical, financial, or emotional health; A monthly communication stipend and phone hardware upgrade reimbursement; New hire office equipment stipend for hybrid or distributed employees","About the Opportunity

At Contentful, we're revolutionizing the way people build digital experiences. As our Legal Counsel - AI Governance & IP, you'll advise and partner with cross-functional teams to develop and implement our AI governance program and manage risk and compliance with existing and emerging AI related laws and regulations.

You'll also help manage our patent and trademark portfolio
s, negotiate IP terms in technology-related transactions, and provide advice and support on a variety of IP issues.
What You'll Do
• Develop a comprehensive AI governance program, working with cross-functional stakeholders on implementation, and lead initiatives such as drafting policies, guidelines, risk assessments, and training materials.
• Become the point-person within Legal for internal and customer-facing queries and communications on AI-related issues.
• Support Product, Engineering, Security, and other teams to establish, implement, and maintain an AI risk management framework to meet industry standards.
• Provide analysis and guidance on AI and IP issues to ensure compliance with existing and emerging laws and industry best practices, and implementation into business processes as needed.
• Draft, review, and negotiate AI and IP-related contract terms.
• Develop and implement a comprehensive IP strategy and manage Contentful's global IP portfolio.
• Oversee invention sessions and invention disclosure selection.
• Respond to various IP inquiries from business teams on IP issues ranging from open source software licenses to trademark and domain rights.
• Consult with and direct outside counsel on intellectual property matters.
What We Need
• 10+ years of legal practice with direct subject matter expertise in AI and intellectual property.
• Proven track record of providing legal advice and guidance on complex issues related to AI and IP.
• Substantial experience drafting and editing policies, procedures, and related governance documents.
• Demonstrable project management skills.
• Highly responsive, solution-oriented approach in working with stakeholders.
• Strong writing skills with an attention to detail and the ability to express complicated matters in easily understandable and effective ways.
• Excellent judgment, analytical rigor, and business pragmatism.
• Self-directed and takes ownership of tasks with the ability to work effectively both independently and collaboratively.
What's in It for You
• Join an ambitious tech company reshaping the way people build digital experiences.
• Full-time employees receive Stock Options for the opportunity to share in the success of our company.
• Comprehensive healthcare package covering 100% of monthly health premiums for employees and 85% of costs for dependents.
• Fertility and family building benefits, including a lifetime reimbursable wallet to support growing families.
• Value Work-Life balance and You Time.
• A generous amount of paid time off, including vacation days, sick days, compassion days for loss, education days, and volunteer days.
• Company-paid parental leave to care for and focus on growing families.
• Use personal annual education budget to improve skills and grow in careers.
• Enjoy full range of virtual and in-person events, including workshops, guest speakers, and fun team activities, supporting learning and networking exchange beyond usual work duties.
• An annual wellbeing stipend to care for physical, financial, or emotional health.
• A monthly communication stipend and phone hardware upgrade reimbursement.
• New hire office equipment stipend for hybrid or distributed employees.
"
Machine Learning Governance Specialist,ITR,"Oak Ridge, TN • via BeBee",2025-01-08T19:51:10.381111,The ideal candidate will possess a strong background in AI security and governance,The ideal candidate will possess a strong background in AI security and governance,The ideal candidate will possess a strong background in AI security and governance,The ideal candidate will possess a strong background in AI security and governance,"Salary Range: $90,000 - $120,000 per year based on experience","Salary Range: $90,000 - $120,000 per year based on experience","Salary Range: $90,000 - $120,000 per year based on experience","Salary Range: $90,000 - $120,000 per year based on experience","Job Overview:
ITR seeks a qualified AI Security Analyst to join their team in East Tennessee. The ideal candidate will possess a strong background in AI security and governance. Key responsibilities include developing and implementing AI governance frameworks, ensuring compliance with regulatory requirements, and conducting risk assessments.

Salary Range: $90,000 - $120,000 per year based on expe
rience.
"
