Title,Company,Location,Timestamp,Job Highlights,Job Highlights Items,Qualifications,Qualifications Items,Benefits,Benefits Items,Responsibilities,Responsibilities Items,Job Description
Advisory AI & Model Risk Management Sr. Consultant,Deloitte,"Morristown, NJ • via Deloitte Jobs",2025-01-08T16:41:17.222936,"Strong background in mathematical finance at the level of a Master's level degree in Mathematical Finance, Mathematics of Finance, Financial Engineering or Quantitative Finance or related field
Very strong undergraduates with necessary background and/or relevant work experience may be considered
Familiarity with data science, AI, modeling techniques, financial markets, derivative and financial instrument modeling and pricing, trading, deal structuring or risk management
3+ years of relevant Financial Services Industry work experience specifically in areas such as data science, AI, and/or model development, validation, governance, financial instrument pricing, risk management, or data analysis
Understanding of financial instrument modeling and risk management
Additional consideration given to candidates with experience in the areas of market risk, counterparty credit risk, liquidity risk, interest rate risk, pricing / independent price verification, wholesale and retail credit modeling, and AI
Strong analytical and computer skills including experience with quantitative analysis technical tools and techniques
Ability to explain difficult financial modeling concepts to diverse audiences and to experts at various clients
Ability to multi-task and communicate effectively with clients and staff in consultative settings
Limited immigration sponsorship may be available
Ability to travel based on the work you do and the clients you serve","Strong background in mathematical finance at the level of a Master's level degree in Mathematical Finance, Mathematics of Finance, Financial Engineering or Quantitative Finance or related field; Very strong undergraduates with necessary background and/or relevant work experience may be considered; Familiarity with data science, AI, modeling techniques, financial markets, derivative and financial instrument modeling and pricing, trading, deal structuring or risk management; 3+ years of relevant Financial Services Industry work experience specifically in areas such as data science, AI, and/or model development, validation, governance, financial instrument pricing, risk management, or data analysis; Understanding of financial instrument modeling and risk management; Additional consideration given to candidates with experience in the areas of market risk, counterparty credit risk, liquidity risk, interest rate risk, pricing / independent price verification, wholesale and retail credit modeling, and AI; Strong analytical and computer skills including experience with quantitative analysis technical tools and techniques; Ability to explain difficult financial modeling concepts to diverse audiences and to experts at various clients; Ability to multi-task and communicate effectively with clients and staff in consultative settings; Limited immigration sponsorship may be available; Ability to travel based on the work you do and the clients you serve","Strong background in mathematical finance at the level of a Master's level degree in Mathematical Finance, Mathematics of Finance, Financial Engineering or Quantitative Finance or related field
Very strong undergraduates with necessary background and/or relevant work experience may be considered
Familiarity with data science, AI, modeling techniques, financial markets, derivative and financial instrument modeling and pricing, trading, deal structuring or risk management
3+ years of relevant Financial Services Industry work experience specifically in areas such as data science, AI, and/or model development, validation, governance, financial instrument pricing, risk management, or data analysis
Understanding of financial instrument modeling and risk management
Additional consideration given to candidates with experience in the areas of market risk, counterparty credit risk, liquidity risk, interest rate risk, pricing / independent price verification, wholesale and retail credit modeling, and AI
Strong analytical and computer skills including experience with quantitative analysis technical tools and techniques
Ability to explain difficult financial modeling concepts to diverse audiences and to experts at various clients
Ability to multi-task and communicate effectively with clients and staff in consultative settings
Limited immigration sponsorship may be available
Ability to travel based on the work you do and the clients you serve","Strong background in mathematical finance at the level of a Master's level degree in Mathematical Finance, Mathematics of Finance, Financial Engineering or Quantitative Finance or related field; Very strong undergraduates with necessary background and/or relevant work experience may be considered; Familiarity with data science, AI, modeling techniques, financial markets, derivative and financial instrument modeling and pricing, trading, deal structuring or risk management; 3+ years of relevant Financial Services Industry work experience specifically in areas such as data science, AI, and/or model development, validation, governance, financial instrument pricing, risk management, or data analysis; Understanding of financial instrument modeling and risk management; Additional consideration given to candidates with experience in the areas of market risk, counterparty credit risk, liquidity risk, interest rate risk, pricing / independent price verification, wholesale and retail credit modeling, and AI; Strong analytical and computer skills including experience with quantitative analysis technical tools and techniques; Ability to explain difficult financial modeling concepts to diverse audiences and to experts at various clients; Ability to multi-task and communicate effectively with clients and staff in consultative settings; Limited immigration sponsorship may be available; Ability to travel based on the work you do and the clients you serve","This compensation range is specific to California, New York State, Washington D.C., and Jersey City and takes into account the wide range of factors that are considered in making compensation decisions including but not limited to skill sets; experience and training; licensure and certifications; and other business and organizational needs
A reasonable estimate of the current range is $124,658 to $207,763
You may also be eligible to participate in a discretionary annual incentive program, subject to the rules governing the program, whereby an award, if any, depends on various factors, including, without limitation, individual and organizational performance","This compensation range is specific to California, New York State, Washington D.C., and Jersey City and takes into account the wide range of factors that are considered in making compensation decisions including but not limited to skill sets; experience and training; licensure and certifications; and other business and organizational needs; A reasonable estimate of the current range is $124,658 to $207,763; You may also be eligible to participate in a discretionary annual incentive program, subject to the rules governing the program, whereby an award, if any, depends on various factors, including, without limitation, individual and organizational performance","This compensation range is specific to California, New York State, Washington D.C., and Jersey City and takes into account the wide range of factors that are considered in making compensation decisions including but not limited to skill sets; experience and training; licensure and certifications; and other business and organizational needs
A reasonable estimate of the current range is $124,658 to $207,763
You may also be eligible to participate in a discretionary annual incentive program, subject to the rules governing the program, whereby an award, if any, depends on various factors, including, without limitation, individual and organizational performance","This compensation range is specific to California, New York State, Washington D.C., and Jersey City and takes into account the wide range of factors that are considered in making compensation decisions including but not limited to skill sets; experience and training; licensure and certifications; and other business and organizational needs; A reasonable estimate of the current range is $124,658 to $207,763; You may also be eligible to participate in a discretionary annual incentive program, subject to the rules governing the program, whereby an award, if any, depends on various factors, including, without limitation, individual and organizational performance","We're looking for a sharp analytical thinker who's adept at financial modeling, data science, AI/ML modeling, and Model Risk Management to join our Advisory practice. You will assist our team in providing modeling expertise related to a wide range of models and purposes for Deloitte's clients in North America and worldwide. You will help develop, challenge, and control models used by organizations
for a range of purposes including risk management and operations / business decisioning.

Work you'll do:

You will provide a range of qualitative and quantitative consulting services in the areas of data science, AI, model development, model validation, model risk management, modeling technology, model governance / controls / documentation, and financial instrument valuation.

The team:

Working across industry sectors, we bring deep experience in data science, AI, modeling, and Model Risk Management. We have highly specialized expertise connected with a deep understanding of our clients' businesses and markets, and regulatory environments, which enables us to provide insights related to the full spectrum of business transactions. This helps us identify opportunities for growth and maximize long-term advantage for our clients.

Qualifications:
• Strong background in mathematical finance at the level of a Master's level degree in Mathematical Finance, Mathematics of Finance, Financial Engineering or Quantitative Finance or related field. Very strong undergraduates with necessary background and/or relevant work experience may be considered.
• Familiarity with data science, AI, modeling techniques, financial markets, derivative and financial instrument modeling and pricing, trading, deal structuring or risk management
• 3+ years of relevant Financial Services Industry work experience specifically in areas such as data science, AI, and/or model development, validation, governance, financial instrument pricing, risk management, or data analysis
• Understanding of financial instrument modeling and risk management
• Additional consideration given to candidates with experience in the areas of market risk, counterparty credit risk, liquidity risk, interest rate risk, pricing / independent price verification, wholesale and retail credit modeling, and AI.
• Strong analytical and computer skills including experience with quantitative analysis technical tools and techniques.
• Ability to explain difficult financial modeling concepts to diverse audiences and to experts at various clients.
• Provide recommendations for improved and enhanced modeling techniques to clients.
• Apply problem solving skills and deliver Deloitte methodology on engagements.
• Exercise professional judgment on engagements by providing proactive solutions and recommendations.
• Demonstrate leadership skills.
• Build and broaden industry knowledge to support organization and function initiatives by taking advantage of local and national training programs.
• Ability to multi-task and communicate effectively with clients and staff in consultative settings.
• Limited immigration sponsorship may be available
• Ability to travel based on the work you do and the clients you serve

Preferred Skills:
• Related consulting experience.
• Master's degree in Mathematical Finance, Mathematics of Finance, Financial Engineering or Quantitative Finance or a related technical field.
• PhD, CFA, FRM, CQF, CPA certifications a plus

Information for applicants with a need for accommodation: https://www2.deloitte.com/us/en/pages/careers/articles/join-deloitte-assistance-for-disabled-applicants.html

For individuals assigned and/or hired to work in California, New York State, Washington D.C., and Jersey City, Deloitte is required by law to include a reasonable estimate of the compensation range for this role. This compensation range is specific to California, New York State, Washington D.C., and Jersey City and takes into account the wide range of factors that are considered in making compensation decisions including but not limited to skill sets; experience and training; licensure and certifications; and other business and organizational needs. At Deloitte, it is not typical for an individual to be hired at or near the top of the range for their role and compensation decisions are dependent on the facts and circumstances of each case. A reasonable estimate of the current range is $124,658 to $207,763.

You may also be eligible to participate in a discretionary annual incentive program, subject to the rules governing the program, whereby an award, if any, depends on various factors, including, without limitation, individual and organizational performance.

#LI-OK1

All qualified applicants will receive consideration for employment without regard to race, color, religion, sex, sexual orientation, gender identity, national origin, age, disability or protected veteran status, or any other legally protected basis, in accordance with applicable law.
"
Advisory AI & Model Risk Management Sr. Consultant,Deloitte,"Jersey City, NJ • via Indeed",2025-01-08T16:41:22.039885,,,,,,,,,
AI Model Risk,MetLife,"New York, NY • via Built In",2025-01-08T16:41:31.957012,"Graduate degree in a quantitative field (e.g., mathematics, statistics, economics, physics, or computer science) or/and ASA (Associate of the Society of Actuaries)/FSA (Fellow of the Society of Actuaries)
Experience in end-to-end statistical, ML or AI model development
Solid programming skills for models and data using Python, R, and/or C#
Demonstrated ability to work as part of a team and collaborate with members of other departments and lines of business
3+ years of experience","Graduate degree in a quantitative field (e.g., mathematics, statistics, economics, physics, or computer science) or/and ASA (Associate of the Society of Actuaries)/FSA (Fellow of the Society of Actuaries); Experience in end-to-end statistical, ML or AI model development; Solid programming skills for models and data using Python, R, and/or C#; Demonstrated ability to work as part of a team and collaborate with members of other departments and lines of business; 3+ years of experience","Graduate degree in a quantitative field (e.g., mathematics, statistics, economics, physics, or computer science) or/and ASA (Associate of the Society of Actuaries)/FSA (Fellow of the Society of Actuaries)
Experience in end-to-end statistical, ML or AI model development
Solid programming skills for models and data using Python, R, and/or C#
Demonstrated ability to work as part of a team and collaborate with members of other departments and lines of business
3+ years of experience","Graduate degree in a quantitative field (e.g., mathematics, statistics, economics, physics, or computer science) or/and ASA (Associate of the Society of Actuaries)/FSA (Fellow of the Society of Actuaries); Experience in end-to-end statistical, ML or AI model development; Solid programming skills for models and data using Python, R, and/or C#; Demonstrated ability to work as part of a team and collaborate with members of other departments and lines of business; 3+ years of experience","The salary range for applicants for this position is $103,100 - $137,400
Benefits We Offer
Our U.S. benefits address holistic well-being with programs for physical and mental health, financial wellness, and support for families
We offer a comprehensive health plan that includes medical/prescription drug and vision, dental insurance, and no-cost short- and long-term disability
We also provide company-paid life insurance and legal services, a retirement pension funded entirely by MetLife and 401(k) with employer matching, group discounts on voluntary insurance products including auto and home, pet, critical illness, hospital indemnity, and accident insurance, as well as Employee Assistance Program (EAP) and digital mental health programs, parental leave, volunteer time off, tuition assistance and much more!
$103,100 - $137,400","The salary range for applicants for this position is $103,100 - $137,400; Benefits We Offer; Our U.S. benefits address holistic well-being with programs for physical and mental health, financial wellness, and support for families; We offer a comprehensive health plan that includes medical/prescription drug and vision, dental insurance, and no-cost short- and long-term disability; We also provide company-paid life insurance and legal services, a retirement pension funded entirely by MetLife and 401(k) with employer matching, group discounts on voluntary insurance products including auto and home, pet, critical illness, hospital indemnity, and accident insurance, as well as Employee Assistance Program (EAP) and digital mental health programs, parental leave, volunteer time off, tuition assistance and much more!; $103,100 - $137,400","The salary range for applicants for this position is $103,100 - $137,400
Benefits We Offer
Our U.S. benefits address holistic well-being with programs for physical and mental health, financial wellness, and support for families
We offer a comprehensive health plan that includes medical/prescription drug and vision, dental insurance, and no-cost short- and long-term disability
We also provide company-paid life insurance and legal services, a retirement pension funded entirely by MetLife and 401(k) with employer matching, group discounts on voluntary insurance products including auto and home, pet, critical illness, hospital indemnity, and accident insurance, as well as Employee Assistance Program (EAP) and digital mental health programs, parental leave, volunteer time off, tuition assistance and much more!
$103,100 - $137,400","The salary range for applicants for this position is $103,100 - $137,400; Benefits We Offer; Our U.S. benefits address holistic well-being with programs for physical and mental health, financial wellness, and support for families; We offer a comprehensive health plan that includes medical/prescription drug and vision, dental insurance, and no-cost short- and long-term disability; We also provide company-paid life insurance and legal services, a retirement pension funded entirely by MetLife and 401(k) with employer matching, group discounts on voluntary insurance products including auto and home, pet, critical illness, hospital indemnity, and accident insurance, as well as Employee Assistance Program (EAP) and digital mental health programs, parental leave, volunteer time off, tuition assistance and much more!; $103,100 - $137,400","Description and Requirements
Role Value Proposition:
Global Risk Management (GRM) oversees MetLife's financial and non-financial risks to support responsible growth and ensure we deliver on our promises to customers and stakeholders. GRM accomplishes this through proactive advice, independent and effective challenge, and through implementation and enforcement of guardrails. This position sits with
in Model Risk, GRM Data & Analytics whose primary role is to manage risk and uncertainties arising from the use of models.
This position will contribute to managing these risks mainly with respect to Artificial Intelligence and Machine Learning models. These models include those internally developed or purchased from vendors and are used across the Enterprise in functions ranging from pricing to business operations.
The candidate will have demonstrated strong quantitative skills allowing them to challenge and develop models, mainly those using Machine Learning or other advanced techniques utilized in AI. The successful candidate will be motivated to adopt new technologies and be able to work in a fast-paced and changing environment. The position will require collaboration with key global stakeholders across the Enterprise.
The candidate will gain a broad exposure to a wide range of modeling techniques, product lines, functions, and businesses across the globe.
Key Responsibilities:
• Challenge modeling decisions through independent assessment and working with model owners or developers to address concerns
• Review and assess model risks and controls as well as provide recommendation for remediating actions
• Meet with internal business teams, technology teams, and vendors, to support collection and assessment of documentation and control evidence
• Contribute to and coordinate with functional partners to ensure a holistic view of AI risks
• Assess the mathematical, statistical, and conceptual soundness of each model, effectively challenging model assumptions, inputs, methodologies, and outputs; develop benchmarking models as needed
• Quantitatively assess fairness for select AI models through independent analyses
• Document the results of performed review and testing, drawing attention to areas of concern and uncertainty, and provide specific remediations

Essential Business Experience and Technical Skills:
Required:
• Graduate degree in a quantitative field (e.g., mathematics, statistics, economics, physics, or computer science) or/and ASA (Associate of the Society of Actuaries)/FSA (Fellow of the Society of Actuaries).
• Experience in end-to-end statistical, ML or AI model development
• Solid programming skills for models and data using Python, R, and/or C#
• Demonstrated ability to work as part of a team and collaborate with members of other departments and lines of business
• 3+ years of experience

Preferred:
• Knowledge of Statistical, Machine Learning, and Deep Learning techniques, and benefits and drawbacks to each
• Experience with a variety of model development and deployment platforms
• Experience with insurance or broader financial services

The salary range for applicants for this position is $103,100 - $137,400.
Benefits We Offer
Our U.S. benefits address holistic well-being with programs for physical and mental health, financial wellness, and support for families. We offer a comprehensive health plan that includes medical/prescription drug and vision, dental insurance, and no-cost short- and long-term disability. We also provide company-paid life insurance and legal services, a retirement pension funded entirely by MetLife and 401(k) with employer matching, group discounts on voluntary insurance products including auto and home, pet, critical illness, hospital indemnity, and accident insurance, as well as Employee Assistance Program (EAP) and digital mental health programs, parental leave, volunteer time off, tuition assistance and much more!
About MetLife
Recognized on Fortune magazine's list of the 2024 ""World's Most Admired Companies"", Fortune World's 25 Best Workplaces™ for 2024, as well as the 2024 Fortune 100 Best Companies to Work For ®, MetLife , through its subsidiaries and affiliates, is one of the world's leading financial services companies; providing insurance, annuities, employee benefits and asset management to individual and institutional customers. With operations in more than 40 markets, we hold leading positions in the United States, Latin America, Asia, Europe, and the Middle East.
Our purpose is simple - to help our colleagues, customers, communities, and the world at large create a more confident future. United by purpose and guided by empathy, we're inspired to transform the next century in financial services. At MetLife, it's #AllTogetherPossible . Join us!
Equal Employment Opportunity/Disability/Veterans
If you need an accommodation due to a disability, please email us at accommodations@metlife.com. This information will be held in confidence and used only to determine an appropriate accommodation for the application process.
MetLife maintains a drug-free workplace.
$103,100 - $137,400
#BI-Hybrid
"
"Responsible AI Risk Assessment Manager, Tech and Data Risk",McKinsey & Company,"Boston, MA • via JobLeads",2025-01-08T16:41:41.814581,"Excellent written and oral communication skills, as well as interpersonal skills, including the ability to articulate technical concepts to both technical and non-technical audiences
Experience in responsible AI
Experience with modeling, experimentation, and causal inference
Experience working with engineering and product teams to create tools, solutions, or automation
Deep understanding of AI and ML models, including their potential ethical implications, biases, and regulatory considerations
Proficiency in SQL, Python, and data analysis/data mining tools
7+ years of experience in data analytics, data science, or trust and safety
Bachelor's degree or equivalent practical experience","Excellent written and oral communication skills, as well as interpersonal skills, including the ability to articulate technical concepts to both technical and non-technical audiences; Experience in responsible AI; Experience with modeling, experimentation, and causal inference; Experience working with engineering and product teams to create tools, solutions, or automation; Deep understanding of AI and ML models, including their potential ethical implications, biases, and regulatory considerations; Proficiency in SQL, Python, and data analysis/data mining tools; 7+ years of experience in data analytics, data science, or trust and safety; Bachelor's degree or equivalent practical experience","Excellent written and oral communication skills, as well as interpersonal skills, including the ability to articulate technical concepts to both technical and non-technical audiences
Experience in responsible AI
Experience with modeling, experimentation, and causal inference
Experience working with engineering and product teams to create tools, solutions, or automation
Deep understanding of AI and ML models, including their potential ethical implications, biases, and regulatory considerations
Proficiency in SQL, Python, and data analysis/data mining tools
7+ years of experience in data analytics, data science, or trust and safety
Bachelor's degree or equivalent practical experience","Excellent written and oral communication skills, as well as interpersonal skills, including the ability to articulate technical concepts to both technical and non-technical audiences; Experience in responsible AI; Experience with modeling, experimentation, and causal inference; Experience working with engineering and product teams to create tools, solutions, or automation; Deep understanding of AI and ML models, including their potential ethical implications, biases, and regulatory considerations; Proficiency in SQL, Python, and data analysis/data mining tools; 7+ years of experience in data analytics, data science, or trust and safety; Bachelor's degree or equivalent practical experience","For new joiners for this role in Canada and/or the United States, including all office locations where the job may be performed, a reasonable estimated range is $152,300 - $203,000 in USD and $153,000 - $204,000 in CAD - to help you understand what you can expect
Certain roles are also eligible for bonuses, subject to McKinsey's discretion and based on factors such as individual and/or organizational performance
Additionally, we provide a comprehensive benefits package that reflects our commitment to the wellness of our colleagues and their families
This includes medical, mental health, dental and vision coverage, telemedicine services, life, accident and disability insurance, parental leave and family planning benefits, caregiving resources, a generous retirement contributions program, financial guidance, and paid time off","For new joiners for this role in Canada and/or the United States, including all office locations where the job may be performed, a reasonable estimated range is $152,300 - $203,000 in USD and $153,000 - $204,000 in CAD - to help you understand what you can expect; Certain roles are also eligible for bonuses, subject to McKinsey's discretion and based on factors such as individual and/or organizational performance; Additionally, we provide a comprehensive benefits package that reflects our commitment to the wellness of our colleagues and their families; This includes medical, mental health, dental and vision coverage, telemedicine services, life, accident and disability insurance, parental leave and family planning benefits, caregiving resources, a generous retirement contributions program, financial guidance, and paid time off","For new joiners for this role in Canada and/or the United States, including all office locations where the job may be performed, a reasonable estimated range is $152,300 - $203,000 in USD and $153,000 - $204,000 in CAD - to help you understand what you can expect
Certain roles are also eligible for bonuses, subject to McKinsey's discretion and based on factors such as individual and/or organizational performance
Additionally, we provide a comprehensive benefits package that reflects our commitment to the wellness of our colleagues and their families
This includes medical, mental health, dental and vision coverage, telemedicine services, life, accident and disability insurance, parental leave and family planning benefits, caregiving resources, a generous retirement contributions program, financial guidance, and paid time off","For new joiners for this role in Canada and/or the United States, including all office locations where the job may be performed, a reasonable estimated range is $152,300 - $203,000 in USD and $153,000 - $204,000 in CAD - to help you understand what you can expect; Certain roles are also eligible for bonuses, subject to McKinsey's discretion and based on factors such as individual and/or organizational performance; Additionally, we provide a comprehensive benefits package that reflects our commitment to the wellness of our colleagues and their families; This includes medical, mental health, dental and vision coverage, telemedicine services, life, accident and disability insurance, parental leave and family planning benefits, caregiving resources, a generous retirement contributions program, financial guidance, and paid time off","Risk & Compliance

Responsible AI Risk Assessment Manager, Tech and Data Risk
Job ID: 93768

Do you want to do work that matters, alongside supportive leaders who will help you grow faster than you ever thought possible? Are you a creative problem-solver who is energized by challenges? You've come to the right place.
Who You'll Work With

You will be based in one of our North America offices and w
ill work within the firm's Technology & Data Risk function. As the Responsible AI (RAI) Risk Assessment Manager, you will ensure the strong ability to evaluate and validate AI models for reliability, ethical compliance, and regulatory adherence. This includes not only technical skills in model testing and validation but also the capacity to communicate complex findings effectively to both technical and non-technical stakeholders.

This role reports directly to the RAI Governance Lead, Technology & Data Risk, who is responsible for the firm's global RAI Governance program as part of the Risk function. You will partner closely with Legal, Risk teams, Technology and Product teams to develop consistent and scalable RAI controls and testing methodologies.
Your Impact Within Our Firm

As the lead in risk assessing and testing AI models, you will ensure control implementations meet external regulations, internal standards, and best practices. Your role will involve defining the technical vision and strategic roadmap for AI controls and testing including continuous monitoring, evaluation, and reporting of AI systems. To ensure you stay ahead of the regulatory landscape, you will work closely with the legal team to quickly adapt approaches to reflect new requirements.

You will play a critical role in prioritizing areas for risk assessment and mitigation, guiding the responsible development and deployment of AI systems. You will conduct testing of AI models as part of the governance process as well as validating testing of models that internal teams have conducted, and additionally in response to market changes or new regulatory demands, provide actionable insights and recommendations for improvement. In collaboration with cross-functional teams, you will spearhead the development of tools, automation strategies, and data pipelines that support scalable AI risk management efforts and that empower product and engineering teams to leverage those tools and playbooks to enable their own independent risk mitigation.

You will assist in developing standardized reporting templates tailored to meet the needs of both technical data scientists and senior leadership to facilitate clear communication of results.

Your collaboration will extend to model owners and senior management, where you will present findings, assess their implications for risk management, and propose enhancements to AI models.
Your Qualifications and Skills
• Excellent written and oral communication skills, as well as interpersonal skills, including the ability to articulate technical concepts to both technical and non-technical audiences.
• Experience in responsible AI.
• Experience with modeling, experimentation, and causal inference.
• Experience working with engineering and product teams to create tools, solutions, or automation.
• Deep understanding of AI and ML models, including their potential ethical implications, biases, and regulatory considerations.
• Proficiency in SQL, Python, and data analysis/data mining tools.
• 7+ years of experience in data analytics, data science, or trust and safety.
• Bachelor's degree or equivalent practical experience.

Please review the additional requirements regarding essential job functions of McKinsey colleagues.
Apply Now

FOR U.S. APPLICANTS: McKinsey & Company is an Equal Opportunity/Affirmative Action employer. All qualified applicants will receive consideration for employment without regard to sex, gender identity, sexual orientation, race, color, religion, national origin, disability, protected Veteran status, age, or any other characteristic protected by applicable law.

Certain US and Canadian jurisdictions require McKinsey & Company to include a reasonable estimate of the salary for this role. For new joiners for this role in Canada and/or the United States, including all office locations where the job may be performed, a reasonable estimated range is $152,300 - $203,000 in USD and $153,000 - $204,000 in CAD - to help you understand what you can expect. This reflects our best estimate of the lowest to highest salary for this role at the time of this posting, ensuring you have a clear picture right from the start, though it's important to remember that actual salaries may vary. Factors like your office location, your unique blend of experience and skills, start date and our current organizational needs all play a part in determining the final figure. Certain roles are also eligible for bonuses, subject to McKinsey's discretion and based on factors such as individual and/or organizational performance.

Additionally, we provide a comprehensive benefits package that reflects our commitment to the wellness of our colleagues and their families. This includes medical, mental health, dental and vision coverage, telemedicine services, life, accident and disability insurance, parental leave and family planning benefits, caregiving resources, a generous retirement contributions program, financial guidance, and paid time off.

FOR NON-U.S. APPLICANTS: McKinsey & Company is an Equal Opportunity employer. For additional details regarding our global EEO policy and diversity initiatives, please visit our McKinsey Careers and Diversity & Inclusion sites.
"
Development & implementation of Artificial Intelligence (AI) in support of IRIS Chemical Assessments,Zintellect,United States • via Zintellect,2025-01-08T16:41:51.536017,"The initial appointment is for one year, but may be renewed upon recommendation of EPA and is contingent on the availability of funds
The participant will receive a monthly stipend commensurate with educational level and experience","The initial appointment is for one year, but may be renewed upon recommendation of EPA and is contingent on the availability of funds; The participant will receive a monthly stipend commensurate with educational level and experience",,,"The initial appointment is for one year, but may be renewed upon recommendation of EPA and is contingent on the availability of funds
The participant will receive a monthly stipend commensurate with educational level and experience","The initial appointment is for one year, but may be renewed upon recommendation of EPA and is contingent on the availability of funds; The participant will receive a monthly stipend commensurate with educational level and experience","The initial appointment is for one year, but may be renewed upon recommendation of EPA and is contingent on the availability of funds
The participant will receive a monthly stipend commensurate with educational level and experience","The initial appointment is for one year, but may be renewed upon recommendation of EPA and is contingent on the availability of funds; The participant will receive a monthly stipend commensurate with educational level and experience","EPA’s Integrated Risk Information System Program (IRIS, www.epa.gov/iris) is a human health assessment program that evaluates information on health effects that may result from exposure to environmental contaminants. Through the IRIS Program, EPA provides the highest quality science-based human health assessments to support the Agency’s policy and regulatory decisions. These assessment activities
are very broad and typically have significant implications for national and international environmental policy development and implementation.

The research participant will have the opportunity to collaborate with EPA scientists on the development and implementation of AI, including machine learning (ML) and natural language processing (NLP), to support automation or partial automation of chemical assessments that utilize systematic review methods. Activities will focus on developing ML and NLP approaches to facilitate the extraction and evaluation of structured and unstructured data from scientific studies. The research participant will have opportunities to implement AI approaches to support automation while working with scientific staff in NCEA and potentially scientists from other EPA Labs, Centers or Offices. The research participant will develop the best available science to inform risk assessment of chemical exposures which may lead to adverse outcomes.

Research activities may include:
• Developing applications to extract structured data from PDF or other science documents. Extraction will focus on information important for summarizing the methods, findings, and evaluation of the internal validity of studies.
• Promoting subsequent application integration with existing data content platforms used to summarize chemical, toxicological, and exposure information.

This program, administered by ORAU through its contract with the U.S. Department of Energy (DOE) to manage the Oak Ridge Institute for Science and Education (ORISE), was established through an interagency agreement between DOE and EPA. The initial appointment is for one year, but may be renewed upon recommendation of EPA and is contingent on the availability of funds. The participant will receive a monthly stipend commensurate with educational level and experience. Proof of health insurance is required for participation in this program. The appointment is part-time in the Research Triangle Park, North Carolina or the Washington, DC area. Participants do not become employees of EPA, DOE or the program administrator, and there are no employment-related benefits.

The mentor for this project will be James Avery (avery.james@epa.gov). The desired start date for this appointment is October 22, 2018.
"
Manager - AI Risk Management,American Express,"Juneau, AK • via Teal",2025-01-08T16:42:01.352851,"Deep technical expertise in AI/machine learning technologies and their potential risks, and strategic thinking ability to align AI risk management with business objectives
Minimum of five years-experience in risk management (preferably including Traditional AI and Gen AI), or related fields within the financial services industry
Strong background in risk management, compliance, and governance
Proven track record in operationalizing risk management frameworks for existing and emerging risks
Knowledgeable of relevant Financial Services industry regulations globally, and AI standards, and ethical principles related to AI
Knowledgeable of managing heightened and novel risks associated with AI and emerging technologies, in particular for Gen AI
Proven expertise and track record in data-driven risk management and analytics tools / technologies
Ability to bring the right balance of big picture thinking and intellectual curiosity
Ability to collaboratively deliver outcomes and results in a volatile, unstructured, challenging, and ambiguous environment
Excellent communication and leadership skills to influence cross-functional teams
Relevant industry certifications","Deep technical expertise in AI/machine learning technologies and their potential risks, and strategic thinking ability to align AI risk management with business objectives; Minimum of five years-experience in risk management (preferably including Traditional AI and Gen AI), or related fields within the financial services industry; Strong background in risk management, compliance, and governance; Proven track record in operationalizing risk management frameworks for existing and emerging risks; Knowledgeable of relevant Financial Services industry regulations globally, and AI standards, and ethical principles related to AI; Knowledgeable of managing heightened and novel risks associated with AI and emerging technologies, in particular for Gen AI; Proven expertise and track record in data-driven risk management and analytics tools / technologies; Ability to bring the right balance of big picture thinking and intellectual curiosity; Ability to collaboratively deliver outcomes and results in a volatile, unstructured, challenging, and ambiguous environment; Excellent communication and leadership skills to influence cross-functional teams; Relevant industry certifications","Deep technical expertise in AI/machine learning technologies and their potential risks, and strategic thinking ability to align AI risk management with business objectives
Minimum of five years-experience in risk management (preferably including Traditional AI and Gen AI), or related fields within the financial services industry
Strong background in risk management, compliance, and governance
Proven track record in operationalizing risk management frameworks for existing and emerging risks
Knowledgeable of relevant Financial Services industry regulations globally, and AI standards, and ethical principles related to AI
Knowledgeable of managing heightened and novel risks associated with AI and emerging technologies, in particular for Gen AI
Proven expertise and track record in data-driven risk management and analytics tools / technologies
Ability to bring the right balance of big picture thinking and intellectual curiosity
Ability to collaboratively deliver outcomes and results in a volatile, unstructured, challenging, and ambiguous environment
Excellent communication and leadership skills to influence cross-functional teams
Relevant industry certifications","Deep technical expertise in AI/machine learning technologies and their potential risks, and strategic thinking ability to align AI risk management with business objectives; Minimum of five years-experience in risk management (preferably including Traditional AI and Gen AI), or related fields within the financial services industry; Strong background in risk management, compliance, and governance; Proven track record in operationalizing risk management frameworks for existing and emerging risks; Knowledgeable of relevant Financial Services industry regulations globally, and AI standards, and ethical principles related to AI; Knowledgeable of managing heightened and novel risks associated with AI and emerging technologies, in particular for Gen AI; Proven expertise and track record in data-driven risk management and analytics tools / technologies; Ability to bring the right balance of big picture thinking and intellectual curiosity; Ability to collaboratively deliver outcomes and results in a volatile, unstructured, challenging, and ambiguous environment; Excellent communication and leadership skills to influence cross-functional teams; Relevant industry certifications","Competitive base salaries
Bonus incentives
6% Company Match on retirement savings plan
Free financial services",Competitive base salaries; Bonus incentives; 6% Company Match on retirement savings plan; Free financial services,"Competitive base salaries
Bonus incentives
6% Company Match on retirement savings plan
Free financial services",Competitive base salaries; Bonus incentives; 6% Company Match on retirement savings plan; Free financial services,"About the position

The Manager of AI Risk Management at American Express is responsible for overseeing the risk management and governance framework related to the development and deployment of artificial intelligence (AI) systems. This role involves identifying, measuring, managing, and reporting risks associated with Traditional AI and Generative AI (Gen AI) while ensuring compliance with regula
tory requirements. The position requires collaboration with various departments to establish controls, conduct risk assessments, and develop training modules for AI risks, ultimately contributing to the company's commitment to safety and soundness in AI adoption.

Responsibilities
• Implement AI risk management framework, AI risk policy, and AI risk capabilities to identify, measure, manage, monitor, and report risks related to Traditional AI and Gen AI.
,
• Identify heightened and novel risks presented by Traditional AI and Gen AI and oversee controls in line with AXP's risk and control framework.
,
• Leverage AI risk framework to conduct risk assessments at an aggregate level and for various AI and Gen AI use cases, across the AI use case lifecycle.
,
• Develop Board and management reporting on key risk metrics (Key Control Indicators, Key Risk Indicators and Key Performance Indicators) towards early identification of key Traditional AI and Gen AI risks.
,
• Execute monitoring and testing processes to continuously evaluate AI risks.
,
• Collaborate with leadership across Technologies, Privacy, Legal, Data and other organizations to report on the organization's risk appetite for AI and monitor adherence to established thresholds.
,
• Collaborate with GCO and other key partners, to develop and implement an enterprise-wide training module for Traditional AI and Gen AI risks.
,
• Support the Gen AI risk governance council meetings for Gen AI Risk governance, use case risk assessments, including related record keeping and preparation of materials.
,
• Support the socialization of the Gen AI use case risk assessment intake governance and life cycle management.
,
• Support the socialization of the Gen AI risk policy setting forth risk assessment and governance structure, roles and responsibilities, and risk management requirements.
,
• Support the development and delivery of enterprise role-based curriculum for AI risks, including all colleague training.
,
• Facilitate and manage ongoing enhancements of risk factor analysis from all pillar SMEs and document minimum recommended controls for each risk area.
,
• Support the development, collection and publication of standardized metrics for tracking Gen AI usage.
,
• Track enterprise activities and develop leadership reporting as directed, including on AI risk taking, inventory, and escalations.
,
• Support other internal teams on their regulatory exams/ reporting, public disclosures, board and risk committee reporting, litigation, etc.

Requirements
• Deep technical expertise in AI/machine learning technologies and their potential risks, and strategic thinking ability to align AI risk management with business objectives.
,
• Minimum of five years-experience in risk management (preferably including Traditional AI and Gen AI), or related fields within the financial services industry.
,
• Strong background in risk management, compliance, and governance.
,
• Proven track record in operationalizing risk management frameworks for existing and emerging risks.
,
• Experience and expertise in Data Risk, Information Security, Operations, Privacy and Compliance is desirable.
,
• Experience in successfully executing AI risk management strategies in a Fortune 500 or similarly complex organization is desirable.
,
• Advanced degree in Technology, Engineering, Risk Management, Computer Science, Mathematics, or a related discipline is preferred.
,
• Knowledgeable of relevant Financial Services industry regulations globally, and AI standards, and ethical principles related to AI.
,
• Knowledgeable of managing heightened and novel risks associated with AI and emerging technologies, in particular for Gen AI.
,
• Knowledgeable of large language models (LLMs) and technology architecture, especially for cloud-based deployments would be a plus.
,
• Proven expertise and track record in data-driven risk management and analytics tools / technologies.
,
• Ability to bring the right balance of big picture thinking and intellectual curiosity.
,
• Ability to collaboratively deliver outcomes and results in a volatile, unstructured, challenging, and ambiguous environment.
,
• Excellent communication and leadership skills to influence cross-functional teams.
,
• Relevant industry certifications.

Nice-to-haves

Benefits
• Competitive base salaries
,
• Bonus incentives
,
• 6% Company Match on retirement savings plan
,
• Free financial services
"
"Lead Analyst, Trust & Safety, Responsible AI Testing",Google,"Seattle, WA • via Indeed",2025-01-08T16:42:11.235275,"Bachelor's degree or equivalent practical experience
10 years of experience in trust and safety, product policy, privacy and security, legal, compliance, risk management, intel, content moderation, red teaming, AI testing, adversarial testing, or similar
1 year of experience in people management, leading a team
Experience with machine learning or AI
Familiarity with SQL, Python or equivalent
Excellent problem-solving and critical thinking skills with attention to detail in an ever-changing environment
Ability to think strategically and identify emerging threats and vulnerabilities
They use technical know-how, excellent problem-solving skills, user insights, and proactive communication to protect users and our partners from abuse across Google products like Search, Maps, Gmail, and Google Ads
You will need to manage many stakeholders through effective relationship building, influence and communication skills","Bachelor's degree or equivalent practical experience; 10 years of experience in trust and safety, product policy, privacy and security, legal, compliance, risk management, intel, content moderation, red teaming, AI testing, adversarial testing, or similar; 1 year of experience in people management, leading a team; Experience with machine learning or AI; Familiarity with SQL, Python or equivalent; Excellent problem-solving and critical thinking skills with attention to detail in an ever-changing environment; Ability to think strategically and identify emerging threats and vulnerabilities; They use technical know-how, excellent problem-solving skills, user insights, and proactive communication to protect users and our partners from abuse across Google products like Search, Maps, Gmail, and Google Ads; You will need to manage many stakeholders through effective relationship building, influence and communication skills","Bachelor's degree or equivalent practical experience
10 years of experience in trust and safety, product policy, privacy and security, legal, compliance, risk management, intel, content moderation, red teaming, AI testing, adversarial testing, or similar
1 year of experience in people management, leading a team
Experience with machine learning or AI
Familiarity with SQL, Python or equivalent
Excellent problem-solving and critical thinking skills with attention to detail in an ever-changing environment
Ability to think strategically and identify emerging threats and vulnerabilities
They use technical know-how, excellent problem-solving skills, user insights, and proactive communication to protect users and our partners from abuse across Google products like Search, Maps, Gmail, and Google Ads
You will need to manage many stakeholders through effective relationship building, influence and communication skills","Bachelor's degree or equivalent practical experience; 10 years of experience in trust and safety, product policy, privacy and security, legal, compliance, risk management, intel, content moderation, red teaming, AI testing, adversarial testing, or similar; 1 year of experience in people management, leading a team; Experience with machine learning or AI; Familiarity with SQL, Python or equivalent; Excellent problem-solving and critical thinking skills with attention to detail in an ever-changing environment; Ability to think strategically and identify emerging threats and vulnerabilities; They use technical know-how, excellent problem-solving skills, user insights, and proactive communication to protect users and our partners from abuse across Google products like Search, Maps, Gmail, and Google Ads; You will need to manage many stakeholders through effective relationship building, influence and communication skills","The US base salary range for this full-time position is $156,000-$234,000 + bonus + equity + benefits
Our salary ranges are determined by role, level, and location
Within the range, individual pay is determined by work location and additional factors, including job-related skills, experience, and relevant education or training
Your recruiter can share more about the specific salary range for your preferred location during the hiring process","The US base salary range for this full-time position is $156,000-$234,000 + bonus + equity + benefits; Our salary ranges are determined by role, level, and location; Within the range, individual pay is determined by work location and additional factors, including job-related skills, experience, and relevant education or training; Your recruiter can share more about the specific salary range for your preferred location during the hiring process","The US base salary range for this full-time position is $156,000-$234,000 + bonus + equity + benefits
Our salary ranges are determined by role, level, and location
Within the range, individual pay is determined by work location and additional factors, including job-related skills, experience, and relevant education or training
Your recruiter can share more about the specific salary range for your preferred location during the hiring process","The US base salary range for this full-time position is $156,000-$234,000 + bonus + equity + benefits; Our salary ranges are determined by role, level, and location; Within the range, individual pay is determined by work location and additional factors, including job-related skills, experience, and relevant education or training; Your recruiter can share more about the specific salary range for your preferred location during the hiring process","Note: By applying to this position you will have an opportunity to share your preferred working location from the following: Washington D.C., DC, USA; Austin, TX, USA; Seattle, WA, USA.

Minimum qualifications:
• Bachelor's degree or equivalent practical experience.
• 10 years of experience in trust and safety, product policy, privacy and security, legal, compliance, risk management, intel, conten
t moderation, red teaming, AI testing, adversarial testing, or similar.
• 1 year of experience in people management, leading a team.
• Experience with machine learning or AI.

Preferred qualifications:
• Master's degree in a related field (e.g., computer science, information security, artificial intelligence).
• 3 years of experience in people management.
• Experience working with GenAI products.
• Excellent analytical skills with a focus on data analysis, using data in storytelling, and problem-solving. Familiarity with SQL, Python or equivalent.
• Excellent problem-solving and critical thinking skills with attention to detail in an ever-changing environment.
• Ability to think strategically and identify emerging threats and vulnerabilities.

About the job

Trust Safety team members are tasked with identifying and taking on the biggest problems that challenge the safety and integrity of our products. They use technical know-how, excellent problem-solving skills, user insights, and proactive communication to protect users and our partners from abuse across Google products like Search, Maps, Gmail, and Google Ads. On this team, youre a big-picture thinker and strategic team-player with a passion for doing what’s right. You work globally and cross-functionally with Google engineers and product managers to identify and fight abuse and fraud cases at Google speed - with urgency. And you take pride in knowing that every day you are working hard to promote trust in Google and ensuring the highest levels of user safety.
As a Manager and Senior Analyst on the TS Responsible AI Novel Testing Team, you will be an expert in developing structured ways to test Google’s GenAI products with new and previously-untested functionality against safety, neutrality and fairness standards. You will draw on expertise across testing operations, policy, and AI systems and will partner closely with the technical abuse-fighting experts in TS to understand launch requirements, develop and implement testing protocols. You will leverage robust data analysis to provide quantitative and qualitative actionable insights on potential risks for mitigation by TS and product teams define and implement risk mitigation strategies. You will need to manage many stakeholders through effective relationship building, influence and communication skills. Your ability to think strategically, collaborate, and execute quickly will be instrumental in shaping the future of AI development, ensuring that Googles AI products are safe, fair, and unbiased.
At Google we work hard to earn our users’ trust every day. Trust Safety is Google’s team of abuse fighting and user trust experts working daily to make the internet a safer place. We partner with teams across Google to deliver bold solutions in abuse areas such as malware, spam and account hijacking. A diverse team of Analysts, Policy Specialists, Engineers, and Program Managers, we work to reduce risk and fight abuse across all of Google’s products, protecting our users, advertisers, and publishers across the globe in over 40 languages.
The US base salary range for this full-time position is $156,000-$234,000 + bonus + equity + benefits. Our salary ranges are determined by role, level, and location. The range displayed on each job posting reflects the minimum and maximum target salaries for the position across all US locations. Within the range, individual pay is determined by work location and additional factors, including job-related skills, experience, and relevant education or training. Your recruiter can share more about the specific salary range for your preferred location during the hiring process.
Please note that the compensation details listed in US role postings reflect the base salary only, and do not include bonus, equity, or benefits. Learn more aboutbenefits at Google.

Responsibilities
• Lead structured pre-launch safety, neutrality and fairness testing, end to end, for Google’s GenAI products with new and previously-untested functionality.
• Develop and implement other RAI Testing strategic programs to improve testing approaches.
• Influence within the team and beyond, providing thought leadership and expertise in AI safety.
• Work with sensitive content or situations and may be exposed to graphic, controversial, and/or upsetting topics or content.

Google is proud to be an equal opportunity workplace and is an affirmative action employer. We are committed to equal employment opportunity regardless of race, color, ancestry, religion, sex, national origin, sexual orientation, age, citizenship, marital status, disability, gender identity or Veteran status. We also consider qualified applicants regardless of criminal histories, consistent with legal requirements. See alsoGoogle's EEO Policy andEEO is the Law. If you have a disability or special need that requires accommodation, please let us know by completing ourAccommodations for Applicants form.
"
Sr Cyber Risk Analyst (AI),UKG,"Weston, FL • via LinkedIn",2025-01-08T16:42:20.948056,"Bachelor’s degree in Computer Science, Information Technology, Risk Management, or a related field","Bachelor’s degree in Computer Science, Information Technology, Risk Management, or a related field","Bachelor’s degree in Computer Science, Information Technology, Risk Management, or a related field","Bachelor’s degree in Computer Science, Information Technology, Risk Management, or a related field","That’s why our benefits help you thrive personally and professionally, from wellness programs and tuition reimbursement to U Choose — a customizable expense reimbursement program that can be used for more than 200+ needs that best suit you and your family, from student loan repayment, to childcare, to pet insurance
Our inclusive culture, active and engaged employee resource groups, and caring leaders value every voice and support you in doing the best work of your career","That’s why our benefits help you thrive personally and professionally, from wellness programs and tuition reimbursement to U Choose — a customizable expense reimbursement program that can be used for more than 200+ needs that best suit you and your family, from student loan repayment, to childcare, to pet insurance; Our inclusive culture, active and engaged employee resource groups, and caring leaders value every voice and support you in doing the best work of your career","That’s why our benefits help you thrive personally and professionally, from wellness programs and tuition reimbursement to U Choose — a customizable expense reimbursement program that can be used for more than 200+ needs that best suit you and your family, from student loan repayment, to childcare, to pet insurance
Our inclusive culture, active and engaged employee resource groups, and caring leaders value every voice and support you in doing the best work of your career","That’s why our benefits help you thrive personally and professionally, from wellness programs and tuition reimbursement to U Choose — a customizable expense reimbursement program that can be used for more than 200+ needs that best suit you and your family, from student loan repayment, to childcare, to pet insurance; Our inclusive culture, active and engaged employee resource groups, and caring leaders value every voice and support you in doing the best work of your career","Company Overview

With 80,000 customers across 150 countries, UKG is the largest U.S.-based private software company in the world. And we’re only getting started. Ready to bring your bold ideas and collaborative mindset to an organization that still has so much more to build and achieve? Read on.

At UKG, you get more than just a job. You get to work with purpose. Our team of U Krewers are on a mi
ssion to inspire every organization to become a great place to work through our award-winning HR technology built for all.

Here, we know that you’re more than your work. That’s why our benefits help you thrive personally and professionally, from wellness programs and tuition reimbursement to U Choose — a customizable expense reimbursement program that can be used for more than 200+ needs that best suit you and your family, from student loan repayment, to childcare, to pet insurance. Our inclusive culture, active and engaged employee resource groups, and caring leaders value every voice and support you in doing the best work of your career. If you’re passionate about our purpose — people —then we can’t wait to support whatever gives you purpose. We’re united by purpose, inspired by you.

About The Team

The Governance, Risk and Compliance (GRC) team enables the business in proactive identification, evaluation, mitigation, monitoring, and escalation of organizational risks. UKG evaluates risk holistic to the organization; including strategic, financial, compliance, cybersecurity, and operational risk. This position is part of a subset of the GRC team which leads AI risk management efforts. As a member of that team, the individual will be committed to overall management of risks related to AI systems and technologies and its role in the company's continued success. The Senior Cyber Risk Analyst position is a highly visible role that interfaces with key stakeholders in the organization and may also support UKG customers and Partners. The position demands an organized, action-oriented team player with the ability to prioritize daily work and support multiple initiatives simultaneously; effective communication and customer focus is required. Primary responsibilities include performing risk assessments of UKG AI systems and technologies impact UKG products and internal environments to determine potential risk factors, quantifying risk and forecast probable outcomes, partnering with risk owners to determine mitigation activities, preparing reports to stakeholders to summarize their risk landscape and highlight attention areas, and staying attune to the organizations goals as processes/technologies evolve.

About The Role
• Lead the development, implementation, and continuous improvement of the AI risk management program.
• Support the overall AI governance program by integrating risk management practices into AI development and deployment processes, promote AI risk management, share best practices and provide independent perspective on initiatives and issues related to AI applications.
• Conduct thorough risk assessments of existing and planned AI implementations within UKG’s products and corporate environment, identifying potential risks and developing mitigation strategies.
• Establish and maintain a continuous monitoring program for risks related to AI systems.
• Conduct regular audits of critical AI systems to ensure alignment with organization risk tolerances.
• Contribute to the development and enhancement of the AI risk management framework, ensuring it aligns with industry standards and regulatory requirements.
• Develop dashboards and reporting to track risks and issues related to AI systems, and present findings on a regular cadence to senior leadership.
• Cultivate strong relationships with internal stakeholders, including AI developers, data scientists, and business leaders.
• Stay abreast of new trends, emerging risks, frameworks, and regulatory changes in the AI space.
• Conduct research and analysis to identify potential impacts on the organization’s AI initiatives.
• Provide training and awareness programs on AI risk management for internal stakeholders.

About You

Basic Qualifications:
• Bachelor’s degree in Computer Science, Information Technology, Risk Management, or a related field. Advanced degree preferred.
• Minimum of 5 years of experience in risk management, with at least 2-3 years specifically focused on AI or machine learning projects.
• Knowledge of risk management principles, methodologies, and best practices as they apply to AI.
• Familiarity & experience with AI governance frameworks, best practices, AI ethics, and responsible AI principles.
• Proven track record of conducting risk assessments and developing risk management frameworks for AI systems.
• Excellent problem-solving abilities, with a focus on developing practical and effective risk mitigation strategies.
• Exceptional communication skills, both written and verbal, with the ability to convey complex technical concepts to non-technical stakeholders.
• Strong interpersonal skills, with the ability to build and maintain relationships with diverse internal and external stakeholders.
"
Responsible AI Monitoring and Compliance Associate Manager,Accenture,"Charlotte, NC • via Ladders",2025-01-08T16:42:31.046180,"But you'll also have at least a year's experience looking at responsible aspects such as AI model Fairness, Transparency, Explainability, Robustness, Soundness and Privacy - preferably gained in a client-facing environment
You'll bring diverse expertise in monitoring AI systems, machine learning model risk management, and applying regulatory requirements to frameworks and technical tools
Designing, developing and deploying machine learning models and AI solutions
Knowledge of model risk and experience in Model Risk Management
Experience auditing risk functions
Knowledge of RAI laws, regulations and the ability to interpret and apply using technologies
Working on cloud (AWS, Azure, GCP) and on Data & AI technologies
Programming languages like Python, R, or Java
Bachelor's degree in Computer Science, Artificial Intelligence, Data Science, or related technical fields or equivalent (minimum 12 years) work experience
(If Associate's Degree, must have minimum 6 years work experience)
Strong problem-solving and analytical skills
Ability to work collaboratively in a team environment and communicate effectively with team members
Ability to independently prioritize efforts based on situational awareness
Commitment to ethical AI development and continuous learning in the field
Ability to manage multiple projects and priorities in a fast-paced environment
Excellent documentation and presentation skills for technical and non-technical audiences
Strong focus on courses or training in areas related to responsible AI, ethics in technology, or similar fields are beneficial
Certifications in AI, machine learning, risk & compliance or data science
Business background on RAI principles, Ethical AI, laws and regulations
Prior experience in projects focused on ethical AI or AI for social good
Knowledge of AI ethics, data privacy, and regulatory frameworks
Experience with AI model interpretability and explainability tools
Linguistic proficiency (to a reasonable business level) in a language other than English
Applicants for employment in the US must have work authorization that does not now or in the future require sponsorship of a visa for employment authorization in the United States","But you'll also have at least a year's experience looking at responsible aspects such as AI model Fairness, Transparency, Explainability, Robustness, Soundness and Privacy - preferably gained in a client-facing environment; You'll bring diverse expertise in monitoring AI systems, machine learning model risk management, and applying regulatory requirements to frameworks and technical tools; Designing, developing and deploying machine learning models and AI solutions; Knowledge of model risk and experience in Model Risk Management; Experience auditing risk functions; Knowledge of RAI laws, regulations and the ability to interpret and apply using technologies; Working on cloud (AWS, Azure, GCP) and on Data & AI technologies; Programming languages like Python, R, or Java; Bachelor's degree in Computer Science, Artificial Intelligence, Data Science, or related technical fields or equivalent (minimum 12 years) work experience; (If Associate's Degree, must have minimum 6 years work experience); Strong problem-solving and analytical skills; Ability to work collaboratively in a team environment and communicate effectively with team members; Ability to independently prioritize efforts based on situational awareness; Commitment to ethical AI development and continuous learning in the field; Ability to manage multiple projects and priorities in a fast-paced environment; Excellent documentation and presentation skills for technical and non-technical audiences; Strong focus on courses or training in areas related to responsible AI, ethics in technology, or similar fields are beneficial; Certifications in AI, machine learning, risk & compliance or data science; Business background on RAI principles, Ethical AI, laws and regulations; Prior experience in projects focused on ethical AI or AI for social good; Knowledge of AI ethics, data privacy, and regulatory frameworks; Experience with AI model interpretability and explainability tools; Linguistic proficiency (to a reasonable business level) in a language other than English; Applicants for employment in the US must have work authorization that does not now or in the future require sponsorship of a visa for employment authorization in the United States","But you'll also have at least a year's experience looking at responsible aspects such as AI model Fairness, Transparency, Explainability, Robustness, Soundness and Privacy - preferably gained in a client-facing environment
You'll bring diverse expertise in monitoring AI systems, machine learning model risk management, and applying regulatory requirements to frameworks and technical tools
Designing, developing and deploying machine learning models and AI solutions
Knowledge of model risk and experience in Model Risk Management
Experience auditing risk functions
Knowledge of RAI laws, regulations and the ability to interpret and apply using technologies
Working on cloud (AWS, Azure, GCP) and on Data & AI technologies
Programming languages like Python, R, or Java
Bachelor's degree in Computer Science, Artificial Intelligence, Data Science, or related technical fields or equivalent (minimum 12 years) work experience
(If Associate's Degree, must have minimum 6 years work experience)
Strong problem-solving and analytical skills
Ability to work collaboratively in a team environment and communicate effectively with team members
Ability to independently prioritize efforts based on situational awareness
Commitment to ethical AI development and continuous learning in the field
Ability to manage multiple projects and priorities in a fast-paced environment
Excellent documentation and presentation skills for technical and non-technical audiences
Strong focus on courses or training in areas related to responsible AI, ethics in technology, or similar fields are beneficial
Certifications in AI, machine learning, risk & compliance or data science
Business background on RAI principles, Ethical AI, laws and regulations
Prior experience in projects focused on ethical AI or AI for social good
Knowledge of AI ethics, data privacy, and regulatory frameworks
Experience with AI model interpretability and explainability tools
Linguistic proficiency (to a reasonable business level) in a language other than English
Applicants for employment in the US must have work authorization that does not now or in the future require sponsorship of a visa for employment authorization in the United States","But you'll also have at least a year's experience looking at responsible aspects such as AI model Fairness, Transparency, Explainability, Robustness, Soundness and Privacy - preferably gained in a client-facing environment; You'll bring diverse expertise in monitoring AI systems, machine learning model risk management, and applying regulatory requirements to frameworks and technical tools; Designing, developing and deploying machine learning models and AI solutions; Knowledge of model risk and experience in Model Risk Management; Experience auditing risk functions; Knowledge of RAI laws, regulations and the ability to interpret and apply using technologies; Working on cloud (AWS, Azure, GCP) and on Data & AI technologies; Programming languages like Python, R, or Java; Bachelor's degree in Computer Science, Artificial Intelligence, Data Science, or related technical fields or equivalent (minimum 12 years) work experience; (If Associate's Degree, must have minimum 6 years work experience); Strong problem-solving and analytical skills; Ability to work collaboratively in a team environment and communicate effectively with team members; Ability to independently prioritize efforts based on situational awareness; Commitment to ethical AI development and continuous learning in the field; Ability to manage multiple projects and priorities in a fast-paced environment; Excellent documentation and presentation skills for technical and non-technical audiences; Strong focus on courses or training in areas related to responsible AI, ethics in technology, or similar fields are beneficial; Certifications in AI, machine learning, risk & compliance or data science; Business background on RAI principles, Ethical AI, laws and regulations; Prior experience in projects focused on ethical AI or AI for social good; Knowledge of AI ethics, data privacy, and regulatory frameworks; Experience with AI model interpretability and explainability tools; Linguistic proficiency (to a reasonable business level) in a language other than English; Applicants for employment in the US must have work authorization that does not now or in the future require sponsorship of a visa for employment authorization in the United States","Compensation at Accenture varies depending on a wide array of factors, which may include but are not limited to the specific office location, role, skill set, and level of experience
Role Location Annual Salary Range
California $73,000 to $220,400
Colorado $73,000 to $190,400
New York $67,600 to $220,400","Compensation at Accenture varies depending on a wide array of factors, which may include but are not limited to the specific office location, role, skill set, and level of experience; Role Location Annual Salary Range; California $73,000 to $220,400; Colorado $73,000 to $190,400; New York $67,600 to $220,400","Compensation at Accenture varies depending on a wide array of factors, which may include but are not limited to the specific office location, role, skill set, and level of experience
Role Location Annual Salary Range
California $73,000 to $220,400
Colorado $73,000 to $190,400
New York $67,600 to $220,400","Compensation at Accenture varies depending on a wide array of factors, which may include but are not limited to the specific office location, role, skill set, and level of experience; Role Location Annual Salary Range; California $73,000 to $220,400; Colorado $73,000 to $190,400; New York $67,600 to $220,400","We are:

Accenture's Global Responsible AI team within the Global Data & AI Practice. AI is becoming more pervasive, more powerful, and more accessible. With these new opportunities come increased risks. We work with leading organizations to ensure AI is designed, built, and deployed in a manner that engenders trust and adheres to laws, regulations and ethical norms. Our Responsible AI strategy wi
ll enable us to embed responsibility into all of Accenture's data and AI activities. We're developing and deploying differentiated IP and Responsible AI solutions with our ecosystem partners. We'll be engaging regulators to help shape the policy agenda, conducting pioneering research with academia and offer training and resources to our clients through the Responsible AI Academy. The risks of AI are real and well-known. Let's help our clients turn those risks into opportunities.

You are:

We're looking to grow our Responsible AI team and if you're experienced in Monitoring & Compliance with a Responsible AI background, we'd love to hear from you.

As a Responsible AI Monitoring & Compliance professional, you'll be experienced in ensuring that AI systems are developed, implemented, and maintained in a way that mitigates risks associated with AI. But you'll also have at least a year's experience looking at responsible aspects such as AI model Fairness, Transparency, Explainability, Robustness, Soundness and Privacy - preferably gained in a client-facing environment.

You'll bring diverse expertise in monitoring AI systems, machine learning model risk management, and applying regulatory requirements to frameworks and technical tools. You'll be an outstanding technical specialist with the strong communication skills needed to liaise with your clients and your colleagues.

At the forefront of the industry, you'll help make our Responsible AI vision a reality for clients looking to better serve their customers and operate always-on enterprises. We're not just focused on increasing revenues - our technologies and innovations are making millions of lives easier and more comfortable. But above all, we're doing this responsibly and inclusively - to make sure AI technology is used equitably and in a way that is both ethically and technically sound.

The work:

You'll be a key player helping to deliver outstanding work for our Responsible AI clients. Some of the areas you'll be working in include:
• Configuring, deploying and monitoring AI systems on cloud and on-premise environments
• Focusing on monitoring the AI systems to identify and mitigate responsible AI dimensions like - bias, fairness, robustness, model security, data security etc.
• Designing, developing and deploying AI Operations tools and frameworks - MLOps, LLMOps and DevOps
• Setting up systems to detect the RAI related anomalies in data or AI; monitor and send alerts as needed
• Optimizing and maintaining existing AI systems to follow local RAI laws, regulations and technical guidelines
• Working with the functional teams to convert the business meaning of RAI laws, regulations and ethical standards to technology
• Contributing to the development of internal guidelines and best practices for responsible AI deployment and monitoring
• Staying updated with current AI trends, ethical considerations, and technological advancements

Travel may be required for this role. The amount of travel will vary from 0 to 100% depending on business need and client requirements.

Here's what you need:

Minimum of 4 years of experience in:
• Designing, developing and deploying machine learning models and AI solutions. Knowledge of model risk and experience in Model Risk Management. Experience auditing risk functions
• Knowledge of RAI laws, regulations and the ability to interpret and apply using technologies.
• Working on cloud (AWS, Azure, GCP) and on Data & AI technologies.
• Programming languages like Python, R, or Java.
• Standard IT operations including MLOps, LLMOps and DevOps.
• Cloud deployment (infrastructure as code) and monitoring functions (ex: Cloud watch on AWS).
• Demonstrated ability to work with complex datasets and perform data preprocessing and analysis.

Bachelor's degree in Computer Science, Artificial Intelligence, Data Science, or related technical fields or equivalent (minimum 12 years) work experience. (If Associate's Degree, must have minimum 6 years work experience)

Professional Skills Requirement:
• Strong problem-solving and analytical skills.
• Ability to work collaboratively in a team environment and communicate effectively with team members. Ability to independently prioritize efforts based on situational awareness.
• Commitment to ethical AI development and continuous learning in the field.
• Ability to manage multiple projects and priorities in a fast-paced environment.
• Excellent documentation and presentation skills for technical and non-technical audiences.

Bonus Points If You Have:
• Strong focus on courses or training in areas related to responsible AI, ethics in technology, or similar fields are beneficial.
• Certifications in AI, machine learning, risk & compliance or data science.
• Business background on RAI principles, Ethical AI, laws and regulations
• Prior experience in projects focused on ethical AI or AI for social good.
• Knowledge of AI ethics, data privacy, and regulatory frameworks.
• Experience with AI model interpretability and explainability tools.
• Linguistic proficiency (to a reasonable business level) in a language other than English

Compensation at Accenture varies depending on a wide array of factors, which may include but are not limited to the specific office location, role, skill set, and level of experience. As required by local law, Accenture provides a reasonable range of compensation for roles that may be hired in California, Colorado, New York or Washington as set forth below.
We accept applications on an on-going basis and there is no fixed deadline to apply.

Information on benefits is here.

Role Location Annual Salary Range

California $73,000 to $220,400

Colorado $73,000 to $190,400

New York $67,600 to $220,400

Washington $77,700 to $202,700

#LI-NA

#LI-MP

What We Believe

We have an unwavering commitment to diversity with the aim that every one of our people has a full sense of belonging within our organization. As a business imperative, every person at Accenture has the responsibility to create and sustain an inclusive environment.

Inclusion and diversity are fundamental to our culture and core values. Our rich diversity makes us more innovative and more creative, which helps us better serve our clients and our communities. Read more here

Equal Employment Opportunity Statement

Accenture is an Equal Opportunity Employer. We believe that no one should be discriminated against because of their differences, such as age, disability, ethnicity, gender, gender identity and expression, religion, or sexual orientation.

All employment decisions shall be made without regard to age, race, creed, color, religion, sex, national origin, ancestry, disability status, veteran status, sexual orientation, gender identity or expression, genetic information, marital status, citizenship status or any other basis as protected by federal, state, or local law.

Accenture is committed to providing veteran employment opportunities to our service men and women.

For details, view a copy of the Accenture Equal Employment Opportunity and Affirmative Action Policy Statement

Requesting An Accommodation

Accenture is committed to providing equal employment opportunities for persons with disabilities or religious observances, including reasonable accommodation when needed. If you are hired by Accenture and require accommodation to perform the essential functions of your role, you will be asked to participate in our reasonable accommodation process. Accommodations made to facilitate the recruiting process are not a guarantee of future or continued accommodations once hired.

If you would like to be considered for employment opportunities with Accenture and have accommodation needs for a disability or religious observance, please call us toll free at [redacted], send us an email or speak with your recruiter.

Other Employment Statements

Applicants for employment in the US must have work authorization that does not now or in the future require sponsorship of a visa for employment authorization in the United States.

Candidates who are currently employed by a client of Accenture or an affiliated Accenture business may not be eligible for consideration.

Job candidates will not be obligated to disclose sealed or expunged records of conviction or arrest as part of the hiring process.

The Company will not discharge or in any other manner discriminate against employees or applicants because they have inquired about, discussed, or disclosed their own pay or the pay of another employee or applicant. Additionally, employees who have access to the compensation information of other employees or applicants as a part of their essential job functions cannot disclose the pay of other employees or applicants to individuals who do not otherwise have access to compensation information, unless the disclosure is (a) in response to a formal complaint or charge, (b) in furtherance of an investigation, proceeding, hearing, or action, including an investigation conducted by the employer, or (c) consistent with the Company's legal duty to furnish information.
"
"Sr. Consultant - Artificial Intelligence (AI) Risk Management | Remote, USA",Optiv,"Minneapolis, MN • via DE Jobs",2025-01-08T16:42:40.992574,"Bachelor's degree and approximately 5-7 years of related work experience
Approximately 4-7 years of technical architecture experience
SABSA, TOGAF, O-ESA)
Knowledge of general security concepts and methods such as vulnerability assessments, data classification, privacy assessments, incident response, security policy creation, enterprise security strategies, architectures and governance
Strong understanding of networking (TCP/IP, OSI model), operating system fundamentals (Windows, UNIX, mainframe), security technologies (firewalls, IDS/IPS, etc.) and application programming/scripting languages (C, Java, Perl, Shell)
Strong understanding of regulatory requirements and compliance issues affecting clients related to privacy and data protection, such as PCI DSS, GLBA, Basel II, EU Data Protection Directive, International Cross Border, and U.S. State Data Privacy Laws
Working knowledge of operating systems, virtual machine environments, mainframe security packages, and relational database management systems
Expert knowledge of using Microsoft Office
Ability to build relationships with and influence other functional areas
Well-developed negotiation skills
Ability to build consensus
Ability to manage multiple tasks in parallel
Willingness to travel to meet client needs;
Valid driver's license in the US
#LI-GN1
The ability and technology necessary to productively work remotely/from home (where applicable)","Bachelor's degree and approximately 5-7 years of related work experience; Approximately 4-7 years of technical architecture experience; SABSA, TOGAF, O-ESA); Knowledge of general security concepts and methods such as vulnerability assessments, data classification, privacy assessments, incident response, security policy creation, enterprise security strategies, architectures and governance; Strong understanding of networking (TCP/IP, OSI model), operating system fundamentals (Windows, UNIX, mainframe), security technologies (firewalls, IDS/IPS, etc.) and application programming/scripting languages (C, Java, Perl, Shell); Strong understanding of regulatory requirements and compliance issues affecting clients related to privacy and data protection, such as PCI DSS, GLBA, Basel II, EU Data Protection Directive, International Cross Border, and U.S. State Data Privacy Laws; Working knowledge of operating systems, virtual machine environments, mainframe security packages, and relational database management systems; Expert knowledge of using Microsoft Office; Ability to build relationships with and influence other functional areas; Well-developed negotiation skills; Ability to build consensus; Ability to manage multiple tasks in parallel; Willingness to travel to meet client needs;; Valid driver's license in the US; #LI-GN1; The ability and technology necessary to productively work remotely/from home (where applicable)","Bachelor's degree and approximately 5-7 years of related work experience
Approximately 4-7 years of technical architecture experience
SABSA, TOGAF, O-ESA)
Knowledge of general security concepts and methods such as vulnerability assessments, data classification, privacy assessments, incident response, security policy creation, enterprise security strategies, architectures and governance
Strong understanding of networking (TCP/IP, OSI model), operating system fundamentals (Windows, UNIX, mainframe), security technologies (firewalls, IDS/IPS, etc.) and application programming/scripting languages (C, Java, Perl, Shell)
Strong understanding of regulatory requirements and compliance issues affecting clients related to privacy and data protection, such as PCI DSS, GLBA, Basel II, EU Data Protection Directive, International Cross Border, and U.S. State Data Privacy Laws
Working knowledge of operating systems, virtual machine environments, mainframe security packages, and relational database management systems
Expert knowledge of using Microsoft Office
Ability to build relationships with and influence other functional areas
Well-developed negotiation skills
Ability to build consensus
Ability to manage multiple tasks in parallel
Willingness to travel to meet client needs;
Valid driver's license in the US
#LI-GN1
The ability and technology necessary to productively work remotely/from home (where applicable)","Bachelor's degree and approximately 5-7 years of related work experience; Approximately 4-7 years of technical architecture experience; SABSA, TOGAF, O-ESA); Knowledge of general security concepts and methods such as vulnerability assessments, data classification, privacy assessments, incident response, security policy creation, enterprise security strategies, architectures and governance; Strong understanding of networking (TCP/IP, OSI model), operating system fundamentals (Windows, UNIX, mainframe), security technologies (firewalls, IDS/IPS, etc.) and application programming/scripting languages (C, Java, Perl, Shell); Strong understanding of regulatory requirements and compliance issues affecting clients related to privacy and data protection, such as PCI DSS, GLBA, Basel II, EU Data Protection Directive, International Cross Border, and U.S. State Data Privacy Laws; Working knowledge of operating systems, virtual machine environments, mainframe security packages, and relational database management systems; Expert knowledge of using Microsoft Office; Ability to build relationships with and influence other functional areas; Well-developed negotiation skills; Ability to build consensus; Ability to manage multiple tasks in parallel; Willingness to travel to meet client needs;; Valid driver's license in the US; #LI-GN1; The ability and technology necessary to productively work remotely/from home (where applicable)","$116,500.00 - $156,000.00 Annual
The Hiring Range provided for this role is informed by (but not limited to) various factors including responsibilities of the position, work experience, education/training, internal peer equity, geography, as well as other market influences when extending an offer
This role may also be eligible to participate in a variable incentive-based bonus plan
Optiv offers a comprehensive compensation and benefits package, of which salary is a component
Work/life balance
Professional training resources
Creative problem-solving and the ability to tackle unique, complex projects
Volunteer Opportunities","$116,500.00 - $156,000.00 Annual; The Hiring Range provided for this role is informed by (but not limited to) various factors including responsibilities of the position, work experience, education/training, internal peer equity, geography, as well as other market influences when extending an offer; This role may also be eligible to participate in a variable incentive-based bonus plan; Optiv offers a comprehensive compensation and benefits package, of which salary is a component; Work/life balance; Professional training resources; Creative problem-solving and the ability to tackle unique, complex projects; Volunteer Opportunities","$116,500.00 - $156,000.00 Annual
The Hiring Range provided for this role is informed by (but not limited to) various factors including responsibilities of the position, work experience, education/training, internal peer equity, geography, as well as other market influences when extending an offer
This role may also be eligible to participate in a variable incentive-based bonus plan
Optiv offers a comprehensive compensation and benefits package, of which salary is a component
Work/life balance
Professional training resources
Creative problem-solving and the ability to tackle unique, complex projects
Volunteer Opportunities","$116,500.00 - $156,000.00 Annual; The Hiring Range provided for this role is informed by (but not limited to) various factors including responsibilities of the position, work experience, education/training, internal peer equity, geography, as well as other market influences when extending an offer; This role may also be eligible to participate in a variable incentive-based bonus plan; Optiv offers a comprehensive compensation and benefits package, of which salary is a component; Work/life balance; Professional training resources; Creative problem-solving and the ability to tackle unique, complex projects; Volunteer Opportunities","This position will be fully remote and can be hired anywhere in the continental U.S.

Our consultants are skilled technical and consultative resources expected to be strong in both technical and soft skills. A Consultant must be a proven self-starter with the ability to problem-solve, communicate, participate in diverse project teams from a technical perspective, and interface effectively with cus
tomers, vendor partners, and colleagues. Establish & maintain productive and respectful relationships with the delivery team, practice management, and client management team.

You will actively contribute to improving operational efficiency on projects and internal initiatives. Deliver timely engagements and works closely with Practice Directors to drive training and education, career development, performance development, and collaboration across the team. In line with Optiv’s commitment to quality, you will confirm that work is of the highest quality as per Optiv’s quality standards, by reviewing the work provided by other members.

How you'll make an impact:
• Able to solo deliver or act as ""point"" for complex projects
• Acts as technical escalation point to assist other consultants.
• Lead in capacity planning and HW specification recommendation efforts.
• Lead in all Technology deployment activities, connector configuration, custom rule development, workflow configuration and development, and third-party system integration.
• Lead User Acceptance Testing and bug-related engineering efforts.
• Design, implement and educate on specific technology build processes, code migration, and source control use.
• Provide knowledge transfer and post production support activities as necessary.
• Effective team communicator.
• Maintain professional and technical knowledge by attending educational workshops; reviewing professional publications; establishing personal networks; participating in professional associations such as ISSA.
• Obtain and maintain top tier vendor certification.
• Complete administrative project tasks like time and expense entry, status reporting, and project completion reporting.
• Acts as contributor in Optiv communities for solutions of focus

What we're looking for:
• Bachelor's degree and approximately 5-7 years of related work experience.
• Approximately 4-7 years of technical architecture experience
• Desirable experience within one or more of the following Security Architecture and/or Enterprise Architectural Frameworks (e.g. SABSA, TOGAF, O-ESA).
• Knowledge of general security concepts and methods such as vulnerability assessments, data classification, privacy assessments, incident response, security policy creation, enterprise security strategies, architectures and governance.
• Strong understanding of networking (TCP/IP, OSI model), operating system fundamentals (Windows, UNIX, mainframe), security technologies (firewalls, IDS/IPS, etc.) and application programming/scripting languages (C, Java, Perl, Shell).
• Strong understanding of regulatory requirements and compliance issues affecting clients related to privacy and data protection, such as PCI DSS, GLBA, Basel II, EU Data Protection Directive, International Cross Border, and U.S. State Data Privacy Laws.
• Working knowledge of operating systems, virtual machine environments, mainframe security packages, and relational database management systems.
• Expert knowledge of using Microsoft Office.
• Ability to build relationships with and influence other functional areas
• Well-developed negotiation skills.
• Ability to build consensus.
• Ability to manage multiple tasks in parallel
• Willingness to travel to meet client needs;
• Valid driver's license in the US
• Professional certifications such as the CISSP, CISM, and/or CISA are preferred
• #LI-GN1

Salary Range Description

$116,500.00 - $156,000.00 Annual

The Hiring Range provided for this role is informed by (but not limited to) various factors including responsibilities of the position, work experience, education/training, internal peer equity, geography, as well as other market influences when extending an offer. The disclosed range has not been adjusted for these factors. This role may also be eligible to participate in a variable incentive-based bonus plan. Optiv offers a comprehensive compensation and benefits package, of which salary is a component.

What you can expect from Optiv
• A company committed to championing Diversity, Equality, and Inclusion through our Employee Resource Groups (http://www.optiv.com/company/about-us#dei-group) .
• Work/life balance
• Professional training resources
• Creative problem-solving and the ability to tackle unique, complex projects
• Volunteer Opportunities. “Optiv Chips In” encourages employees to volunteer and engage with their teams and communities.
• The ability and technology necessary to productively work remotely/from home (where applicable)

EEO Statement

Optiv is an equal opportunity employer. All qualified applicants for employment will be considered without regard to race, color, religion, sex, gender identity, sexual orientation, national origin, status as an individual with a disability, veteran status, or any other basis protected by federal, state, or local law.

Optiv respects your privacy. By providing your information through this page or applying for a job at Optiv, you acknowledge that Optiv will collect, use, and process your information, which may include personal information and sensitive personal information, in connection with Optiv’s selection and recruitment activities. For additional details on how Optiv uses and protects your personal information in the application process, click here to view our Applicant Privacy Notice (http://www.optiv.com/job-applicant-privacy-notice) . If you sign up to receive notifications of job postings, you may unsubscribe at any time.
"
Advisory AI & Model Risk Management Sr. Consultant,Deloitte,"San Francisco, CA • via Indeed",2025-01-08T16:42:50.842444,"Strong background in mathematical finance at the level of a Master's level degree in Mathematical Finance, Mathematics of Finance, Financial Engineering or Quantitative Finance or related field
Very strong undergraduates with necessary background and/or relevant work experience may be considered
Familiarity with data science, AI, modeling techniques, financial markets, derivative and financial instrument modeling and pricing, trading, deal structuring or risk management
3+ years of relevant Financial Services Industry work experience specifically in areas such as data science, AI, and/or model development, validation, governance, financial instrument pricing, risk management, or data analysis
Understanding of financial instrument modeling and risk management
Additional consideration given to candidates with experience in the areas of market risk, counterparty credit risk, liquidity risk, interest rate risk, pricing / independent price verification, wholesale and retail credit modeling, and AI
Strong analytical and computer skills including experience with quantitative analysis technical tools and techniques
Ability to explain difficult financial modeling concepts to diverse audiences and to experts at various clients
Ability to multi-task and communicate effectively with clients and staff in consultative settings
Limited immigration sponsorship may be available
Ability to travel based on the work you do and the clients you serve","Strong background in mathematical finance at the level of a Master's level degree in Mathematical Finance, Mathematics of Finance, Financial Engineering or Quantitative Finance or related field; Very strong undergraduates with necessary background and/or relevant work experience may be considered; Familiarity with data science, AI, modeling techniques, financial markets, derivative and financial instrument modeling and pricing, trading, deal structuring or risk management; 3+ years of relevant Financial Services Industry work experience specifically in areas such as data science, AI, and/or model development, validation, governance, financial instrument pricing, risk management, or data analysis; Understanding of financial instrument modeling and risk management; Additional consideration given to candidates with experience in the areas of market risk, counterparty credit risk, liquidity risk, interest rate risk, pricing / independent price verification, wholesale and retail credit modeling, and AI; Strong analytical and computer skills including experience with quantitative analysis technical tools and techniques; Ability to explain difficult financial modeling concepts to diverse audiences and to experts at various clients; Ability to multi-task and communicate effectively with clients and staff in consultative settings; Limited immigration sponsorship may be available; Ability to travel based on the work you do and the clients you serve","Strong background in mathematical finance at the level of a Master's level degree in Mathematical Finance, Mathematics of Finance, Financial Engineering or Quantitative Finance or related field
Very strong undergraduates with necessary background and/or relevant work experience may be considered
Familiarity with data science, AI, modeling techniques, financial markets, derivative and financial instrument modeling and pricing, trading, deal structuring or risk management
3+ years of relevant Financial Services Industry work experience specifically in areas such as data science, AI, and/or model development, validation, governance, financial instrument pricing, risk management, or data analysis
Understanding of financial instrument modeling and risk management
Additional consideration given to candidates with experience in the areas of market risk, counterparty credit risk, liquidity risk, interest rate risk, pricing / independent price verification, wholesale and retail credit modeling, and AI
Strong analytical and computer skills including experience with quantitative analysis technical tools and techniques
Ability to explain difficult financial modeling concepts to diverse audiences and to experts at various clients
Ability to multi-task and communicate effectively with clients and staff in consultative settings
Limited immigration sponsorship may be available
Ability to travel based on the work you do and the clients you serve","Strong background in mathematical finance at the level of a Master's level degree in Mathematical Finance, Mathematics of Finance, Financial Engineering or Quantitative Finance or related field; Very strong undergraduates with necessary background and/or relevant work experience may be considered; Familiarity with data science, AI, modeling techniques, financial markets, derivative and financial instrument modeling and pricing, trading, deal structuring or risk management; 3+ years of relevant Financial Services Industry work experience specifically in areas such as data science, AI, and/or model development, validation, governance, financial instrument pricing, risk management, or data analysis; Understanding of financial instrument modeling and risk management; Additional consideration given to candidates with experience in the areas of market risk, counterparty credit risk, liquidity risk, interest rate risk, pricing / independent price verification, wholesale and retail credit modeling, and AI; Strong analytical and computer skills including experience with quantitative analysis technical tools and techniques; Ability to explain difficult financial modeling concepts to diverse audiences and to experts at various clients; Ability to multi-task and communicate effectively with clients and staff in consultative settings; Limited immigration sponsorship may be available; Ability to travel based on the work you do and the clients you serve","This compensation range is specific to California, New York State, Washington D.C., and Jersey City and takes into account the wide range of factors that are considered in making compensation decisions including but not limited to skill sets; experience and training; licensure and certifications; and other business and organizational needs
A reasonable estimate of the current range is $124,658 to $207,763
You may also be eligible to participate in a discretionary annual incentive program, subject to the rules governing the program, whereby an award, if any, depends on various factors, including, without limitation, individual and organizational performance","This compensation range is specific to California, New York State, Washington D.C., and Jersey City and takes into account the wide range of factors that are considered in making compensation decisions including but not limited to skill sets; experience and training; licensure and certifications; and other business and organizational needs; A reasonable estimate of the current range is $124,658 to $207,763; You may also be eligible to participate in a discretionary annual incentive program, subject to the rules governing the program, whereby an award, if any, depends on various factors, including, without limitation, individual and organizational performance","This compensation range is specific to California, New York State, Washington D.C., and Jersey City and takes into account the wide range of factors that are considered in making compensation decisions including but not limited to skill sets; experience and training; licensure and certifications; and other business and organizational needs
A reasonable estimate of the current range is $124,658 to $207,763
You may also be eligible to participate in a discretionary annual incentive program, subject to the rules governing the program, whereby an award, if any, depends on various factors, including, without limitation, individual and organizational performance","This compensation range is specific to California, New York State, Washington D.C., and Jersey City and takes into account the wide range of factors that are considered in making compensation decisions including but not limited to skill sets; experience and training; licensure and certifications; and other business and organizational needs; A reasonable estimate of the current range is $124,658 to $207,763; You may also be eligible to participate in a discretionary annual incentive program, subject to the rules governing the program, whereby an award, if any, depends on various factors, including, without limitation, individual and organizational performance","We're looking for a sharp analytical thinker who's adept at financial modeling, data science, AI/ML modeling, and Model Risk Management to join our Advisory practice. You will assist our team in providing modeling expertise related to a wide range of models and purposes for Deloitte's clients in North America and worldwide. You will help develop, challenge, and control models used by organizations
for a range of purposes including risk management and operations / business decisioning.

Work you'll do:

You will provide a range of qualitative and quantitative consulting services in the areas of data science, AI, model development, model validation, model risk management, modeling technology, model governance / controls / documentation, and financial instrument valuation.

The team:

Working across industry sectors, we bring deep experience in data science, AI, modeling, and Model Risk Management. We have highly specialized expertise connected with a deep understanding of our clients' businesses and markets, and regulatory environments, which enables us to provide insights related to the full spectrum of business transactions. This helps us identify opportunities for growth and maximize long-term advantage for our clients.

Qualifications:
• Strong background in mathematical finance at the level of a Master's level degree in Mathematical Finance, Mathematics of Finance, Financial Engineering or Quantitative Finance or related field. Very strong undergraduates with necessary background and/or relevant work experience may be considered.
• Familiarity with data science, AI, modeling techniques, financial markets, derivative and financial instrument modeling and pricing, trading, deal structuring or risk management
• 3+ years of relevant Financial Services Industry work experience specifically in areas such as data science, AI, and/or model development, validation, governance, financial instrument pricing, risk management, or data analysis
• Understanding of financial instrument modeling and risk management
• Additional consideration given to candidates with experience in the areas of market risk, counterparty credit risk, liquidity risk, interest rate risk, pricing / independent price verification, wholesale and retail credit modeling, and AI.
• Strong analytical and computer skills including experience with quantitative analysis technical tools and techniques.
• Ability to explain difficult financial modeling concepts to diverse audiences and to experts at various clients.
• Provide recommendations for improved and enhanced modeling techniques to clients.
• Apply problem solving skills and deliver Deloitte methodology on engagements.
• Exercise professional judgment on engagements by providing proactive solutions and recommendations.
• Demonstrate leadership skills.
• Build and broaden industry knowledge to support organization and function initiatives by taking advantage of local and national training programs.
• Ability to multi-task and communicate effectively with clients and staff in consultative settings.
• Limited immigration sponsorship may be available
• Ability to travel based on the work you do and the clients you serve

Preferred Skills:
• Related consulting experience.
• Master's degree in Mathematical Finance, Mathematics of Finance, Financial Engineering or Quantitative Finance or a related technical field.
• PhD, CFA, FRM, CQF, CPA certifications a plus

Information for applicants with a need for accommodation: https://www2.deloitte.com/us/en/pages/careers/articles/join-deloitte-assistance-for-disabled-applicants.html

For individuals assigned and/or hired to work in California, New York State, Washington D.C., and Jersey City, Deloitte is required by law to include a reasonable estimate of the compensation range for this role. This compensation range is specific to California, New York State, Washington D.C., and Jersey City and takes into account the wide range of factors that are considered in making compensation decisions including but not limited to skill sets; experience and training; licensure and certifications; and other business and organizational needs. At Deloitte, it is not typical for an individual to be hired at or near the top of the range for their role and compensation decisions are dependent on the facts and circumstances of each case. A reasonable estimate of the current range is $124,658 to $207,763.

You may also be eligible to participate in a discretionary annual incentive program, subject to the rules governing the program, whereby an award, if any, depends on various factors, including, without limitation, individual and organizational performance.

#LI-OK1
"
"AI Governance, Risk, and Compliance (GRC) Leader",Slalom Consulting,"Minneapolis, MN • via Ladders",2025-01-08T16:43:00.755499,"Industry Experience: Over 10 years of proven experience in the Life Sciences and Healthcare (HCLS) industry, demonstrating a deep understanding of industry dynamics and trends
AI/GenAI Experience: Strong understanding of AI and Generative AI technologies, with practical experience applying these technologies in the HCLS sector to drive compliance, productivity, innovation and improve outcomes
GRC Expertise: Extensive experience in developing and implementing Governance, Risk, and Compliance (GRC) frameworks in the HCLS industry, with a strong focus on AI-driven insights and proactive governance
Regulatory Expertise: In-depth understanding of global regulatory standards, including FDA, EMA, HIPAA, and GDPR
Proven ability to ensure compliance in complex regulatory environments, utilizing AI for continuous monitoring and adherence
Risk Management Acumen: Demonstrated success in implementing effective risk management strategies, including financial, operational, and technical risks
Experience with AI-powered tools for risk identification, assessment, and mitigation
Consulting/Startup Experience: Experience in consulting or startups, showcasing adaptability, agility, and an entrepreneurial mindset
Comfortable navigating ambiguity and driving success in fast-paced environments
Customer Experience: Experience in sales or business development, with a keen ability to understand, anticipate, and meet customer needs
Demonstrates a customer-obsessed mentality, fostering long-term client relationships
Slalom will also consider qualified applications with criminal histories, consistent with legal requirements","Industry Experience: Over 10 years of proven experience in the Life Sciences and Healthcare (HCLS) industry, demonstrating a deep understanding of industry dynamics and trends; AI/GenAI Experience: Strong understanding of AI and Generative AI technologies, with practical experience applying these technologies in the HCLS sector to drive compliance, productivity, innovation and improve outcomes; GRC Expertise: Extensive experience in developing and implementing Governance, Risk, and Compliance (GRC) frameworks in the HCLS industry, with a strong focus on AI-driven insights and proactive governance; Regulatory Expertise: In-depth understanding of global regulatory standards, including FDA, EMA, HIPAA, and GDPR; Proven ability to ensure compliance in complex regulatory environments, utilizing AI for continuous monitoring and adherence; Risk Management Acumen: Demonstrated success in implementing effective risk management strategies, including financial, operational, and technical risks; Experience with AI-powered tools for risk identification, assessment, and mitigation; Consulting/Startup Experience: Experience in consulting or startups, showcasing adaptability, agility, and an entrepreneurial mindset; Comfortable navigating ambiguity and driving success in fast-paced environments; Customer Experience: Experience in sales or business development, with a keen ability to understand, anticipate, and meet customer needs; Demonstrates a customer-obsessed mentality, fostering long-term client relationships; Slalom will also consider qualified applications with criminal histories, consistent with legal requirements","Industry Experience: Over 10 years of proven experience in the Life Sciences and Healthcare (HCLS) industry, demonstrating a deep understanding of industry dynamics and trends
AI/GenAI Experience: Strong understanding of AI and Generative AI technologies, with practical experience applying these technologies in the HCLS sector to drive compliance, productivity, innovation and improve outcomes
GRC Expertise: Extensive experience in developing and implementing Governance, Risk, and Compliance (GRC) frameworks in the HCLS industry, with a strong focus on AI-driven insights and proactive governance
Regulatory Expertise: In-depth understanding of global regulatory standards, including FDA, EMA, HIPAA, and GDPR
Proven ability to ensure compliance in complex regulatory environments, utilizing AI for continuous monitoring and adherence
Risk Management Acumen: Demonstrated success in implementing effective risk management strategies, including financial, operational, and technical risks
Experience with AI-powered tools for risk identification, assessment, and mitigation
Consulting/Startup Experience: Experience in consulting or startups, showcasing adaptability, agility, and an entrepreneurial mindset
Comfortable navigating ambiguity and driving success in fast-paced environments
Customer Experience: Experience in sales or business development, with a keen ability to understand, anticipate, and meet customer needs
Demonstrates a customer-obsessed mentality, fostering long-term client relationships
Slalom will also consider qualified applications with criminal histories, consistent with legal requirements","Industry Experience: Over 10 years of proven experience in the Life Sciences and Healthcare (HCLS) industry, demonstrating a deep understanding of industry dynamics and trends; AI/GenAI Experience: Strong understanding of AI and Generative AI technologies, with practical experience applying these technologies in the HCLS sector to drive compliance, productivity, innovation and improve outcomes; GRC Expertise: Extensive experience in developing and implementing Governance, Risk, and Compliance (GRC) frameworks in the HCLS industry, with a strong focus on AI-driven insights and proactive governance; Regulatory Expertise: In-depth understanding of global regulatory standards, including FDA, EMA, HIPAA, and GDPR; Proven ability to ensure compliance in complex regulatory environments, utilizing AI for continuous monitoring and adherence; Risk Management Acumen: Demonstrated success in implementing effective risk management strategies, including financial, operational, and technical risks; Experience with AI-powered tools for risk identification, assessment, and mitigation; Consulting/Startup Experience: Experience in consulting or startups, showcasing adaptability, agility, and an entrepreneurial mindset; Comfortable navigating ambiguity and driving success in fast-paced environments; Customer Experience: Experience in sales or business development, with a keen ability to understand, anticipate, and meet customer needs; Demonstrates a customer-obsessed mentality, fostering long-term client relationships; Slalom will also consider qualified applications with criminal histories, consistent with legal requirements","Slalom prides itself on helping team members thrive in their work and life
As a result, Slalom is proud to invest in benefits that include meaningful time off and paid holidays, parental leave, 401(k) with a match, a range of choices for highly subsidized health, dental, & vision coverage, adoption and fertility assistance, and short/long-term disability
We also offer yearly $350 reimbursement account for any well-being-related expenses, as well as discounted home, auto, and pet insurance
Slalom is committed to fair and equitable compensation practices
For this position at the Principal level the base salary pay range is $122,000 to $225,000
Principal level the base salary pay range is $140,000 to $258,000
Actual compensation will depend upon an individual's skills, experience, qualifications, location, and other relevant factors
The salary pay range is subject to change and may be modified at any time","Slalom prides itself on helping team members thrive in their work and life; As a result, Slalom is proud to invest in benefits that include meaningful time off and paid holidays, parental leave, 401(k) with a match, a range of choices for highly subsidized health, dental, & vision coverage, adoption and fertility assistance, and short/long-term disability; We also offer yearly $350 reimbursement account for any well-being-related expenses, as well as discounted home, auto, and pet insurance; Slalom is committed to fair and equitable compensation practices; For this position at the Principal level the base salary pay range is $122,000 to $225,000; Principal level the base salary pay range is $140,000 to $258,000; Actual compensation will depend upon an individual's skills, experience, qualifications, location, and other relevant factors; The salary pay range is subject to change and may be modified at any time","Slalom prides itself on helping team members thrive in their work and life
As a result, Slalom is proud to invest in benefits that include meaningful time off and paid holidays, parental leave, 401(k) with a match, a range of choices for highly subsidized health, dental, & vision coverage, adoption and fertility assistance, and short/long-term disability
We also offer yearly $350 reimbursement account for any well-being-related expenses, as well as discounted home, auto, and pet insurance
Slalom is committed to fair and equitable compensation practices
For this position at the Principal level the base salary pay range is $122,000 to $225,000
Principal level the base salary pay range is $140,000 to $258,000
Actual compensation will depend upon an individual's skills, experience, qualifications, location, and other relevant factors
The salary pay range is subject to change and may be modified at any time","Slalom prides itself on helping team members thrive in their work and life; As a result, Slalom is proud to invest in benefits that include meaningful time off and paid holidays, parental leave, 401(k) with a match, a range of choices for highly subsidized health, dental, & vision coverage, adoption and fertility assistance, and short/long-term disability; We also offer yearly $350 reimbursement account for any well-being-related expenses, as well as discounted home, auto, and pet insurance; Slalom is committed to fair and equitable compensation practices; For this position at the Principal level the base salary pay range is $122,000 to $225,000; Principal level the base salary pay range is $140,000 to $258,000; Actual compensation will depend upon an individual's skills, experience, qualifications, location, and other relevant factors; The salary pay range is subject to change and may be modified at any time","Principal/Sr. Principal - Governance, Risk, and Compliance (GRC) Leader

Who You'll Work With

As a modern technology company, our Slalom Technologists are disrupting the market and bringing to life the art of the possible for our clients. We have passion for building strategies, solutions, and creative products to help our clients solve their most complex and interesting business problems. We sur
round our technologists with interesting challenges, innovative minds, and emerging technologies.

As an initial member of Slalom's new AI Center for Life (AIC4L), you will play a pivotal role in contributing to the foundation and early success of AIC4L, leading efforts to harness the transformative potential of AI/Generative AI in the Healthcare and Life Sciences sectors. AIC4L is our clients' trusted partner in pinpointing and addressing obstacles to AI value realization, uniquely blending exceptional data and AI capabilities, deep industry expertise, and a broad partnership network to drive superior business outcomes.

What You'll Do
• Design and Deliver AI-Powered GRC Solutions: Collaborate with Slalom markets, practice leaders, and account teams to design and implement scalable AI-driven GRC frameworks tailored for the HCLS industry. Integrate Slalom's capabilities to ensure comprehensive solutions, including project phasing, staffing, resource allocation, and cost estimation, while leveraging AI insights for proactive governance and strategic decision-making.
• Integrate AI into GRC: Lead the integration of AI/GenAI and other emerging technologies into GRC practices. Use predictive analytics, automated compliance monitoring, and advanced risk assessment techniques to drive innovation and improve governance processes.
• Ensure Regulatory Compliance: Lead AI initiatives to ensure compliance with global regulatory standards such as FDA, EMA, HIPAA, and GDPR. Utilize AI for continuous monitoring and automated compliance checks in the pharmaceutical, biotechnology, and medical device sectors, ensuring adherence to regulatory requirements.
• Manage Risks Effectively: Implement robust strategies to manage AI-introduced enterprise risks like financial, operational, and technical risks. Leverage AI-powered tools for risk identification, assessment, and mitigation, enhancing audit accuracy and efficiency through automated anomaly detection.
• Enhance Data Privacy and Security: Develop and enforce data privacy policies with a focus on AI-enhanced data protection. Implement advanced encryption techniques and AI-based threat detection systems to safeguard sensitive information and ensure compliance with data security regulations.
• Promote Ethical Compliance: Champion ethical standards and corporate responsibility within the organization. Use AI to monitor adherence to codes of conduct, ensuring transparency in reporting mechanisms and enhancing ethical compliance across the board.
• Provide Strategic Leadership: Foster a T-shaped leadership style, balancing deep technical expertise with a broad understanding of related disciplines, and delivering exceptional customer-focused solutions.
• Drive Market Campaigns and Sales Initiatives: Drive market campaigns to introduce AIC4L to potential clients, actively engaging in sales strategies to generate demand for our innovative AI solutions. Leverage your expertise and network to identify opportunities, build client relationships, and convert market interest into tangible business growth.

What You'll Bring
• Industry Experience: Over 10 years of proven experience in the Life Sciences and Healthcare (HCLS) industry, demonstrating a deep understanding of industry dynamics and trends.
• AI/GenAI Experience: Strong understanding of AI and Generative AI technologies, with practical experience applying these technologies in the HCLS sector to drive compliance, productivity, innovation and improve outcomes.
• GRC Expertise: Extensive experience in developing and implementing Governance, Risk, and Compliance (GRC) frameworks in the HCLS industry, with a strong focus on AI-driven insights and proactive governance.
• Regulatory Expertise: In-depth understanding of global regulatory standards, including FDA, EMA, HIPAA, and GDPR. Proven ability to ensure compliance in complex regulatory environments, utilizing AI for continuous monitoring and adherence.
• Risk Management Acumen: Demonstrated success in implementing effective risk management strategies, including financial, operational, and technical risks. Experience with AI-powered tools for risk identification, assessment, and mitigation.
• Consulting/Startup Experience: Experience in consulting or startups, showcasing adaptability, agility, and an entrepreneurial mindset. Comfortable navigating ambiguity and driving success in fast-paced environments.
• Customer Experience: Experience in sales or business development, with a keen ability to understand, anticipate, and meet customer needs. Demonstrates a customer-obsessed mentality, fostering long-term client relationships.

If you are passionate about driving innovation in Governance, Risk, and Compliance, and thrive in a dynamic environment where AI and emerging technologies are at the forefront, we invite you to lead the future of GRC at Slalom.

About Us

Slalom is a purpose-led, global business and technology consulting company. From strategy to implementation, our approach is fiercely human. In six countries and 43 markets, we deeply understand our customers-and their customers-to deliver practical, end-to-end solutions that drive meaningful impact. Backed by close partnerships with over 400 leading technology providers, our 13,000+ strong team helps people and organizations dream bigger, move faster, and build better tomorrows for all. We're honored to be consistently recognized as a great place to work, including being one of Fortune's 100 Best Companies to Work For seven years running. Learn more at slalom.com.

Compensation and Benefits

Slalom prides itself on helping team members thrive in their work and life. As a result, Slalom is proud to invest in benefits that include meaningful time off and paid holidays, parental leave, 401(k) with a match, a range of choices for highly subsidized health, dental, & vision coverage, adoption and fertility assistance, and short/long-term disability. We also offer yearly $350 reimbursement account for any well-being-related expenses, as well as discounted home, auto, and pet insurance.

Slalom is committed to fair and equitable compensation practices. For this position at the Principal level the base salary pay range is $122,000 to $225,000. For this position at the Sr. Principal level the base salary pay range is $140,000 to $258,000. Actual compensation will depend upon an individual's skills, experience, qualifications, location, and other relevant factors. The salary pay range is subject to change and may be modified at any time.

EEO and Accommodations

Slalom is an equal opportunity employer and is committed to inclusion, diversity, and equity in the workplace. All qualified applicants will receive consideration for employment without regard to race, color, religion, sex, national origin, disability status, protected veterans' status, or any other characteristic protected by federal, state, or local laws. Slalom will also consider qualified applications with criminal histories, consistent with legal requirements. Slalom welcomes and encourages applications from individuals with disabilities. Reasonable accommodations are available for candidates during all aspects of the selection process. Please advise the talent acquisition team if you require accommodations during the interview process.

We will accept applicants for this role until 11/28/2024.
"
"Vice President, Technology Risk Control Management II / AI",BNY,"New Bloomfield, PA • via Jooble",2025-01-08T16:43:07.740491,,,,,,,,,"VICE PRESIDENT, TECHNOLOGY RISK CONTROL MANAGEMENT II / AI At BNY, our culture empowers you to grow and succeed. As a leading global financial services company at the center of the world’s financial system we touch nearly 20% of the world’s investible assets. Every day around the globe, our 50,000 employees bring the power of their perspective to the table to create solutions with our clients that
benefit businesses, communities and people everywhere. We continue to be a leader in the industry, awarded as a top home for innovators and for creating an inclusive workplace. Through our unique ideas and talents, together we help make money work for the world. This is what LifeAtBNY is all about. We’re seeking a future team member for the role of Technology Risk Control Management to join our Clearing Markets Treasury Engineering team. This role is located in Pittsburgh, PA, and will work a Hybrid schedule (3 days per week in-office required) . Candidate must reside within a commutable distance to this work location, as we are unable to accommodate 100% virtual work arrangements. In this role, you’ll make an impact in the following ways: As a member of the Risk & Compliance Team, this role is responsible for setting the strategy for identifying, analyzing, monitoring, reporting, and minimizing information technology risks within their assigned portfolio Supports the Risk and Control Self-Assessment (RCSA) and High Level Assessment (HLA) processes for the assigned portfolio within CMIST Responsible for the execution of Risk Framework practices Uses in-depth knowledge of information technology, risk and control frameworks, risk and control theory and practice, and controls implementation and assessment to determine potential risks to the organization Manages analysis and draws conclusions in order to recommend and direct any resulting change needed to mitigate risk Responsible for implementing risk framework and identifying, analyzing, monitoring, reporting, and minimizing information technology risks Consult and advise on all technology risk matters Supports related risk programs: audit response, regulatory inquiry and response, etc. Manages complex projects that involve working with the businesses to improve controls to mitigate any deficiencies To be successful in this role, we’re seeking the following: Bachelor's degree or equivalent combination of education and work experience required 7-10 years of total work experience preferred - mixed experience in application development, computer architecture, and technology/information risk, assurance or advisory strongly preferred Communication skills must range from participation in detailed technical discussions to business-oriented presentations to working closely with senior management Experience in the securities or financial services industry is a plus CISA, CISSP or CRISC and ISACA certifications preferred Experience defining, implementing and monitoring IT risk management programs, including cyber security related risks Experience understanding design and operating effectiveness of IT controls and industry related frameworks Prior hands-on experience within the Risk Control space working with AI/ML framework, highly preferred Working knowledge and experience with Generative AI, Machine Learning, Power BI, Tableau, and Cloud Technologies, highly preferred At BNY, our culture speaks for itself. Here’s a few of our awards: America’s Most Innovative Companies, Fortune, 2024 World’s Most Admired Companies, Fortune 2024 Human Rights Campaign Foundation, Corporate Equality Index, 100% score, 2023-2024 Best Places to Work for Disability Inclusion, Disability: IN – 100% score, 2023-2024 “Most Just Companies”, Just Capital and CNBC, 2024 Dow Jones Sustainability Indices, Top performing company for Sustainability, 2024 Bloomberg’s Gender Equality Index (GEI), 2023 Our Benefits and Rewards: BNY offers highly competitive compensation, benefits, and wellbeing programs rooted in a strong culture of excellence and our pay-for-performance philosophy. We provide access to flexible global resources and tools for your life’s journey. Focus on your health, foster your personal resilience, and reach your financial goals as a valued member of our team, along with generous paid leaves, including paid volunteer time, that can support you and your family through moments that matter. BNY is an Equal Employment Opportunity/Affirmative Action Employer - Underrepresented racial and ethnic groups/Females/Individuals with Disabilities/Protected Veterans.
"
CCB AI Governance Lead,JPMorgan Chase,"Columbus, OH • via Teal",2025-01-08T16:43:17.673164,"10+ years in Governance, Audit, Controls or Data Science with proven Leadership experience
Bachelor's or Master's degree in Data Science, Math or a related quantitative field
Expertise across the AI/ML lifecycle, including data discovery, processing, solution development, deployment, risk and controls, and ongoing monitoring
Highly motivated individual with advanced skill sets in strategy, problem-solving, and execution
Excellent managerial skills with the ability to design and influence across multiple leadership and cross-functional teams
Leadership role in AI/ML Audit, Exam, and Regulatory requests
Proven experience in AI/ML Governance, Risk & Control Management with a strong understanding of AI/ML technologies
Proven experience leading and collaborating across Business, Technology, Compliance, and Controls functions
Professional certification in AI/ML, Data Science or related field
Advanced knowledge of Firmwide AI/ML & Estimation Policy, Standards, Risk and Controls in consumer and retail banking
In-depth knowledge of AI/ML regulatory requirements and ethical considerations, data, and security
Familiarity with MLOps principles and the MDLC lifecycle
Experience in AI/ML solution development, including LLM and GenAI
Experience with AI/ML tools and cloud platforms (e.g., Py Torch, AWS, Azure, TensorFlow, Python, Google Cloud)
Working knowledge of AI/ML industry trends, vendor ecosystem, and related political, ethical, and socio-economic risks","10+ years in Governance, Audit, Controls or Data Science with proven Leadership experience; Bachelor's or Master's degree in Data Science, Math or a related quantitative field; Expertise across the AI/ML lifecycle, including data discovery, processing, solution development, deployment, risk and controls, and ongoing monitoring; Highly motivated individual with advanced skill sets in strategy, problem-solving, and execution; Excellent managerial skills with the ability to design and influence across multiple leadership and cross-functional teams; Leadership role in AI/ML Audit, Exam, and Regulatory requests; Proven experience in AI/ML Governance, Risk & Control Management with a strong understanding of AI/ML technologies; Proven experience leading and collaborating across Business, Technology, Compliance, and Controls functions; Professional certification in AI/ML, Data Science or related field; Advanced knowledge of Firmwide AI/ML & Estimation Policy, Standards, Risk and Controls in consumer and retail banking; In-depth knowledge of AI/ML regulatory requirements and ethical considerations, data, and security; Familiarity with MLOps principles and the MDLC lifecycle; Experience in AI/ML solution development, including LLM and GenAI; Experience with AI/ML tools and cloud platforms (e.g., Py Torch, AWS, Azure, TensorFlow, Python, Google Cloud); Working knowledge of AI/ML industry trends, vendor ecosystem, and related political, ethical, and socio-economic risks","10+ years in Governance, Audit, Controls or Data Science with proven Leadership experience
Bachelor's or Master's degree in Data Science, Math or a related quantitative field
Expertise across the AI/ML lifecycle, including data discovery, processing, solution development, deployment, risk and controls, and ongoing monitoring
Highly motivated individual with advanced skill sets in strategy, problem-solving, and execution
Excellent managerial skills with the ability to design and influence across multiple leadership and cross-functional teams
Leadership role in AI/ML Audit, Exam, and Regulatory requests
Proven experience in AI/ML Governance, Risk & Control Management with a strong understanding of AI/ML technologies
Proven experience leading and collaborating across Business, Technology, Compliance, and Controls functions
Professional certification in AI/ML, Data Science or related field
Advanced knowledge of Firmwide AI/ML & Estimation Policy, Standards, Risk and Controls in consumer and retail banking
In-depth knowledge of AI/ML regulatory requirements and ethical considerations, data, and security
Familiarity with MLOps principles and the MDLC lifecycle
Experience in AI/ML solution development, including LLM and GenAI
Experience with AI/ML tools and cloud platforms (e.g., Py Torch, AWS, Azure, TensorFlow, Python, Google Cloud)
Working knowledge of AI/ML industry trends, vendor ecosystem, and related political, ethical, and socio-economic risks","10+ years in Governance, Audit, Controls or Data Science with proven Leadership experience; Bachelor's or Master's degree in Data Science, Math or a related quantitative field; Expertise across the AI/ML lifecycle, including data discovery, processing, solution development, deployment, risk and controls, and ongoing monitoring; Highly motivated individual with advanced skill sets in strategy, problem-solving, and execution; Excellent managerial skills with the ability to design and influence across multiple leadership and cross-functional teams; Leadership role in AI/ML Audit, Exam, and Regulatory requests; Proven experience in AI/ML Governance, Risk & Control Management with a strong understanding of AI/ML technologies; Proven experience leading and collaborating across Business, Technology, Compliance, and Controls functions; Professional certification in AI/ML, Data Science or related field; Advanced knowledge of Firmwide AI/ML & Estimation Policy, Standards, Risk and Controls in consumer and retail banking; In-depth knowledge of AI/ML regulatory requirements and ethical considerations, data, and security; Familiarity with MLOps principles and the MDLC lifecycle; Experience in AI/ML solution development, including LLM and GenAI; Experience with AI/ML tools and cloud platforms (e.g., Py Torch, AWS, Azure, TensorFlow, Python, Google Cloud); Working knowledge of AI/ML industry trends, vendor ecosystem, and related political, ethical, and socio-economic risks","Comprehensive health care coverage
On-site health and wellness centers
Retirement savings plan
Backup childcare
Tuition reimbursement
Mental health support
Financial coaching",Comprehensive health care coverage; On-site health and wellness centers; Retirement savings plan; Backup childcare; Tuition reimbursement; Mental health support; Financial coaching,"Comprehensive health care coverage
On-site health and wellness centers
Retirement savings plan
Backup childcare
Tuition reimbursement
Mental health support
Financial coaching",Comprehensive health care coverage; On-site health and wellness centers; Retirement savings plan; Backup childcare; Tuition reimbursement; Mental health support; Financial coaching,"About the position

The AI/ML Governance Lead at J.P. Morgan Chase (JPMC) is responsible for overseeing the governance of AI/ML initiatives within the Consumer and Community Banking (CCB) sector. This role involves establishing a comprehensive governance framework, coordinating with various stakeholders, and ensuring compliance with regulatory requirements while fostering a culture of responsible
AI/ML adoption. The position plays a crucial role in aligning AI/ML practices with the firm's standards and mitigating risks associated with AI/ML technologies.

Responsibilities
• Represent CCB in AI/ML Forums and Committees, providing key input on AIOG initiatives.
,
• Lead and build a comprehensive Governance Framework for AI/ML.
,
• Oversee a team responsible for AI/ML governance activities including Inventory Monitoring and Analytical Tool Documentation.
,
• Establish a cross-functional AI/ML Community of Practice to ensure alignment with Governance policies.
,
• Provide support for Audit, CCOR, and Supervisory requests, inquiries, and assessments.
,
• Ensure readiness and risk assessment support for Large Language Models (LLM) and Generative AI (GenAI).
,
• Engage with FW AIOG and LOB Product Office to enhance execution and adherence to AI/ML MDLC processes.
,
• Identify industry trends, emerging technologies, and regulatory changes impacting CCB's AI/ML Governance.

Requirements
• 10+ years in Governance, Audit, Controls or Data Science with proven Leadership experience.
,
• Bachelor's or Master's degree in Data Science, Math or a related quantitative field.
,
• Expertise across the AI/ML lifecycle, including data discovery, processing, solution development, deployment, risk and controls, and ongoing monitoring.
,
• Highly motivated individual with advanced skill sets in strategy, problem-solving, and execution.
,
• Excellent managerial skills with the ability to design and influence across multiple leadership and cross-functional teams.
,
• Leadership role in AI/ML Audit, Exam, and Regulatory requests.
,
• Proven experience in AI/ML Governance, Risk & Control Management with a strong understanding of AI/ML technologies.
,
• Proven experience leading and collaborating across Business, Technology, Compliance, and Controls functions.

Nice-to-haves
• Professional certification in AI/ML, Data Science or related field.
,
• Advanced knowledge of Firmwide AI/ML & Estimation Policy, Standards, Risk and Controls in consumer and retail banking.
,
• In-depth knowledge of AI/ML regulatory requirements and ethical considerations, data, and security.
,
• Familiarity with MLOps principles and the MDLC lifecycle.
,
• Experience in AI/ML solution development, including LLM and GenAI.
,
• Experience with AI/ML tools and cloud platforms (e.g., Py Torch, AWS, Azure, TensorFlow, Python, Google Cloud).
,
• Working knowledge of AI/ML industry trends, vendor ecosystem, and related political, ethical, and socio-economic risks.

Benefits
• Comprehensive health care coverage
,
• On-site health and wellness centers
,
• Retirement savings plan
,
• Backup childcare
,
• Tuition reimbursement
,
• Mental health support
,
• Financial coaching
"
Information Security Engineer (Data Privacy Governance & AI),Lavendo,"Vienna, VA • via Ladders",2025-01-08T16:43:27.543430,"Bachelor's Degree in Cyber Security, Computer Engineering, or a similar subject
At least 7 years of experience as a Cybersecurity or Information Security Professional
Excellent command line skills on Linux
Hands-on experience with Nessus, Open VAS, Qualys for vulnerability management
In-depth experience implementing security solutions
Security and vendor risk assessment experience related to CCPA, GDPR
Experience with phishing management
Cloud security experience
Ideally, experience with threat modeling and penetration testing
Ideally, IEC, CISSP, CISM, CISA certification
Ability to work 3 days/week in an office in Falls Church, VA
Key Attributes for Success
High ethical standards, honesty, and transparency
Passionate about technology and its impact
Collaborative team player
Comfortable working in a fast-paced startup environment
Keen interest in professional growth and development
Reference and Background Checks: conducted after successful interviews","Bachelor's Degree in Cyber Security, Computer Engineering, or a similar subject; At least 7 years of experience as a Cybersecurity or Information Security Professional; Excellent command line skills on Linux; Hands-on experience with Nessus, Open VAS, Qualys for vulnerability management; In-depth experience implementing security solutions; Security and vendor risk assessment experience related to CCPA, GDPR; Experience with phishing management; Cloud security experience; Ideally, experience with threat modeling and penetration testing; Ideally, IEC, CISSP, CISM, CISA certification; Ability to work 3 days/week in an office in Falls Church, VA; Key Attributes for Success; High ethical standards, honesty, and transparency; Passionate about technology and its impact; Collaborative team player; Comfortable working in a fast-paced startup environment; Keen interest in professional growth and development; Reference and Background Checks: conducted after successful interviews","Bachelor's Degree in Cyber Security, Computer Engineering, or a similar subject
At least 7 years of experience as a Cybersecurity or Information Security Professional
Excellent command line skills on Linux
Hands-on experience with Nessus, Open VAS, Qualys for vulnerability management
In-depth experience implementing security solutions
Security and vendor risk assessment experience related to CCPA, GDPR
Experience with phishing management
Cloud security experience
Ideally, experience with threat modeling and penetration testing
Ideally, IEC, CISSP, CISM, CISA certification
Ability to work 3 days/week in an office in Falls Church, VA
Key Attributes for Success
High ethical standards, honesty, and transparency
Passionate about technology and its impact
Collaborative team player
Comfortable working in a fast-paced startup environment
Keen interest in professional growth and development
Reference and Background Checks: conducted after successful interviews","Bachelor's Degree in Cyber Security, Computer Engineering, or a similar subject; At least 7 years of experience as a Cybersecurity or Information Security Professional; Excellent command line skills on Linux; Hands-on experience with Nessus, Open VAS, Qualys for vulnerability management; In-depth experience implementing security solutions; Security and vendor risk assessment experience related to CCPA, GDPR; Experience with phishing management; Cloud security experience; Ideally, experience with threat modeling and penetration testing; Ideally, IEC, CISSP, CISM, CISA certification; Ability to work 3 days/week in an office in Falls Church, VA; Key Attributes for Success; High ethical standards, honesty, and transparency; Passionate about technology and its impact; Collaborative team player; Comfortable working in a fast-paced startup environment; Keen interest in professional growth and development; Reference and Background Checks: conducted after successful interviews","Competitive compensation: $140,000 per year (negotiable based on experience)
Full medical benefits
Gold plan: 100% coverage for health, dental, and vision (0 out-of-pocket)
Life insurance
401(k)
Work-life balance, hybrid schedule and paid vacation
Very fast career growth (Director of Information Security in 1-2 years)
Proven product-market fit with Fortune 100 customers","Competitive compensation: $140,000 per year (negotiable based on experience); Full medical benefits; Gold plan: 100% coverage for health, dental, and vision (0 out-of-pocket); Life insurance; 401(k); Work-life balance, hybrid schedule and paid vacation; Very fast career growth (Director of Information Security in 1-2 years); Proven product-market fit with Fortune 100 customers","Competitive compensation: $140,000 per year (negotiable based on experience)
Full medical benefits
Gold plan: 100% coverage for health, dental, and vision (0 out-of-pocket)
Life insurance
401(k)
Work-life balance, hybrid schedule and paid vacation
Very fast career growth (Director of Information Security in 1-2 years)
Proven product-market fit with Fortune 100 customers","Competitive compensation: $140,000 per year (negotiable based on experience); Full medical benefits; Gold plan: 100% coverage for health, dental, and vision (0 out-of-pocket); Life insurance; 401(k); Work-life balance, hybrid schedule and paid vacation; Very fast career growth (Director of Information Security in 1-2 years); Proven product-market fit with Fortune 100 customers","About the Company

Our client is a profitable SaaS company at the forefront of data privacy and security innovation. Their powerful Data Privacy Governance platform utilizes patented AI technology to revolutionize customer data protection, ensuring compliance with GDPR, CCPA, and other privacy regulations for Fortune 100 organizations and mid-market enterprises. Their unified consent and preferenc
e management APIs enable seamless data handling across multiple channels, setting new standards in the industry.

The company's mission is to contribute to a better society by advocating for proper data protection legislation, responsibly safeguarding customer data, preserving individual privacy rights, and enhancing trust between businesses and consumers through greater transparency.

The Opportunity

We are seeking an Information Security Engineer to join our client's team in Falls Church, VA. Founders are engineers, and the majority of the team members are engineers. The team is flat in hierarchy and you will likely have more autonomy over your code than what you are previously accustomed to. You won't be just fixing bugs or maintaining existing codebase - you will be building exciting new features, analyzing metrics, re-designing complex interfaces, and making important technical and product decisions.

What You'll Do
• Conduct vulnerability assessments on a wide range of assets
• Configure and implement firewall rules
• Manage and harden Linux servers
• Monitor and analyze traffic to various company sites and cloud assets and block IPs
• Lead implementation of Anti-Virus software
• Interpret and prioritize Vulnerability Scan results
• Assist with security incident response efforts
• Design and roll out security controls and operationalize them into effective practices
• Be the steward for security best practices within the organization
• Mentor and guide other engineers to put ""Security First""

What You Bring
• Bachelor's Degree in Cyber Security, Computer Engineering, or a similar subject
• At least 7 years of experience as a Cybersecurity or Information Security Professional
• Excellent command line skills on Linux
• Hands-on experience with Nessus, Open VAS, Qualys for vulnerability management
• In-depth experience implementing security solutions
• Security and vendor risk assessment experience related to CCPA, GDPR
• Experience with phishing management
• Cloud security experience
• Ideally, experience with threat modeling and penetration testing
• Ideally, IEC, CISSP, CISM, CISA certification
• Ability to work 3 days/week in an office in Falls Church, VA

Key Attributes for Success
• High ethical standards, honesty, and transparency
• Passionate about technology and its impact
• Collaborative team player
• Comfortable working in a fast-paced startup environment
• Keen interest in professional growth and development

Why Join?
• Competitive compensation: $140,000 per year (negotiable based on experience)
• Full medical benefits. Gold plan: 100% coverage for health, dental, and vision (0 out-of-pocket). Life insurance
• 401(k)
• Work-life balance, hybrid schedule and paid vacation
• Very fast career growth (Director of Information Security in 1-2 years)
• Proven product-market fit with Fortune 100 customers
• Founders are engineers, and the majority of the team members are engineers
• Impactful work that shapes the future of data privacy
• Collaborative company culture, diverse team and supportive, inclusive environment for all employees

Interviewing Process
• Stage 1: 30-min interview with the Technical Founder (General fit)
• Stage 2: On-site interview in the office (Skills assessment)
• Reference and Background Checks: conducted after successful interviews
• Job Offer: provided to the selected candidate

We are proud to be an equal opportunity workplace and are committed to equal employment opportunity regardless of race, color, religion, national origin, age, sex, marital status, ancestry, physical or mental disability, genetic information, veteran status, gender identity, or expression, sexual orientation, or any other characteristic protected by applicable federal, state or local law.
"
Advisory AI & Model Risk Management Sr. Consultant,Deloitte,"Los Angeles, CA • via Indeed",2025-01-08T16:43:37.375291,"Strong background in mathematical finance at the level of a Master's level degree in Mathematical Finance, Mathematics of Finance, Financial Engineering or Quantitative Finance or related field
Very strong undergraduates with necessary background and/or relevant work experience may be considered
Familiarity with data science, AI, modeling techniques, financial markets, derivative and financial instrument modeling and pricing, trading, deal structuring or risk management
3+ years of relevant Financial Services Industry work experience specifically in areas such as data science, AI, and/or model development, validation, governance, financial instrument pricing, risk management, or data analysis
Understanding of financial instrument modeling and risk management
Additional consideration given to candidates with experience in the areas of market risk, counterparty credit risk, liquidity risk, interest rate risk, pricing / independent price verification, wholesale and retail credit modeling, and AI
Strong analytical and computer skills including experience with quantitative analysis technical tools and techniques
Ability to explain difficult financial modeling concepts to diverse audiences and to experts at various clients
Ability to multi-task and communicate effectively with clients and staff in consultative settings
Limited immigration sponsorship may be available
Ability to travel based on the work you do and the clients you serve","Strong background in mathematical finance at the level of a Master's level degree in Mathematical Finance, Mathematics of Finance, Financial Engineering or Quantitative Finance or related field; Very strong undergraduates with necessary background and/or relevant work experience may be considered; Familiarity with data science, AI, modeling techniques, financial markets, derivative and financial instrument modeling and pricing, trading, deal structuring or risk management; 3+ years of relevant Financial Services Industry work experience specifically in areas such as data science, AI, and/or model development, validation, governance, financial instrument pricing, risk management, or data analysis; Understanding of financial instrument modeling and risk management; Additional consideration given to candidates with experience in the areas of market risk, counterparty credit risk, liquidity risk, interest rate risk, pricing / independent price verification, wholesale and retail credit modeling, and AI; Strong analytical and computer skills including experience with quantitative analysis technical tools and techniques; Ability to explain difficult financial modeling concepts to diverse audiences and to experts at various clients; Ability to multi-task and communicate effectively with clients and staff in consultative settings; Limited immigration sponsorship may be available; Ability to travel based on the work you do and the clients you serve","Strong background in mathematical finance at the level of a Master's level degree in Mathematical Finance, Mathematics of Finance, Financial Engineering or Quantitative Finance or related field
Very strong undergraduates with necessary background and/or relevant work experience may be considered
Familiarity with data science, AI, modeling techniques, financial markets, derivative and financial instrument modeling and pricing, trading, deal structuring or risk management
3+ years of relevant Financial Services Industry work experience specifically in areas such as data science, AI, and/or model development, validation, governance, financial instrument pricing, risk management, or data analysis
Understanding of financial instrument modeling and risk management
Additional consideration given to candidates with experience in the areas of market risk, counterparty credit risk, liquidity risk, interest rate risk, pricing / independent price verification, wholesale and retail credit modeling, and AI
Strong analytical and computer skills including experience with quantitative analysis technical tools and techniques
Ability to explain difficult financial modeling concepts to diverse audiences and to experts at various clients
Ability to multi-task and communicate effectively with clients and staff in consultative settings
Limited immigration sponsorship may be available
Ability to travel based on the work you do and the clients you serve","Strong background in mathematical finance at the level of a Master's level degree in Mathematical Finance, Mathematics of Finance, Financial Engineering or Quantitative Finance or related field; Very strong undergraduates with necessary background and/or relevant work experience may be considered; Familiarity with data science, AI, modeling techniques, financial markets, derivative and financial instrument modeling and pricing, trading, deal structuring or risk management; 3+ years of relevant Financial Services Industry work experience specifically in areas such as data science, AI, and/or model development, validation, governance, financial instrument pricing, risk management, or data analysis; Understanding of financial instrument modeling and risk management; Additional consideration given to candidates with experience in the areas of market risk, counterparty credit risk, liquidity risk, interest rate risk, pricing / independent price verification, wholesale and retail credit modeling, and AI; Strong analytical and computer skills including experience with quantitative analysis technical tools and techniques; Ability to explain difficult financial modeling concepts to diverse audiences and to experts at various clients; Ability to multi-task and communicate effectively with clients and staff in consultative settings; Limited immigration sponsorship may be available; Ability to travel based on the work you do and the clients you serve","This compensation range is specific to California, New York State, Washington D.C., and Jersey City and takes into account the wide range of factors that are considered in making compensation decisions including but not limited to skill sets; experience and training; licensure and certifications; and other business and organizational needs
A reasonable estimate of the current range is $124,658 to $207,763
You may also be eligible to participate in a discretionary annual incentive program, subject to the rules governing the program, whereby an award, if any, depends on various factors, including, without limitation, individual and organizational performance","This compensation range is specific to California, New York State, Washington D.C., and Jersey City and takes into account the wide range of factors that are considered in making compensation decisions including but not limited to skill sets; experience and training; licensure and certifications; and other business and organizational needs; A reasonable estimate of the current range is $124,658 to $207,763; You may also be eligible to participate in a discretionary annual incentive program, subject to the rules governing the program, whereby an award, if any, depends on various factors, including, without limitation, individual and organizational performance","This compensation range is specific to California, New York State, Washington D.C., and Jersey City and takes into account the wide range of factors that are considered in making compensation decisions including but not limited to skill sets; experience and training; licensure and certifications; and other business and organizational needs
A reasonable estimate of the current range is $124,658 to $207,763
You may also be eligible to participate in a discretionary annual incentive program, subject to the rules governing the program, whereby an award, if any, depends on various factors, including, without limitation, individual and organizational performance","This compensation range is specific to California, New York State, Washington D.C., and Jersey City and takes into account the wide range of factors that are considered in making compensation decisions including but not limited to skill sets; experience and training; licensure and certifications; and other business and organizational needs; A reasonable estimate of the current range is $124,658 to $207,763; You may also be eligible to participate in a discretionary annual incentive program, subject to the rules governing the program, whereby an award, if any, depends on various factors, including, without limitation, individual and organizational performance","We're looking for a sharp analytical thinker who's adept at financial modeling, data science, AI/ML modeling, and Model Risk Management to join our Advisory practice. You will assist our team in providing modeling expertise related to a wide range of models and purposes for Deloitte's clients in North America and worldwide. You will help develop, challenge, and control models used by organizations
for a range of purposes including risk management and operations / business decisioning.

Work you'll do:

You will provide a range of qualitative and quantitative consulting services in the areas of data science, AI, model development, model validation, model risk management, modeling technology, model governance / controls / documentation, and financial instrument valuation.

The team:

Working across industry sectors, we bring deep experience in data science, AI, modeling, and Model Risk Management. We have highly specialized expertise connected with a deep understanding of our clients' businesses and markets, and regulatory environments, which enables us to provide insights related to the full spectrum of business transactions. This helps us identify opportunities for growth and maximize long-term advantage for our clients.

Qualifications:
• Strong background in mathematical finance at the level of a Master's level degree in Mathematical Finance, Mathematics of Finance, Financial Engineering or Quantitative Finance or related field. Very strong undergraduates with necessary background and/or relevant work experience may be considered.
• Familiarity with data science, AI, modeling techniques, financial markets, derivative and financial instrument modeling and pricing, trading, deal structuring or risk management
• 3+ years of relevant Financial Services Industry work experience specifically in areas such as data science, AI, and/or model development, validation, governance, financial instrument pricing, risk management, or data analysis
• Understanding of financial instrument modeling and risk management
• Additional consideration given to candidates with experience in the areas of market risk, counterparty credit risk, liquidity risk, interest rate risk, pricing / independent price verification, wholesale and retail credit modeling, and AI.
• Strong analytical and computer skills including experience with quantitative analysis technical tools and techniques.
• Ability to explain difficult financial modeling concepts to diverse audiences and to experts at various clients.
• Provide recommendations for improved and enhanced modeling techniques to clients.
• Apply problem solving skills and deliver Deloitte methodology on engagements.
• Exercise professional judgment on engagements by providing proactive solutions and recommendations.
• Demonstrate leadership skills.
• Build and broaden industry knowledge to support organization and function initiatives by taking advantage of local and national training programs.
• Ability to multi-task and communicate effectively with clients and staff in consultative settings.
• Limited immigration sponsorship may be available
• Ability to travel based on the work you do and the clients you serve

Preferred Skills:
• Related consulting experience.
• Master's degree in Mathematical Finance, Mathematics of Finance, Financial Engineering or Quantitative Finance or a related technical field.
• PhD, CFA, FRM, CQF, CPA certifications a plus

Information for applicants with a need for accommodation: https://www2.deloitte.com/us/en/pages/careers/articles/join-deloitte-assistance-for-disabled-applicants.html

For individuals assigned and/or hired to work in California, New York State, Washington D.C., and Jersey City, Deloitte is required by law to include a reasonable estimate of the compensation range for this role. This compensation range is specific to California, New York State, Washington D.C., and Jersey City and takes into account the wide range of factors that are considered in making compensation decisions including but not limited to skill sets; experience and training; licensure and certifications; and other business and organizational needs. At Deloitte, it is not typical for an individual to be hired at or near the top of the range for their role and compensation decisions are dependent on the facts and circumstances of each case. A reasonable estimate of the current range is $124,658 to $207,763.

You may also be eligible to participate in a discretionary annual incentive program, subject to the rules governing the program, whereby an award, if any, depends on various factors, including, without limitation, individual and organizational performance.

#LI-OK1
"
Sr. Cybersecurity Principal Researcher - AI/LLM (Cortex),Palo Alto Networks,"Santa Clara, CA • via LinkedIn",2025-01-08T16:43:47.184200,"Strong background in cybersecurity, with at least 7 years of experience in the field
Practical exposure to a range of cybersecurity domains (e.g. at least one of reverse engineering, malware analysis, security operations, security architecture, secure coding practices, threat intelligence, offensive security, incident response, threat modeling, vulnerability assessment/management, etc.) such that you can evaluate if an AI system is producing correct or hallucinated results
Understanding of common cybersecurity tools (e.g. at least one of Wireshark, Metasploit, Burp Suite, IDA Pro., etc.) and frameworks (e.g. at least one of MITRE ATT&CK, OWASP Top 10, Zero Trust Security Model, ISO/IEC 27001 etc.)
Exposure to common technology such as Python programming language, Databases, Cloud Computing
Strong analytical and problem-solving skills
Excellent written and verbal communication and collaboration
Thrives when working on open-ended problems without known solutions
Well-rounded exposure to many topics in cybersecurity, and eager to quickly learn about areas where you have knowledge gaps
Basic knowledge of machine learning concepts, particularly natural language processing and LLMs
The ideal candidate would have one or more of the following, but is not required
Previous experience applying AI/ML techniques to cybersecurity problems
Familiarity with prompt engineering and fine-tuning techniques for LLMs
Experience with data labeling tools and platforms
Knowledge of data privacy and security considerations in AI/ML
Published blog posts, articles, books, research papers, etc. in a cybersecurity, IT, engineering, or scientific field
A solid network of security professionals you can reach out to for ideas and external collaboration
This role does not require prior AI expertise, but you will definitely learn about AI technology on the job, so please apply if you have expertise in cybersecurity research and would like to expand your scope to helping build AI systems that can learn from your experience!","Strong background in cybersecurity, with at least 7 years of experience in the field; Practical exposure to a range of cybersecurity domains (e.g. at least one of reverse engineering, malware analysis, security operations, security architecture, secure coding practices, threat intelligence, offensive security, incident response, threat modeling, vulnerability assessment/management, etc.) such that you can evaluate if an AI system is producing correct or hallucinated results; Understanding of common cybersecurity tools (e.g. at least one of Wireshark, Metasploit, Burp Suite, IDA Pro., etc.) and frameworks (e.g. at least one of MITRE ATT&CK, OWASP Top 10, Zero Trust Security Model, ISO/IEC 27001 etc.); Exposure to common technology such as Python programming language, Databases, Cloud Computing; Strong analytical and problem-solving skills; Excellent written and verbal communication and collaboration; Thrives when working on open-ended problems without known solutions; Well-rounded exposure to many topics in cybersecurity, and eager to quickly learn about areas where you have knowledge gaps; Basic knowledge of machine learning concepts, particularly natural language processing and LLMs; The ideal candidate would have one or more of the following, but is not required; Previous experience applying AI/ML techniques to cybersecurity problems; Familiarity with prompt engineering and fine-tuning techniques for LLMs; Experience with data labeling tools and platforms; Knowledge of data privacy and security considerations in AI/ML; Published blog posts, articles, books, research papers, etc. in a cybersecurity, IT, engineering, or scientific field; A solid network of security professionals you can reach out to for ideas and external collaboration; This role does not require prior AI expertise, but you will definitely learn about AI technology on the job, so please apply if you have expertise in cybersecurity research and would like to expand your scope to helping build AI systems that can learn from your experience!","Strong background in cybersecurity, with at least 7 years of experience in the field
Practical exposure to a range of cybersecurity domains (e.g. at least one of reverse engineering, malware analysis, security operations, security architecture, secure coding practices, threat intelligence, offensive security, incident response, threat modeling, vulnerability assessment/management, etc.) such that you can evaluate if an AI system is producing correct or hallucinated results
Understanding of common cybersecurity tools (e.g. at least one of Wireshark, Metasploit, Burp Suite, IDA Pro., etc.) and frameworks (e.g. at least one of MITRE ATT&CK, OWASP Top 10, Zero Trust Security Model, ISO/IEC 27001 etc.)
Exposure to common technology such as Python programming language, Databases, Cloud Computing
Strong analytical and problem-solving skills
Excellent written and verbal communication and collaboration
Thrives when working on open-ended problems without known solutions
Well-rounded exposure to many topics in cybersecurity, and eager to quickly learn about areas where you have knowledge gaps
Basic knowledge of machine learning concepts, particularly natural language processing and LLMs
The ideal candidate would have one or more of the following, but is not required
Previous experience applying AI/ML techniques to cybersecurity problems
Familiarity with prompt engineering and fine-tuning techniques for LLMs
Experience with data labeling tools and platforms
Knowledge of data privacy and security considerations in AI/ML
Published blog posts, articles, books, research papers, etc. in a cybersecurity, IT, engineering, or scientific field
A solid network of security professionals you can reach out to for ideas and external collaboration
This role does not require prior AI expertise, but you will definitely learn about AI technology on the job, so please apply if you have expertise in cybersecurity research and would like to expand your scope to helping build AI systems that can learn from your experience!","Strong background in cybersecurity, with at least 7 years of experience in the field; Practical exposure to a range of cybersecurity domains (e.g. at least one of reverse engineering, malware analysis, security operations, security architecture, secure coding practices, threat intelligence, offensive security, incident response, threat modeling, vulnerability assessment/management, etc.) such that you can evaluate if an AI system is producing correct or hallucinated results; Understanding of common cybersecurity tools (e.g. at least one of Wireshark, Metasploit, Burp Suite, IDA Pro., etc.) and frameworks (e.g. at least one of MITRE ATT&CK, OWASP Top 10, Zero Trust Security Model, ISO/IEC 27001 etc.); Exposure to common technology such as Python programming language, Databases, Cloud Computing; Strong analytical and problem-solving skills; Excellent written and verbal communication and collaboration; Thrives when working on open-ended problems without known solutions; Well-rounded exposure to many topics in cybersecurity, and eager to quickly learn about areas where you have knowledge gaps; Basic knowledge of machine learning concepts, particularly natural language processing and LLMs; The ideal candidate would have one or more of the following, but is not required; Previous experience applying AI/ML techniques to cybersecurity problems; Familiarity with prompt engineering and fine-tuning techniques for LLMs; Experience with data labeling tools and platforms; Knowledge of data privacy and security considerations in AI/ML; Published blog posts, articles, books, research papers, etc. in a cybersecurity, IT, engineering, or scientific field; A solid network of security professionals you can reach out to for ideas and external collaboration; This role does not require prior AI expertise, but you will definitely learn about AI technology on the job, so please apply if you have expertise in cybersecurity research and would like to expand your scope to helping build AI systems that can learn from your experience!","For candidates who receive an offer at the posted level, the starting base salary (for non-sales roles) or base salary + commission target (for sales/commissioned roles) is expected to be between $182000 - $295000/YR
The offered compensation may also include restricted stock units and a bonus","For candidates who receive an offer at the posted level, the starting base salary (for non-sales roles) or base salary + commission target (for sales/commissioned roles) is expected to be between $182000 - $295000/YR; The offered compensation may also include restricted stock units and a bonus","For candidates who receive an offer at the posted level, the starting base salary (for non-sales roles) or base salary + commission target (for sales/commissioned roles) is expected to be between $182000 - $295000/YR
The offered compensation may also include restricted stock units and a bonus","For candidates who receive an offer at the posted level, the starting base salary (for non-sales roles) or base salary + commission target (for sales/commissioned roles) is expected to be between $182000 - $295000/YR; The offered compensation may also include restricted stock units and a bonus","Our Mission

At Palo Alto Networks® everything starts and ends with our mission:

Being the cybersecurity partner of choice, protecting our digital way of life.

Our vision is a world where each day is safer and more secure than the one before. We are a company built on the foundation of challenging and disrupting the way things are done, and we’re looking for innovators who are as committed to sh
aping the future of cybersecurity as we are.

Who We Are

We take our mission of protecting the digital way of life seriously. We are relentless in protecting our customers and we believe that the unique ideas of every member of our team contributes to our collective success. Our values were crowdsourced by employees and are brought to life through each of us everyday - from disruptive innovation and collaboration, to execution. From showing up for each other with integrity to creating an environment where we all feel included.

As a member of our team, you will be shaping the future of cybersecurity. We work fast, value ongoing learning, and we respect each employee as a unique individual. Knowing we all have different needs, our development and personal wellbeing programs are designed to give you choice in how you are supported. This includes our FLEXBenefits wellbeing spending account with over 1,000 eligible items selected by employees, our mental and financial health resources, and our personalized learning opportunities - just to name a few!

At Palo Alto Networks, we believe in the power of collaboration and value in-person interactions. This is why our employees generally work full time from our office with flexibility offered where needed. This setup fosters casual conversations, problem-solving, and trusted relationships. Our goal is to create an environment where we all win with precision.

Job Description

Your Career

We're seeking a talented and experienced Sr Principal Security Researcher to join as the cybersecurity lead for the Cortex Foundational Artificial Intelligence Research Team. Our team mission is to advance the state of the art of Cybersecurity AI by applying leading-edge AI techniques to the cybersecurity domain. We are building and improving foundational capabilities in cybersecurity systems using Large Language Models, Generative AI, Knowledge Graphs, Agentic AI, Model Fine-tuning/Distilling, and Retrieval Augmented Generation to be leveraged for future cybersecurity products. If you have a passion for Cybersecurity and Artificial Intelligence, join us to help our AI system become more capable at addressing cybersecurity specific problems.

Your Impact
• Oversee overall quality and accuracy of the AI program from a security research perspective
• Define, design, and develop cybersecurity-specific tasks, benchmark, and evaluation methodologies to assess AI and Large Language Model (LLM) effectiveness in cybersecurity scenarios
• Identify and evaluate areas where leading edge AI and LLMs can enhance existing cybersecurity processes and tools
• Collaborate with AI researchers to improve AI and LLM performance on cybersecurity-related tasks
• Curate, annotate, and validate datasets for training and evaluating AI and LLMs on cybersecurity tasks
• Collaborate on synthetic data generation tasks to improve training and evaluation
• Oversee data collection for Reinforcement Learning from Human Feedback and other AI techniques that require data labeling and expert rating
• Stay up-to-date with the latest developments in both cybersecurity and AI fields
• Communicate with security experts throughout the organization to share technical progress and system accuracy
• Prepare technical reports and presentations on research findings and model improvements
• Participate in relevant conferences and workshops to share knowledge and stay current with industry trends

Qualifications

Your Experience
• Strong background in cybersecurity, with at least 7 years of experience in the field
• Practical exposure to a range of cybersecurity domains (e.g. at least one of reverse engineering, malware analysis, security operations, security architecture, secure coding practices, threat intelligence, offensive security, incident response, threat modeling, vulnerability assessment/management, etc.) such that you can evaluate if an AI system is producing correct or hallucinated results
• Understanding of common cybersecurity tools (e.g. at least one of Wireshark, Metasploit, Burp Suite, IDA Pro., etc.) and frameworks (e.g. at least one of MITRE ATT&CK, OWASP Top 10, Zero Trust Security Model, ISO/IEC 27001 etc.)
• Exposure to common technology such as Python programming language, Databases, Cloud Computing
• Strong analytical and problem-solving skills
• Excellent written and verbal communication and collaboration
• Thrives when working on open-ended problems without known solutions
• Well-rounded exposure to many topics in cybersecurity, and eager to quickly learn about areas where you have knowledge gaps
• Basic knowledge of machine learning concepts, particularly natural language processing and LLMs

The ideal candidate would have one or more of the following, but is not required
• Previous experience applying AI/ML techniques to cybersecurity problems
• Familiarity with prompt engineering and fine-tuning techniques for LLMs
• Experience with data labeling tools and platforms
• Knowledge of data privacy and security considerations in AI/ML
• Published blog posts, articles, books, research papers, etc. in a cybersecurity, IT, engineering, or scientific field
• A solid network of security professionals you can reach out to for ideas and external collaboration

Additional Information

The Team

You will work with a highly experienced, multidisciplinary, and diverse group of AI and Machine Learning experts, bringing your unique value as the cybersecurity domain expert. The ideal candidate enjoys collaboration, open ended problem solving, and rolling up your sleeves to find a pragmatic solution that pushes the team and our mission forward – we celebrate learning results quickly from iterative data-driven experiments. This role does not require prior AI expertise, but you will definitely learn about AI technology on the job, so please apply if you have expertise in cybersecurity research and would like to expand your scope to helping build AI systems that can learn from your experience!

Compensation Disclosure

The compensation offered for this position will depend on qualifications, experience, and work location. For candidates who receive an offer at the posted level, the starting base salary (for non-sales roles) or base salary + commission target (for sales/commissioned roles) is expected to be between $182000 - $295000/YR. The offered compensation may also include restricted stock units and a bonus. A description of our employee benefits may be found here.

Our Commitment

We’re problem solvers that take risks and challenge cybersecurity’s status quo. It’s simple: we can’t accomplish our mission without diverse teams innovating, together.

We are committed to providing reasonable accommodations for all qualified individuals with a disability. If you require assistance or accommodation due to a disability or special need, please contact us at accommodations@paloaltonetworks.com.

Palo Alto Networks is an equal opportunity employer. We celebrate diversity in our workplace, and all qualified applicants will receive consideration for employment without regard to age, ancestry, color, family or medical care leave, gender identity or expression, genetic information, marital status, medical condition, national origin, physical or mental disability, political affiliation, protected veteran status, race, religion, sex (including pregnancy), sexual orientation, or other legally protected characteristics.

All your information will be kept confidential according to EEO guidelines.

Is role eligible for Immigration Sponsorship?: Yes
"
AI Risk Assessment Expert,"AIG - American International Group, Inc.","Chicago, IL • via BeBee",2025-01-08T16:43:57.134321,"Bachelor's degree in a relevant field (e.g. computer science, mathematics, statistics)
Minimum 10 years of experience in AI and machine learning or a related field
Strong technical expertise in AI and machine learning, with the ability to apply this knowledge to real-world problems
Excellent communication and interpersonal skills, with the ability to work effectively with clients and internal stakeholders","Bachelor's degree in a relevant field (e.g. computer science, mathematics, statistics); Minimum 10 years of experience in AI and machine learning or a related field; Strong technical expertise in AI and machine learning, with the ability to apply this knowledge to real-world problems; Excellent communication and interpersonal skills, with the ability to work effectively with clients and internal stakeholders","Bachelor's degree in a relevant field (e.g. computer science, mathematics, statistics)
Minimum 10 years of experience in AI and machine learning or a related field
Strong technical expertise in AI and machine learning, with the ability to apply this knowledge to real-world problems
Excellent communication and interpersonal skills, with the ability to work effectively with clients and internal stakeholders","Bachelor's degree in a relevant field (e.g. computer science, mathematics, statistics); Minimum 10 years of experience in AI and machine learning or a related field; Strong technical expertise in AI and machine learning, with the ability to apply this knowledge to real-world problems; Excellent communication and interpersonal skills, with the ability to work effectively with clients and internal stakeholders","The estimated salary for this role is around $180,000 per year, depending on location and experience
Competitive salary and benefits package","The estimated salary for this role is around $180,000 per year, depending on location and experience; Competitive salary and benefits package","The estimated salary for this role is around $180,000 per year, depending on location and experience
Competitive salary and benefits package","The estimated salary for this role is around $180,000 per year, depending on location and experience; Competitive salary and benefits package","AIG - American International Group, Inc. is seeking a highly skilled AI Risk Assessment Expert to join our team and help us drive innovation and growth.

The ideal candidate will have strong technical expertise in AI and machine learning, with the ability to apply this knowledge to real-world problems and develop innovative solutions.

The estimated salary for this role is around $180,000 per year
, depending on location and experience.

This is an exciting opportunity for a senior-level professional to take on new challenges and responsibilities, working closely with clients and internal stakeholders to deliver high-quality underwriting services.

Key Responsibilities:
• Develop and apply advanced AI and machine learning models to identify and mitigate risks.
• Analyze complex data and develop innovative solutions to drive business growth and improve customer satisfaction.
• Collaborate with internal stakeholders to ensure seamless delivery of underwriting services.

Requirements:
• Bachelor's degree in a relevant field (e.g. computer science, mathematics, statistics).
• Minimum 10 years of experience in AI and machine learning or a related field.
• Strong technical expertise in AI and machine learning, with the ability to apply this knowledge to real-world problems.
• Excellent communication and interpersonal skills, with the ability to work effectively with clients and internal stakeholders.

Benefits:
• Competitive salary and benefits package.
• *
"
Scheduler,a.i. solutions,"Hill AFB, UT • via Space Crew",2025-01-08T16:44:06.957117,"Bachelor's degree with 7+ years of experience, 5+ with a Master's degree
Demonstrated capability in planning, building, maintaining and keeping status on multiple project schedules in Oracle Primavera P6 (or similar tools) and integrating them at the enterprise level
Experience with schedule risk analysis and DCMA 14-point assessments
Working knowledge of DID 81861 and 81466A
Active DoD Secret Security Clearance or ability to obtain prior to start","Bachelor's degree with 7+ years of experience, 5+ with a Master's degree; Demonstrated capability in planning, building, maintaining and keeping status on multiple project schedules in Oracle Primavera P6 (or similar tools) and integrating them at the enterprise level; Experience with schedule risk analysis and DCMA 14-point assessments; Working knowledge of DID 81861 and 81466A; Active DoD Secret Security Clearance or ability to obtain prior to start","Bachelor's degree with 7+ years of experience, 5+ with a Master's degree
Demonstrated capability in planning, building, maintaining and keeping status on multiple project schedules in Oracle Primavera P6 (or similar tools) and integrating them at the enterprise level
Experience with schedule risk analysis and DCMA 14-point assessments
Working knowledge of DID 81861 and 81466A
Active DoD Secret Security Clearance or ability to obtain prior to start","Bachelor's degree with 7+ years of experience, 5+ with a Master's degree; Demonstrated capability in planning, building, maintaining and keeping status on multiple project schedules in Oracle Primavera P6 (or similar tools) and integrating them at the enterprise level; Experience with schedule risk analysis and DCMA 14-point assessments; Working knowledge of DID 81861 and 81466A; Active DoD Secret Security Clearance or ability to obtain prior to start","Zero $$ Mental Health Therapy
Paid Parental leave for Mom & Dad
Paid Time Off w/Flex scheduling - create the work/life balance that works for you
401k Safe Harbor Plan, we contribute on Day #1
Wellness plans that rewards wellbeing & work life harmony
Career development and growth, and endless learning opportunities
Engaged and supportive leadership that cares","Zero $$ Mental Health Therapy; Paid Parental leave for Mom & Dad; Paid Time Off w/Flex scheduling - create the work/life balance that works for you; 401k Safe Harbor Plan, we contribute on Day #1; Wellness plans that rewards wellbeing & work life harmony; Career development and growth, and endless learning opportunities; Engaged and supportive leadership that cares","Zero $$ Mental Health Therapy
Paid Parental leave for Mom & Dad
Paid Time Off w/Flex scheduling - create the work/life balance that works for you
401k Safe Harbor Plan, we contribute on Day #1
Wellness plans that rewards wellbeing & work life harmony
Career development and growth, and endless learning opportunities
Engaged and supportive leadership that cares","Zero $$ Mental Health Therapy; Paid Parental leave for Mom & Dad; Paid Time Off w/Flex scheduling - create the work/life balance that works for you; 401k Safe Harbor Plan, we contribute on Day #1; Wellness plans that rewards wellbeing & work life harmony; Career development and growth, and endless learning opportunities; Engaged and supportive leadership that cares","MAKE A MOVE, MAKE AN IMPACT.

a.i. solutions was founded over 25 years ago with a mission to MAKE AN IMPACT by exceeding expectations. A move to our team means using your passion and ingenuity to MAKE AN IMPACT through innovations, defending national security, and enabling access to space. MAKE A MOVE, to join a team driven by a shared ambition, and rewarded for individual contributions.

BENEFITS
THAT MAKE AN IMPACT:
• Zero $$ Mental Health Therapy
• Paid Parental leave for Mom & Dad
• Paid Time Off w/Flex scheduling - create the work/life balance that works for you
• 401k Safe Harbor Plan, we contribute on Day #1
• Wellness plans that rewards wellbeing & work life harmony
• Career development and growth, and endless learning opportunities
• Engaged and supportive leadership that cares

Job Description:

a.i. solutions is seeking an experienced Scheduler to support a diverse and complex Enterprise Integrated Master Schedule (EIMS) and program management functions in support of the Sentinel Weapon System. The position interacts directly with the customer and Systems senior managers, support across the spectrum of program acquisition, sustainment, integration, scheduling baseline control, analysis, and reporting. This position will track and assess program status, technical performance, contract performance, schedule, and risk.

Candidate will establish and maintain multiple project schedules using Oracle Primavera P6 software. Obtain from participating groups monthly progress updates to schedule activities and consolidate into the project master schedule. Import contractor schedules into Primavera enterprise project structure and integrate into Sentinel IMS. Review and analyze government and contractor program schedule (duration, activity constraints, relationships, critical path) to highlight variances and potential schedule risks. Need strong experience in preparation of reports inclusive of impacts, logic changes, float and delays. Perform Schedule Risk Assessments and build collaborative internal relationships with program and project teams, as well as external relationships with customers, other agencies and business partners. Work with IMS stakeholders to ensure scheduling best practices are implemented across the ICBM System Directorate and interface regularly with the government counterpart to comply with evolving support requirements and mission objectives.

Required Education, Experience, & Skills
• Bachelor's degree with 7+ years of experience, 5+ with a Master's degree
• Demonstrated capability in planning, building, maintaining and keeping status on multiple project schedules in Oracle Primavera P6 (or similar tools) and integrating them at the enterprise level.
• Experience with schedule risk analysis and DCMA 14-point assessments
• Working knowledge of DID 81861 and 81466A
• Active DoD Secret Security Clearance or ability to obtain prior to start

Preferred Education, Experience, & Skills
• Familiarity with cost schedule, performance and risk
• Knowledge of project management best practices
• Project Management Professional (PMP) certification
• Understanding of DoD/DOE acquisition and program management process
• Innovator with continuous improvement mindset
• Experience in lean management, CMMI and root cause analysis
• Exceptional customer communication and engagement skills
• Defense Acquisition University (DAU) training/equivalent experience
"
AI/ML Application Security Analyst,"0001 Applied Materials, Inc","Austin, TX • via ZipRecruiter",2025-01-08T16:44:16.777230,"Strong knowledge of web application firewall (WAF), API security, DDoS protection, bot mitigation, runtime application self-protection (RASP), and data loss prevention (DLP) technologies
Proficiency in programming languages such as Python, Java, or C++
Excellent problem-solving and analytical skills
Strong communication and teamwork abilities
Certifications:
CISSP, CISM, CompTIA Security+, or equivalent
Certifications in cloud security (e.g., AWS Certified Security Specialty, Azure Security Engineer Associate)
Experience with cloud platforms (AWS, Azure, Google Cloud)
Knowledge of regulatory compliance standards (e.g., GDPR, CCPA)
Bachelor's Degree (Required)
AI Architecture, C++ (Inactive), Data Loss Protection, Java, Machine Learning, Python Software Development, Web Application Firewall (WAF)
4 - 7 Years
Assignee / Regular","Strong knowledge of web application firewall (WAF), API security, DDoS protection, bot mitigation, runtime application self-protection (RASP), and data loss prevention (DLP) technologies; Proficiency in programming languages such as Python, Java, or C++; Excellent problem-solving and analytical skills; Strong communication and teamwork abilities; Certifications:; CISSP, CISM, CompTIA Security+, or equivalent; Certifications in cloud security (e.g., AWS Certified Security Specialty, Azure Security Engineer Associate); Experience with cloud platforms (AWS, Azure, Google Cloud); Knowledge of regulatory compliance standards (e.g., GDPR, CCPA); Bachelor's Degree (Required); AI Architecture, C++ (Inactive), Data Loss Protection, Java, Machine Learning, Python Software Development, Web Application Firewall (WAF); 4 - 7 Years; Assignee / Regular","Strong knowledge of web application firewall (WAF), API security, DDoS protection, bot mitigation, runtime application self-protection (RASP), and data loss prevention (DLP) technologies
Proficiency in programming languages such as Python, Java, or C++
Excellent problem-solving and analytical skills
Strong communication and teamwork abilities
Certifications:
CISSP, CISM, CompTIA Security+, or equivalent
Certifications in cloud security (e.g., AWS Certified Security Specialty, Azure Security Engineer Associate)
Experience with cloud platforms (AWS, Azure, Google Cloud)
Knowledge of regulatory compliance standards (e.g., GDPR, CCPA)
Bachelor's Degree (Required)
AI Architecture, C++ (Inactive), Data Loss Protection, Java, Machine Learning, Python Software Development, Web Application Firewall (WAF)
4 - 7 Years
Assignee / Regular","Strong knowledge of web application firewall (WAF), API security, DDoS protection, bot mitigation, runtime application self-protection (RASP), and data loss prevention (DLP) technologies; Proficiency in programming languages such as Python, Java, or C++; Excellent problem-solving and analytical skills; Strong communication and teamwork abilities; Certifications:; CISSP, CISM, CompTIA Security+, or equivalent; Certifications in cloud security (e.g., AWS Certified Security Specialty, Azure Security Engineer Associate); Experience with cloud platforms (AWS, Azure, Google Cloud); Knowledge of regulatory compliance standards (e.g., GDPR, CCPA); Bachelor's Degree (Required); AI Architecture, C++ (Inactive), Data Loss Protection, Java, Machine Learning, Python Software Development, Web Application Firewall (WAF); 4 - 7 Years; Assignee / Regular","$132,000.00 - $181,500.00
The salary offered to a selected candidate will be based on multiple factors including location, hire grade, job-related knowledge, skills, experience, and with consideration of internal equity of our current team members
In addition to a comprehensive benefits package, candidates may be eligible for other forms of compensation such as participation in a bonus and a stock award program, as applicable","$132,000.00 - $181,500.00; The salary offered to a selected candidate will be based on multiple factors including location, hire grade, job-related knowledge, skills, experience, and with consideration of internal equity of our current team members; In addition to a comprehensive benefits package, candidates may be eligible for other forms of compensation such as participation in a bonus and a stock award program, as applicable","$132,000.00 - $181,500.00
The salary offered to a selected candidate will be based on multiple factors including location, hire grade, job-related knowledge, skills, experience, and with consideration of internal equity of our current team members
In addition to a comprehensive benefits package, candidates may be eligible for other forms of compensation such as participation in a bonus and a stock award program, as applicable","$132,000.00 - $181,500.00; The salary offered to a selected candidate will be based on multiple factors including location, hire grade, job-related knowledge, skills, experience, and with consideration of internal equity of our current team members; In addition to a comprehensive benefits package, candidates may be eligible for other forms of compensation such as participation in a bonus and a stock award program, as applicable","Applied Materials' IT organization has a long reputation of being a great place to work. The IT team has been recognized as one of Computerworld's 100 Best Places to Work in IT nine times. In addition, numerous Applied IT leaders have been honored as a CIO Magazine's Ones to Watch or Computerworld Premier 100 IT leaders.

Key Responsibilities

Security Assessment and Implementation:
• Conduct comp
rehensive security assessments of applications and AI/ML systems to identify vulnerabilities and implement robust security measures.
• Develop and enforce security policies, standards, and procedures to protect against threats such as data breaches, DDoS attacks, and unauthorized data egress.

SSPM, ASPM, CSPM, and Zero Trust Security:
• Implement and manage SaaS Security Posture Management (SSPM), Application Security Posture Management (ASPM), and Cloud Security Posture Management (CSPM) solutions to ensure continuous security compliance.
• Design and enforce Zero Trust Security frameworks to ensure secure access to applications and data, minimizing the risk of unauthorized access.

Application Protection:
• Utilize and manage advanced security technologies including web application firewalls (WAF), API security, DDoS protection, bot mitigation, runtime application self-protection (RASP), and data loss prevention (DLP) to safeguard applications.
• Continuously monitor and respond to security incidents, performing root cause analysis and implementing corrective actions.
• Leverage AI technologies to enhance the protection of applications, utilizing AI-driven threat detection and response mechanisms.

Data Egress Responsibility:
• Secure and monitor data movements to prevent unauthorized data egress, ensuring the protection of sensitive information.
• Collaborate with developers, DevOps, and data scientists to implement secure data handling practices and monitor data flows.

AI/ML Application Security:
• Support the security of AI/ML applications, including integrating security practices into the MLOps pipeline and ensuring the secure deployment of large language models (LLMs).
• Conduct risk assessments and implement mitigation strategies for AI/ML-related vulnerabilities, staying updated on the latest advancements and threats in AI/ML security.

Collaboration and Communication:
• Work closely with cross-functional teams to integrate security practices into the application development lifecycle, fostering a culture of security awareness.
• Provide security training and awareness programs for developers, DevOps, and other stakeholders to enhance the overall security posture of the organization.

Skills:
• Strong knowledge of web application firewall (WAF), API security, DDoS protection, bot mitigation, runtime application self-protection (RASP), and data loss prevention (DLP) technologies.
• Proficiency in programming languages such as Python, Java, or C++.
• Excellent problem-solving and analytical skills.
• Strong communication and teamwork abilities.
• Certifications:
• CISSP, CISM, CompTIA Security+, or equivalent.
• Certifications in cloud security (e.g., AWS Certified Security Specialty, Azure Security Engineer Associate).
• Additional Skills:
• Experience with cloud platforms (AWS, Azure, Google Cloud).
• Knowledge of regulatory compliance standards (e.g., GDPR, CCPA).

Qualifications

Education:
Bachelor's Degree (Required)

Skills:
AI Architecture, C++ (Inactive), Data Loss Protection, Java, Machine Learning, Python Software Development, Web Application Firewall (WAF)

Certifications:

Languages:

Years of Experience:
4 - 7 Years

Work Experience:

Additional Information

Time Type:
Full time

Employee Type:
Assignee / Regular

Travel:
Yes, 10% of the Time

Relocation Eligible:
No

U.S. Salary Range:
$132,000.00 - $181,500.00

The salary offered to a selected candidate will be based on multiple factors including location, hire grade, job-related knowledge, skills, experience, and with consideration of internal equity of our current team members. In addition to a comprehensive benefits package, candidates may be eligible for other forms of compensation such as participation in a bonus and a stock award program, as applicable.

For all sales roles, the posted salary range isthe Target Total Cash (TTC) range for the role, which is the sum of base salary and target bonus amount at 100% goal achievement.

Applied Materials is an Equal Opportunity Employer committed to diversity in the workplace. All qualified applicants will receive consideration for employment without regard to race, color, national origin, citizenship, ancestry, religion, creed, sex, sexual orientation, gender identity, age, disability, veteran or military status, or any other basis prohibited by law.
"
Sr. Lead Application Security Engineer  - Generative AI,S&P Global,"Peoria, IL • via Teal",2025-01-08T16:44:26.852290,"Bachelor's degree in Computer Science or related field or relevant work experience
12 or more years of progressive related experience in Security engineering roles
Demonstrated subject matter expertise in Application Security, Web services security, GenAI/LLM security
Programming expertise in Java and Python, with Agile SDLC processes experience
Experience with threat modeling, design reviews, risk analysis, and control design
Experience architecting and leading security for Cloud native applications
In-depth knowledge of network security, authentication, and authorization
Advanced understanding of vulnerability exploitation chaining and remediation
Demonstrated expertise in product/application security architecture
Security audit, Vulnerability assessment, and packet analysis skills
Knowledge of TCP/IP stack, Encryption, TLS, DTLS, ECC, PKI/Certificates
Experience with Identity & Access Management: AD/LDAP
Experience with AI technologies and services (e.g., OpenAI, Bedrock)
Expertise in the security of Gen AI models, including multi-modal models
Experience with automation tools associated with DevOps and CI/CD pipelines
Familiarity with SAST/DAST/SCA tools like Fortify, Whitesource
Database knowledge - Postgres, Oracle, Databricks, Snowflake
Familiarity with Secure SDLC frameworks such as NIST SSDF, OpenSAMM, BSIMM","Bachelor's degree in Computer Science or related field or relevant work experience; 12 or more years of progressive related experience in Security engineering roles; Demonstrated subject matter expertise in Application Security, Web services security, GenAI/LLM security; Programming expertise in Java and Python, with Agile SDLC processes experience; Experience with threat modeling, design reviews, risk analysis, and control design; Experience architecting and leading security for Cloud native applications; In-depth knowledge of network security, authentication, and authorization; Advanced understanding of vulnerability exploitation chaining and remediation; Demonstrated expertise in product/application security architecture; Security audit, Vulnerability assessment, and packet analysis skills; Knowledge of TCP/IP stack, Encryption, TLS, DTLS, ECC, PKI/Certificates; Experience with Identity & Access Management: AD/LDAP; Experience with AI technologies and services (e.g., OpenAI, Bedrock); Expertise in the security of Gen AI models, including multi-modal models; Experience with automation tools associated with DevOps and CI/CD pipelines; Familiarity with SAST/DAST/SCA tools like Fortify, Whitesource; Database knowledge - Postgres, Oracle, Databricks, Snowflake; Familiarity with Secure SDLC frameworks such as NIST SSDF, OpenSAMM, BSIMM","Bachelor's degree in Computer Science or related field or relevant work experience
12 or more years of progressive related experience in Security engineering roles
Demonstrated subject matter expertise in Application Security, Web services security, GenAI/LLM security
Programming expertise in Java and Python, with Agile SDLC processes experience
Experience with threat modeling, design reviews, risk analysis, and control design
Experience architecting and leading security for Cloud native applications
In-depth knowledge of network security, authentication, and authorization
Advanced understanding of vulnerability exploitation chaining and remediation
Demonstrated expertise in product/application security architecture
Security audit, Vulnerability assessment, and packet analysis skills
Knowledge of TCP/IP stack, Encryption, TLS, DTLS, ECC, PKI/Certificates
Experience with Identity & Access Management: AD/LDAP
Experience with AI technologies and services (e.g., OpenAI, Bedrock)
Expertise in the security of Gen AI models, including multi-modal models
Experience with automation tools associated with DevOps and CI/CD pipelines
Familiarity with SAST/DAST/SCA tools like Fortify, Whitesource
Database knowledge - Postgres, Oracle, Databricks, Snowflake
Familiarity with Secure SDLC frameworks such as NIST SSDF, OpenSAMM, BSIMM","Bachelor's degree in Computer Science or related field or relevant work experience; 12 or more years of progressive related experience in Security engineering roles; Demonstrated subject matter expertise in Application Security, Web services security, GenAI/LLM security; Programming expertise in Java and Python, with Agile SDLC processes experience; Experience with threat modeling, design reviews, risk analysis, and control design; Experience architecting and leading security for Cloud native applications; In-depth knowledge of network security, authentication, and authorization; Advanced understanding of vulnerability exploitation chaining and remediation; Demonstrated expertise in product/application security architecture; Security audit, Vulnerability assessment, and packet analysis skills; Knowledge of TCP/IP stack, Encryption, TLS, DTLS, ECC, PKI/Certificates; Experience with Identity & Access Management: AD/LDAP; Experience with AI technologies and services (e.g., OpenAI, Bedrock); Expertise in the security of Gen AI models, including multi-modal models; Experience with automation tools associated with DevOps and CI/CD pipelines; Familiarity with SAST/DAST/SCA tools like Fortify, Whitesource; Database knowledge - Postgres, Oracle, Databricks, Snowflake; Familiarity with Secure SDLC frameworks such as NIST SSDF, OpenSAMM, BSIMM","Health care coverage designed for the mind and body
Generous time off to keep employees energized
Access to resources for continuous learning and career growth
Competitive pay and retirement planning options
Family-friendly perks for partners and children
Retail discounts and referral incentive awards",Health care coverage designed for the mind and body; Generous time off to keep employees energized; Access to resources for continuous learning and career growth; Competitive pay and retirement planning options; Family-friendly perks for partners and children; Retail discounts and referral incentive awards,"Health care coverage designed for the mind and body
Generous time off to keep employees energized
Access to resources for continuous learning and career growth
Competitive pay and retirement planning options
Family-friendly perks for partners and children
Retail discounts and referral incentive awards",Health care coverage designed for the mind and body; Generous time off to keep employees energized; Access to resources for continuous learning and career growth; Competitive pay and retirement planning options; Family-friendly perks for partners and children; Retail discounts and referral incentive awards,"About the position

The Sr. Lead Application Security Engineer - Generative AI at S&P Global is a Director-level individual contributor role focused on enhancing security across S&P Ratings technology platforms. This position involves developing and implementing security architecture and engineering best practices, particularly for GenAI applications. The engineer will collaborate with various tea
ms to identify technical risks, drive the Secure SDLC roadmap, and mentor development teams in security disciplines.

Responsibilities
• Develop, implement and maintain Application security and GenAI security strategy.
,
• Provide architectural guidance on best practices regarding security in software development and integrations.
,
• Drive and guide the specification and realization of a security architecture.
,
• Perform threat modeling, secure code reviews, and secure design reviews for high-risk applications.
,
• Perform vulnerability research and serve as a technical security/risk advisor for new technology/applications.
,
• Determine testing requirements and develop strategies to automate security testing.
,
• Assist developers in remediating vulnerability findings by providing guidance.
,
• Coach development teams on security disciplines and provide training on software security best practices.
,
• Maintain knowledge of current and emerging technologies related to security architectural solutions.
,
• Consult and assist with security incident response processes.
,
• Guide development and SRE teams in building secure Cloud Native applications.

Requirements
• Bachelor's degree in Computer Science or related field or relevant work experience.
,
• 12 or more years of progressive related experience in Security engineering roles.
,
• Demonstrated subject matter expertise in Application Security, Web services security, GenAI/LLM security.
,
• Programming expertise in Java and Python, with Agile SDLC processes experience.
,
• Experience with threat modeling, design reviews, risk analysis, and control design.
,
• Experience architecting and leading security for Cloud native applications.
,
• In-depth knowledge of network security, authentication, and authorization.
,
• Advanced understanding of vulnerability exploitation chaining and remediation.
,
• Demonstrated expertise in product/application security architecture.
,
• Security audit, Vulnerability assessment, and packet analysis skills.
,
• Knowledge of TCP/IP stack, Encryption, TLS, DTLS, ECC, PKI/Certificates.
,
• Experience with Identity & Access Management: AD/LDAP.

Nice-to-haves
• Experience with AI technologies and services (e.g., OpenAI, Bedrock).
,
• Expertise in the security of Gen AI models, including multi-modal models.
,
• Experience with automation tools associated with DevOps and CI/CD pipelines.
,
• Familiarity with SAST/DAST/SCA tools like Fortify, Whitesource.
,
• Database knowledge - Postgres, Oracle, Databricks, Snowflake.
,
• Familiarity with Secure SDLC frameworks such as NIST SSDF, OpenSAMM, BSIMM.

Benefits
• Health care coverage designed for the mind and body.
,
• Generous time off to keep employees energized.
,
• Access to resources for continuous learning and career growth.
,
• Competitive pay and retirement planning options.
,
• Family-friendly perks for partners and children.
,
• Retail discounts and referral incentive awards.
"
"AI Security Engineer, AppSec AI",Amazon.com Services LLC,"Seattle, WA • via Indeed",2025-01-08T16:44:36.856842,"Experience with any combination of the following: threat modeling, secure coding, identity management and authentication, software development, cryptography, system administration and network security
Bachelor's degree in computer science or equivalent, plus 3+ years of security engineering experience
Experience with AWS products and services
Experience with programming languages such as Python, Java, C++","Experience with any combination of the following: threat modeling, secure coding, identity management and authentication, software development, cryptography, system administration and network security; Bachelor's degree in computer science or equivalent, plus 3+ years of security engineering experience; Experience with AWS products and services; Experience with programming languages such as Python, Java, C++","Experience with any combination of the following: threat modeling, secure coding, identity management and authentication, software development, cryptography, system administration and network security
Bachelor's degree in computer science or equivalent, plus 3+ years of security engineering experience
Experience with AWS products and services
Experience with programming languages such as Python, Java, C++","Experience with any combination of the following: threat modeling, secure coding, identity management and authentication, software development, cryptography, system administration and network security; Bachelor's degree in computer science or equivalent, plus 3+ years of security engineering experience; Experience with AWS products and services; Experience with programming languages such as Python, Java, C++","Work/Life Balance
We value work-life harmony
The base pay for this position ranges from $136,000/year in our lowest geographic market up to $212,800/year in our highest geographic market
Dependent on the position offered, equity, sign-on payments, and other forms of compensation may be provided as part of a total compensation package, in addition to a full range of medical, financial, and/or other benefits","Work/Life Balance; We value work-life harmony; The base pay for this position ranges from $136,000/year in our lowest geographic market up to $212,800/year in our highest geographic market; Dependent on the position offered, equity, sign-on payments, and other forms of compensation may be provided as part of a total compensation package, in addition to a full range of medical, financial, and/or other benefits","Work/Life Balance
We value work-life harmony
The base pay for this position ranges from $136,000/year in our lowest geographic market up to $212,800/year in our highest geographic market
Dependent on the position offered, equity, sign-on payments, and other forms of compensation may be provided as part of a total compensation package, in addition to a full range of medical, financial, and/or other benefits","Work/Life Balance; We value work-life harmony; The base pay for this position ranges from $136,000/year in our lowest geographic market up to $212,800/year in our highest geographic market; Dependent on the position offered, equity, sign-on payments, and other forms of compensation may be provided as part of a total compensation package, in addition to a full range of medical, financial, and/or other benefits","• Knowledge of GenAI systems and associated security vulnerabilities and remediation techniques, including penetration testing and the development of exploits or equivalent
• Experience with any combination of the following: threat modeling, secure coding, identity management and authentication, software development, cryptography, system administration and network security.
• Bachelor's degree in
computer science or equivalent, plus 3+ years of security engineering experience.

Come join Earth's most customer-centric company! Amazon is looking for an AI Security Engineer with strong insight and passion for security to ensure our AI applications are designed and built to the highest standards. Your mission is to secure the AI experiences of hundreds of millions of our customers. You bring AI security talent and expertise to a fast-paced environment where you will be relied upon to partner with our talented software development teams in building secure AI applications.

As an AI Security Engineer, you will work with software development teams to ensure the security of AI applications. You will review code for security issues, build frameworks to help developers create more secure software, and adjust designs to improve protection. You will also perform security research, analyze bug reports, conduct risk assessments, develop automation, maintain documentation, and create tools that reduce security risks. Your work drives secure, reliable AI applications for Amazon's customers.

Key job responsibilities
• You will create, update, and maintain threat models for a wide variety of software projects.
• You will perform manual and automated code review, primarily in Java, Python, and JavaScript
• You will develop AI security automation tools.
• You will perform AI security training and outreach for internal development teams.
• You will provide AI security architecture and design guidance.
• You will independently solve AI security problems that require novel methods or approaches.
• You will influence your team's and partners' process, priorities, and choices to improve outcomes.

About the team
About the team
The AppSec AI team is tasked with empowering the business to create secure, trustworthy AI applications that our customers find delightful to use. We engage closely with the business from the outset of the development process to ensure that security considerations are integrated early and consistently. This collaborative approach positions us as partners with the business, minimizing the need for security trade-offs. Our close work with product teams allows us to participate in deep technical discussions and decisions. We prioritize obtaining the right training and career growth opportunities, enabling us to Dive Deep and Earn Trust with our development teams.

About Amazon Security

Diverse Experiences
Amazon Security values diverse experiences. Even if you do not meet all of the qualifications and skills listed in the job description, we encourage candidates to apply. If your career is just starting, hasn’t followed a traditional path, or includes alternative experiences, don’t let it stop you from applying.

Why Amazon Security?
At Amazon, security is central to maintaining customer trust and delivering delightful customer experiences. Our organization is responsible for creating and maintaining a high bar for security across all of Amazon’s products and services. We offer talented security professionals the chance to accelerate their careers with opportunities to build experience in a wide variety of areas including cloud, devices, retail, entertainment, healthcare, operations, and physical stores.

Inclusive Team Culture
In Amazon Security, it’s in our nature to learn and be curious. Ongoing DEI events and learning experiences inspire us to continue learning and to embrace our uniqueness. Addressing the toughest security challenges requires that we seek out and celebrate a diversity of ideas, perspectives, and voices.

Training & Career Growth
We’re continuously raising our performance bar as we strive to become Earth’s Best Employer. That’s why you’ll find endless knowledge-sharing, training, and other career-advancing resources here to help you develop into a better-rounded professional.

Work/Life Balance
We value work-life harmony. Achieving success at work should never come at the expense of sacrifices at home, which is why flexible work hours and arrangements are part of our culture. When we feel supported in the workplace and at home, there’s nothing we can’t achieve.
• Experience with AWS products and services
• Experience with programming languages such as Python, Java, C++

Amazon is committed to a diverse and inclusive workplace. Amazon is an equal opportunity employer and does not discriminate on the basis of race, national origin, gender, gender identity, sexual orientation, protected veteran status, disability, age, or other legally protected status.

Our inclusive culture empowers Amazonians to deliver the best results for our customers. If you have a disability and need a workplace accommodation or adjustment during the application and hiring process, including support for the interview or onboarding process, please visit https://amazon.jobs/content/en/how-we-hire/accommodations for more information. If the country/region you’re applying in isn’t listed, please contact your Recruiting Partner.

Our compensation reflects the cost of labor across several US geographic markets. The base pay for this position ranges from $136,000/year in our lowest geographic market up to $212,800/year in our highest geographic market. Pay is based on a number of factors including market location and may vary depending on job-related knowledge, skills, and experience. Amazon is a total compensation company. Dependent on the position offered, equity, sign-on payments, and other forms of compensation may be provided as part of a total compensation package, in addition to a full range of medical, financial, and/or other benefits. For more information, please visit https://www.aboutamazon.com/workplace/employee-benefits. This position will remain posted until filled. Applicants should apply via our internal or external career site.
"
"Strategic Finance, AI Infrastructure",Hut 8,"Miami, FL • via Ladders",2025-01-08T16:44:48.898094,"7+ years of experience in financial management, with a focus on budgeting, forecasting, and project financial oversight
Experience in managing finances for large-scale infrastructure or technology projects, preferably in AI or related fields
Strong understanding of financial principles, budgeting processes, and financial analysis techniques
Proficiency in financial software and tools (e.g., Excel, ERP systems, financial modeling software)
Excellent analytical and problem-solving skills, with the ability to interpret complex financial data and provide actionable insights
Strong communication and interpersonal skills, with the ability to collaborate effectively with cross-functional teams and senior management
Strategic thinker with a proactive approach to financial management and project oversight
Detail-oriented with a focus on accuracy and financial integrity
Ability to manage multiple projects and priorities in a fast-paced, dynamic environment","7+ years of experience in financial management, with a focus on budgeting, forecasting, and project financial oversight; Experience in managing finances for large-scale infrastructure or technology projects, preferably in AI or related fields; Strong understanding of financial principles, budgeting processes, and financial analysis techniques; Proficiency in financial software and tools (e.g., Excel, ERP systems, financial modeling software); Excellent analytical and problem-solving skills, with the ability to interpret complex financial data and provide actionable insights; Strong communication and interpersonal skills, with the ability to collaborate effectively with cross-functional teams and senior management; Strategic thinker with a proactive approach to financial management and project oversight; Detail-oriented with a focus on accuracy and financial integrity; Ability to manage multiple projects and priorities in a fast-paced, dynamic environment","7+ years of experience in financial management, with a focus on budgeting, forecasting, and project financial oversight
Experience in managing finances for large-scale infrastructure or technology projects, preferably in AI or related fields
Strong understanding of financial principles, budgeting processes, and financial analysis techniques
Proficiency in financial software and tools (e.g., Excel, ERP systems, financial modeling software)
Excellent analytical and problem-solving skills, with the ability to interpret complex financial data and provide actionable insights
Strong communication and interpersonal skills, with the ability to collaborate effectively with cross-functional teams and senior management
Strategic thinker with a proactive approach to financial management and project oversight
Detail-oriented with a focus on accuracy and financial integrity
Ability to manage multiple projects and priorities in a fast-paced, dynamic environment","7+ years of experience in financial management, with a focus on budgeting, forecasting, and project financial oversight; Experience in managing finances for large-scale infrastructure or technology projects, preferably in AI or related fields; Strong understanding of financial principles, budgeting processes, and financial analysis techniques; Proficiency in financial software and tools (e.g., Excel, ERP systems, financial modeling software); Excellent analytical and problem-solving skills, with the ability to interpret complex financial data and provide actionable insights; Strong communication and interpersonal skills, with the ability to collaborate effectively with cross-functional teams and senior management; Strategic thinker with a proactive approach to financial management and project oversight; Detail-oriented with a focus on accuracy and financial integrity; Ability to manage multiple projects and priorities in a fast-paced, dynamic environment","Hut 8 offers a benefits and wellness program that includes medical, dental, vision, life, and short-term and long-term disability insurance, as well as paid time off
Work with bright, driven peers from a range of educational and professional backgrounds including software development, energy, engineering, entrepreneurship, investment banking, private equity, and management consulting
Debate ideas and alternatives in a truly meritocratic setting where the learning curve is steep and the lessons come from both senior and junior members of the team","Hut 8 offers a benefits and wellness program that includes medical, dental, vision, life, and short-term and long-term disability insurance, as well as paid time off; Work with bright, driven peers from a range of educational and professional backgrounds including software development, energy, engineering, entrepreneurship, investment banking, private equity, and management consulting; Debate ideas and alternatives in a truly meritocratic setting where the learning curve is steep and the lessons come from both senior and junior members of the team","Hut 8 offers a benefits and wellness program that includes medical, dental, vision, life, and short-term and long-term disability insurance, as well as paid time off
Work with bright, driven peers from a range of educational and professional backgrounds including software development, energy, engineering, entrepreneurship, investment banking, private equity, and management consulting
Debate ideas and alternatives in a truly meritocratic setting where the learning curve is steep and the lessons come from both senior and junior members of the team","Hut 8 offers a benefits and wellness program that includes medical, dental, vision, life, and short-term and long-term disability insurance, as well as paid time off; Work with bright, driven peers from a range of educational and professional backgrounds including software development, energy, engineering, entrepreneurship, investment banking, private equity, and management consulting; Debate ideas and alternatives in a truly meritocratic setting where the learning curve is steep and the lessons come from both senior and junior members of the team","ABOUT HUT 8

Imagine the ultimate destination for those who want to work at the cutting edge of technology, energy, and infrastructure. An industry leader in bitcoin mining, Hut 8 builds and operates some of the world's largest data centers for next-generation computing workloads. We are proud to offer interesting and challenging opportunities for individuals who want to build teams, solve problem
s, and make an impact from day one. If you're an ambitious individual looking for a career that is as rewarding as it is challenging, you've come to the right place.

ABOUT THE ROLE

The Strategic Finance Manager will be at the forefront of managing and optimizing the financial backbone of our high-stakes AI projects. Reporting directly to the AI Data Centers, you will be a leader in budgeting, financial planning, and analysis, ensuring every project is executed within strict financial parameters and aligns with our aggressive strategic goals. Your role demands not just oversight but strategic dominance, driving financial efficiency and enabling the flawless execution of AI infrastructure initiatives. If you have the expertise to handle complex financial challenges and push the limits of strategic finance, this is your arena.

Key Responsibilities

Budget Management and Financial Planning:
• Develop and manage budgets for AI infrastructure projects, ensuring alignment with company goals and financial objectives.
• Perform financial forecasting, modeling, and analysis to support project planning and decision-making.
• Monitor and control project expenditures, ensuring adherence to budgetary constraints and financial targets.

Project Financial Oversight:
• Oversee financial aspects of of the projects, including cost estimation, funding allocation, and financial reporting.
• Track project performance against budget and financial plans, identifying variances and implementing corrective actions as needed.
• Coordinate with project managers and teams to ensure financial requirements and constraints are understood and adhered to.

Strategic Financial Analysis:
• Conduct in-depth financial analysis to support strategic decision-making, including ROI assessments, cost-benefit analyses, and financial risk assessments.
• Provide insights and recommendations to senior management on financial performance, investment opportunities, and cost management strategies.

Financial Reporting and Documentation:
• Prepare and present regular financial reports and updates to senior management, highlighting key financial metrics, project performance, and budget status.
• Ensure accurate and timely documentation of financial transactions, budget adjustments, and financial forecasts.

Process Improvement and Efficiency:
• Identify and implement opportunities for improving financial processes, controls, and reporting mechanisms.
• Develop and maintain financial models and tools to enhance budgeting, forecasting, and financial analysis capabilities.

Stakeholder Collaboration:
• Work closely with cross-functional teams, including engineering, operations, and project management, to ensure alignment on financial matters and project objectives.
• Act as a liaison between finance and other departments, facilitating effective communication and collaboration on financial issues.

Compliance and Governance:
• Ensure financial practices and project management activities comply with internal policies, regulatory requirements, and industry standards.
• Implement and enforce financial controls and governance practices to mitigate risks and ensure financial integrity.

Strategic Support and Advisory:
• Provide strategic financial support to leadership, contributing to long-term planning and business strategy related to AI infrastructure.
• Advise on financial implications of strategic initiatives and investment opportunities.

ABOUT YOU
• Bachelor's degree in Finance, Accounting, Business Administration, or a related field; Master's degree or CPA designation preferred.
• 7+ years of experience in financial management, with a focus on budgeting, forecasting, and project financial oversight.
• Experience in managing finances for large-scale infrastructure or technology projects, preferably in AI or related fields.
• Strong understanding of financial principles, budgeting processes, and financial analysis techniques.
• Proficiency in financial software and tools (e.g., Excel, ERP systems, financial modeling software).
• Excellent analytical and problem-solving skills, with the ability to interpret complex financial data and provide actionable insights.
• Strong communication and interpersonal skills, with the ability to collaborate effectively with cross-functional teams and senior management.
• Strategic thinker with a proactive approach to financial management and project oversight.
• Detail-oriented with a focus on accuracy and financial integrity.
• Ability to manage multiple projects and priorities in a fast-paced, dynamic environment.

ABOUT THE WORK ENVIRONMENT

This role is in office at our corporate headquarters in the Brickell area of Miami, Florida. Reasonable accommodations may be made to enable individuals with disabilities to perform the essential functions.

WHAT MAKES HUT 8 A GREAT PLACE TO WORK

Hut 8 offers a benefits and wellness program that includes medical, dental, vision, life, and short-term and long-term disability insurance, as well as paid time off. We are proud to invest in building the best team in the industry. At all levels of the organization, we are driven by an entrepreneurial spirit, radical transparency, and relentless growth mentality.

At Hut 8, you will have the opportunity to:
• Work with bright, driven peers from a range of educational and professional backgrounds including software development, energy, engineering, entrepreneurship, investment banking, private equity, and management consulting
• Design and pitch new products, services, and other initiatives to a leadership team consisting of serial entrepreneurs and seasoned executives and backed by a board of directors consisting of industry veterans of energy, finance, and government
• Debate ideas and alternatives in a truly meritocratic setting where the learning curve is steep and the lessons come from both senior and junior members of the team
• Build a lifelong network of friends and professional connections at the cutting-edge intersection of technology, energy, and infrastructure
"
Sr Cyber Risk Analyst (AI),UKG (Ultimate Kronos Group),Florida • via USNLX Diversity Jobs - National Labor Exchange,2025-01-08T16:44:58.820443,"Bachelor’s degree in Computer Science, Information Technology, Risk Management, or a related field","Bachelor’s degree in Computer Science, Information Technology, Risk Management, or a related field","Bachelor’s degree in Computer Science, Information Technology, Risk Management, or a related field","Bachelor’s degree in Computer Science, Information Technology, Risk Management, or a related field","That’s why our benefits help you thrive personally and professionally, from wellness programs and tuition reimbursement to U Choose — a customizable expense reimbursement program that can be used for more than 200+ needs that best suit you and your family, from student loan repayment, to childcare, to pet insurance
Our inclusive culture, active and engaged employee resource groups, and caring leaders value every voice and support you in doing the best work of your career
It shall also apply to all other aspects of employment, including, but not limited to, compensation, promotion, demotion, transfer, lay-offs, terminations, leave of absence, and training opportunities","That’s why our benefits help you thrive personally and professionally, from wellness programs and tuition reimbursement to U Choose — a customizable expense reimbursement program that can be used for more than 200+ needs that best suit you and your family, from student loan repayment, to childcare, to pet insurance; Our inclusive culture, active and engaged employee resource groups, and caring leaders value every voice and support you in doing the best work of your career; It shall also apply to all other aspects of employment, including, but not limited to, compensation, promotion, demotion, transfer, lay-offs, terminations, leave of absence, and training opportunities","That’s why our benefits help you thrive personally and professionally, from wellness programs and tuition reimbursement to U Choose — a customizable expense reimbursement program that can be used for more than 200+ needs that best suit you and your family, from student loan repayment, to childcare, to pet insurance
Our inclusive culture, active and engaged employee resource groups, and caring leaders value every voice and support you in doing the best work of your career
It shall also apply to all other aspects of employment, including, but not limited to, compensation, promotion, demotion, transfer, lay-offs, terminations, leave of absence, and training opportunities","That’s why our benefits help you thrive personally and professionally, from wellness programs and tuition reimbursement to U Choose — a customizable expense reimbursement program that can be used for more than 200+ needs that best suit you and your family, from student loan repayment, to childcare, to pet insurance; Our inclusive culture, active and engaged employee resource groups, and caring leaders value every voice and support you in doing the best work of your career; It shall also apply to all other aspects of employment, including, but not limited to, compensation, promotion, demotion, transfer, lay-offs, terminations, leave of absence, and training opportunities","Company Overview

With 80,000 customers across 150 countries, UKG is the largest U.S.-based private software company in the world. And we’re only getting started. Ready to bring your bold ideas and collaborative mindset to an organization that still has so much more to build and achieve? Read on.

At UKG, you get more than just a job. You get to work with purpose. Our team of U Krewers are on a mi
ssion to inspire every organization to become a great place to work through our award-winning HR technology built for all.

Here, we know that you’re more than your work. That’s why our benefits help you thrive personally and professionally, from wellness programs and tuition reimbursement to U Choose — a customizable expense reimbursement program that can be used for more than 200+ needs that best suit you and your family, from student loan repayment, to childcare, to pet insurance. Our inclusive culture, active and engaged employee resource groups, and caring leaders value every voice and support you in doing the best work of your career. If you’re passionate about our purpose — people —then we can’t wait to support whatever gives you purpose. We’re united by purpose, inspired by you.

About the Team:

The Governance, Risk and Compliance (GRC) team enables the business in proactive identification, evaluation, mitigation, monitoring, and escalation of organizational risks. UKG evaluates risk holistic to the organization; including strategic, financial, compliance, cybersecurity, and operational risk. This position is part of a subset of the GRC team which leads AI risk management efforts. As a member of that team, the individual will be committed to overall management of risks related to AI systems and technologies and its role in the company's continued success. The Senior Cyber Risk Analyst position is a highly visible role that interfaces with key stakeholders in the organization and may also support UKG customers and Partners. The position demands an organized, action-oriented team player with the ability to prioritize daily work and support multiple initiatives simultaneously; effective communication and customer focus is required. Primary responsibilities include performing risk assessments of UKG AI systems and technologies impact UKG products and internal environments to determine potential risk factors, quantifying risk and forecast probable outcomes, partnering with risk owners to determine mitigation activities, preparing reports to stakeholders to summarize their risk landscape and highlight attention areas, and staying attune to the organizations goals as processes/technologies evolve.

About the Role:

• Lead the development, implementation, and continuous improvement of the AI risk management program.

• Support the overall AI governance program by integrating risk management practices into AI development and deployment processes, promote AI risk management, share best practices and provide independent perspective on initiatives and issues related to AI applications.

• Conduct thorough risk assessments of existing and planned AI implementations within UKG’s products and corporate environment, identifying potential risks and developing mitigation strategies.

• Establish and maintain a continuous monitoring program for risks related to AI systems.

• Conduct regular audits of critical AI systems to ensure alignment with organization risk tolerances.

• Contribute to the development and enhancement of the AI risk management framework, ensuring it aligns with industry standards and regulatory requirements.

• Develop dashboards and reporting to track risks and issues related to AI systems, and present findings on a regular cadence to senior leadership.

• Cultivate strong relationships with internal stakeholders, including AI developers, data scientists, and business leaders.

• Stay abreast of new trends, emerging risks, frameworks, and regulatory changes in the AI space.

• Conduct research and analysis to identify potential impacts on the organization’s AI initiatives.

• Provide training and awareness programs on AI risk management for internal stakeholders.

About you:

Basic Qualifications:

• Bachelor’s degree in Computer Science, Information Technology, Risk Management, or a related field. Advanced degree preferred.

• Minimum of 5 years of experience in risk management, with at least 2-3 years specifically focused on AI or machine learning projects.

• Knowledge of risk management principles, methodologies, and best practices as they apply to AI.

• Familiarity & experience with AI governance frameworks, best practices, AI ethics, and responsible AI principles.

• Proven track record of conducting risk assessments and developing risk management frameworks for AI systems.

• Excellent problem-solving abilities, with a focus on developing practical and effective risk mitigation strategies.

• Exceptional communication skills, both written and verbal, with the ability to convey complex technical concepts to non-technical stakeholders.

• Strong interpersonal skills, with the ability to build and maintain relationships with diverse internal and external stakeholders.

It is the policy of Ultimate Software to promote and assure equal employment opportunity for all current and prospective Peeps without regard to race, color, religion, sex, age, disability, marital status, familial status, sexual orientation, pregnancy, genetic information, gender identity, gender expression, national origin, ancestry, citizenship status, veteran status, and any other legally protected status entitled to protection under federal, state, or local anti-discrimination laws. This policy governs all matters related to recruitment, advertising, and initial selection of employment. It shall also apply to all other aspects of employment, including, but not limited to, compensation, promotion, demotion, transfer, lay-offs, terminations, leave of absence, and training opportunities.
"
