Title,Company,Location,Timestamp,Job Highlights,Job Highlights Items,Qualifications,Qualifications Items,Benefits,Benefits Items,Responsibilities,Responsibilities Items,Job Description
III-V Compound Semiconductor Technician,SRI International,"Princeton, NJ • via BeBee",2025-02-26T22:50:08.185538,"Bachelor's or Master's degree in chemistry, physics, applied physics, materials science, electrical engineering, or related fields
Minimum 3 years of experience in III-V semiconductor processing, product development, or production engineering
Familiarity with photolithography, wet etch, dry etch (RIE/ICP), dielectric film deposition (PECVD), metal deposition, chip hybridization, etc","Bachelor's or Master's degree in chemistry, physics, applied physics, materials science, electrical engineering, or related fields; Minimum 3 years of experience in III-V semiconductor processing, product development, or production engineering; Familiarity with photolithography, wet etch, dry etch (RIE/ICP), dielectric film deposition (PECVD), metal deposition, chip hybridization, etc","Bachelor's or Master's degree in chemistry, physics, applied physics, materials science, electrical engineering, or related fields
Minimum 3 years of experience in III-V semiconductor processing, product development, or production engineering
Familiarity with photolithography, wet etch, dry etch (RIE/ICP), dielectric film deposition (PECVD), metal deposition, chip hybridization, etc","Bachelor's or Master's degree in chemistry, physics, applied physics, materials science, electrical engineering, or related fields; Minimum 3 years of experience in III-V semiconductor processing, product development, or production engineering; Familiarity with photolithography, wet etch, dry etch (RIE/ICP), dielectric film deposition (PECVD), metal deposition, chip hybridization, etc",,,,,"Job Description

The Processing Engineer will be responsible for developing, improving, and supporting III-V semiconductor processes for photonics devices, collaborating with internal and external stakeholders, and contributing to the growth and success of SRI International.
Key Responsibilities
• Developing, maintaining, and improving III-V semiconductor processes for photonics devices
• Collabor
ating with SRI teams and external partners to advance III-V processing technology
• Contributing to the development of new processes for new materials and devices
Requirements
• Bachelor's or Master's degree in chemistry, physics, applied physics, materials science, electrical engineering, or related fields
• Minimum 3 years of experience in III-V semiconductor processing, product development, or production engineering
• Familiarity with photolithography, wet etch, dry etch (RIE/ICP), dielectric film deposition (PECVD), metal deposition, chip hybridization, etc.
"
Photonics on Chip Design Engineer,Advanced Technology Search,"New York, NY • via Vaia",2025-02-26T22:50:17.958546,"We need an MSEE or PhD in Electrical Engineering, with 5 years of semiconductor laser design experience
We require good skills in device design and device physics
We prefer experience in compound semiconductor (InP, GaAs) devices, and experience with design tools like Lumerical","We need an MSEE or PhD in Electrical Engineering, with 5 years of semiconductor laser design experience; We require good skills in device design and device physics; We prefer experience in compound semiconductor (InP, GaAs) devices, and experience with design tools like Lumerical","We need an MSEE or PhD in Electrical Engineering, with 5 years of semiconductor laser design experience
We require good skills in device design and device physics
We prefer experience in compound semiconductor (InP, GaAs) devices, and experience with design tools like Lumerical","We need an MSEE or PhD in Electrical Engineering, with 5 years of semiconductor laser design experience; We require good skills in device design and device physics; We prefer experience in compound semiconductor (InP, GaAs) devices, and experience with design tools like Lumerical",,,,,"We are working on behalf of a leader in photonics, using compound semiconductor technology for improving high-speed communications for data center markets.

Their group in Ithaca, NY is looking for a Senior Semiconductor Laser Designer who will design, test, and analyze CW lasers, and work with process and product engineering teams to get the product manufactured.

We need an MSEE or PhD in Electr
ical Engineering, with 5 years of semiconductor laser design experience. We require good skills in device design and device physics. We prefer experience in compound semiconductor (InP, GaAs) devices, and experience with design tools like Lumerical.
#J-18808-Ljbffr
"
"Compound-Semiconductor Fabrication Process Engineer - Philadelphia, PA",Diedre Moire,Pennsylvania • via Diedre Moire,2025-02-26T22:50:27.786819,"Should have hands-on experience with multiple compound-semiconductor fabrication processes such as lithography, wet etching, reactive-ion etching, sputtering and e-beam deposition of metal and dielectric materials, wafer and device cleaving","Should have hands-on experience with multiple compound-semiconductor fabrication processes such as lithography, wet etching, reactive-ion etching, sputtering and e-beam deposition of metal and dielectric materials, wafer and device cleaving","Should have hands-on experience with multiple compound-semiconductor fabrication processes such as lithography, wet etching, reactive-ion etching, sputtering and e-beam deposition of metal and dielectric materials, wafer and device cleaving","Should have hands-on experience with multiple compound-semiconductor fabrication processes such as lithography, wet etching, reactive-ion etching, sputtering and e-beam deposition of metal and dielectric materials, wafer and device cleaving","Employee focused organization offering an industry competitive compensation package commensurate with experiences, bonuses, full medical coverage, 401(k) with company match, health and wellness benefits, generous paid vacation, numerous personal and professional development opportunities, and more!","Employee focused organization offering an industry competitive compensation package commensurate with experiences, bonuses, full medical coverage, 401(k) with company match, health and wellness benefits, generous paid vacation, numerous personal and professional development opportunities, and more!","Employee focused organization offering an industry competitive compensation package commensurate with experiences, bonuses, full medical coverage, 401(k) with company match, health and wellness benefits, generous paid vacation, numerous personal and professional development opportunities, and more!","Employee focused organization offering an industry competitive compensation package commensurate with experiences, bonuses, full medical coverage, 401(k) with company match, health and wellness benefits, generous paid vacation, numerous personal and professional development opportunities, and more!","Seeking fabrication process engineer to support development of compound-semiconductor optoelectronic components and photonic integrated circuits; materials systems including InP, GaAs, GaN, and their associated ternary and quaternary compositions; and components including high-power diode lasers and optical amplifiers, single-photon emitters, high-current waveguide photodiodes, wideband optical mo
dulators, and arrays of these components. PICs will be realized using both monolithic and hybrid integration techniques.

Should have hands-on experience with multiple compound-semiconductor fabrication processes such as lithography, wet etching, reactive-ion etching, sputtering and e-beam deposition of metal and dielectric materials, wafer and device cleaving.

Employee focused organization offering an industry competitive compensation package commensurate with experiences, bonuses, full medical coverage, 401(k) with company match, health and wellness benefits, generous paid vacation, numerous personal and professional development opportunities, and more!

For complete details contact James A. Lockley, LT USN (Ret) at:
(609) 584-9000 ext 278

Or, submit resume online at:
http://dmc9.com/jal/app.asp

Or, email to:
1000029731_10007183@jobbank301.com

Please reference #37235594 when responding.
"
"Optoelectronics Engineer - Compound Semiconductor & RF Devices, Onsite",Sandia National Laboratories,United States • via AcademicWomen,2025-02-26T22:50:37.753021,"Master’s in Electrical Engineering, Physics, or a relevant STEM field
Two (2) or more years of hands-on experience in the testing and characterization of optoelectronic and photonic integrated circuits, including but not limited to:
Experience in developing test automation software, including:
User experience design for graphical user interfaces (GUIs)
Ability to acquire and maintain a DOE Q clearance
Hands-on familiarity with a variety of test equipment, including:
Strong analytical and problem-solving skills
Excellent oral, written, interpersonal, and organizational skills
Ability to work independently and manage multiple projects simultaneously
Sandia is required by DOE to conduct a pre-employment drug test and background review that includes checks of personal references, credit, law enforcement records, and employment/education verifications
Applicants for employment need to be able to obtain and maintain a DOE Q-level security clearance, which requires U.S. citizenship
If you hold more than one citizenship (i.e., of the U.S. and another country), your ability to obtain a security clearance may be impacted
Applicants offered employment with Sandia are subject to a federal background investigation to meet the requirements for access to classified information or matter if the duties of the position require a DOE security clearance
Substance abuse or illegal drug use, falsification of information, criminal activity, serious misconduct or other indicators of untrustworthiness can cause a clearance to be denied or terminated by DOE, resulting in the inability to perform the duties assigned and subsequent termination of employment
If you have a Medical Portable Electronic Device (MedPED), such as a pacemaker, defibrillator, drug-releasing pump, hearing aids, or diagnostic equipment and other equipment for measuring, monitoring, and recording body functions such as heartbeat and brain waves, if employed by Sandia National Laboratories you may be required to comply with NNSA security requirements for MedPEDs","Master’s in Electrical Engineering, Physics, or a relevant STEM field; Two (2) or more years of hands-on experience in the testing and characterization of optoelectronic and photonic integrated circuits, including but not limited to:; Experience in developing test automation software, including:; User experience design for graphical user interfaces (GUIs); Ability to acquire and maintain a DOE Q clearance; Hands-on familiarity with a variety of test equipment, including:; Strong analytical and problem-solving skills; Excellent oral, written, interpersonal, and organizational skills; Ability to work independently and manage multiple projects simultaneously; Sandia is required by DOE to conduct a pre-employment drug test and background review that includes checks of personal references, credit, law enforcement records, and employment/education verifications; Applicants for employment need to be able to obtain and maintain a DOE Q-level security clearance, which requires U.S. citizenship; If you hold more than one citizenship (i.e., of the U.S. and another country), your ability to obtain a security clearance may be impacted; Applicants offered employment with Sandia are subject to a federal background investigation to meet the requirements for access to classified information or matter if the duties of the position require a DOE security clearance; Substance abuse or illegal drug use, falsification of information, criminal activity, serious misconduct or other indicators of untrustworthiness can cause a clearance to be denied or terminated by DOE, resulting in the inability to perform the duties assigned and subsequent termination of employment; If you have a Medical Portable Electronic Device (MedPED), such as a pacemaker, defibrillator, drug-releasing pump, hearing aids, or diagnostic equipment and other equipment for measuring, monitoring, and recording body functions such as heartbeat and brain waves, if employed by Sandia National Laboratories you may be required to comply with NNSA security requirements for MedPEDs","Master’s in Electrical Engineering, Physics, or a relevant STEM field
Two (2) or more years of hands-on experience in the testing and characterization of optoelectronic and photonic integrated circuits, including but not limited to:
Experience in developing test automation software, including:
User experience design for graphical user interfaces (GUIs)
Ability to acquire and maintain a DOE Q clearance
Hands-on familiarity with a variety of test equipment, including:
Strong analytical and problem-solving skills
Excellent oral, written, interpersonal, and organizational skills
Ability to work independently and manage multiple projects simultaneously
Sandia is required by DOE to conduct a pre-employment drug test and background review that includes checks of personal references, credit, law enforcement records, and employment/education verifications
Applicants for employment need to be able to obtain and maintain a DOE Q-level security clearance, which requires U.S. citizenship
If you hold more than one citizenship (i.e., of the U.S. and another country), your ability to obtain a security clearance may be impacted
Applicants offered employment with Sandia are subject to a federal background investigation to meet the requirements for access to classified information or matter if the duties of the position require a DOE security clearance
Substance abuse or illegal drug use, falsification of information, criminal activity, serious misconduct or other indicators of untrustworthiness can cause a clearance to be denied or terminated by DOE, resulting in the inability to perform the duties assigned and subsequent termination of employment
If you have a Medical Portable Electronic Device (MedPED), such as a pacemaker, defibrillator, drug-releasing pump, hearing aids, or diagnostic equipment and other equipment for measuring, monitoring, and recording body functions such as heartbeat and brain waves, if employed by Sandia National Laboratories you may be required to comply with NNSA security requirements for MedPEDs","Master’s in Electrical Engineering, Physics, or a relevant STEM field; Two (2) or more years of hands-on experience in the testing and characterization of optoelectronic and photonic integrated circuits, including but not limited to:; Experience in developing test automation software, including:; User experience design for graphical user interfaces (GUIs); Ability to acquire and maintain a DOE Q clearance; Hands-on familiarity with a variety of test equipment, including:; Strong analytical and problem-solving skills; Excellent oral, written, interpersonal, and organizational skills; Ability to work independently and manage multiple projects simultaneously; Sandia is required by DOE to conduct a pre-employment drug test and background review that includes checks of personal references, credit, law enforcement records, and employment/education verifications; Applicants for employment need to be able to obtain and maintain a DOE Q-level security clearance, which requires U.S. citizenship; If you hold more than one citizenship (i.e., of the U.S. and another country), your ability to obtain a security clearance may be impacted; Applicants offered employment with Sandia are subject to a federal background investigation to meet the requirements for access to classified information or matter if the duties of the position require a DOE security clearance; Substance abuse or illegal drug use, falsification of information, criminal activity, serious misconduct or other indicators of untrustworthiness can cause a clearance to be denied or terminated by DOE, resulting in the inability to perform the duties assigned and subsequent termination of employment; If you have a Medical Portable Electronic Device (MedPED), such as a pacemaker, defibrillator, drug-releasing pump, hearing aids, or diagnostic equipment and other equipment for measuring, monitoring, and recording body functions such as heartbeat and brain waves, if employed by Sandia National Laboratories you may be required to comply with NNSA security requirements for MedPEDs","Career advancement and enrichment opportunities
Flexible work arrangements for many positions include 9/80 (work 80 hours every two weeks, with every other Friday off) and 4/10 (work 4 ten-hour days each week) compressed workweeks, part-time work, and telecommuting (a mix of onsite work and working from home)
Generous vacations, strong medical and other benefits, competitive 401k, learning opportunities, relocation assistance and amenities aimed at creating a solid work/life balance*
$99,400 - $193,600
Tunable lasers","Career advancement and enrichment opportunities; Flexible work arrangements for many positions include 9/80 (work 80 hours every two weeks, with every other Friday off) and 4/10 (work 4 ten-hour days each week) compressed workweeks, part-time work, and telecommuting (a mix of onsite work and working from home); Generous vacations, strong medical and other benefits, competitive 401k, learning opportunities, relocation assistance and amenities aimed at creating a solid work/life balance*; $99,400 - $193,600; Tunable lasers","Career advancement and enrichment opportunities
Flexible work arrangements for many positions include 9/80 (work 80 hours every two weeks, with every other Friday off) and 4/10 (work 4 ten-hour days each week) compressed workweeks, part-time work, and telecommuting (a mix of onsite work and working from home)
Generous vacations, strong medical and other benefits, competitive 401k, learning opportunities, relocation assistance and amenities aimed at creating a solid work/life balance*
$99,400 - $193,600
Tunable lasers","Career advancement and enrichment opportunities; Flexible work arrangements for many positions include 9/80 (work 80 hours every two weeks, with every other Friday off) and 4/10 (work 4 ten-hour days each week) compressed workweeks, part-time work, and telecommuting (a mix of onsite work and working from home); Generous vacations, strong medical and other benefits, competitive 401k, learning opportunities, relocation assistance and amenities aimed at creating a solid work/life balance*; $99,400 - $193,600; Tunable lasers","About Sandia:

Sandia National Laboratories is the nation’s premier science and engineering lab for national security and technology innovation, with teams of specialists focused on cutting-edge work in a broad array of areas. Some of the main reasons we love our jobs:

Challenging work with amazing impact that contributes to security, peace, and freedom worldwide

Extraordinary co-workers

Some o
f the best tools, equipment, and research facilities in the world

Career advancement and enrichment opportunities

Flexible work arrangements for many positions include 9/80 (work 80 hours every two weeks, with every other Friday off) and 4/10 (work 4 ten-hour days each week) compressed workweeks, part-time work, and telecommuting (a mix of onsite work and working from home)

Generous vacations, strong medical and other benefits, competitive 401k, learning opportunities, relocation assistance and amenities aimed at creating a solid work/life balance*

World-changing technologies. Life-changing careers. Learn more about Sandia at: http://www.sandia.gov*These benefits vary by job classification.

What Your Job Will Be Like:

We are seeking a highly skilled Optoelectronics Engineer to join our team.

On any given day, you may be called to:

Perform testing and characterization of optoelectronic and photonic integrated circuits.

Conduct hands-on work with advanced test equipment and the development of test automation software to enhance our research and development efforts.

Test optoelectronic devices in a light lab and writing software.

Conduct occasional experiments at radiation testing facilities at Sandia and offsite.

Due to the nature of the work, the selected applicant must be able to work onsite.

Salary Range:

$99,400 - $193,600
• Salary range is estimated, and actual salary will be determined after consideration of the selected candidate's experience and qualifications, and application of any approved geographic salary differential.

Qualifications We Require:

Master’s in Electrical Engineering, Physics, or a relevant STEM field

Two (2) or more years of hands-on experience in the testing and characterization of optoelectronic and photonic integrated circuits, including but not limited to:

Lasers

Photodiodes

Waveguides

Optical amplifiers

Photovoltaics

Modulators

Experience in developing test automation software, including:

Test equipment interfacing

User experience design for graphical user interfaces (GUIs)

Ability to acquire and maintain a DOE Q clearance

Qualifications We Desire:

Hands-on familiarity with a variety of test equipment, including:

Source-measure units

Tunable lasers

Electrical and optical spectrum analyzers

Probe stations

Detectors

Pattern generators

Oscilloscopes

Fiber fusion splicing equipment

S-parameter measurements/de-embedding

Familiarity with optoelectronic simulation software, specifically Lumerical, is highly desirable.

Strong analytical and problem-solving skills

Excellent oral, written, interpersonal, and organizational skills

Ability to work independently and manage multiple projects simultaneously

Active Q clearance

About Our Team:

The III-V Optoelectronics Department develops compound semiconductor and RF devices, photonics, and microsystems for national security applications including high-performance computing, communications, renewable energy, sensing and imaging. As part of Sandia's Microsystems Science, Technology and Components Center, we research, design, fabricate, prototype, test and deliver novel RF and photonics devices, including lasers, photonic integrated circuits, and sensors. We focus on R&D of high-performance technology platforms and customized microsystems. We leverage state-of-the-art materials and fabrication capabilities within the Microsystems Engineering Sciences and Applications (MESA) cleanroom complex to serve a broad mix of internal and external customers. Core capabilities include: Optical, optoelectronic and electronic modeling and simulation, epitaxial design, materials growth (MOCVD/MBE) and materials characterization, design, microfabrication and testing of III-V photonic devices, RF devices and photonic integrated circuits, heterogeneous microsystem integration and prototyping, high-speed and harsh-environment optoelectronics, and device reliability.

Posting Duration:

This posting will be open for application submissions for a minimum of seven (7) calendar days, including the ‘posting date’. Sandia reserves the right to extend the posting date at any time.

Security Clearance:

Sandia is required by DOE to conduct a pre-employment drug test and background review that includes checks of personal references, credit, law enforcement records, and employment/education verifications. Applicants for employment need to be able to obtain and maintain a DOE Q-level security clearance, which requires U.S. citizenship. If you hold more than one citizenship (i.e., of the U.S. and another country), your ability to obtain a security clearance may be impacted.

Applicants offered employment with Sandia are subject to a federal background investigation to meet the requirements for access to classified information or matter if the duties of the position require a DOE security clearance. Substance abuse or illegal drug use, falsification of information, criminal activity, serious misconduct or other indicators of untrustworthiness can cause a clearance to be denied or terminated by DOE, resulting in the inability to perform the duties assigned and subsequent termination of employment.

EEO:

All qualified applicants will receive consideration for employment without regard to race, color, religion, sex, sexual orientation, gender identity, national origin, age, disability, or veteran status and any other protected class under state or federal law.

NNSA Requirements for MedPEDs:

If you have a Medical Portable Electronic Device (MedPED), such as a pacemaker, defibrillator, drug-releasing pump, hearing aids, or diagnostic equipment and other equipment for measuring, monitoring, and recording body functions such as heartbeat and brain waves, if employed by Sandia National Laboratories you may be required to comply with NNSA security requirements for MedPEDs.

If you have a MedPED and you are selected for an on-site interview at Sandia National Laboratories, there may be additional steps necessary to ensure compliance with NNSA security requirements prior to the interview date.

Job ID: 694864

Job Family: RD

Regular/Temporary Position: R

Full/Part-Time Status: F
"
Compound Semiconductor Wafer Expert,Teledyne,"Montgomeryville, PA • via BeBee",2025-02-26T22:50:47.684154,"Masters or Ph.D. in Electrical Engineering, Materials Science, or related field
5+ years of experience in semiconductor wafer fabrication and processing
Strong understanding of compound semiconductor materials and processing techniques
Excellent problem-solving and analytical skills","Masters or Ph.D. in Electrical Engineering, Materials Science, or related field; 5+ years of experience in semiconductor wafer fabrication and processing; Strong understanding of compound semiconductor materials and processing techniques; Excellent problem-solving and analytical skills","Masters or Ph.D. in Electrical Engineering, Materials Science, or related field
5+ years of experience in semiconductor wafer fabrication and processing
Strong understanding of compound semiconductor materials and processing techniques
Excellent problem-solving and analytical skills","Masters or Ph.D. in Electrical Engineering, Materials Science, or related field; 5+ years of experience in semiconductor wafer fabrication and processing; Strong understanding of compound semiconductor materials and processing techniques; Excellent problem-solving and analytical skills","Competitive salary and benefits package
Opportunities for professional growth and development
Collaborative and dynamic work environment
Access to state-of-the-art equipment and facilities",Competitive salary and benefits package; Opportunities for professional growth and development; Collaborative and dynamic work environment; Access to state-of-the-art equipment and facilities,"Competitive salary and benefits package
Opportunities for professional growth and development
Collaborative and dynamic work environment
Access to state-of-the-art equipment and facilities",Competitive salary and benefits package; Opportunities for professional growth and development; Collaborative and dynamic work environment; Access to state-of-the-art equipment and facilities,"Join Our Team

We are seeking a highly skilled Compound Semiconductor Wafer Expert to join our team. In this role, you will be responsible for designing and developing advanced semiconductor wafer fabrication processes for infrared detectors and focal plane arrays.

The successful candidate will have a strong background in semiconductor processing and a proven track record of delivering high-quali
ty results under tight deadlines.

Key Responsibilities:
• Design and develop new semiconductor wafer fabrication processes
• Collaborate with cross-functional teams to design and develop new products
• Analyze and troubleshoot process issues to improve yield and efficiency
• Stay up-to-date with the latest advancements in semiconductor processing technology

Requirements:
• Masters or Ph.D. in Electrical Engineering, Materials Science, or related field
• 5+ years of experience in semiconductor wafer fabrication and processing
• Strong understanding of compound semiconductor materials and processing techniques
• Excellent problem-solving and analytical skills

Benefits:
• Competitive salary and benefits package
• Opportunities for professional growth and development
• Collaborative and dynamic work environment
• Access to state-of-the-art equipment and facilities
],
"
Lead Semiconductor Reliability Engineer Jobs,RTX,"Andover, MA • via Security Clearance Jobs",2025-02-26T22:50:57.578844,"Your subject matter technical expertise in reliability, semiconductor physics, applied statistics, and python is key to the success on this role
As a lead engineer, you need to communicate efficiently and effectively and are expected to demonstrate strong ownership and accountability
Typically requires a Bachelor's degree in Science, Technology, Engineering or Mathematics (STEM) and a minimum 8 years of prior work experience or an Advanced Degree in a related field and minimum 5 years of prior work experience
Experience with Reliability testing and characterization experience in compound semiconductor field, preferably GaN and GaAs
Experience in the design and execution of reliability test plans
Experience with applied statistic, reliability modeling, data analysis
The ability to obtain and maintain a U.S. government issued security clearance is required
U.S. citizenship is required, as only U.S. citizens are eligible for a security clearance
Python, PyQt, and data analysis tools (Pandas, Sklearn, Matplotlib)
Advanced degree in STEM or statistics
Solid state device physics knowledge
Semiconductor wafer fab processing experience
Strong problem-solving skills
Project management skills
Failure analysis experience with SEM, FIB, STEM, etc
Experience in RF field
Experience with lab tools such as probe stations, curve tracers, Keithly/Keysight equipment
Experience with related industry standards such as JEDEC, MIL
Strong informal and formal reporting and presenting skills","Your subject matter technical expertise in reliability, semiconductor physics, applied statistics, and python is key to the success on this role; As a lead engineer, you need to communicate efficiently and effectively and are expected to demonstrate strong ownership and accountability; Typically requires a Bachelor's degree in Science, Technology, Engineering or Mathematics (STEM) and a minimum 8 years of prior work experience or an Advanced Degree in a related field and minimum 5 years of prior work experience; Experience with Reliability testing and characterization experience in compound semiconductor field, preferably GaN and GaAs; Experience in the design and execution of reliability test plans; Experience with applied statistic, reliability modeling, data analysis; The ability to obtain and maintain a U.S. government issued security clearance is required; U.S. citizenship is required, as only U.S. citizens are eligible for a security clearance; Python, PyQt, and data analysis tools (Pandas, Sklearn, Matplotlib); Advanced degree in STEM or statistics; Solid state device physics knowledge; Semiconductor wafer fab processing experience; Strong problem-solving skills; Project management skills; Failure analysis experience with SEM, FIB, STEM, etc; Experience in RF field; Experience with lab tools such as probe stations, curve tracers, Keithly/Keysight equipment; Experience with related industry standards such as JEDEC, MIL; Strong informal and formal reporting and presenting skills","Your subject matter technical expertise in reliability, semiconductor physics, applied statistics, and python is key to the success on this role
As a lead engineer, you need to communicate efficiently and effectively and are expected to demonstrate strong ownership and accountability
Typically requires a Bachelor's degree in Science, Technology, Engineering or Mathematics (STEM) and a minimum 8 years of prior work experience or an Advanced Degree in a related field and minimum 5 years of prior work experience
Experience with Reliability testing and characterization experience in compound semiconductor field, preferably GaN and GaAs
Experience in the design and execution of reliability test plans
Experience with applied statistic, reliability modeling, data analysis
The ability to obtain and maintain a U.S. government issued security clearance is required
U.S. citizenship is required, as only U.S. citizens are eligible for a security clearance
Python, PyQt, and data analysis tools (Pandas, Sklearn, Matplotlib)
Advanced degree in STEM or statistics
Solid state device physics knowledge
Semiconductor wafer fab processing experience
Strong problem-solving skills
Project management skills
Failure analysis experience with SEM, FIB, STEM, etc
Experience in RF field
Experience with lab tools such as probe stations, curve tracers, Keithly/Keysight equipment
Experience with related industry standards such as JEDEC, MIL
Strong informal and formal reporting and presenting skills","Your subject matter technical expertise in reliability, semiconductor physics, applied statistics, and python is key to the success on this role; As a lead engineer, you need to communicate efficiently and effectively and are expected to demonstrate strong ownership and accountability; Typically requires a Bachelor's degree in Science, Technology, Engineering or Mathematics (STEM) and a minimum 8 years of prior work experience or an Advanced Degree in a related field and minimum 5 years of prior work experience; Experience with Reliability testing and characterization experience in compound semiconductor field, preferably GaN and GaAs; Experience in the design and execution of reliability test plans; Experience with applied statistic, reliability modeling, data analysis; The ability to obtain and maintain a U.S. government issued security clearance is required; U.S. citizenship is required, as only U.S. citizens are eligible for a security clearance; Python, PyQt, and data analysis tools (Pandas, Sklearn, Matplotlib); Advanced degree in STEM or statistics; Solid state device physics knowledge; Semiconductor wafer fab processing experience; Strong problem-solving skills; Project management skills; Failure analysis experience with SEM, FIB, STEM, etc; Experience in RF field; Experience with lab tools such as probe stations, curve tracers, Keithly/Keysight equipment; Experience with related industry standards such as JEDEC, MIL; Strong informal and formal reporting and presenting skills","The salary range provided is a good faith estimate representative of all experience levels
Hired applicants may be eligible for benefits, including but not limited to, medical, dental, vision, life insurance, short-term disability, long-term disability, 401(k) match, flexible spending accounts, flexible work schedules, employee assistance program, Employee Scholar Program, parental leave, paid time off, and holidays
Specific benefits are dependent upon the specific business unit as well as whether or not the position is covered by a collective-bargaining agreement
Hired applicants may be eligible for annual short-term and/or long-term incentive compensation programs depending on the level of the position and whether or not it is covered by a collective-bargaining agreement
Payments under these annual programs are not guaranteed and are dependent upon a variety of factors including, but not limited to, individual performance, business unit performance, and/or the company's performance","The salary range provided is a good faith estimate representative of all experience levels; Hired applicants may be eligible for benefits, including but not limited to, medical, dental, vision, life insurance, short-term disability, long-term disability, 401(k) match, flexible spending accounts, flexible work schedules, employee assistance program, Employee Scholar Program, parental leave, paid time off, and holidays; Specific benefits are dependent upon the specific business unit as well as whether or not the position is covered by a collective-bargaining agreement; Hired applicants may be eligible for annual short-term and/or long-term incentive compensation programs depending on the level of the position and whether or not it is covered by a collective-bargaining agreement; Payments under these annual programs are not guaranteed and are dependent upon a variety of factors including, but not limited to, individual performance, business unit performance, and/or the company's performance","The salary range provided is a good faith estimate representative of all experience levels
Hired applicants may be eligible for benefits, including but not limited to, medical, dental, vision, life insurance, short-term disability, long-term disability, 401(k) match, flexible spending accounts, flexible work schedules, employee assistance program, Employee Scholar Program, parental leave, paid time off, and holidays
Specific benefits are dependent upon the specific business unit as well as whether or not the position is covered by a collective-bargaining agreement
Hired applicants may be eligible for annual short-term and/or long-term incentive compensation programs depending on the level of the position and whether or not it is covered by a collective-bargaining agreement
Payments under these annual programs are not guaranteed and are dependent upon a variety of factors including, but not limited to, individual performance, business unit performance, and/or the company's performance","The salary range provided is a good faith estimate representative of all experience levels; Hired applicants may be eligible for benefits, including but not limited to, medical, dental, vision, life insurance, short-term disability, long-term disability, 401(k) match, flexible spending accounts, flexible work schedules, employee assistance program, Employee Scholar Program, parental leave, paid time off, and holidays; Specific benefits are dependent upon the specific business unit as well as whether or not the position is covered by a collective-bargaining agreement; Hired applicants may be eligible for annual short-term and/or long-term incentive compensation programs depending on the level of the position and whether or not it is covered by a collective-bargaining agreement; Payments under these annual programs are not guaranteed and are dependent upon a variety of factors including, but not limited to, individual performance, business unit performance, and/or the company's performance","Date Posted:
2025-02-05
Country:
United States of America
Location:
MA112: Andover MA 358 Lowell St Dukes 358 Lowell Street Dukes, Andover, MA, 01810 USA
Position Role Type:
Onsite

At Raytheon, the foundation of everything we do is rooted in our values and a higher calling - to help our nation and allies defend freedoms and deter aggression. We bring the strength of more than 100 years of experie
nce and renowned engineering expertise to meet the needs of today's mission and stay ahead of tomorrow's threat. Our team solves tough, meaningful problems that create a safer, more secure world.

Job Summary:

An exciting opportunity has opened for a Lead Semiconductor Reliability Engineer to join our Advanced Microelectronic Solutions Department (AMSD) at Raytheon in Andover, MA. AMSD develops, designs, and manufactures compound semiconductor devices, microwave/millimeter wave integrated circuits, and modules for defense applications. Your subject matter technical expertise in reliability, semiconductor physics, applied statistics, and python is key to the success on this role. As a lead engineer, you need to communicate efficiently and effectively and are expected to demonstrate strong ownership and accountability.

What You Will Do:
• Own end-to-end reliability tasks (plan, design, test, analyze, report) with strong initiatives to go above and beyond
• Relentlessly interact with a team of process engineers, technology owners, and project leads
• Produce key reliability metrics such as MTTF, failure rates, and safe operating conditions
• Handle compound semiconductor transistors, passive components, and monolithic microwave integrated circuits (MMICs)
• Interact with probe stations and multiple reliability testing systems (DC and RFOL)
• Support onsite wafer foundry's next-generation technology development, tool qualification, and reliability-oriented design rule verification and development
• Coordinate failure analysis
• Python scripting or interpretation
• This 1st shift role will be 100% on-site and based in Andover, MA

Qualifications You Must Have:
• Typically requires a Bachelor's degree in Science, Technology, Engineering or Mathematics (STEM) and a minimum 8 years of prior work experience or an Advanced Degree in a related field and minimum 5 years of prior work experience
• Experience with Reliability testing and characterization experience in compound semiconductor field, preferably GaN and GaAs
• Experience in the design and execution of reliability test plans
• Experience with applied statistic, reliability modeling, data analysis
• The ability to obtain and maintain a U.S. government issued security clearance is required. U.S. citizenship is required, as only U.S. citizens are eligible for a security clearance.

Qualifications We Value:
• Python, PyQt, and data analysis tools (Pandas, Sklearn, Matplotlib)
• Advanced degree in STEM or statistics
• Solid state device physics knowledge
• Semiconductor wafer fab processing experience
• Strong problem-solving skills
• Project management skills
• Failure analysis experience with SEM, FIB, STEM, etc.
• Experience in RF field
• Experience with lab tools such as probe stations, curve tracers, Keithly/Keysight equipment
• Experience with related industry standards such as JEDEC, MIL
• Strong informal and formal reporting and presenting skills

What We Offer:
• Our values drive our actions, behaviors, and performance with a vision for a safer, more connected world. At RTX we value: Trust, Respect, Accountability, Collaboration, and Innovation.

Learn More & Apply Now!

The salary range for this role is 101,000 USD - 203,000 USD. The salary range provided is a good faith estimate representative of all experience levels. RTX considers several factors when extending an offer, including but not limited to, the role, function and associated responsibilities, a candidate's work experience, location, education/training, and key skills.

Hired applicants may be eligible for benefits, including but not limited to, medical, dental, vision, life insurance, short-term disability, long-term disability, 401(k) match, flexible spending accounts, flexible work schedules, employee assistance program, Employee Scholar Program, parental leave, paid time off, and holidays. Specific benefits are dependent upon the specific business unit as well as whether or not the position is covered by a collective-bargaining agreement.

Hired applicants may be eligible for annual short-term and/or long-term incentive compensation programs depending on the level of the position and whether or not it is covered by a collective-bargaining agreement. Payments under these annual programs are not guaranteed and are dependent upon a variety of factors including, but not limited to, individual performance, business unit performance, and/or the company's performance.

This role is a U.S.-based role. If the successful candidate resides in a U.S. territory, the appropriate pay structure and benefits will apply.

RTX anticipates the application window closing approximately 40 days from the date the notice was posted. However, factors such as candidate flow and business necessity may require RTX to shorten or extend the application window.

RTX is an Equal Opportunity Employer. All qualified applicants will receive consideration for employment without regard to race, color, religion, sex, sexual orientation, gender identity, national origin, age, disability or veteran status, or any other applicable state or federal protected class. RTX provides affirmative action in employment for qualified Individuals with a Disability and Protected Veterans in compliance with Section 503 of the Rehabilitation Act and the Vietnam Era Veterans' Readjustment Assistance Act.

Privacy Policy and Terms:

Click on this link to read the Policy and Terms
"
"Senior Engineer, Compound Semiconductors","Macom Technology Solutions Holdings, Inc.","Ann Arbor, MI • via BeBee",2025-02-26T22:51:07.222533,"In this position, you will work closely with Process Engineers, Device and Integration Engineers, Design Engineers, and the Fab production team to drive improvements on quality, reliability, cost, yield, process stability, productivity, and safety
Develop, characterize, and sustain photo processes on Rite Track and photolithography tools
Drive improvements on quality, reliability, cost, yield, process stability, productivity, and safety
Operate and maintain metrology tools such as CD, defect scan and review tools for process characterization and sustaining
Support manufacturing with spec updates, SPC control, and new product introduction and ramp-up","In this position, you will work closely with Process Engineers, Device and Integration Engineers, Design Engineers, and the Fab production team to drive improvements on quality, reliability, cost, yield, process stability, productivity, and safety; Develop, characterize, and sustain photo processes on Rite Track and photolithography tools; Drive improvements on quality, reliability, cost, yield, process stability, productivity, and safety; Operate and maintain metrology tools such as CD, defect scan and review tools for process characterization and sustaining; Support manufacturing with spec updates, SPC control, and new product introduction and ramp-up",,,,,,,"Job Overview
Macom Technology Solutions Holdings, Inc. is seeking a highly skilled Senior Engineer, Compound Semiconductors to join our team. This critical role involves supporting, improving, and developing photolithography processes for compound III-IV semiconductors at the fab in Ann Arbor, Michigan.

In this position, you will work closely with Process Engineers, Device and Integration Enginee
rs, Design Engineers, and the Fab production team to drive improvements on quality, reliability, cost, yield, process stability, productivity, and safety.

Key Responsibilities:
• Develop, characterize, and sustain photo processes on Rite Track and photolithography tools.
• Drive improvements on quality, reliability, cost, yield, process stability, productivity, and safety.
• Operate and maintain metrology tools such as CD, defect scan and review tools for process characterization and sustaining.
• Support manufacturing with spec updates, SPC control, and new product introduction and ramp-up.
"
Compound Semiconductor Researcher,Analog Photonics,"Boston, MA • via BeBee",2025-02-26T22:51:16.944123,"5 years of integrated photonics component or system design and test experience
Electromagnetic simulations in FDTD, ModeSolvers, etc
Mask layout experience
Photonic component testing experience with standard positioners, tunable lasers
Proficient in scientific analysis software (MATLAB, Python)","5 years of integrated photonics component or system design and test experience; Electromagnetic simulations in FDTD, ModeSolvers, etc; Mask layout experience; Photonic component testing experience with standard positioners, tunable lasers; Proficient in scientific analysis software (MATLAB, Python)","5 years of integrated photonics component or system design and test experience
Electromagnetic simulations in FDTD, ModeSolvers, etc
Mask layout experience
Photonic component testing experience with standard positioners, tunable lasers
Proficient in scientific analysis software (MATLAB, Python)","5 years of integrated photonics component or system design and test experience; Electromagnetic simulations in FDTD, ModeSolvers, etc; Mask layout experience; Photonic component testing experience with standard positioners, tunable lasers; Proficient in scientific analysis software (MATLAB, Python)",,,,,"Required Qualifications
• M.S. (Ph.D. preferred) in electrical engineering, applied physics, or related field
• 5 years of integrated photonics component or system design and test experience
• Electromagnetic simulations in FDTD, ModeSolvers, etc. (e.g., Lumerical/Synopsys)
• Mask layout experience
• Photonic component testing experience with standard positioners, tunable lasers
• Proficient in sc
ientific analysis software (MATLAB, Python)
"
Compound Semiconductor Device Reliability Expert,Raytheon Technologies,"Andover, MA • via BeBee",2025-02-26T22:51:26.773352,"The ideal candidate will have experience in reliability testing and characterization, particularly in the field of compound semiconductors, including GaN and GaAs
They will also have expertise in applied statistics, reliability modeling, data analysis, and Python programming","The ideal candidate will have experience in reliability testing and characterization, particularly in the field of compound semiconductors, including GaN and GaAs; They will also have expertise in applied statistics, reliability modeling, data analysis, and Python programming","The ideal candidate will have experience in reliability testing and characterization, particularly in the field of compound semiconductors, including GaN and GaAs
They will also have expertise in applied statistics, reliability modeling, data analysis, and Python programming","The ideal candidate will have experience in reliability testing and characterization, particularly in the field of compound semiconductors, including GaN and GaAs; They will also have expertise in applied statistics, reliability modeling, data analysis, and Python programming",,,,,"About the Job

We are looking for a highly skilled Compound Semiconductor Device Reliability Expert to join our Advanced Microelectronic Solutions Department at Raytheon Technologies. The successful candidate will be responsible for leading the development, design, and manufacture of compound semiconductor devices, microwave/millimeter wave integrated circuits, and modules for defense applications
.

The ideal candidate will have experience in reliability testing and characterization, particularly in the field of compound semiconductors, including GaN and GaAs. They will also have expertise in applied statistics, reliability modeling, data analysis, and Python programming.

Your Key Responsibilities
• Develop and execute reliability test plans.
• Analyze and report on reliability data.
• Collaborate with cross-functional teams to develop and implement reliability-focused design rules.
• Maintain and improve the quality and reliability of our products.
• Stay up-to-date with industry trends and developments in reliability engineering.
"
Director of Sales Compound Semiconductor,Vital Chemicals,"Fremont, CA • via ZipRecruiter",2025-02-26T22:51:36.381066,"The ideal candidate will have a deep understanding of compound semiconductor technologies, extensive leadership experience, and a proven track record of managing high-performance teams in a technical environment
Master's or PhD in Materials Science, Electrical Engineering, Physics, or a related field
10+ years of experience in the compound semiconductor industry, with a strong focus on materials and device development
Proven leadership experience in managing R&D teams and driving complex projects to completion
In-depth knowledge of compound semiconductors (e.g., GaN, GaAs, InP) and their applications in optoelectronics, telecommunications, or power electronics
Strong business acumen with the ability to balance technical expertise with strategic planning
Excellent communication, negotiation, and problem-solving skills","The ideal candidate will have a deep understanding of compound semiconductor technologies, extensive leadership experience, and a proven track record of managing high-performance teams in a technical environment; Master's or PhD in Materials Science, Electrical Engineering, Physics, or a related field; 10+ years of experience in the compound semiconductor industry, with a strong focus on materials and device development; Proven leadership experience in managing R&D teams and driving complex projects to completion; In-depth knowledge of compound semiconductors (e.g., GaN, GaAs, InP) and their applications in optoelectronics, telecommunications, or power electronics; Strong business acumen with the ability to balance technical expertise with strategic planning; Excellent communication, negotiation, and problem-solving skills","The ideal candidate will have a deep understanding of compound semiconductor technologies, extensive leadership experience, and a proven track record of managing high-performance teams in a technical environment
Master's or PhD in Materials Science, Electrical Engineering, Physics, or a related field
10+ years of experience in the compound semiconductor industry, with a strong focus on materials and device development
Proven leadership experience in managing R&D teams and driving complex projects to completion
In-depth knowledge of compound semiconductors (e.g., GaN, GaAs, InP) and their applications in optoelectronics, telecommunications, or power electronics
Strong business acumen with the ability to balance technical expertise with strategic planning
Excellent communication, negotiation, and problem-solving skills","The ideal candidate will have a deep understanding of compound semiconductor technologies, extensive leadership experience, and a proven track record of managing high-performance teams in a technical environment; Master's or PhD in Materials Science, Electrical Engineering, Physics, or a related field; 10+ years of experience in the compound semiconductor industry, with a strong focus on materials and device development; Proven leadership experience in managing R&D teams and driving complex projects to completion; In-depth knowledge of compound semiconductors (e.g., GaN, GaAs, InP) and their applications in optoelectronics, telecommunications, or power electronics; Strong business acumen with the ability to balance technical expertise with strategic planning; Excellent communication, negotiation, and problem-solving skills",,,,,"Job Title: Director of Compound Semiconductor

About Us:
Vital Materials is a global leader in advanced materials technology, specializing in innovative solutions for the semiconductor, optoelectronics, and high-tech industries. We are committed to driving technological breakthroughs and delivering excellence in materials science.

Position Summary:
We are seeking an experienced and dynamic Direct
or of Compound Semiconductor to lead our operations in Fremont, CA. This role involves spearheading strategic initiatives, overseeing R&D efforts, and driving product development in compound semiconductor materials. The ideal candidate will have a deep understanding of compound semiconductor technologies, extensive leadership experience, and a proven track record of managing high-performance teams in a technical environment.

Key Responsibilities:
• Develop and execute the strategic vision for compound semiconductor operations.
• Oversee research and development projects, ensuring alignment with company goals and market trends.
• Collaborate with cross-functional teams to innovate and improve products, processes, and technologies.
• Lead and mentor a team of engineers, scientists, and technical staff, fostering a culture of collaboration and excellence.
• Drive customer engagement by working closely with sales and marketing teams to understand client needs and ensure customer satisfaction.
• Stay abreast of industry trends, emerging technologies, and competitive landscapes to maintain a market-leading position.
• Manage budgets, timelines, and resources effectively to meet operational and financial objectives.
• Ensure compliance with regulatory standards and environmental policies.

Qualifications:
• Master's or PhD in Materials Science, Electrical Engineering, Physics, or a related field.
• 10+ years of experience in the compound semiconductor industry, with a strong focus on materials and device development.
• Proven leadership experience in managing R&D teams and driving complex projects to completion.
• In-depth knowledge of compound semiconductors (e.g., GaN, GaAs, InP) and their applications in optoelectronics, telecommunications, or power electronics.
• Strong business acumen with the ability to balance technical expertise with strategic planning.
• Excellent communication, negotiation, and problem-solving skills.
• Experience with quality systems, such as ISO 9001, and knowledge of regulatory requirements is a plus.
"
III-V Compound Semiconductor Developer,RTX,"Andover, MA • via BeBee",2025-02-26T22:51:45.925825,"This role requires a broad understanding of microelectronics wafer fabrication and processing techniques such as deposition, etch, lithography, backside, materials characterization, and metrology with expertise in one or more of these areas
The chosen candidate is expected to have detailed knowledge of the process integration and interaction between wafer fabrication modules for the various III-V process technologies and excellent communication skills with the process development team, technical leads, Integrated Product Team leads, and functional management","This role requires a broad understanding of microelectronics wafer fabrication and processing techniques such as deposition, etch, lithography, backside, materials characterization, and metrology with expertise in one or more of these areas; The chosen candidate is expected to have detailed knowledge of the process integration and interaction between wafer fabrication modules for the various III-V process technologies and excellent communication skills with the process development team, technical leads, Integrated Product Team leads, and functional management","This role requires a broad understanding of microelectronics wafer fabrication and processing techniques such as deposition, etch, lithography, backside, materials characterization, and metrology with expertise in one or more of these areas
The chosen candidate is expected to have detailed knowledge of the process integration and interaction between wafer fabrication modules for the various III-V process technologies and excellent communication skills with the process development team, technical leads, Integrated Product Team leads, and functional management","This role requires a broad understanding of microelectronics wafer fabrication and processing techniques such as deposition, etch, lithography, backside, materials characterization, and metrology with expertise in one or more of these areas; The chosen candidate is expected to have detailed knowledge of the process integration and interaction between wafer fabrication modules for the various III-V process technologies and excellent communication skills with the process development team, technical leads, Integrated Product Team leads, and functional management",,,,,"Job Description

An exciting opportunity exists for a Development Fab Process Integration Engineer in our Development Fab. This role requires a broad understanding of microelectronics wafer fabrication and processing techniques such as deposition, etch, lithography, backside, materials characterization, and metrology with expertise in one or more of these areas.

The chosen candidate is expected t
o have detailed knowledge of the process integration and interaction between wafer fabrication modules for the various III-V process technologies and excellent communication skills with the process development team, technical leads, Integrated Product Team leads, and functional management.
"
"Director Sales, Compound Semiconductor Products, US",Vital Chemicals USA LLC,"Fremont, CA • via Indeed",2025-02-26T22:51:55.699220,"Degree in Materials Science, Physics, or Electrical Engineering and/or 10-years’ experience in the field of epitaxy or compound semiconductor devices
Proven skills in directing sales and business development
Proven track record in setting and exceeding sales revenue
Ability to put together and manage a team, and work with internal groups across various regions
General understanding of epitaxy and III-V material systems
Knowledge of MOCVD/MBE applications and photonics/RF devices
Strong interpersonal skill
Excellent communication skills – ability to communicate work plans, schedules, resource needs","Degree in Materials Science, Physics, or Electrical Engineering and/or 10-years’ experience in the field of epitaxy or compound semiconductor devices; Proven skills in directing sales and business development; Proven track record in setting and exceeding sales revenue; Ability to put together and manage a team, and work with internal groups across various regions; General understanding of epitaxy and III-V material systems; Knowledge of MOCVD/MBE applications and photonics/RF devices; Strong interpersonal skill; Excellent communication skills – ability to communicate work plans, schedules, resource needs","Degree in Materials Science, Physics, or Electrical Engineering and/or 10-years’ experience in the field of epitaxy or compound semiconductor devices
Proven skills in directing sales and business development
Proven track record in setting and exceeding sales revenue
Ability to put together and manage a team, and work with internal groups across various regions
General understanding of epitaxy and III-V material systems
Knowledge of MOCVD/MBE applications and photonics/RF devices
Strong interpersonal skill
Excellent communication skills – ability to communicate work plans, schedules, resource needs","Degree in Materials Science, Physics, or Electrical Engineering and/or 10-years’ experience in the field of epitaxy or compound semiconductor devices; Proven skills in directing sales and business development; Proven track record in setting and exceeding sales revenue; Ability to put together and manage a team, and work with internal groups across various regions; General understanding of epitaxy and III-V material systems; Knowledge of MOCVD/MBE applications and photonics/RF devices; Strong interpersonal skill; Excellent communication skills – ability to communicate work plans, schedules, resource needs",,,,,"Director Sales, Compound Semiconductor Products, US

Fremont, California, United States

JOB DESCRIPTION

We are seeking a Sales Director, Compound Semiconductor Business Unit, to be based in the Bay Area, California, to formulate and implement the strategy to drive the growth of our CSBU products, including GaAs and InP substrates, Metal Organics for MOCVD growth, UHP metals for MBE growth, Speci
alty gases for semiconductor epitaxy and processing, and new downstream products such as epitaxial services for Production/Development, chip fabrication services for application specific projects, etc.

The Director should work closely with the Management Team to set up and implement a sales strategy to meet and exceed revenue targets as planned. Rolling forecasts for a minimum of 5 years should be maintained and updated per market demands and fluctuations. Role will work closely with our management team and periodically interact with our production teams for enabling product development based on knowledge of market trends.

Since the potential customer base is in the San Francico Bay Area, it would be preferred for the position to be based there. A minimum of 50% travel, including periodic travel to Asia where most of our manufacturing facilities are located, is required.

Primary Duties & Responsibilities
• Formulate and implement sales strategy for BU, with an aggressive growth mindset.
• Hire and manage other sales managers for individual products as needed and help them implement a sales strategy in alignment with overall sales goals.
• Facilitate product development strategy with Manufacturing Facilities and make sure product development is aligned with overall sales growth goal.
• Travel with sales team to key accounts on a regular basis and ensure all commercial potential is addressed.
• Work closely with Management Team and be a bridge between MT and Sales Team
• Track and report sales progress to MT. In case of any deviations to Sales goal, elevate to MT as soon as possible with notes on how/if issues can be solved.
• Represent the BU at HQ Sales Meetings.
• Help Sales Team with Marketing strategy as needed. Trade show participation, technical marketing, etc .

Education & Experience
• Degree in Materials Science, Physics, or Electrical Engineering and/or 10-years’ experience in the field of epitaxy or compound semiconductor devices

Skills
• Proven skills in directing sales and business development.
• Proven track record in setting and exceeding sales revenue.
• Ability to put together and manage a team, and work with internal groups across various regions.
• General understanding of epitaxy and III-V material systems.
• Knowledge of MOCVD/MBE applications and photonics/RF devices.
• Strong interpersonal skill.
• Excellent communication skills – ability to communicate work plans, schedules, resource needs.

VitalchemUSA is an equal opportunity/affirmative action employer. All qualified applicants will receive consideration for employment irrespective of sex, gender identity, sexual orientation, race, color, religion, national origin, disability, protected Veteran status, age, or any other characteristic protected by law.
"
Development Engineer IV - Semiconductor Device - Continuous Improvement,First Solar,"Perrysburg, OH • via Teal",2025-02-26T22:52:05.562976,"This position requires strong communication skills to effectively convey results to upper management, development and manufacturing engineers, and production personnel
The ability to manage and drive cross-disciplinary teams towards common goals is essential, as is a structured approach to problem-solving that leverages both empirical data and scientific principles
Bachelor's Degree in an engineering discipline or similar technical discipline and 20 years of relevant technical experience, or 2 years of experience as a Development Engineer III at First Solar
Master's Degree in an engineering discipline or similar technical discipline and 15 years of relevant technical experience, or 2 years of experience as a Development Engineer III at First Solar
Ph.D. in an engineering discipline or similar technical discipline and 10 years of relevant technical experience, or 2 years of experience as a Development Engineer III at First Solar
10+ years of hands-on experience in material innovation and integration
Experience with PV device synthesis and physics, especially CdTe PV devices, and a track record of device efficiency improvement
Deep understanding of material science of compound semiconductors and processes used for thin-films, including chemical and physical vapor deposition methods
Broad knowledge of methods and demonstrated ability to leverage a broad range of material characterization results
Ability to interface with, work with, manage and drive cross-disciplinary teams with diverse technical backgrounds to a common goal
Extensive experience in structured problem solving, including data driven (empirical) and model based (first principles / scientific) approaches
Strong communication skills and the ability to effectively communicate up, down and across organizations and organizational boundaries
Experience with III-V or II-VI materials and device analysis
Familiarity with advanced metrology techniques for thin film characterization","This position requires strong communication skills to effectively convey results to upper management, development and manufacturing engineers, and production personnel; The ability to manage and drive cross-disciplinary teams towards common goals is essential, as is a structured approach to problem-solving that leverages both empirical data and scientific principles; Bachelor's Degree in an engineering discipline or similar technical discipline and 20 years of relevant technical experience, or 2 years of experience as a Development Engineer III at First Solar; Master's Degree in an engineering discipline or similar technical discipline and 15 years of relevant technical experience, or 2 years of experience as a Development Engineer III at First Solar; Ph.D. in an engineering discipline or similar technical discipline and 10 years of relevant technical experience, or 2 years of experience as a Development Engineer III at First Solar; 10+ years of hands-on experience in material innovation and integration; Experience with PV device synthesis and physics, especially CdTe PV devices, and a track record of device efficiency improvement; Deep understanding of material science of compound semiconductors and processes used for thin-films, including chemical and physical vapor deposition methods; Broad knowledge of methods and demonstrated ability to leverage a broad range of material characterization results; Ability to interface with, work with, manage and drive cross-disciplinary teams with diverse technical backgrounds to a common goal; Extensive experience in structured problem solving, including data driven (empirical) and model based (first principles / scientific) approaches; Strong communication skills and the ability to effectively communicate up, down and across organizations and organizational boundaries; Experience with III-V or II-VI materials and device analysis; Familiarity with advanced metrology techniques for thin film characterization","This position requires strong communication skills to effectively convey results to upper management, development and manufacturing engineers, and production personnel
The ability to manage and drive cross-disciplinary teams towards common goals is essential, as is a structured approach to problem-solving that leverages both empirical data and scientific principles
Bachelor's Degree in an engineering discipline or similar technical discipline and 20 years of relevant technical experience, or 2 years of experience as a Development Engineer III at First Solar
Master's Degree in an engineering discipline or similar technical discipline and 15 years of relevant technical experience, or 2 years of experience as a Development Engineer III at First Solar
Ph.D. in an engineering discipline or similar technical discipline and 10 years of relevant technical experience, or 2 years of experience as a Development Engineer III at First Solar
10+ years of hands-on experience in material innovation and integration
Experience with PV device synthesis and physics, especially CdTe PV devices, and a track record of device efficiency improvement
Deep understanding of material science of compound semiconductors and processes used for thin-films, including chemical and physical vapor deposition methods
Broad knowledge of methods and demonstrated ability to leverage a broad range of material characterization results
Ability to interface with, work with, manage and drive cross-disciplinary teams with diverse technical backgrounds to a common goal
Extensive experience in structured problem solving, including data driven (empirical) and model based (first principles / scientific) approaches
Strong communication skills and the ability to effectively communicate up, down and across organizations and organizational boundaries
Experience with III-V or II-VI materials and device analysis
Familiarity with advanced metrology techniques for thin film characterization","This position requires strong communication skills to effectively convey results to upper management, development and manufacturing engineers, and production personnel; The ability to manage and drive cross-disciplinary teams towards common goals is essential, as is a structured approach to problem-solving that leverages both empirical data and scientific principles; Bachelor's Degree in an engineering discipline or similar technical discipline and 20 years of relevant technical experience, or 2 years of experience as a Development Engineer III at First Solar; Master's Degree in an engineering discipline or similar technical discipline and 15 years of relevant technical experience, or 2 years of experience as a Development Engineer III at First Solar; Ph.D. in an engineering discipline or similar technical discipline and 10 years of relevant technical experience, or 2 years of experience as a Development Engineer III at First Solar; 10+ years of hands-on experience in material innovation and integration; Experience with PV device synthesis and physics, especially CdTe PV devices, and a track record of device efficiency improvement; Deep understanding of material science of compound semiconductors and processes used for thin-films, including chemical and physical vapor deposition methods; Broad knowledge of methods and demonstrated ability to leverage a broad range of material characterization results; Ability to interface with, work with, manage and drive cross-disciplinary teams with diverse technical backgrounds to a common goal; Extensive experience in structured problem solving, including data driven (empirical) and model based (first principles / scientific) approaches; Strong communication skills and the ability to effectively communicate up, down and across organizations and organizational boundaries; Experience with III-V or II-VI materials and device analysis; Familiarity with advanced metrology techniques for thin film characterization","Competitive salary range of $94,700 - $145,000 annually
Opportunities for professional development and growth within the company","Competitive salary range of $94,700 - $145,000 annually; Opportunities for professional development and growth within the company","Competitive salary range of $94,700 - $145,000 annually
Opportunities for professional development and growth within the company","Competitive salary range of $94,700 - $145,000 annually; Opportunities for professional development and growth within the company","About the position

First Solar is seeking a highly skilled Development Engineer to lead efforts in improving cell efficiency through the development and enhancement of processes and materials. This role is pivotal in the continuous improvement of thin film deposition processes within a high-volume manufacturing environment. The successful candidate will establish and refine laboratory processes t
o statistically demonstrate improved characteristics and develop new metrologies for characterizing thin film and glass properties. The position requires a deep understanding of material science, particularly in the context of compound semiconductors and thin-film processes, including chemical and physical vapor deposition methods. The Development Engineer will be responsible for leading initiatives aimed at identifying potential areas for improvement in cell efficiency. This includes exploring new methods and materials that can serve as alternatives in thin-film devices. The role involves designing, executing, and analyzing engineering tests, performing data analysis, and coordinating necessary analytical follow-ups to interpret results effectively. The engineer will also work closely with tool owners to realize tool capabilities by implementing changes and ensuring that all safety and environmental procedures are adhered to. This position requires strong communication skills to effectively convey results to upper management, development and manufacturing engineers, and production personnel. The ability to manage and drive cross-disciplinary teams towards common goals is essential, as is a structured approach to problem-solving that leverages both empirical data and scientific principles. The job description is subject to change, reflecting the dynamic nature of the role and the organization.

Responsibilities
• Lead efforts to improve cell efficiency by identifying areas of potential improvement.
,
• Explore new methods and new materials to serve as alternatives in thin-film devices.
,
• Design, execute, and analyze engineering tests.
,
• Perform data analysis and coordinate all necessary analytical follow-up and interpretation of results.
,
• Realize tool capabilities by implementing changes and/or working with tool owners to coordinate tool changes.
,
• Identify key process characteristics based on understanding of the material science and process technology.
,
• Communicate results of engineering tests in a clear and concise manner.
,
• Interact successfully with other development, manufacturing, and production personnel to carry out engineering tests on the production line.
,
• Ensure adherence to all safety and environmental procedures as well as housekeeping standards.
,
• Other duties as assigned.

Requirements
• Bachelor's Degree in an engineering discipline or similar technical discipline and 20 years of relevant technical experience, or 2 years of experience as a Development Engineer III at First Solar.
,
• Master's Degree in an engineering discipline or similar technical discipline and 15 years of relevant technical experience, or 2 years of experience as a Development Engineer III at First Solar.
,
• Ph.D. in an engineering discipline or similar technical discipline and 10 years of relevant technical experience, or 2 years of experience as a Development Engineer III at First Solar.
,
• 10+ years of hands-on experience in material innovation and integration.
,
• Experience with PV device synthesis and physics, especially CdTe PV devices, and a track record of device efficiency improvement.
,
• Experience with III-V or II-VI materials, and device analysis is a plus.
,
• Deep understanding of material science of compound semiconductors and processes used for thin-films, including chemical and physical vapor deposition methods.
,
• Broad knowledge of methods and demonstrated ability to leverage a broad range of material characterization results.
,
• Ability to interface with, work with, manage and drive cross-disciplinary teams with diverse technical backgrounds to a common goal.
,
• Extensive experience in structured problem solving, including data driven (empirical) and model based (first principles / scientific) approaches.
,
• Strong communication skills and the ability to effectively communicate up, down and across organizations and organizational boundaries.

Nice-to-haves
• Experience with III-V or II-VI materials and device analysis.
,
• Familiarity with advanced metrology techniques for thin film characterization.

Benefits
• Competitive salary range of $94,700 - $145,000 annually.
,
• Opportunities for professional development and growth within the company.
"
Compound Semiconductor Processing Expert,Raytheon,"Andover, MN • via Trabajo.org",2025-02-26T22:52:15.327194,"Bachelor's Degree in Science, Technology, Engineering, or Mathematics (STEM)
Minimum 2 years' experience in semiconductor device processing or a related field
Ability to obtain and maintain a U.S. government-issued security clearance","Bachelor's Degree in Science, Technology, Engineering, or Mathematics (STEM); Minimum 2 years' experience in semiconductor device processing or a related field; Ability to obtain and maintain a U.S. government-issued security clearance","Bachelor's Degree in Science, Technology, Engineering, or Mathematics (STEM)
Minimum 2 years' experience in semiconductor device processing or a related field
Ability to obtain and maintain a U.S. government-issued security clearance","Bachelor's Degree in Science, Technology, Engineering, or Mathematics (STEM); Minimum 2 years' experience in semiconductor device processing or a related field; Ability to obtain and maintain a U.S. government-issued security clearance","As an employee of Raytheon, you will have access to competitive compensation, comprehensive benefits, and opportunities for professional growth and development","As an employee of Raytheon, you will have access to competitive compensation, comprehensive benefits, and opportunities for professional growth and development","As an employee of Raytheon, you will have access to competitive compensation, comprehensive benefits, and opportunities for professional growth and development","As an employee of Raytheon, you will have access to competitive compensation, comprehensive benefits, and opportunities for professional growth and development","About the Role
"">

This position offers an exciting opportunity to join our Advanced Microelectronics Solutions (AMS) Department as a Compound Semiconductor Processing Expert. In this role, you will support research and development efforts by performing semiconductor processing tasks in the RF Components Development Fab.
"">

Key Responsibilities
"">

- Perform etch, deposition, and back-end-of-line
semiconductor processing tasks
"">

- Coordinate with Production Workcenters or R&D Project Managers to execute experiments related to new process development
"">

- Maintain development processes and support overhead projects for the growth and sustainment of the Development Fab
"">

Requirements
"">

- Bachelor's Degree in Science, Technology, Engineering, or Mathematics (STEM)
"">

- Minimum 2 years' experience in semiconductor device processing or a related field
"">

- Ability to obtain and maintain a U.S. government-issued security clearance
"">

Benefits
"">

As an employee of Raytheon, you will have access to competitive compensation, comprehensive benefits, and opportunities for professional growth and development. We value trust, respect, accountability, collaboration, and innovation, and we welcome applications from qualified candidates who share our values and are passionate about making a difference in the world.
"
Compound Semiconductor Fabrication Technician,Staffmark Group,"Torrance, CA • via BeBee",2025-02-26T22:52:25.219663,"Bachelor's or Master's degree in Physics or Engineering (Electrical, Mechanical, Chemical, or Material Sciences) with 1-3 years of experience in optoelectronic device design and fabrication
Familiarity with III-V semiconductor design and cleanroom processes, including PECVD, wet/dry etching, and photoresist patterning
Proficiency in photo mask design using CAD tools
Excellent written and verbal communication skills","Bachelor's or Master's degree in Physics or Engineering (Electrical, Mechanical, Chemical, or Material Sciences) with 1-3 years of experience in optoelectronic device design and fabrication; Familiarity with III-V semiconductor design and cleanroom processes, including PECVD, wet/dry etching, and photoresist patterning; Proficiency in photo mask design using CAD tools; Excellent written and verbal communication skills","Bachelor's or Master's degree in Physics or Engineering (Electrical, Mechanical, Chemical, or Material Sciences) with 1-3 years of experience in optoelectronic device design and fabrication
Familiarity with III-V semiconductor design and cleanroom processes, including PECVD, wet/dry etching, and photoresist patterning
Proficiency in photo mask design using CAD tools
Excellent written and verbal communication skills","Bachelor's or Master's degree in Physics or Engineering (Electrical, Mechanical, Chemical, or Material Sciences) with 1-3 years of experience in optoelectronic device design and fabrication; Familiarity with III-V semiconductor design and cleanroom processes, including PECVD, wet/dry etching, and photoresist patterning; Proficiency in photo mask design using CAD tools; Excellent written and verbal communication skills",,,,,"Role Description

The company is looking for an experienced Opto Process Integration Engineer to work on integrating process sequences for optoelectronic devices such as VCSELs, photonic integrated circuits, edge-emitting lasers, and PIN detectors.

Key Responsibilities
• Develop and implement process documentation and training materials for technology transfer to enhance knowledge sharing within
the team.
• Participate in process development and improvement initiatives across various areas of the company's compound semiconductor fabrication division.
• Manage projects, interact with customers, and generate schedules and reports on a regular basis.

Required Qualifications
• Bachelor's or Master's degree in Physics or Engineering (Electrical, Mechanical, Chemical, or Material Sciences) with 1-3 years of experience in optoelectronic device design and fabrication.
• Familiarity with III-V semiconductor design and cleanroom processes, including PECVD, wet/dry etching, and photoresist patterning.
• Proficiency in photo mask design using CAD tools.
• Knowledge of SPC, DOE, FMEA, and optical fiber bandwidth measurement is a plus.
• Excellent written and verbal communication skills.
"
Lead Engineer for Compound Semiconductor Reliability,Raytheon Technologies,"Andover, MA • via BeBee",2025-02-26T22:52:34.914276,"The successful candidate will have a strong background in reliability engineering, semiconductor physics, and applied statistics
They will also have experience in Python programming and proficiency in using tools such as probe stations and reliability testing systems","The successful candidate will have a strong background in reliability engineering, semiconductor physics, and applied statistics; They will also have experience in Python programming and proficiency in using tools such as probe stations and reliability testing systems","The successful candidate will have a strong background in reliability engineering, semiconductor physics, and applied statistics
They will also have experience in Python programming and proficiency in using tools such as probe stations and reliability testing systems","The successful candidate will have a strong background in reliability engineering, semiconductor physics, and applied statistics; They will also have experience in Python programming and proficiency in using tools such as probe stations and reliability testing systems",,,,,"About the Team

We are a dynamic team of Lead Engineers for Compound Semiconductor Reliability working at Raytheon Technologies. We are passionate about delivering innovative solutions that help our nation and allies defend freedoms and deter aggression.

The successful candidate will have a strong background in reliability engineering, semiconductor physics, and applied statistics. They will also
have experience in Python programming and proficiency in using tools such as probe stations and reliability testing systems.

Your Key Responsibilities
• Develop and execute reliability test plans.
• Analyze and report on reliability data.
• Collaborate with cross-functional teams to develop and implement reliability-focused design rules.
• Maintain and improve the quality and reliability of our products.
"
Compound Semiconductor Expert,Renesas,"San Jose, CA • via BeBee",2025-02-26T22:52:44.759977,"MS or PHD in EE, Physics, or Material Science with research focus on GaN epitaxy, GaN HEMT, or GaAs pHEMT/HBT
Good understanding of high band gap GaN or GaAs device physics and fabrication process
Good understanding of device reliability issues in III-V devices","MS or PHD in EE, Physics, or Material Science with research focus on GaN epitaxy, GaN HEMT, or GaAs pHEMT/HBT; Good understanding of high band gap GaN or GaAs device physics and fabrication process; Good understanding of device reliability issues in III-V devices","MS or PHD in EE, Physics, or Material Science with research focus on GaN epitaxy, GaN HEMT, or GaAs pHEMT/HBT
Good understanding of high band gap GaN or GaAs device physics and fabrication process
Good understanding of device reliability issues in III-V devices","MS or PHD in EE, Physics, or Material Science with research focus on GaN epitaxy, GaN HEMT, or GaAs pHEMT/HBT; Good understanding of high band gap GaN or GaAs device physics and fabrication process; Good understanding of device reliability issues in III-V devices",,,,,"Job Description
Key Responsibilities:
• Literature search on GaN devices on Silicon.
• Perform TCAD simulation using Sentaurus tool to design GaN epitaxy experiments.
• Test structure design and layout, and tapeout testchip.
• Perform device characterization using DC, CV, and RF characterization.
• Compact model development using CMC standard model for GaN devices.
Required Skills and Qualificatio
ns:
• MS or PHD in EE, Physics, or Material Science with research focus on GaN epitaxy, GaN HEMT, or GaAs pHEMT/HBT.
• Good understanding of high band gap GaN or GaAs device physics and fabrication process.
• Good understanding of device reliability issues in III-V devices.
"
Compound Semiconductor Process Developer,Northrop Grumman,"Linthicum Heights, MD • via BeBee",2025-02-26T22:52:54.441552,"Northrop Grumman offers a comprehensive benefits package that includes health insurance coverage, life and disability insurance, savings plan, Company paid holidays and paid time off (PTO) for vacation and/or personal business
A competitive salary range: $85,400.00 - $128,000.00
An estimated application period of 20 days from the job posting date
The opportunity to work on cutting-edge projects and technologies
The chance to grow and learn through various challenging projects","Northrop Grumman offers a comprehensive benefits package that includes health insurance coverage, life and disability insurance, savings plan, Company paid holidays and paid time off (PTO) for vacation and/or personal business; A competitive salary range: $85,400.00 - $128,000.00; An estimated application period of 20 days from the job posting date; The opportunity to work on cutting-edge projects and technologies; The chance to grow and learn through various challenging projects",,,"Northrop Grumman offers a comprehensive benefits package that includes health insurance coverage, life and disability insurance, savings plan, Company paid holidays and paid time off (PTO) for vacation and/or personal business
A competitive salary range: $85,400.00 - $128,000.00
An estimated application period of 20 days from the job posting date
The opportunity to work on cutting-edge projects and technologies
The chance to grow and learn through various challenging projects","Northrop Grumman offers a comprehensive benefits package that includes health insurance coverage, life and disability insurance, savings plan, Company paid holidays and paid time off (PTO) for vacation and/or personal business; A competitive salary range: $85,400.00 - $128,000.00; An estimated application period of 20 days from the job posting date; The opportunity to work on cutting-edge projects and technologies; The chance to grow and learn through various challenging projects","Northrop Grumman offers a comprehensive benefits package that includes health insurance coverage, life and disability insurance, savings plan, Company paid holidays and paid time off (PTO) for vacation and/or personal business
A competitive salary range: $85,400.00 - $128,000.00
An estimated application period of 20 days from the job posting date
The opportunity to work on cutting-edge projects and technologies
The chance to grow and learn through various challenging projects","Northrop Grumman offers a comprehensive benefits package that includes health insurance coverage, life and disability insurance, savings plan, Company paid holidays and paid time off (PTO) for vacation and/or personal business; A competitive salary range: $85,400.00 - $128,000.00; An estimated application period of 20 days from the job posting date; The opportunity to work on cutting-edge projects and technologies; The chance to grow and learn through various challenging projects","About the Benefits

Northrop Grumman offers a comprehensive benefits package that includes health insurance coverage, life and disability insurance, savings plan, Company paid holidays and paid time off (PTO) for vacation and/or personal business.

Why Work for Us?

We are committed to hiring and retaining a diverse workforce. We are proud to be an Equal Opportunity/Affirmative Action Employer, ma
king decisions without regard to race, color, religion, creed, sex, sexual orientation, gender identity, marital status, national origin, age, veteran status, disability, or any other protected class.

What We Offer:
• A competitive salary range: $85,400.00 - $128,000.00
• An estimated application period of 20 days from the job posting date
• The opportunity to work on cutting-edge projects and technologies
• The chance to grow and learn through various challenging projects
"
Compound Semiconductor FAB Engineer,Staffmark,"Torrance, CA • via BeBee",2025-02-26T22:53:04.164361,"Bachelor's or Master's degree in Physics or Engineering (Electrical, Mechanical, Chemical, or Material Sciences)
At least 1-3 years of experience in Optoelectronic Device design and fabrication
Proficiency in photo mask design using CAD tools","Bachelor's or Master's degree in Physics or Engineering (Electrical, Mechanical, Chemical, or Material Sciences); At least 1-3 years of experience in Optoelectronic Device design and fabrication; Proficiency in photo mask design using CAD tools","Bachelor's or Master's degree in Physics or Engineering (Electrical, Mechanical, Chemical, or Material Sciences)
At least 1-3 years of experience in Optoelectronic Device design and fabrication
Proficiency in photo mask design using CAD tools","Bachelor's or Master's degree in Physics or Engineering (Electrical, Mechanical, Chemical, or Material Sciences); At least 1-3 years of experience in Optoelectronic Device design and fabrication; Proficiency in photo mask design using CAD tools","Competitive salary range: $90,000 - $135,000/year (depending on experience)
A comprehensive benefits package, including medical, dental, and vision plans
A retirement savings plan and employee assistance program","Competitive salary range: $90,000 - $135,000/year (depending on experience); A comprehensive benefits package, including medical, dental, and vision plans; A retirement savings plan and employee assistance program","Competitive salary range: $90,000 - $135,000/year (depending on experience)
A comprehensive benefits package, including medical, dental, and vision plans
A retirement savings plan and employee assistance program","Competitive salary range: $90,000 - $135,000/year (depending on experience); A comprehensive benefits package, including medical, dental, and vision plans; A retirement savings plan and employee assistance program","We are seeking a highly skilled Opto Process Integration Engineer to join our team at a leading semiconductor manufacturing company. In this role, you will have the opportunity to work with cutting-edge technologies and contribute to the advancement of semiconductor innovation.

Key responsibilities include developing and implementing process documentation and training materials, participating in
process development and improvement efforts, and managing projects. The successful candidate will have a strong background in Optoelectronic Device design and fabrication, with hands-on experience in III-V semiconductor design and cleanroom processes.
• *Requirements and Qualifications:**
• Bachelor's or Master's degree in Physics or Engineering (Electrical, Mechanical, Chemical, or Material Sciences).
• At least 1-3 years of experience in Optoelectronic Device design and fabrication.
• Proficiency in photo mask design using CAD tools.
• Knowledge of SPC, DOE, FMEA, and optical fiber bandwidth measurement is a plus.
• *Benefits and Opportunities:**
• Competitive salary range: $90,000 - $135,000/year (depending on experience).
• A comprehensive benefits package, including medical, dental, and vision plans.
• A retirement savings plan and employee assistance program.
"
Compound Semiconductor Design Expert,Analog Photonics,"Boston, MA • via BeBee",2025-02-26T22:53:08.534633,,,,,,,,,"Welcome to Analog Photonics
We are a startup that specializes in developing miniaturized LiDAR sensors and high-speed electrooptic transceivers. Our team is passionate about working together to achieve our goals and make significant contributions to the field of silicon photonics.
"
Reliability Engineering Manager for Compound Semiconductors,Raytheon Technologies,"Andover, MA • via BeBee",2025-02-26T22:53:18.272600,"The successful candidate will have a strong background in reliability engineering, semiconductor physics, and applied statistics
They will also have experience in Python programming and proficiency in using tools such as probe stations and reliability testing systems","The successful candidate will have a strong background in reliability engineering, semiconductor physics, and applied statistics; They will also have experience in Python programming and proficiency in using tools such as probe stations and reliability testing systems","The successful candidate will have a strong background in reliability engineering, semiconductor physics, and applied statistics
They will also have experience in Python programming and proficiency in using tools such as probe stations and reliability testing systems","The successful candidate will have a strong background in reliability engineering, semiconductor physics, and applied statistics; They will also have experience in Python programming and proficiency in using tools such as probe stations and reliability testing systems",,,,,"About This Opportunity

We are seeking an exceptional Reliability Engineering Manager for Compound Semiconductors to lead our team in developing, designing, and manufacturing compound semiconductor devices, microwave/millimeter wave integrated circuits, and modules for defense applications.

The successful candidate will have a strong background in reliability engineering, semiconductor physics, a
nd applied statistics. They will also have experience in Python programming and proficiency in using tools such as probe stations and reliability testing systems.

Your Key Responsibilities
• Develop and manage the department's reliability strategy.
• Lead the development and execution of reliability test plans.
• Collaborate with cross-functional teams to develop and implement reliability-focused design rules.
• Maintain and improve the quality and reliability of our products.
"
Integrated Circuit (IC) Layout and Mask Design Engineer,MIT Lincoln Laboratory,"Lexington, MA • via Jobs At MIT Lincoln Laboratory - MIT",2025-02-26T22:53:28.128754,"There is no degree requirement for this position
Experience (> 5 years) with design and layout of lithographic masks used for the
Ability to work independently with minimal supervision and collaboratively as part of a
dynamic, multi-disciplinary team
Excellent organization and intra- and interdisciplinary communication skills
science, physics, chemistry, or a related field
Experience with photonic integrated circuit layout a major plus
Experience with or knowledge of one or more of the following areas:
Using verification runsets, (ideally with Calibre SVRF or Cadence PVS)
The Advanced-Node version of Cadence
Cadence CurvyCore
Programming in Perl, TCL, or Python
Experience with RF layout design
Selected candidate will be subject to a pre-employment background investigation and must be able to obtain and maintain a Secret level DoD security clearance","There is no degree requirement for this position; Experience (> 5 years) with design and layout of lithographic masks used for the; Ability to work independently with minimal supervision and collaboratively as part of a; dynamic, multi-disciplinary team; Excellent organization and intra- and interdisciplinary communication skills; science, physics, chemistry, or a related field; Experience with photonic integrated circuit layout a major plus; Experience with or knowledge of one or more of the following areas:; Using verification runsets, (ideally with Calibre SVRF or Cadence PVS); The Advanced-Node version of Cadence; Cadence CurvyCore; Programming in Perl, TCL, or Python; Experience with RF layout design; Selected candidate will be subject to a pre-employment background investigation and must be able to obtain and maintain a Secret level DoD security clearance","There is no degree requirement for this position
Experience (> 5 years) with design and layout of lithographic masks used for the
Ability to work independently with minimal supervision and collaboratively as part of a
dynamic, multi-disciplinary team
Excellent organization and intra- and interdisciplinary communication skills
science, physics, chemistry, or a related field
Experience with photonic integrated circuit layout a major plus
Experience with or knowledge of one or more of the following areas:
Using verification runsets, (ideally with Calibre SVRF or Cadence PVS)
The Advanced-Node version of Cadence
Cadence CurvyCore
Programming in Perl, TCL, or Python
Experience with RF layout design
Selected candidate will be subject to a pre-employment background investigation and must be able to obtain and maintain a Secret level DoD security clearance","There is no degree requirement for this position; Experience (> 5 years) with design and layout of lithographic masks used for the; Ability to work independently with minimal supervision and collaboratively as part of a; dynamic, multi-disciplinary team; Excellent organization and intra- and interdisciplinary communication skills; science, physics, chemistry, or a related field; Experience with photonic integrated circuit layout a major plus; Experience with or knowledge of one or more of the following areas:; Using verification runsets, (ideally with Calibre SVRF or Cadence PVS); The Advanced-Node version of Cadence; Cadence CurvyCore; Programming in Perl, TCL, or Python; Experience with RF layout design; Selected candidate will be subject to a pre-employment background investigation and must be able to obtain and maintain a Secret level DoD security clearance","At MIT Lincoln Laboratory, our exceptional career opportunities include many outstanding benefits to help you stay healthy, feel supported, and enjoy a fulfilling work-life balance
Benefits offered to employees include:
Comprehensive health, dental, and vision plans
MIT-funded pension
Matching 401K
Paid leave (including vacation, sick, parental, military, etc.)
Tuition reimbursement and continuing education programs
Mentorship programs
A range of work-life balance options
... and much more!
As an employee of MIT, you can also take advantage of other voluntary benefits, discounts and perks","At MIT Lincoln Laboratory, our exceptional career opportunities include many outstanding benefits to help you stay healthy, feel supported, and enjoy a fulfilling work-life balance; Benefits offered to employees include:; Comprehensive health, dental, and vision plans; MIT-funded pension; Matching 401K; Paid leave (including vacation, sick, parental, military, etc.); Tuition reimbursement and continuing education programs; Mentorship programs; A range of work-life balance options; ... and much more!; As an employee of MIT, you can also take advantage of other voluntary benefits, discounts and perks","At MIT Lincoln Laboratory, our exceptional career opportunities include many outstanding benefits to help you stay healthy, feel supported, and enjoy a fulfilling work-life balance
Benefits offered to employees include:
Comprehensive health, dental, and vision plans
MIT-funded pension
Matching 401K
Paid leave (including vacation, sick, parental, military, etc.)
Tuition reimbursement and continuing education programs
Mentorship programs
A range of work-life balance options
... and much more!
As an employee of MIT, you can also take advantage of other voluntary benefits, discounts and perks","At MIT Lincoln Laboratory, our exceptional career opportunities include many outstanding benefits to help you stay healthy, feel supported, and enjoy a fulfilling work-life balance; Benefits offered to employees include:; Comprehensive health, dental, and vision plans; MIT-funded pension; Matching 401K; Paid leave (including vacation, sick, parental, military, etc.); Tuition reimbursement and continuing education programs; Mentorship programs; A range of work-life balance options; ... and much more!; As an employee of MIT, you can also take advantage of other voluntary benefits, discounts and perks","MIT Lincoln Laboratory’s Advanced Technology Division develops advanced materials, devices, and subsystems that have broad impact on U.S. Government, industry, and academia. The Division has made a wide range of important contributions during the Laboratory’s 70+ year history, including development of bulk and epitaxial crystal growth, charge-coupled device (CCD) imagers, 193-nm lithography, fully
depleted silicon-on-insulator (FDSOI) CMOS electronics, semiconductor diode lasers and amplifiers, superconducting electronics and quantum bit (qubit) devices, and photonic integrated circuits (PICs). To enable this advanced technology development, the Laboratory has implemented vertically integrated in-house resources to facilitate design, lithographic mask layout, material growth and characterization, fabrication (e.g., silicon, compound-semiconductor, wafer bonding, flip-chip hybrid), packaging, and testing of electronic and photonic circuits. These in-house resources are used to fabricate a variety of devices and circuits including lasers, waveguide photodetectors, optical modulators, and CMOS and cryogenic electronics with applications in quantum computing, atomic systems, advanced laser sources, microwave photonics, communications, sensing, and other areas of interest to the U.S. Government, industry, and academia. Fabrication resources include:

• Microelectronics Laboratory (ML): Cleanroom housing a silicon-fabrication toolset operating on 200-mm-diameter wafers at a 90-nm lithography node, which represents the most advanced silicon fab in the U.S. Government lab system.

• Compound Semiconductor Laboratory (CSL): Facilities housing III-V and non-silicon material growth (molecular beam epitaxy (MBE), metalorganic chemical vapor deposition (MOCVD), diamond chemical vapor deposition (CVD)) and fabrication

• Microsystems Integration Facility (MIF): Packaging and integration facilities for wire-bonding, vacuum-reflow soldering, flip-chip hybrid integration

Job Description

The candidate will work as a member of a multi-disciplinary team responsible for the design and layout of lithographic masks for silicon-based, compound-semiconductor, and heterogeneous/hybrid fabrication processes, especially those for photonic integrated circuits (PICs). The candidate may also work on masks for superconducting qubit and trapped-ion qubit quantum computing, radiation-hard CMOS, and other emerging integrated circuit technologies. The engineer will work in the Cadence environment, with which they should be fluent, and will have responsibility for the full layout project from basic layout cell creation to final tapeout. Key tasks will include coding layout pcells; and laying out devices, test structures, systems, and full mask reticles based on input from device and process designers. They will also be responsible for working with the layout team to update and maintain a device pcell library.

Required Qualifications

• There is no degree requirement for this position

• Experience (> 5 years) with design and layout of lithographic masks used for the

fabrication of electronic and/or photonic integrated circuits including:

o The creation of custom layout blocks and performing layout floor-planning

o Design and layout of lithographic masks from devices and test structures to full

mask reticles

• Ability to work independently with minimal supervision and collaboratively as part of a

dynamic, multi-disciplinary team

• Excellent organization and intra- and interdisciplinary communication skills

Preferred Qualifications:

• Bachelor’s or Master’s degree in electrical engineering, computer science, materials

science, physics, chemistry, or a related field

• Experience with photonic integrated circuit layout a major plus

• Experience with or knowledge of one or more of the following areas:

o Using verification runsets, (ideally with Calibre SVRF or Cadence PVS)

o The Advanced-Node version of Cadence

o Cadence CurvyCore

o Programming in Perl, TCL, or Python

o Experience with RF layout design

At MIT Lincoln Laboratory, our exceptional career opportunities include many outstanding benefits to help you stay healthy, feel supported, and enjoy a fulfilling work-life balance. Benefits offered to employees include:
• Comprehensive health, dental, and vision plans
• MIT-funded pension
• Matching 401K
• Paid leave (including vacation, sick, parental, military, etc.)
• Tuition reimbursement and continuing education programs
• Mentorship programs
• A range of work-life balance options
• ... and much more!

Please visit our Benefits page for more information. As an employee of MIT, you can also take advantage of other voluntary benefits, discounts and perks.

Selected candidate will be subject to a pre-employment background investigation and must be able to obtain and maintain a Secret level DoD security clearance.

MIT Lincoln Laboratory is an Equal Employment Opportunity (EEO) employer. All qualified applicants will receive consideration for employment and will not be discriminated against on the basis of race, color, religion, sex, sexual orientation, gender identity, national origin, age, veteran status, disability status, or genetic information; U.S. citizenship is required.

Requisition ID: 41417

#LI-CA1
"
Compound Semiconductor Expert,Staffmark Group,"Torrance, CA • via BeBee",2025-02-26T22:53:37.847855,"Bachelor's or Master's degree in Physics or Engineering (Electrical, Mechanical, Chemical, or Material Sciences)
Experience in Optoelectronic Device design and fabrication (1-3 years)
III-V semiconductor design and cleanroom processes expertise
Photo mask design using CAD tools proficiency
Strong written and verbal communication skills","Bachelor's or Master's degree in Physics or Engineering (Electrical, Mechanical, Chemical, or Material Sciences); Experience in Optoelectronic Device design and fabrication (1-3 years); III-V semiconductor design and cleanroom processes expertise; Photo mask design using CAD tools proficiency; Strong written and verbal communication skills","Bachelor's or Master's degree in Physics or Engineering (Electrical, Mechanical, Chemical, or Material Sciences)
Experience in Optoelectronic Device design and fabrication (1-3 years)
III-V semiconductor design and cleanroom processes expertise
Photo mask design using CAD tools proficiency
Strong written and verbal communication skills","Bachelor's or Master's degree in Physics or Engineering (Electrical, Mechanical, Chemical, or Material Sciences); Experience in Optoelectronic Device design and fabrication (1-3 years); III-V semiconductor design and cleanroom processes expertise; Photo mask design using CAD tools proficiency; Strong written and verbal communication skills",,,,,"Overview

Join us at Staffmark Group as we seek a talented Opto Process Integration Engineer to join our partner company's team. This role offers a unique opportunity to contribute to cutting-edge research and development in the field of optoelectronics.
Key Responsibilities
• Design and develop process sequences for optoelectronic devices, ensuring optimal performance and efficiency.
• Collaborat
e with cross-functional teams to develop and implement process improvements.
• Prepare technical documents and training materials for technology transfer.
• Manage projects with customers, providing regular updates and reports.
Requirements
• Bachelor's or Master's degree in Physics or Engineering (Electrical, Mechanical, Chemical, or Material Sciences).
• Experience in Optoelectronic Device design and fabrication (1-3 years).
• III-V semiconductor design and cleanroom processes expertise.
• Photo mask design using CAD tools proficiency.
• Strong written and verbal communication skills.
About Us

Staffmark Group is a leading provider of workforce solutions, connecting talented professionals with top companies across various industries. We're passionate about fostering growth, diversity, and inclusion in the workplace.
"
Senior Semiconductor Reliability Engineer Leader,Raytheon Technologies,"Andover, MA • via BeBee",2025-02-26T22:53:47.592452,"The ideal candidate will have expertise in reliability, semiconductor physics, applied statistics, and Python programming","The ideal candidate will have expertise in reliability, semiconductor physics, applied statistics, and Python programming","The ideal candidate will have expertise in reliability, semiconductor physics, applied statistics, and Python programming","The ideal candidate will have expertise in reliability, semiconductor physics, applied statistics, and Python programming",,,,,"About the Role

At Raytheon Technologies, we are committed to delivering innovative solutions that help our nation and allies defend freedoms and deter aggression. As a Senior Semiconductor Reliability Engineer Leader, you will play a crucial role in ensuring the reliability of our compound semiconductor devices.

We are seeking an experienced reliability engineer to lead our team in developing, d
esigning, and manufacturing compound semiconductor devices, microwave/millimeter wave integrated circuits, and modules for defense applications. The ideal candidate will have expertise in reliability, semiconductor physics, applied statistics, and Python programming.

Main Responsibilities
• Own end-to-end reliability tasks (plan, design, test, analyze, report) with strong initiatives to go above and beyond.
• Relentlessly interact with a team of process engineers, technology owners, and project leads.
• Produce key reliability metrics such as MTTF, failure rates, and safe operating conditions.
• Handle compound semiconductor transistors, passive components, and monolithic microwave integrated circuits (MMICs).
• Interact with probe stations and multiple reliability testing systems (DC and RFOL).
• Support onsite wafer foundry's next-generation technology development, tool qualification, and reliability-oriented design rule verification and development.
• Coordinate failure analysis.
• Python scripting or interpretation.
"
Compound Semiconductor Test and Measurement Professional,Falcomm,"Atlanta, GA • via BeBee",2025-02-26T22:53:57.203446,"College degree in electrical engineering or related field
2+ years of experience in RF/mmWave test and characterization
Hands-on experience with operation and/or programming of on-wafer test equipment
Demonstrated ability to test and characterize RF/mmWave devices",College degree in electrical engineering or related field; 2+ years of experience in RF/mmWave test and characterization; Hands-on experience with operation and/or programming of on-wafer test equipment; Demonstrated ability to test and characterize RF/mmWave devices,"College degree in electrical engineering or related field
2+ years of experience in RF/mmWave test and characterization
Hands-on experience with operation and/or programming of on-wafer test equipment
Demonstrated ability to test and characterize RF/mmWave devices",College degree in electrical engineering or related field; 2+ years of experience in RF/mmWave test and characterization; Hands-on experience with operation and/or programming of on-wafer test equipment; Demonstrated ability to test and characterize RF/mmWave devices,,,,,"Join Our Team
Falcomm is a dynamic company that specializes in developing energy-efficient power amplifier products. We are seeking a highly skilled RF/mmWave Test and Characterization Engineer to join our team of experts who are committed to pushing the boundaries of semiconductor technology.

Main Responsibilities:
• Create and maintain the Falcomm RF test lab
• Perform characterization of devic
e performance
• Design test fixtures and circuit boards
• Analyze test data and prepare characterization report
• Develop Test Data Processing Scripts
• Validate Setups by Comparing setup performance to a standard
• Maintain calibrated test stations (including backups) to minimize down time

Requirements:
• College degree in electrical engineering or related field
• 2+ years of experience in RF/mmWave test and characterization
• Hands-on experience with operation and/or programming of on-wafer test equipment
• Demonstrated ability to test and characterize RF/mmWave devices
"
Compound Semiconductor Scientist,Apple,"Santa Clara, CA • via BeBee",2025-02-26T22:54:06.713901,"We offer comprehensive benefits, competitive salary, and opportunities for growth and development","We offer comprehensive benefits, competitive salary, and opportunities for growth and development",,,"We offer comprehensive benefits, competitive salary, and opportunities for growth and development","We offer comprehensive benefits, competitive salary, and opportunities for growth and development","We offer comprehensive benefits, competitive salary, and opportunities for growth and development","We offer comprehensive benefits, competitive salary, and opportunities for growth and development","Join Our Team

As an Epitaxy Process Engineer at Apple, you will have the opportunity to work on cutting-edge technology and collaborate with talented professionals. You will be responsible for developing and implementing epitaxy processes to deliver world-class device performance, process throughput, and process yield. We offer comprehensive benefits, competitive salary, and opportunities for gro
wth and development. If you are a motivated and experienced professional looking to make a difference, apply now!
"
Senior III-V Process Development Engineer,Raytheon Technologies Corporation,"Andover, MA • via BeBee",2025-02-26T22:54:16.324810,"The ideal candidate will have a strong background in semiconductor processing and manufacturing, with expertise in III-V compound semiconductors and gallium nitride technology
Strong understanding of semiconductor processing and manufacturing principles
Experience with III-V compound semiconductors and gallium nitride technology
Excellent problem-solving skills and attention to detail
Ability to work effectively in a team environment
Bachelor's degree in Engineering or related field","The ideal candidate will have a strong background in semiconductor processing and manufacturing, with expertise in III-V compound semiconductors and gallium nitride technology; Strong understanding of semiconductor processing and manufacturing principles; Experience with III-V compound semiconductors and gallium nitride technology; Excellent problem-solving skills and attention to detail; Ability to work effectively in a team environment; Bachelor's degree in Engineering or related field","The ideal candidate will have a strong background in semiconductor processing and manufacturing, with expertise in III-V compound semiconductors and gallium nitride technology
Strong understanding of semiconductor processing and manufacturing principles
Experience with III-V compound semiconductors and gallium nitride technology
Excellent problem-solving skills and attention to detail
Ability to work effectively in a team environment
Bachelor's degree in Engineering or related field","The ideal candidate will have a strong background in semiconductor processing and manufacturing, with expertise in III-V compound semiconductors and gallium nitride technology; Strong understanding of semiconductor processing and manufacturing principles; Experience with III-V compound semiconductors and gallium nitride technology; Excellent problem-solving skills and attention to detail; Ability to work effectively in a team environment; Bachelor's degree in Engineering or related field","We offer a competitive compensation package, including:
Comprehensive medical and dental insurance
Retirement savings plan
Paid time off and holidays","We offer a competitive compensation package, including:; Comprehensive medical and dental insurance; Retirement savings plan; Paid time off and holidays","We offer a competitive compensation package, including:
Comprehensive medical and dental insurance
Retirement savings plan
Paid time off and holidays","We offer a competitive compensation package, including:; Comprehensive medical and dental insurance; Retirement savings plan; Paid time off and holidays","Company Overview

Raytheon Technologies Corporation is a leading technology company that designs and manufactures innovative products for various industries. Our company values innovation, quality, and customer satisfaction.

Job Description

We are seeking an experienced Development Fab Process Integration Engineer to join our III-V process development engineering team working on gallium nitride-
based devices and III-V focal plane array fabrication.

The ideal candidate will have a strong background in semiconductor processing and manufacturing, with expertise in III-V compound semiconductors and gallium nitride technology.

Required Skills and Qualifications

To be successful in this role, you will need:
• Strong understanding of semiconductor processing and manufacturing principles
• Experience with III-V compound semiconductors and gallium nitride technology
• Excellent problem-solving skills and attention to detail
• Ability to work effectively in a team environment
• Bachelor's degree in Engineering or related field

Benefits

We offer a competitive compensation package, including:
• Comprehensive medical and dental insurance
• Retirement savings plan
• Paid time off and holidays

Others

This is an exciting opportunity to work on cutting-edge technologies and contribute to the development of innovative products. If you are passionate about semiconductor processing and manufacturing, and have a strong desire to learn and grow, we encourage you to apply.
"
Compound Semiconductor Specialist,Renesas,"San Jose, CA • via BeBee",2025-02-26T22:54:25.944102,"A competitive salary and bonus opportunities
A comprehensive benefits package, including medical, dental, and vision coverage, as well as 401(k) matching
A collaborative and dynamic work environment","A competitive salary and bonus opportunities; A comprehensive benefits package, including medical, dental, and vision coverage, as well as 401(k) matching; A collaborative and dynamic work environment",,,"A competitive salary and bonus opportunities
A comprehensive benefits package, including medical, dental, and vision coverage, as well as 401(k) matching
A collaborative and dynamic work environment","A competitive salary and bonus opportunities; A comprehensive benefits package, including medical, dental, and vision coverage, as well as 401(k) matching; A collaborative and dynamic work environment","A competitive salary and bonus opportunities
A comprehensive benefits package, including medical, dental, and vision coverage, as well as 401(k) matching
A collaborative and dynamic work environment","A competitive salary and bonus opportunities; A comprehensive benefits package, including medical, dental, and vision coverage, as well as 401(k) matching; A collaborative and dynamic work environment","About Us

Renesas is a top global semiconductor company striving to develop innovative technologies for a better future.

We aim to create a safer, healthier, greener, and smarter world by providing product solutions in the automotive, industrial, infrastructure, and IoT markets.

Our robust product portfolio includes world-leading MCUs, SoCs, analog, and power products, as well as Winning Combina
tion solutions that curate these complementary products.

At Renesas, we believe in diversity and inclusion, with initiatives and a leadership team dedicated to our resources and values.

We want to build a sustainable future where technology helps make our lives easier.

About the Role

We are looking for an experienced researcher in the area of compound semiconductor responsible for development of new and innovative epitaxy design in GaN on Silicon process technology.

The candidate will be responsible for collaboration with foundry and academic partners, devising new process flow using TCAD tools, design and layout of appropriate test structures, and testchip tape out to candidate fabs.

The candidate will also be responsible for characterization and measurement of the testchip to verify the targeted performance improvement and publish report and present the result to the team.

Responsibilities
• Literature search with emphasis on the area of GaN devices on Silicon.
• Perform TCAD simulation using Sentaurus tool from Synopsis to design GaN epitaxy experiments to enhance HEMT performance and reliability.
• Test structure design and layout and tapeout testchip.
• Perform Device characterization using DC, CV, and RF characterization.

What We Offer
• A competitive salary and bonus opportunities.
• A comprehensive benefits package, including medical, dental, and vision coverage, as well as 401(k) matching.
• A collaborative and dynamic work environment.
"
Compound Semiconductor Specialist,Apple,"Santa Clara, CA • via BeBee",2025-02-26T22:54:30.548785,,,,,,,,,
Chief Sales Strategist for Compound Semiconductors in the US,Vital Chemicals USA LLC,"Fremont, CA • via BeBee",2025-02-26T22:54:40.320538,"Bachelor's degree in Materials Science, Physics, or Electrical Engineering, or equivalent experience in the field of epitaxy or compound semiconductor devices
At least 10 years of experience in the field of epitaxy or compound semiconductor devices
Proven track record in directing sales and business development, with a focus on driving revenue growth
Ability to set and exceed sales revenue targets, demonstrating strong sales acumen
Strong interpersonal skills and ability to communicate effectively with internal groups across various regions, fostering collaboration and teamwork
General understanding of epitaxy and III-V material systems, with knowledge of MOCVD/MBE applications and photonics/RF devices","Bachelor's degree in Materials Science, Physics, or Electrical Engineering, or equivalent experience in the field of epitaxy or compound semiconductor devices; At least 10 years of experience in the field of epitaxy or compound semiconductor devices; Proven track record in directing sales and business development, with a focus on driving revenue growth; Ability to set and exceed sales revenue targets, demonstrating strong sales acumen; Strong interpersonal skills and ability to communicate effectively with internal groups across various regions, fostering collaboration and teamwork; General understanding of epitaxy and III-V material systems, with knowledge of MOCVD/MBE applications and photonics/RF devices","Bachelor's degree in Materials Science, Physics, or Electrical Engineering, or equivalent experience in the field of epitaxy or compound semiconductor devices
At least 10 years of experience in the field of epitaxy or compound semiconductor devices
Proven track record in directing sales and business development, with a focus on driving revenue growth
Ability to set and exceed sales revenue targets, demonstrating strong sales acumen
Strong interpersonal skills and ability to communicate effectively with internal groups across various regions, fostering collaboration and teamwork
General understanding of epitaxy and III-V material systems, with knowledge of MOCVD/MBE applications and photonics/RF devices","Bachelor's degree in Materials Science, Physics, or Electrical Engineering, or equivalent experience in the field of epitaxy or compound semiconductor devices; At least 10 years of experience in the field of epitaxy or compound semiconductor devices; Proven track record in directing sales and business development, with a focus on driving revenue growth; Ability to set and exceed sales revenue targets, demonstrating strong sales acumen; Strong interpersonal skills and ability to communicate effectively with internal groups across various regions, fostering collaboration and teamwork; General understanding of epitaxy and III-V material systems, with knowledge of MOCVD/MBE applications and photonics/RF devices",,,,,"Job Overview

Vital Chemicals USA LLC is seeking an experienced Sales Director to lead our Compound Semiconductor Business Unit (CSBU) in the Bay Area, California.

The successful candidate will develop and execute a sales strategy to drive growth in our CSBU products, including GaAs and InP substrates, Metal Organics for MOCVD growth, UHP metals for MBE growth, Specialty gases for semiconductor e
pitaxy and processing, and new downstream products such as epitaxial services for Production/Development, chip fabrication services for application specific projects, etc.
Main Responsibilities
• Formulate and implement a sales strategy with an aggressive growth mindset to drive business expansion.
• Lead and manage other sales managers for individual products as needed, ensuring alignment with overall sales goals.
• Foster collaboration between product development and manufacturing facilities to ensure product development aligns with overall sales growth objectives.
• Travel regularly with the sales team to key accounts to address commercial potential and build strong relationships.
• Work closely with the management team and serve as a bridge between the two teams, facilitating effective communication and collaboration.
• Track and report sales progress to the management team, elevating any deviations from sales goals promptly with recommendations for resolution.
• Represent the BU at HQ Sales Meetings, promoting our CSBU products and expertise.
• Support the sales team on marketing strategy as needed, including trade show participation, technical marketing, etc.
Requirements
• Bachelor's degree in Materials Science, Physics, or Electrical Engineering, or equivalent experience in the field of epitaxy or compound semiconductor devices.
• At least 10 years of experience in the field of epitaxy or compound semiconductor devices.
Desirable Skills
• Proven track record in directing sales and business development, with a focus on driving revenue growth.
• Ability to set and exceed sales revenue targets, demonstrating strong sales acumen.
• Strong interpersonal skills and ability to communicate effectively with internal groups across various regions, fostering collaboration and teamwork.
• General understanding of epitaxy and III-V material systems, with knowledge of MOCVD/MBE applications and photonics/RF devices.
"
Compound Semiconductor Researcher,Renesas Electronics,"San Jose, CA • via BeBee",2025-02-26T22:54:49.957065,"The role requires strong technical skills, including literature search, TCAD simulation, device characterization, and compact model development
A good understanding of high-bandgap GaN or GaAs device physics and fabrication processes is essential","The role requires strong technical skills, including literature search, TCAD simulation, device characterization, and compact model development; A good understanding of high-bandgap GaN or GaAs device physics and fabrication processes is essential","The role requires strong technical skills, including literature search, TCAD simulation, device characterization, and compact model development
A good understanding of high-bandgap GaN or GaAs device physics and fabrication processes is essential","The role requires strong technical skills, including literature search, TCAD simulation, device characterization, and compact model development; A good understanding of high-bandgap GaN or GaAs device physics and fabrication processes is essential",,,,,"About the Role

This position involves collaboration with foundry and academic partners to devise new process flows using TCAD tools, design and layout of appropriate test structures, and test chip tape out to candidate fabs. The successful candidate will also be responsible for characterization and measurement of the test chip to verify targeted performance improvement and publish reports to the
team.

The role requires strong technical skills, including literature search, TCAD simulation, device characterization, and compact model development. A good understanding of high-bandgap GaN or GaAs device physics and fabrication processes is essential.
"
US Sales Director for Compound Semiconductors,Vital Chemicals USA LLC,"Fremont, CA • via BeBee",2025-02-26T22:54:59.516982,"The ideal candidate will have a proven track record in driving sales and business development, with strong interpersonal and communication skills
Bachelor's degree in Materials Science, Physics, or Electrical Engineering, or equivalent experience in epitaxy or compound semiconductor devices
Proven track record in directing sales and business development
Strong interpersonal and communication skills
General understanding of epitaxy and III-V material systems
Knowledge of MOCVD/MBE applications and photonics/RF devices","The ideal candidate will have a proven track record in driving sales and business development, with strong interpersonal and communication skills; Bachelor's degree in Materials Science, Physics, or Electrical Engineering, or equivalent experience in epitaxy or compound semiconductor devices; Proven track record in directing sales and business development; Strong interpersonal and communication skills; General understanding of epitaxy and III-V material systems; Knowledge of MOCVD/MBE applications and photonics/RF devices","The ideal candidate will have a proven track record in driving sales and business development, with strong interpersonal and communication skills
Bachelor's degree in Materials Science, Physics, or Electrical Engineering, or equivalent experience in epitaxy or compound semiconductor devices
Proven track record in directing sales and business development
Strong interpersonal and communication skills
General understanding of epitaxy and III-V material systems
Knowledge of MOCVD/MBE applications and photonics/RF devices","The ideal candidate will have a proven track record in driving sales and business development, with strong interpersonal and communication skills; Bachelor's degree in Materials Science, Physics, or Electrical Engineering, or equivalent experience in epitaxy or compound semiconductor devices; Proven track record in directing sales and business development; Strong interpersonal and communication skills; General understanding of epitaxy and III-V material systems; Knowledge of MOCVD/MBE applications and photonics/RF devices",,,,,"About the Role

We are seeking a highly experienced sales leader to join our team as Senior Sales Manager for Compound Semiconductor Business.

The ideal candidate will have a proven track record in driving sales and business development, with strong interpersonal and communication skills.

Key Responsibilities:
• Develop and implement a sales strategy to drive revenue growth.
• Collaborate with p
roduction teams to ensure product development aligns with market trends and sales goals.
• Manage sales managers for individual products, ensuring alignment with overall sales goals.
• Travel regularly to key accounts, ensuring all commercial potential is addressed.

Requirements:
• Bachelor's degree in Materials Science, Physics, or Electrical Engineering, or equivalent experience in epitaxy or compound semiconductor devices.

Desirable Skills:
• Proven track record in directing sales and business development.
• Strong interpersonal and communication skills.
• General understanding of epitaxy and III-V material systems.
• Knowledge of MOCVD/MBE applications and photonics/RF devices.
"
Compound Semiconductor Test Expert,Falcomm,"Atlanta, GA • via BeBee",2025-02-26T22:55:09.026972,"Job Description: As an RF/mmWave Test and Characterization Engineer at Falcomm, you will be responsible for developing test methodologies, assisting with procuring equipment, and documenting test setups, procedures, and calibration procedures
You will also automate test procedures and data analysis using software tools, generate test reports, and maintain a work-in-progress inventory
This role requires strong analytical and problem-solving skills to troubleshoot design issues
You will work closely with our team of experts to develop and validate products that meet our high standards","Job Description: As an RF/mmWave Test and Characterization Engineer at Falcomm, you will be responsible for developing test methodologies, assisting with procuring equipment, and documenting test setups, procedures, and calibration procedures; You will also automate test procedures and data analysis using software tools, generate test reports, and maintain a work-in-progress inventory; This role requires strong analytical and problem-solving skills to troubleshoot design issues; You will work closely with our team of experts to develop and validate products that meet our high standards",,,,,,,"Job Description: As an RF/mmWave Test and Characterization Engineer at Falcomm, you will be responsible for developing test methodologies, assisting with procuring equipment, and documenting test setups, procedures, and calibration procedures. You will also automate test procedures and data analysis using software tools, generate test reports, and maintain a work-in-progress inventory.

This role
requires strong analytical and problem-solving skills to troubleshoot design issues. You will work closely with our team of experts to develop and validate products that meet our high standards.
"
Director of Sales - Epitaxy and Compound Semiconductors,Vital Chemicals USA LLC,"Fremont, CA • via BeBee",2025-02-26T22:55:18.676337,"The ideal candidate will have excellent communication skills, the ability to put together and manage a team, and work closely with internal groups across various regions","The ideal candidate will have excellent communication skills, the ability to put together and manage a team, and work closely with internal groups across various regions","The ideal candidate will have excellent communication skills, the ability to put together and manage a team, and work closely with internal groups across various regions","The ideal candidate will have excellent communication skills, the ability to put together and manage a team, and work closely with internal groups across various regions",,,,,"Job Overview

Join Vital Chemicals USA LLC as a Sales Director for our Compound Semiconductor Business Unit and take on a leadership role in driving revenue growth. We are seeking an experienced professional with a strong background in sales and business development, particularly in the compound semiconductor industry.

The ideal candidate will have excellent communication skills, the ability to p
ut together and manage a team, and work closely with internal groups across various regions. You will be responsible for setting up and implementing a sales strategy to meet and exceed revenue targets, maintaining rolling forecasts, and working closely with our management team.
• Develop a sales strategy that aligns with overall business objectives and exceeds revenue targets.
• Lead and manage a team of sales managers, providing guidance and support to ensure alignment with overall sales goals.
• Collaborate with cross-functional teams to identify and pursue new business opportunities.
• Ensure seamless integration between sales and production teams to achieve mutual goals.
"
Sales Director - Compound Semiconductor Business,Vital Chemicals USA LLC,"Fremont, CA • via BeBee",2025-02-26T22:55:28.423388,"The ideal candidate will have a proven track record in directing sales and business development, with a strong understanding of epitaxy and III-V material systems","The ideal candidate will have a proven track record in directing sales and business development, with a strong understanding of epitaxy and III-V material systems","The ideal candidate will have a proven track record in directing sales and business development, with a strong understanding of epitaxy and III-V material systems","The ideal candidate will have a proven track record in directing sales and business development, with a strong understanding of epitaxy and III-V material systems",,,,,"Job Description

Sales Director Opportunity at Vital Chemicals USA LLC

We are seeking an experienced Sales Director to lead the growth of our Compound Semiconductor Business Unit. The ideal candidate will have a proven track record in directing sales and business development, with a strong understanding of epitaxy and III-V material systems.

As a key member of our Management Team, you will formu
late and implement a sales strategy to drive revenue growth and exceed targets. This role requires close collaboration with internal teams across various regions, as well as periodic travel to Asia to interact with manufacturing facilities and customers.
• Develop and execute a comprehensive sales strategy to meet and exceed revenue targets.
• Build and manage a high-performing sales team, providing guidance and support to ensure alignment with overall sales goals.
• Collaborate with the Manufacturing Facilities team to ensure product development is aligned with sales growth objectives.
• Represent the BU at HQ Sales Meetings and participate in trade show participation, technical marketing, and other sales-related activities.
"
Head of Sales - Compound Semiconductor Products Division,Vital Chemicals USA LLC,"Fremont, CA • via BeBee",2025-02-26T22:55:38.183387,"As a Senior Director of Sales, you will play a critical role in driving revenue growth and expanding our presence in the compound semiconductor market
Formulating and executing a sales strategy that meets and exceeds revenue targets
Building and managing a high-performing sales team, including hiring and training sales managers and supporting them in implementing sales strategies
Collaborating with the Manufacturing Facilities team to ensure product development is aligned with sales growth objectives
Representing the BU at HQ Sales Meetings and participating in trade show participation, technical marketing, and other sales-related activities","As a Senior Director of Sales, you will play a critical role in driving revenue growth and expanding our presence in the compound semiconductor market; Formulating and executing a sales strategy that meets and exceeds revenue targets; Building and managing a high-performing sales team, including hiring and training sales managers and supporting them in implementing sales strategies; Collaborating with the Manufacturing Facilities team to ensure product development is aligned with sales growth objectives; Representing the BU at HQ Sales Meetings and participating in trade show participation, technical marketing, and other sales-related activities",,,,,,,"Key Responsibilities

As a Senior Director of Sales, you will play a critical role in driving revenue growth and expanding our presence in the compound semiconductor market. Your primary responsibilities will include:

Formulating and executing a sales strategy that meets and exceeds revenue targets.

Building and managing a high-performing sales team, including hiring and training sales managers
and supporting them in implementing sales strategies.

Collaborating with the Manufacturing Facilities team to ensure product development is aligned with sales growth objectives.

Representing the BU at HQ Sales Meetings and participating in trade show participation, technical marketing, and other sales-related activities.
"
Business Development Leader for Semiconductor Products,Vital Chemicals USA LLC,"Fremont, CA • via BeBee",2025-02-26T22:55:47.858322,"The ideal candidate will have a deep understanding of semiconductor products and technologies, with experience in leading sales and business development efforts
They will possess strong analytical and problem-solving skills, as well as excellent communication and interpersonal abilities","The ideal candidate will have a deep understanding of semiconductor products and technologies, with experience in leading sales and business development efforts; They will possess strong analytical and problem-solving skills, as well as excellent communication and interpersonal abilities","The ideal candidate will have a deep understanding of semiconductor products and technologies, with experience in leading sales and business development efforts
They will possess strong analytical and problem-solving skills, as well as excellent communication and interpersonal abilities","The ideal candidate will have a deep understanding of semiconductor products and technologies, with experience in leading sales and business development efforts; They will possess strong analytical and problem-solving skills, as well as excellent communication and interpersonal abilities",,,,,"We are seeking a highly skilled Business Development Leader to join our Compound Semiconductor Business Unit at Vital Chemicals USA LLC. In this role, you will be responsible for driving revenue growth through effective sales strategies, while collaborating closely with our management team.

The ideal candidate will have a deep understanding of semiconductor products and technologies, with experie
nce in leading sales and business development efforts. They will possess strong analytical and problem-solving skills, as well as excellent communication and interpersonal abilities.
• Develop and execute sales strategies to drive revenue growth in the Compound Semiconductor Business Unit.
• Collaborate with Management Team to set up and implement sales strategies.
• Work closely with Production Teams to enable product development based on knowledge of market trends.
"
Sales Strategist for Epitaxy and III-V Materials,Vital Chemicals USA LLC,"Fremont, CA • via BeBee",2025-02-26T22:55:57.403071,"The ideal candidate will have experience in directing sales and business development, with a proven track record in setting and exceeding sales revenue targets
They will also possess excellent interpersonal skills and strong communication abilities","The ideal candidate will have experience in directing sales and business development, with a proven track record in setting and exceeding sales revenue targets; They will also possess excellent interpersonal skills and strong communication abilities","The ideal candidate will have experience in directing sales and business development, with a proven track record in setting and exceeding sales revenue targets
They will also possess excellent interpersonal skills and strong communication abilities","The ideal candidate will have experience in directing sales and business development, with a proven track record in setting and exceeding sales revenue targets; They will also possess excellent interpersonal skills and strong communication abilities",,,,,"Vital Chemicals USA LLC is seeking a seasoned Sales Strategist to join our Compound Semiconductor Business Unit. This role involves formulating and implementing sales strategies to drive revenue growth in the Bay Area, while working closely with our management team.

The ideal candidate will have experience in directing sales and business development, with a proven track record in setting and exce
eding sales revenue targets. They will also possess excellent interpersonal skills and strong communication abilities.

Responsibilities include:
• Formulating and implementing sales strategies to drive revenue growth in the Compound Semiconductor Business Unit.
• Working closely with Management Team to set up and implement sales strategies.
• Facilitating product development strategy with Manufacturing Facilities.
"
