Title,Company,Location,Timestamp,Job Highlights,Job Highlights Items,Qualifications,Qualifications Items,Benefits,Benefits Items,Responsibilities,Responsibilities Items,Job Description
Human-Assisted AI and eXplainable AI – Intern,Bosch Group,"Sunnyvale, CA • via Smart Recruiters Jobs",2025-01-08T11:34:12.691907,"Ph.D. students in Computer Science or a related discipline
3+ years of research experience, or an equivalent graduate research background, primarily in visual analytics, eXplainable AI (XAI), AI agents, applied machine learning and related fields
Publications in premier visualization, machine learning, deep learning, and computer vision journals and conferences
2+ years’ experience in full stack web development with both frontend (e.g., React, Vue.js, and D3.js) and backend (e.g., Flask, Django)
2+ years’ programming experience with one or more scripting or statistical programming languages (e.g., Python, R)","Ph.D. students in Computer Science or a related discipline; 3+ years of research experience, or an equivalent graduate research background, primarily in visual analytics, eXplainable AI (XAI), AI agents, applied machine learning and related fields; Publications in premier visualization, machine learning, deep learning, and computer vision journals and conferences; 2+ years’ experience in full stack web development with both frontend (e.g., React, Vue.js, and D3.js) and backend (e.g., Flask, Django); 2+ years’ programming experience with one or more scripting or statistical programming languages (e.g., Python, R)","Ph.D. students in Computer Science or a related discipline
3+ years of research experience, or an equivalent graduate research background, primarily in visual analytics, eXplainable AI (XAI), AI agents, applied machine learning and related fields
Publications in premier visualization, machine learning, deep learning, and computer vision journals and conferences
2+ years’ experience in full stack web development with both frontend (e.g., React, Vue.js, and D3.js) and backend (e.g., Flask, Django)
2+ years’ programming experience with one or more scripting or statistical programming languages (e.g., Python, R)","Ph.D. students in Computer Science or a related discipline; 3+ years of research experience, or an equivalent graduate research background, primarily in visual analytics, eXplainable AI (XAI), AI agents, applied machine learning and related fields; Publications in premier visualization, machine learning, deep learning, and computer vision journals and conferences; 2+ years’ experience in full stack web development with both frontend (e.g., React, Vue.js, and D3.js) and backend (e.g., Flask, Django); 2+ years’ programming experience with one or more scripting or statistical programming languages (e.g., Python, R)","The U.S. base salary range for this intern position is $43.00-$66.00 hourly
Within the range, individual pay is determined based on several factors, including, but not limited to, type of degree, work experience and job knowledge, complexity of the role, type of position, job location, etc","The U.S. base salary range for this intern position is $43.00-$66.00 hourly; Within the range, individual pay is determined based on several factors, including, but not limited to, type of degree, work experience and job knowledge, complexity of the role, type of position, job location, etc","The U.S. base salary range for this intern position is $43.00-$66.00 hourly
Within the range, individual pay is determined based on several factors, including, but not limited to, type of degree, work experience and job knowledge, complexity of the role, type of position, job location, etc","The U.S. base salary range for this intern position is $43.00-$66.00 hourly; Within the range, individual pay is determined based on several factors, including, but not limited to, type of degree, work experience and job knowledge, complexity of the role, type of position, job location, etc","Company Description

The Bosch Research and Technology Center North America with offices in Sunnyvale, California, Pittsburgh, Pennsylvania, and Cambridge, Massachusetts is a part of the global Bosch Group (www.bosch.com), a company with over 70 billion euro revenue, 400,000 employees worldwide, a very diverse product portfolio, and a history spanning over 125 years. The Research and Technology Ce
nter North America (RTC-NA) is dedicated to providing technologies and system solutions for various Bosch business fields, primarily in the field of artificial intelligence (for example, foundation models, human-assisted AI, natural language processing, robotics, 3D perception, and AI platform), energy technologies, internet technologies, circuit design, semiconductors and wireless, as well as advanced MEMS design.

As a part of the global research, our AI research in Silicon Valley focuses on Foundation Models, Big Data Visual Analytics, Explainable AI (XAI), Natural Language Processing, 3D Perception & Mixed Reality, Cloud Robotics, Data Science, AI Platform, Time-series Analysis. We develop scalable, intelligent, and trustworthy AIoT solutions to enable inspiring UX for Bosch products and services in application areas such as automated driving, advanced driver assistance systems (ADAS), robotics, smart manufacturing, enterprise AI, health care, smart home and building solutions.

Originating from the AI research in Silicon Valley, our Foundation Model Powered AI Enablers group plays a pivotal role in shaping the future of industrial AI experiences for Bosch products and services. By fusing cutting-edge machine learning, data analysis, and interactive visualization technologies, we research and develop scalable and transparent AI & big data analytic solutions (e.g., audio, images, sensor logs) for a range of domains, including Industry 4.0 (I4.0), IoT, autonomous driving, and connected vehicles. Our award-winning team (IEEE VIS best paper & best paper runner-ups) actively collaborates with leading academic and industry groups to advance research ideas and disseminate findings in top AI conferences and journals, such as NeurIPS, CVPR, IEEE VIS, ACL, EMNLP, SIGKDD, ICASSP, ICCV, ECCV, ICRA, RSS, IROS, ICML, AAAI, ICLR, and ISWC.

Job Description
• Conduct research and engineering in human-assisted AI and eXplainable AI (XAI) for Bosch's AIoT (AI+IoT) business domains such as ADAS, connected vehicles, Industry 4.0, IoT, and car multimedia.
• Implement research results to solve real-world challenges, ensuring high-quality system integration within Bosch's existing platforms.
• Document and disseminate research findings through high-caliber publications and/or patent submissions.

Qualifications

Required:
• Ph.D. students in Computer Science or a related discipline.
• 3+ years of research experience, or an equivalent graduate research background, primarily in visual analytics, eXplainable AI (XAI), AI agents, applied machine learning and related fields.
• Publications in premier visualization, machine learning, deep learning, and computer vision journals and conferences.
• 2+ years’ experience in full stack web development with both frontend (e.g., React, Vue.js, and D3.js) and backend (e.g., Flask, Django)
• 2+ years’ programming experience with one or more scripting or statistical programming languages (e.g., Python, R)

Desired:
• Knowledge in machine learning and deep learning, notably in Foundation Model AI tooling, ADAS, spatiotemporal machine learning, deep graph learning, general representation learning, model distillation, and related areas.
• Familiar with major machine learning platforms like PyTorch.
• Experience in human-in-the-loop and human-AI teaming research methods.
• Strong interpersonal, communication, and teamwork capabilities.

Additional Information

By choice, we are committed to a diverse workforce - EOE/Protected Veteran/Disabled.

BOSCH is a proud supporter of STEM (Science, Technology, Engineering & Mathematics)
• FIRST Robotics (For Inspiration and Recognition of Science and Technology)
• AWIM (A World In Motion)

The U.S. base salary range for this intern position is $43.00-$66.00 hourly. Within the range, individual pay is determined based on several factors, including, but not limited to, type of degree, work experience and job knowledge, complexity of the role, type of position, job location, etc. Your Hiring Manager can share more details about the specific salary range for this position during the interview process.

For more information on our culture and benefits, please visit:

Culture and Benefits | Bosch in the USA
"
Explainable Artificial Intelligence and Topological Data Analysis (Part-Time),Zintellect,"Wright-Patterson AFB, OH • via Zintellect",2025-01-08T11:34:22.375842,"Appointments may be extended depending on funding availability, project assignment, program rules, and availability of the participant
Participants will receive a stipend to be determined by USAFRL
Stipends are typically based on the participant’s academic standing, discipline, experience, and research facility location
Health Insurance Supplement
Participants are eligible to purchase health insurance through ORISE
Relocation Allowance
Training and Travel Allowance","Appointments may be extended depending on funding availability, project assignment, program rules, and availability of the participant; Participants will receive a stipend to be determined by USAFRL; Stipends are typically based on the participant’s academic standing, discipline, experience, and research facility location; Health Insurance Supplement; Participants are eligible to purchase health insurance through ORISE; Relocation Allowance; Training and Travel Allowance",,,"Appointments may be extended depending on funding availability, project assignment, program rules, and availability of the participant
Participants will receive a stipend to be determined by USAFRL
Stipends are typically based on the participant’s academic standing, discipline, experience, and research facility location
Health Insurance Supplement
Participants are eligible to purchase health insurance through ORISE
Relocation Allowance
Training and Travel Allowance","Appointments may be extended depending on funding availability, project assignment, program rules, and availability of the participant; Participants will receive a stipend to be determined by USAFRL; Stipends are typically based on the participant’s academic standing, discipline, experience, and research facility location; Health Insurance Supplement; Participants are eligible to purchase health insurance through ORISE; Relocation Allowance; Training and Travel Allowance","Appointments may be extended depending on funding availability, project assignment, program rules, and availability of the participant
Participants will receive a stipend to be determined by USAFRL
Stipends are typically based on the participant’s academic standing, discipline, experience, and research facility location
Health Insurance Supplement
Participants are eligible to purchase health insurance through ORISE
Relocation Allowance
Training and Travel Allowance","Appointments may be extended depending on funding availability, project assignment, program rules, and availability of the participant; Participants will receive a stipend to be determined by USAFRL; Stipends are typically based on the participant’s academic standing, discipline, experience, and research facility location; Health Insurance Supplement; Participants are eligible to purchase health insurance through ORISE; Relocation Allowance; Training and Travel Allowance","The Air Force Research Laboratory (AFRL) 711th Human Performance Wing (711 HPW) is a unique combination of three units: the Airman Systems Directorate (RH), the US Air Force School of Aerospace Medicine (USAFSAM) and the Human Systems Integration Directorate (HP). The synergies of combining the ideas, resources and technologies of these units position the 711 HPW as a world leader in the study and
advancement of human performance. For more information about the 711th HPW, please visit: https://www.wpafb.af.mil/afrl/711hpw/

AFRL is a leading institution in the discovery, evaluation, and transition of revolutionary auditory and communication technologies that optimize warfighters’ tactical and strategic decision making, survivability, and lethality across the full range of battlespace environments.

The research facility is located within the 711th Human Performance Wing, Warfighter Interface division located within Building 248 at Wright Patterson AFB.

The Explainable Artificial Intelligence and Topological Data Analysis program seeks to implement next-generation machine learning approaches that generalize across multiple domains and use cases. The program seeks to utilize the mathematical underpinnings of topological data analysis to formulate feature extraction methods, deep topological architecting principles for classification and prediction, and provide ensemble model approaches for direct visualization of machine derived results. The participant will be developing new methodologies that use the above approaches to increase efficiency in computation, create novel methodologies that aid in enhancing prediction and classification, and apply the methodologies to specific use cases relevant to DoD applications. The ORISE appointment seeks to develop AFRL workforce in this rapidly emerging artificial intelligence research. The research from this fellowship may produce publication of the results in top journals. The program additionally will train the participant in standard analytical approaches and advanced visualization systems.

Appointment Length

This appointment is a ten month research appointment, with the possibility to be renewed for additional research periods. Appointments may be extended depending on funding availability, project assignment, program rules, and availability of the participant.

Participant Benefits

Participants will receive a stipend to be determined by USAFRL. Stipends are typically based on the participant’s academic standing, discipline, experience, and research facility location. Other benefits may include the following:
• Health Insurance Supplement. Participants are eligible to purchase health insurance through ORISE.
• Relocation Allowance
• Training and Travel Allowance

Nature of Appointment

The participant will not enter into an employee/employer relationship with ORISE, ORAU, DOD, or any other office or agency. Instead, the participant will be affiliated with ORISE for the administration of the appointment through the ORISE appointment letter and Terms of Appointment.
"
Senior Product Manager - SeekrFlow (Explainable AI),Seekr,"Vienna, VA • via Greenhouse",2025-01-08T11:34:32.244471,"5-7 years of product management experience, with a strong preference for candidates who have developed ML developer tools
A deep understanding of language models, machine learning solutions, and the technical landscape of AI development
Proven experience engaging with developer communities, understanding their needs, and translating those into successful product features
Strong technical acumen, comfortable diving into detailed technical discussions with AI/ML experts and engineers
Experience leading cross-functional teams to drive product development from conception to launch
Excellent communication skills, capable of bridging the gap between technical and non-technical stakeholders
A track record of analytical decision-making, problem-solving, and prioritizing under pressure","5-7 years of product management experience, with a strong preference for candidates who have developed ML developer tools; A deep understanding of language models, machine learning solutions, and the technical landscape of AI development; Proven experience engaging with developer communities, understanding their needs, and translating those into successful product features; Strong technical acumen, comfortable diving into detailed technical discussions with AI/ML experts and engineers; Experience leading cross-functional teams to drive product development from conception to launch; Excellent communication skills, capable of bridging the gap between technical and non-technical stakeholders; A track record of analytical decision-making, problem-solving, and prioritizing under pressure","5-7 years of product management experience, with a strong preference for candidates who have developed ML developer tools
A deep understanding of language models, machine learning solutions, and the technical landscape of AI development
Proven experience engaging with developer communities, understanding their needs, and translating those into successful product features
Strong technical acumen, comfortable diving into detailed technical discussions with AI/ML experts and engineers
Experience leading cross-functional teams to drive product development from conception to launch
Excellent communication skills, capable of bridging the gap between technical and non-technical stakeholders
A track record of analytical decision-making, problem-solving, and prioritizing under pressure","5-7 years of product management experience, with a strong preference for candidates who have developed ML developer tools; A deep understanding of language models, machine learning solutions, and the technical landscape of AI development; Proven experience engaging with developer communities, understanding their needs, and translating those into successful product features; Strong technical acumen, comfortable diving into detailed technical discussions with AI/ML experts and engineers; Experience leading cross-functional teams to drive product development from conception to launch; Excellent communication skills, capable of bridging the gap between technical and non-technical stakeholders; A track record of analytical decision-making, problem-solving, and prioritizing under pressure","A crucial role in shaping the future of AI development, offering significant impact within Seekr and the broader tech ecosystem
The opportunity to work on cutting-edge technologies and engage with top-tier AI/ML talent
Competitive compensation, including a comprehensive benefits package with health, dental, and vision insurance, retirement plans, and much more
Investment in your professional growth, with opportunities for training, certifications, and development
A culture that values innovation, collaboration, and the drive to create groundbreaking solutions","A crucial role in shaping the future of AI development, offering significant impact within Seekr and the broader tech ecosystem; The opportunity to work on cutting-edge technologies and engage with top-tier AI/ML talent; Competitive compensation, including a comprehensive benefits package with health, dental, and vision insurance, retirement plans, and much more; Investment in your professional growth, with opportunities for training, certifications, and development; A culture that values innovation, collaboration, and the drive to create groundbreaking solutions","A crucial role in shaping the future of AI development, offering significant impact within Seekr and the broader tech ecosystem
The opportunity to work on cutting-edge technologies and engage with top-tier AI/ML talent
Competitive compensation, including a comprehensive benefits package with health, dental, and vision insurance, retirement plans, and much more
Investment in your professional growth, with opportunities for training, certifications, and development
A culture that values innovation, collaboration, and the drive to create groundbreaking solutions","A crucial role in shaping the future of AI development, offering significant impact within Seekr and the broader tech ecosystem; The opportunity to work on cutting-edge technologies and engage with top-tier AI/ML talent; Competitive compensation, including a comprehensive benefits package with health, dental, and vision insurance, retirement plans, and much more; Investment in your professional growth, with opportunities for training, certifications, and development; A culture that values innovation, collaboration, and the drive to create groundbreaking solutions","Location: Fully Remote

About the Opportunity:

Seekr is on the lookout for a Senior Product Manager to lead the evolution of our AIaaS (AI as a Service) platform, tailored for enterprise AI/ML developers. This critical role demands an understanding of language models, ML solutions, and the unique needs of developers creating AI-driven applications. This role will focus on the development of expla
inability in the SeekrFlow platform, helping customers to build accurate solutions that they can deploy with minimal oversight. If you have a passion for diving deep into AI/ML technologies, engaging in technical discussions with experts, and building developer tools that empower innovation, your expertise could be the key to unlocking new possibilities in AI development.

Key Responsibilities:
• Spearhead the product strategy, vision, and roadmap for Seekr's explainability tools, ensuring it meets the evolving needs of AI/ML developers.
• Leverage your in-depth understanding of language models and ML solutions to guide the platform's development and integration of Seekr's proprietary technologies and processes.
• Engage with the AI/ML developer community to gather insights, understand their challenges, and tailor solutions that enhance their development experience.
• Lead cross-functional teams, including AI/ML experts, engineers, and designers, to deliver robust, scalable, and user-friendly developer tools.
• Initiate and participate in technical discussions with AI/ML experts, leveraging your knowledge to drive product innovation and excellence.
• Prioritize product features and enhancements based on customer feedback, market research, and technical advancements.
• Collaborate with marketing and sales teams to develop go-to-market strategies, ensuring successful product launches and adoption.

Qualifications:
• 5-7 years of product management experience, with a strong preference for candidates who have developed ML developer tools.
• A deep understanding of language models, machine learning solutions, and the technical landscape of AI development.
• Proven experience engaging with developer communities, understanding their needs, and translating those into successful product features.
• Strong technical acumen, comfortable diving into detailed technical discussions with AI/ML experts and engineers.
• Experience leading cross-functional teams to drive product development from conception to launch.
• Excellent communication skills, capable of bridging the gap between technical and non-technical stakeholders.
• A track record of analytical decision-making, problem-solving, and prioritizing under pressure.

What’s In It for You:
• A crucial role in shaping the future of AI development, offering significant impact within Seekr and the broader tech ecosystem.
• The opportunity to work on cutting-edge technologies and engage with top-tier AI/ML talent.
• Competitive compensation, including a comprehensive benefits package with health, dental, and vision insurance, retirement plans, and much more.
• Investment in your professional growth, with opportunities for training, certifications, and development.
• A culture that values innovation, collaboration, and the drive to create groundbreaking solutions.

Seekr is dedicated to diversity and inclusion, welcoming applicants from all backgrounds. If you're eager to drive innovation in AI development and have the skills to lead our AIaaS platform to new heights, we want to hear from you. Join us and contribute to a trusted, transparent digital future.
"
Artificial Intelligence (AI) Ethics and Governance Specialist,Merck,"Rahway, NJ • via Talentify",2025-01-08T11:34:42.192094,"Self-motivated and driven to learn new topics and develop your domain expertise; Finds excitement in working at the bleeding edge in an emerging field
Passionate about building a fairer and more inclusive AI ecosystem with respect for all; Has a keen interest in AI ethics, responsible AI, including policy, legal or regulatory landscape for emerging technologies, data privacy, or intellectual property
Enjoys working in a diverse and cross-functional team; Has good communication and interpersonal skills
Bachelor’s or Master’s Degree in any Field
Experience in AI ethics and responsible AI, with in-depth knowledge of AI, ML, Generative AI and the emerging technology landscape
Experience in trust and safety, risk management, governance or related
Ability to communicate and express technical viewpoints to senior stakeholders with succinctness and clarity
2+ years relevant working experience
Qualifications in analytical and technology disciplines, such as Engineering, Sciences, Mathematics, Computer Science or in Law, Philosophy or Psychology are encouraged to apply
Candidates are evaluated on a case-by case basis
Candidates with relevant experience are encouraged to apply
Hands-on code development experience in Data Science, Machine Learning, Generative AI (Python, scikit-learn, pandas, numpy, Dataiku, Databricks, Amazon Sagemaker, generative models / LLMs, synthetic data, etc.)
Knowledge of XAI (SHAP, LIME, etc.)
Knowledge of law, IP, policy, regulatory processes, or industry standards in AI or related fields
Domain knowledge in pharmaceutical business areas such as research, clinical, manufacturing, commercial and corporate functions is highly regarded
You can put your empathy, creativity, digital mastery, or scientific genius to work in collaboration with a diverse group of colleagues who pursue and bring hope to countless people who are battling some of the most challenging diseases of our time
Analytical Thinking, Artificial Intelligence (AI), Artificial Intelligence Ethics, Data Science, Generative AI, Machine Learning, Responsible AI, Risk Management
Intellectual Property, Law, Python (Programming Language), Regulatory Compliance, Software Development","Self-motivated and driven to learn new topics and develop your domain expertise; Finds excitement in working at the bleeding edge in an emerging field; Passionate about building a fairer and more inclusive AI ecosystem with respect for all; Has a keen interest in AI ethics, responsible AI, including policy, legal or regulatory landscape for emerging technologies, data privacy, or intellectual property; Enjoys working in a diverse and cross-functional team; Has good communication and interpersonal skills; Bachelor’s or Master’s Degree in any Field; Experience in AI ethics and responsible AI, with in-depth knowledge of AI, ML, Generative AI and the emerging technology landscape; Experience in trust and safety, risk management, governance or related; Ability to communicate and express technical viewpoints to senior stakeholders with succinctness and clarity; 2+ years relevant working experience; Qualifications in analytical and technology disciplines, such as Engineering, Sciences, Mathematics, Computer Science or in Law, Philosophy or Psychology are encouraged to apply; Candidates are evaluated on a case-by case basis; Candidates with relevant experience are encouraged to apply; Hands-on code development experience in Data Science, Machine Learning, Generative AI (Python, scikit-learn, pandas, numpy, Dataiku, Databricks, Amazon Sagemaker, generative models / LLMs, synthetic data, etc.); Knowledge of XAI (SHAP, LIME, etc.); Knowledge of law, IP, policy, regulatory processes, or industry standards in AI or related fields; Domain knowledge in pharmaceutical business areas such as research, clinical, manufacturing, commercial and corporate functions is highly regarded; You can put your empathy, creativity, digital mastery, or scientific genius to work in collaboration with a diverse group of colleagues who pursue and bring hope to countless people who are battling some of the most challenging diseases of our time; Analytical Thinking, Artificial Intelligence (AI), Artificial Intelligence Ethics, Data Science, Generative AI, Machine Learning, Responsible AI, Risk Management; Intellectual Property, Law, Python (Programming Language), Regulatory Compliance, Software Development","Self-motivated and driven to learn new topics and develop your domain expertise; Finds excitement in working at the bleeding edge in an emerging field
Passionate about building a fairer and more inclusive AI ecosystem with respect for all; Has a keen interest in AI ethics, responsible AI, including policy, legal or regulatory landscape for emerging technologies, data privacy, or intellectual property
Enjoys working in a diverse and cross-functional team; Has good communication and interpersonal skills
Bachelor’s or Master’s Degree in any Field
Experience in AI ethics and responsible AI, with in-depth knowledge of AI, ML, Generative AI and the emerging technology landscape
Experience in trust and safety, risk management, governance or related
Ability to communicate and express technical viewpoints to senior stakeholders with succinctness and clarity
2+ years relevant working experience
Qualifications in analytical and technology disciplines, such as Engineering, Sciences, Mathematics, Computer Science or in Law, Philosophy or Psychology are encouraged to apply
Candidates are evaluated on a case-by case basis
Candidates with relevant experience are encouraged to apply
Hands-on code development experience in Data Science, Machine Learning, Generative AI (Python, scikit-learn, pandas, numpy, Dataiku, Databricks, Amazon Sagemaker, generative models / LLMs, synthetic data, etc.)
Knowledge of XAI (SHAP, LIME, etc.)
Knowledge of law, IP, policy, regulatory processes, or industry standards in AI or related fields
Domain knowledge in pharmaceutical business areas such as research, clinical, manufacturing, commercial and corporate functions is highly regarded
You can put your empathy, creativity, digital mastery, or scientific genius to work in collaboration with a diverse group of colleagues who pursue and bring hope to countless people who are battling some of the most challenging diseases of our time
Analytical Thinking, Artificial Intelligence (AI), Artificial Intelligence Ethics, Data Science, Generative AI, Machine Learning, Responsible AI, Risk Management
Intellectual Property, Law, Python (Programming Language), Regulatory Compliance, Software Development","Self-motivated and driven to learn new topics and develop your domain expertise; Finds excitement in working at the bleeding edge in an emerging field; Passionate about building a fairer and more inclusive AI ecosystem with respect for all; Has a keen interest in AI ethics, responsible AI, including policy, legal or regulatory landscape for emerging technologies, data privacy, or intellectual property; Enjoys working in a diverse and cross-functional team; Has good communication and interpersonal skills; Bachelor’s or Master’s Degree in any Field; Experience in AI ethics and responsible AI, with in-depth knowledge of AI, ML, Generative AI and the emerging technology landscape; Experience in trust and safety, risk management, governance or related; Ability to communicate and express technical viewpoints to senior stakeholders with succinctness and clarity; 2+ years relevant working experience; Qualifications in analytical and technology disciplines, such as Engineering, Sciences, Mathematics, Computer Science or in Law, Philosophy or Psychology are encouraged to apply; Candidates are evaluated on a case-by case basis; Candidates with relevant experience are encouraged to apply; Hands-on code development experience in Data Science, Machine Learning, Generative AI (Python, scikit-learn, pandas, numpy, Dataiku, Databricks, Amazon Sagemaker, generative models / LLMs, synthetic data, etc.); Knowledge of XAI (SHAP, LIME, etc.); Knowledge of law, IP, policy, regulatory processes, or industry standards in AI or related fields; Domain knowledge in pharmaceutical business areas such as research, clinical, manufacturing, commercial and corporate functions is highly regarded; You can put your empathy, creativity, digital mastery, or scientific genius to work in collaboration with a diverse group of colleagues who pursue and bring hope to countless people who are battling some of the most challenging diseases of our time; Analytical Thinking, Artificial Intelligence (AI), Artificial Intelligence Ethics, Data Science, Generative AI, Machine Learning, Responsible AI, Risk Management; Intellectual Property, Law, Python (Programming Language), Regulatory Compliance, Software Development",,,,,"Job Description

Job title: Artificial Intelligence (AI) Ethics and Governance Specialist

Opportunity to be a part of a diverse and dynamic AI Ethics and Governance team in Singapore!

Based in Singapore, the regional hub for Asia Pacific (AP) and top-ranked biopharmaceutical company on The Straits Times and Statista’s list of Best Employers in Singapore for three consecutive years (2020, 2021, 2
022).

Join the premier biopharmaceutical company that has been in Singapore for more than 25 years and in AP for over 60 years.

Artificial intelligence is transforming the way we save and improve lives. The rising use of machine learning and advanced analytics brings great potential as well as risks of unintended consequences. Effectively scaling AI from bench to production rests on doing the right thing, with ethical policies, responsible development, and implementations that respect people, fairness, inclusion, and prevent harm.

As an AI Ethics and Governance Specialist, you will be part of our diverse and dynamic AI Ethics and Governance team based in our Singapore Technology Center working on AI risk assessment and governance processes in the organization.

You will be part of a key global project, working alongside subject matter experts and honing your skills and expertise in responsible AI. We are a highly collaborative team and our work is inherently cross-functional. You will have the chance to meet and work with stakeholders across the organization including senior leaders and have exposure to projects in human and animal health, business operations, supply chain management, clinical research, and IT.

Be a pioneer in the rapidly growing and recognized field of Responsible AI. In this role, you will have the opportunity to explore and work on our team’s multiple focus areas depending on your interest and expertise:

Primary Responsibilities

Find and Mitigate Risks in AI Projects. Work with business and technical stakeholders to identify and assess potential risks and impacts, recommend appropriate mitigations, and prevent harm.

Support development of Trust and Safety program for generative AI and general purpose AI. Develop content filtering and user guidelines, community engagement and training initiatives.

Implement Explainable AI (XAI). Test and audit data sets, models and AI solutions for bias, fairness, and explainability using open-source and enterprise tools.

Support development and implementation of policy processes and further the field of AI ethics. Be involved with building a safe, responsible, and ethical AI ecosystem in the organization and external industry.

Research and stay on top of AI developments, best practices, and regulatory changes. Experience opportunities to develop guidance and contribute to external initiatives.

If you would describe yourself as:

Self-motivated and driven to learn new topics and develop your domain expertise; Finds excitement in working at the bleeding edge in an emerging field.

Passionate about building a fairer and more inclusive AI ecosystem with respect for all; Has a keen interest in AI ethics, responsible AI, including policy, legal or regulatory landscape for emerging technologies, data privacy, or intellectual property.

Enjoys working in a diverse and cross-functional team; Has good communication and interpersonal skills.

Education Qualification:

Bachelor’s or Master’s Degree in any Field.

Experience and Skills:

Experience in AI ethics and responsible AI, with in-depth knowledge of AI, ML, Generative AI and the emerging technology landscape.

Experience in trust and safety, risk management, governance or related.

Ability to communicate and express technical viewpoints to senior stakeholders with succinctness and clarity

2+ years relevant working experience

Qualifications in analytical and technology disciplines, such as Engineering, Sciences, Mathematics, Computer Science or in Law, Philosophy or Psychology are encouraged to apply. Candidates are evaluated on a case-by case basis. Candidates with relevant experience are encouraged to apply.

Desired Experience and Skills:

Hands-on code development experience in Data Science, Machine Learning, Generative AI (Python, scikit-learn, pandas, numpy, Dataiku, Databricks, Amazon Sagemaker, generative models / LLMs, synthetic data, etc.)

Knowledge of XAI (SHAP, LIME, etc.)

Knowledge of law, IP, policy, regulatory processes, or industry standards in AI or related fields

Domain knowledge in pharmaceutical business areas such as research, clinical, manufacturing, commercial and corporate functions is highly regarded

What we look for …

Imagine getting up in the morning for a job as important as helping to save and improve lives around the world. Here, you have that opportunity. You can put your empathy, creativity, digital mastery, or scientific genius to work in collaboration with a diverse group of colleagues who pursue and bring hope to countless people who are battling some of the most challenging diseases of our time. Our team is constantly evolving, so if you are among the intellectually curious, join us—and start making your impact today.

We are proud to be a company that embraces the value of bringing diverse, talented, and committed people together. The fastest way to breakthrough innovation is when diverse ideas come together in an inclusive environment. We encourage our colleagues to respectfully challenge one another’s thinking and approach problems collectively. We are an equal opportunity employer, committed to fostering an inclusive and diverse workplace.

Current Employees apply HERE

Current Contingent Workers apply HERE

Search Firm Representatives Please Read Carefully
Merck & Co., Inc., Rahway, NJ, USA, also known as Merck Sharp & Dohme LLC, Rahway, NJ, USA, does not accept unsolicited assistance from search firms for employment opportunities. All CVs / resumes submitted by search firms to any employee at our company without a valid written search agreement in place for this position will be deemed the sole property of our company. No fee will be paid in the event a candidate is hired by our company as a result of an agency referral where no pre-existing agreement is in place. Where agency agreements are in place, introductions are position specific. Please, no phone calls or emails.

Employee Status:
Regular

Relocation:

VISA Sponsorship:

Travel Requirements:

Flexible Work Arrangements:
Hybrid

Shift:

Valid Driving License:

Hazardous Material(s):

Required Skills:
Analytical Thinking, Artificial Intelligence (AI), Artificial Intelligence Ethics, Data Science, Generative AI, Machine Learning, Responsible AI, Risk Management

Preferred Skills:
Intellectual Property, Law, Python (Programming Language), Regulatory Compliance, Software Development

Job Posting End Date:
12/22/2024
• A job posting is effective until 11:59:59PM on the day BEFORE the listed job posting end date. Please ensure you apply to a job posting no later than the day BEFORE the job posting end date.
"
Artificial Intelligence Analyst,SUNY Upstate Medical University,"Syracuse, NY • via Upstate Careers - Upstate Medical University",2025-01-08T11:34:49.256190,,,,,,,,,"Job Summary:

The Artificial Intelligence Analyst will play a crucial role in leveraging advanced data science to assist in engineering AI solutions across the Upstate Academic Medical Center. This position involves collaborating with multiple teams to review external AI solutions; developing in-house tools; and implementing, optimizing and closely monitoring the product's life cycle. This role wi
ll work closely with IMT’s AI Governance Lead to ensure implementation in a manner that aligns with Upstate's mission, vision and values and all relevant laws and regulations.

Responsibilities include, but are not limited to, engaging with teams throughout Upstate to evaluate and implement AI and automation solutions; leading the development of in house AI and machine learning; identifying trustworthy AI and automation solutions to recommend best practices in process improvement; keeping abreast of emerging regulatory guidelines to ensure compliance and address potential gaps; working closely with leadership to ensure project objective are in alignment with organizational goals; creating and maintaining documentation toward explainable AI (XAI) to develop models in a way that are transparent, interpretable, and understandable for individuals who may interact with the systems; delivering projects while working with multiple and diverse teams; maintaining data definitions; adhering to data quality rules and data lineage; and maintaining a data dictionary.

Minimum Qualifications:

Bachelor's degree, preferably in a technical field or data-driven area of study and three years of relevant data science related field required.
• *Candidates who possess at least a Bachelor's degree in a computer related field may be considered for appointment to a lower level position at a commensurate salary.

Strong background in machine learning, natural language processing, and data analysis.

Excellent communication skills to bridge the gap between technical and non-technical teams.

Preferred Qualifications:

Experience with healthcare data (clinical, claims, etc.) is highly desirable.
Experience in analytical and problem-solving and exposure to large volume data systems is preferred.

Work Days:

Monday-Friday. 8pm-4:30pm.

Message to Applicants:

Possible telecommuting opportunity.

Recruitment Office:

Human Resources

Executive Order:

Pursuant to Executive Order 161, no State entity, as defined by the Executive Order, is permitted to ask, or mandate, in any form, that an applicant for employment provide his or her current compensation, or any prior compensation history, until such time as the applicant is extended a conditional offer of employment with compensation. If such information has been requested from you before such time, please contact the Governor's Office of Employee Relations at (518) 474-6988 or via email at info@goer.ny.gov.
"
"Postdoctoral Associate, Large-sample water quality and eXplainable AI",Virginia Tech - Occoquan Watershed Monitoring Laboratory,"Manassas, VA • via AGU Career Center",2025-01-08T11:34:59.079281,"Complete applications should include a curriculum vitae with at least three professional references listed, transcripts (unofficial copies acceptable), and up to two relevant publications
In addition, applicants should include up to a two-page cover letter stating i) their key scientific contributions to date and how the applicant’s previous research relates to this position, ii) the research questions the applicant would like to explore and skills they would like to develop in this position, and iii) how this position will help the applicant achieve their immediate and long-term professional goals","Complete applications should include a curriculum vitae with at least three professional references listed, transcripts (unofficial copies acceptable), and up to two relevant publications; In addition, applicants should include up to a two-page cover letter stating i) their key scientific contributions to date and how the applicant’s previous research relates to this position, ii) the research questions the applicant would like to explore and skills they would like to develop in this position, and iii) how this position will help the applicant achieve their immediate and long-term professional goals","Complete applications should include a curriculum vitae with at least three professional references listed, transcripts (unofficial copies acceptable), and up to two relevant publications
In addition, applicants should include up to a two-page cover letter stating i) their key scientific contributions to date and how the applicant’s previous research relates to this position, ii) the research questions the applicant would like to explore and skills they would like to develop in this position, and iii) how this position will help the applicant achieve their immediate and long-term professional goals","Complete applications should include a curriculum vitae with at least three professional references listed, transcripts (unofficial copies acceptable), and up to two relevant publications; In addition, applicants should include up to a two-page cover letter stating i) their key scientific contributions to date and how the applicant’s previous research relates to this position, ii) the research questions the applicant would like to explore and skills they would like to develop in this position, and iii) how this position will help the applicant achieve their immediate and long-term professional goals",Husic and the candidate at the beginning of the position to determine which opportunities best align with the candidate’s career goals,Husic and the candidate at the beginning of the position to determine which opportunities best align with the candidate’s career goals,Husic and the candidate at the beginning of the position to determine which opportunities best align with the candidate’s career goals,Husic and the candidate at the beginning of the position to determine which opportunities best align with the candidate’s career goals,"The Husic Research Group within the Department of Civil and Environmental Engineering at Virginia Tech is seeking a postdoctoral associate whose research interest relate to leveraging interpretable machine learning to understand how landscape connectivity influences water quality. The selected candidate will work alongside and be mentored by Dr. Admin Husic at the Occoquan Watershed Monitoring Lab
oratory located in Northern Virginia.

The candidate will have the opportunity to contribute on a recent NSF CAREER project that integrates game theory concepts to explain water quality variations across time and space, from local to global scales. The project will leverage large-sample datasets and high-performance computing to advance transferable insights into what controls variable patterns of riverine biogeochemistry. In addition, candidates will have the opportunity to co-develop their own research projects with Prof. Husic.

While the primary focus of this position is to conduct and disseminate research related to human impacts to water quality, the candidate will be provided opportunities to pursue additional career development activities, such as developing new research skills, establishing a professional network, proposal development, mentoring students, preparing research reports, and/or teaching. A mentoring plan will be developed between Prof. Husic and the candidate at the beginning of the position to determine which opportunities best align with the candidate’s career goals. The candidate will be expected to travel to present research at regional and national conferences.

The initial appointment is for a minimum of one-year. The appointment may be extended for one or more years contingent on work performance and available funding. Apply by January 15, 2025 to ensure full consideration by the committee. A second review will occur after February 1, 2025. The position will remain open until filled. The preferred start date is negotiable, but no later than August 2025.

The Charles E. Via Department of Civil and Environmental Engineering (CEE) is home to 55 tenure and tenure-track faculty members, 350 full-time graduate students and 625 undergraduate students, making it among the largest CEE departments in the country. Both the graduate and undergraduate programs are consistently ranked in the top 10 CEE programs nationally by US News.

The Occoquan Watershed Monitoring Laboratory is located in Northern Virginia in the City of Manassas, less than an hour from downtown Washington DC and numerous parks and museums. Northern Virginia is the most populous region of Virginia and the Washington metropolitan area, with several nearby airports, a large job base, and includes numerous public transportation options.

All applications must be submitted through jobs.vt.edu. Complete applications should include a curriculum vitae with at least three professional references listed, transcripts (unofficial copies acceptable), and up to two relevant publications. In addition, applicants should include up to a two-page cover letter stating i) their key scientific contributions to date and how the applicant’s previous research relates to this position, ii) the research questions the applicant would like to explore and skills they would like to develop in this position, and iii) how this position will help the applicant achieve their immediate and long-term professional goals. Letters from references will be requested if selected for an interview. Questions may be directed to Admin Husic at husic@vt.edu.
"
Staff Backend Software Engineer (Hybrid),Fiddler AI,"Palo Alto, CA • via Jobs",2025-01-08T11:35:09.006838,"Masters/Bachelor's Degree in Computer Science or equivalent
7+ years of working experience
Proficiency with Python
Experience working with ML models in production
Experience with common LLM frameworks (Langchain, Llamaindex, RAG, HuggingFace, and eval frameworks like Ragas or Presidio)
Experience debugging and troubleshooting production systems, on call support experience
Experience working with common distributed systems infrastructure: Redis, Postgres, RabbitMQ, Celery, Flask
Nice to have: Knowledge of infrastructure management (AWS / Google Cloud, Kubernetes, or equivalent on-premises technologies)
Nice to have: Experience building large scale distributed systems and working with columnar and vector databases","Masters/Bachelor's Degree in Computer Science or equivalent; 7+ years of working experience; Proficiency with Python; Experience working with ML models in production; Experience with common LLM frameworks (Langchain, Llamaindex, RAG, HuggingFace, and eval frameworks like Ragas or Presidio); Experience debugging and troubleshooting production systems, on call support experience; Experience working with common distributed systems infrastructure: Redis, Postgres, RabbitMQ, Celery, Flask; Nice to have: Knowledge of infrastructure management (AWS / Google Cloud, Kubernetes, or equivalent on-premises technologies); Nice to have: Experience building large scale distributed systems and working with columnar and vector databases","Masters/Bachelor's Degree in Computer Science or equivalent
7+ years of working experience
Proficiency with Python
Experience working with ML models in production
Experience with common LLM frameworks (Langchain, Llamaindex, RAG, HuggingFace, and eval frameworks like Ragas or Presidio)
Experience debugging and troubleshooting production systems, on call support experience
Experience working with common distributed systems infrastructure: Redis, Postgres, RabbitMQ, Celery, Flask
Nice to have: Knowledge of infrastructure management (AWS / Google Cloud, Kubernetes, or equivalent on-premises technologies)
Nice to have: Experience building large scale distributed systems and working with columnar and vector databases","Masters/Bachelor's Degree in Computer Science or equivalent; 7+ years of working experience; Proficiency with Python; Experience working with ML models in production; Experience with common LLM frameworks (Langchain, Llamaindex, RAG, HuggingFace, and eval frameworks like Ragas or Presidio); Experience debugging and troubleshooting production systems, on call support experience; Experience working with common distributed systems infrastructure: Redis, Postgres, RabbitMQ, Celery, Flask; Nice to have: Knowledge of infrastructure management (AWS / Google Cloud, Kubernetes, or equivalent on-premises technologies); Nice to have: Experience building large scale distributed systems and working with columnar and vector databases","Pay Range in San Francisco Bay Area is $190,000 - $220,000
The posted range represents the expected salary range for this job requisition and does not include any other potential components of the compensation package, benefits, and perks previously outlined","Pay Range in San Francisco Bay Area is $190,000 - $220,000; The posted range represents the expected salary range for this job requisition and does not include any other potential components of the compensation package, benefits, and perks previously outlined","Pay Range in San Francisco Bay Area is $190,000 - $220,000
The posted range represents the expected salary range for this job requisition and does not include any other potential components of the compensation package, benefits, and perks previously outlined","Pay Range in San Francisco Bay Area is $190,000 - $220,000; The posted range represents the expected salary range for this job requisition and does not include any other potential components of the compensation package, benefits, and perks previously outlined","Our Purpose

At Fiddler, we understand the implications of AI and the impact that it has on human lives. Our company was born with the mission of building trust into AI. With the rise of the internet, trust in AI has been degraded by a plethora of issues like spam, fraudulent transactions, hate speech, and online abuse. Fiddler enables organizations to get ahead of these issues by building trustwo
rthy, transparent, and explainable AI solutions.

Fiddler partners with AI-first organizations to help build a long-term framework for responsible AI practices, which, in turn, builds trust with their user base. Data Science, MLOps, and business teams use Fiddler AI to monitor, explain, analyze, and improve their AI solutions to identify performance gaps, mitigate bias, and drive better outcomes. Our platform enables engineering teams and business stakeholders alike to understand the “why” and how behind model outcomes.

Our Founders

Fiddler AI is founded by Krishna Gade (engineering leadership at Facebook, Pinterest, Twitter, and Microsoft) and Amit Paka (two-time founder with acquisitions by Samsung and PayPal and product roles at Expedia and Microsoft). We are backed by Insight Partners, Lightspeed Venture Partners, and Lux Capital.

Why Join Us

Our team is motivated to unlock the AI opaque box and help society harness the power of AI. Joining us means you get to make an impact by helping reduce algorithmic bias and ensure that models in production across many different industries are transparent and ethical. We are an early-stage startup and have a rapidly growing team of intelligent and empathetic doers, thinkers, creators, builders, and everyone in between. The AI and ML industry has a rapid pace of innovation and the learning opportunities here are monumental. This is your chance to be a trailblazer.

Fiddler is recognized as a pioneer in the field of AI Observability and has received numerous accolades, including: 2022 a16z Data50 list, 2021 CB Insights AI 100 most promising startups, 2020 WEF Technology Pioneer, 2020 Forbes AI 50 most promising startups of 2020, and a 2019 Gartner Cool Vendor in Enterprise AI Governance and Ethical Response. By joining our brilliant (at least we think so) team, you will help pave the way in the AI Observability space.

The Opportunity

In this role, you will be able to make a real impact on the safety of large language models and generative AI solutions across different verticals. You will work on the cutting edge of envisioning and building new types of tools and algorithms to monitor, explain, and improve such models.

What You'll Do
• Design and build a world-class cloud platform to help enterprises monitor and analyze their ML models, covering both predictive models as well as LLM and Generative models
• Design enterprise-grade, scalable APIs and frameworks to run analysis and validation of customers’ ML models and workflows
• Develop new types of metrics and evaluation methods for quality and robustness of ML models
• Work with product and customer facing teams to enhance and expand our product
• Recommend and implement engineering best practices, improve the functionality of existing software, and ensure that the design, application, and maintenance of software meets quality standards

What We're Looking For
• Masters/Bachelor's Degree in Computer Science or equivalent
• 7+ years of working experience
• Proficiency with Python
• Experience working with ML models in production. Experience with common LLM frameworks (Langchain, Llamaindex, RAG, HuggingFace, and eval frameworks like Ragas or Presidio)
• Experience debugging and troubleshooting production systems, on call support experience
• Experience working with common distributed systems infrastructure: Redis, Postgres, RabbitMQ, Celery, Flask
• Nice to have: Knowledge of infrastructure management (AWS / Google Cloud, Kubernetes, or equivalent on-premises technologies)
• Nice to have: Experience building large scale distributed systems and working with columnar and vector databases

Compensation and In-Office Policy
• Pay Range in San Francisco Bay Area is $190,000 - $220,000
• Fiddler HQ (Palo Alto) is hybrid for all Bay Area employees requiring 2 days a week in the office on Mondays and Thursdays.

The posted range represents the expected salary range for this job requisition and does not include any other potential components of the compensation package, benefits, and perks previously outlined. Ultimately, in determining pay, we'll consider your experience, leveling, location, and other job-related factors.

Fiddler is proud to be an equal opportunity employer. We celebrate diversity and are committed to creating an inclusive environment for all employees.
"
Post-doc Research Scientist in Visual Analytics & eXplainable AI,Bosch Group,United States • via PyJobs,2025-01-08T11:35:18.771052,"Ph.D in Computer Science or related fields
Major in visual analytics, eXplainable AI (XAI), applied machine learning and related fields
Experience in full stack web development with both frontend (e.g., React, Vue.js, and D3.js) and backend (e.g., Flask, Django)
Programming experience with one or more scripting or statistical programming languages (e.g., Python, R)","Ph.D in Computer Science or related fields; Major in visual analytics, eXplainable AI (XAI), applied machine learning and related fields; Experience in full stack web development with both frontend (e.g., React, Vue.js, and D3.js) and backend (e.g., Flask, Django); Programming experience with one or more scripting or statistical programming languages (e.g., Python, R)","Ph.D in Computer Science or related fields
Major in visual analytics, eXplainable AI (XAI), applied machine learning and related fields
Experience in full stack web development with both frontend (e.g., React, Vue.js, and D3.js) and backend (e.g., Flask, Django)
Programming experience with one or more scripting or statistical programming languages (e.g., Python, R)","Ph.D in Computer Science or related fields; Major in visual analytics, eXplainable AI (XAI), applied machine learning and related fields; Experience in full stack web development with both frontend (e.g., React, Vue.js, and D3.js) and backend (e.g., Flask, Django); Programming experience with one or more scripting or statistical programming languages (e.g., Python, R)","The U.S. base salary range for this full-time position is $100,000 - $150,000
Within the range, individual pay is determined based on several factors, including, but not limited to, work experience and job knowledge, complexity of the role, job location, etc
In addition to your base salary, Bosch offers a comprehensive benefits package that includes health, dental, and vision plans; health savings accounts (HSA); flexible spending accounts; 401(K) retirement plan with an attractive employer match; wellness programs; life insurance; short and long term disability insurance; paid time off; parental leave, adoption assistance; and reimbursement of education expenses
Pay ranges included in the postings generally reflect base salary; certain positions may include bonus, commission, or additional benefits","The U.S. base salary range for this full-time position is $100,000 - $150,000; Within the range, individual pay is determined based on several factors, including, but not limited to, work experience and job knowledge, complexity of the role, job location, etc; In addition to your base salary, Bosch offers a comprehensive benefits package that includes health, dental, and vision plans; health savings accounts (HSA); flexible spending accounts; 401(K) retirement plan with an attractive employer match; wellness programs; life insurance; short and long term disability insurance; paid time off; parental leave, adoption assistance; and reimbursement of education expenses; Pay ranges included in the postings generally reflect base salary; certain positions may include bonus, commission, or additional benefits","The U.S. base salary range for this full-time position is $100,000 - $150,000
Within the range, individual pay is determined based on several factors, including, but not limited to, work experience and job knowledge, complexity of the role, job location, etc
In addition to your base salary, Bosch offers a comprehensive benefits package that includes health, dental, and vision plans; health savings accounts (HSA); flexible spending accounts; 401(K) retirement plan with an attractive employer match; wellness programs; life insurance; short and long term disability insurance; paid time off; parental leave, adoption assistance; and reimbursement of education expenses
Pay ranges included in the postings generally reflect base salary; certain positions may include bonus, commission, or additional benefits","The U.S. base salary range for this full-time position is $100,000 - $150,000; Within the range, individual pay is determined based on several factors, including, but not limited to, work experience and job knowledge, complexity of the role, job location, etc; In addition to your base salary, Bosch offers a comprehensive benefits package that includes health, dental, and vision plans; health savings accounts (HSA); flexible spending accounts; 401(K) retirement plan with an attractive employer match; wellness programs; life insurance; short and long term disability insurance; paid time off; parental leave, adoption assistance; and reimbursement of education expenses; Pay ranges included in the postings generally reflect base salary; certain positions may include bonus, commission, or additional benefits","Company Description

The Bosch Research and Technology Center North America with offices in Sunnyvale, California, Pittsburgh, Pennsylvania and Cambridge, Massachusetts is a part of the global Bosch Group (www.bosch.com), a company with over 70 billion euro revenue, 400,000 employees worldwide, a very diverse product portfolio, and a history spanning over 125 years. The Research and Technology Cen
ter North America (RTC-NA) is dedicated to providing technologies and system solutions for various Bosch business fields, primarily in the field of artificial intelligence (for example, human-assisted AI, natural language processing, robotics, 3D perception, and AI platform), energy technologies, internet technologies, circuit design, semiconductors and wireless, as well as advanced MEMS design.

Our global research on human-machine intelligence focuses on Big Data Visual Analytics, Explainable AI (XAI), Audio Analytics, Natural Language Processing, Knowledge Engineering, XR/AR/MR, 3D Perception, and Cloud Robotics. We develop intelligent and trustworthy AIoT solutions to enable inspiring UX for Bosch products and services in application areas such as autonomous driving, driver assistance systems (ADAS), robotics, smart manufacturing, health care, smart home and building solutions.

As a part of the global Human Machine Collaboration (HMC) research unit, our Visual Analytics & eXplainable AI group is responsible for shaping the future industrial AI experience for Bosch products and services by combining cutting-edge technologies of machine learning, data analysis and interactive visualization. We research and develop scalable, transparent, and intelligent big data analytic solutions (e.g., audio, images, sensor logs) for various domains including Industry 4.0 (I4.0), IoT, autonomous driving, connected vehicles, etc. With our award-winning talents (IEEE VIS best paper & best paper runner-ups), we also actively collaborate with leading groups in academia and industry to promote research ideas and publish research findings in internationally renowned conferences and journals, e.g., IEEE VIS, TVCG, SIGKDD, NeurIPS, AAAI, ICML, ICASSP, Interspeech, and IEEE Signal Processing Magazine.
Job Description

In this position you will be responsible for:
• Conduct advanced research and engineering in visual analytics and eXplainable AI (XAI) for related business domains of autonomous driving, connected vehicles, Industry 4.0, IoT, car multimedia etc.
• Apply research results to real-world use cases with high quality implementation.
• Integrate the resulting systems/software into existing Bosch platforms.
• Summarize research findings in high-quality paper and patent submissions.

Qualifications

Basic Qualifications:
• Ph.D in Computer Science or related fields
• Major in visual analytics, eXplainable AI (XAI), applied machine learning and related fields
• Experience in full stack web development with both frontend (e.g., React, Vue.js, and D3.js) and backend (e.g., Flask, Django)
• Programming experience with one or more scripting or statistical programming languages (e.g., Python, R)

Preferred Qualifications:
• Publications in top venues of visualization, data mining, or machine learning research (e.g., IEEE VIS, TVCG, SIGKDD, NeurIPS, CVPR, AAAI, ICML, and ICLR);
• Knowledge in machine learning and data mining, with application to eXplainable AI, high-dimensional data analysis, event sequence/log mining and computer vision
• Familiar with one or more main-stream machine learning platforms (e.g., scikit-learn, TensorFlow, and PyTorch)
• Experience in human-in-the-loop and human-AI teaming research methods
• Experience in conducting mixed-method user research (e.g., surveys, controlled experiments, interviews, etc)
• Knowledge in interaction and user experience design.
• Good communication and teamwork skills.

Additional Information

BOSCH is a proud supporter of STEM (Science, Technology, Engineering & Mathematics) Initiatives
• FIRST Robotics (For Inspiration and Recognition of Science and Technology)
• AWIM (A World In Motion)

By choice, we are committed to a diverse workforce – EOE/Protected Veteran/Disabled.

For more information on our culture and benefits, please visit:

Culture and Benefits | Bosch in the USA

The U.S. base salary range for this full-time position is $100,000 - $150,000. Within the range, individual pay is determined based on several factors, including, but not limited to, work experience and job knowledge, complexity of the role, job location, etc. Your Recruiter can share more details about the specific salary range for this position during the interview process.

In addition to your base salary, Bosch offers a comprehensive benefits package that includes health, dental, and vision plans; health savings accounts (HSA); flexible spending accounts; 401(K) retirement plan with an attractive employer match; wellness programs; life insurance; short and long term disability insurance; paid time off; parental leave, adoption assistance; and reimbursement of education expenses. Learn more about our full benefits offerings by visiting: https://www.myboschbenefits.com/public/welcome. Pay ranges included in the postings generally reflect base salary; certain positions may include bonus, commission, or additional benefits.
"
Staff Backend Software Engineer (India),Fiddler AI,"Palo Alto, CA • via Jobs",2025-01-08T11:35:28.627868,"Masters/Bachelor's Degree in Computer Science or equivalent
10+ years of working experience
Proficiency with Python
Experience working with ML models in production
Experience with common LLM frameworks (Langchain, Llamaindex, RAG, HuggingFace, and eval frameworks like Ragas or Presidio)
Experience debugging and troubleshooting production systems, on call support experience
Experience working with common distributed systems infrastructure: Redis, Postgres, RabbitMQ, Celery, Flask
Nice to have: Knowledge of infrastructure management (AWS / Google Cloud, Kubernetes, or equivalent on-premises technologies)
Nice to have: Experience building large scale distributed systems and working with columnar and vector databases","Masters/Bachelor's Degree in Computer Science or equivalent; 10+ years of working experience; Proficiency with Python; Experience working with ML models in production; Experience with common LLM frameworks (Langchain, Llamaindex, RAG, HuggingFace, and eval frameworks like Ragas or Presidio); Experience debugging and troubleshooting production systems, on call support experience; Experience working with common distributed systems infrastructure: Redis, Postgres, RabbitMQ, Celery, Flask; Nice to have: Knowledge of infrastructure management (AWS / Google Cloud, Kubernetes, or equivalent on-premises technologies); Nice to have: Experience building large scale distributed systems and working with columnar and vector databases","Masters/Bachelor's Degree in Computer Science or equivalent
10+ years of working experience
Proficiency with Python
Experience working with ML models in production
Experience with common LLM frameworks (Langchain, Llamaindex, RAG, HuggingFace, and eval frameworks like Ragas or Presidio)
Experience debugging and troubleshooting production systems, on call support experience
Experience working with common distributed systems infrastructure: Redis, Postgres, RabbitMQ, Celery, Flask
Nice to have: Knowledge of infrastructure management (AWS / Google Cloud, Kubernetes, or equivalent on-premises technologies)
Nice to have: Experience building large scale distributed systems and working with columnar and vector databases","Masters/Bachelor's Degree in Computer Science or equivalent; 10+ years of working experience; Proficiency with Python; Experience working with ML models in production; Experience with common LLM frameworks (Langchain, Llamaindex, RAG, HuggingFace, and eval frameworks like Ragas or Presidio); Experience debugging and troubleshooting production systems, on call support experience; Experience working with common distributed systems infrastructure: Redis, Postgres, RabbitMQ, Celery, Flask; Nice to have: Knowledge of infrastructure management (AWS / Google Cloud, Kubernetes, or equivalent on-premises technologies); Nice to have: Experience building large scale distributed systems and working with columnar and vector databases",,,,,"Our Purpose

At Fiddler, we understand the implications of AI and the impact that it has on human lives. Our company was born with the mission of building trust into AI. With the rise of the internet, trust in AI has been degraded by a plethora of issues like spam, fraudulent transactions, hate speech, and online abuse. Fiddler enables organizations to get ahead of these issues by building trustwo
rthy, transparent, and explainable AI solutions.

Fiddler partners with AI-first organizations to help build a long-term framework for responsible AI practices, which, in turn, builds trust with their user base. Data Science, MLOps, and business teams use Fiddler AI to monitor, explain, analyze, and improve their AI solutions to identify performance gaps, mitigate bias, and drive better outcomes. Our platform enables engineering teams and business stakeholders alike to understand the “why” and how behind model outcomes.

Our Founders

Fiddler AI is founded by Krishna Gade (engineering leadership at Facebook, Pinterest, Twitter, and Microsoft) and Amit Paka (two-time founder with acquisitions by Samsung and PayPal and product roles at Expedia and Microsoft). We are backed by Insight Partners, Lightspeed Venture Partners, and Lux Capital.

Why Join Us

Our team is motivated to unlock the AI opaque box and help society harness the power of AI. Joining us means you get to make an impact by helping reduce algorithmic bias and ensure that models in production across many different industries are transparent and ethical. We are an early-stage startup and have a rapidly growing team of intelligent and empathetic doers, thinkers, creators, builders, and everyone in between. The AI and ML industry has a rapid pace of innovation and the learning opportunities here are monumental. This is your chance to be a trailblazer.

Fiddler is recognized as a pioneer in the field of AI Observability and has received numerous accolades, including: 2022 a16z Data50 list, 2021 CB Insights AI 100 most promising startups, 2020 WEF Technology Pioneer, 2020 Forbes AI 50 most promising startups of 2020, and a 2019 Gartner Cool Vendor in Enterprise AI Governance and Ethical Response. By joining our brilliant (at least we think so) team, you will help pave the way in the AI Observability space.

The Opportunity

In this role, you will be able to make a real impact on the safety of large language models and generative AI solutions across different verticals. You will work on the cutting edge of envisioning and building new types of tools and algorithms to monitor, explain, and improve such models.

What You'll Do
• Design and build a world-class cloud platform to help enterprises monitor and analyze their ML models, covering both predictive models as well as LLM and Generative models
• Design enterprise-grade, scalable APIs and frameworks to run analysis and validation of customers’ ML models and workflows
• Develop new types of metrics and evaluation methods for quality and robustness of ML models
• Work with product and customer facing teams to enhance and expand our product
• Recommend and implement engineering best practices, improve the functionality of existing software, and ensure that the design, application, and maintenance of software meets quality standards

What We're Looking For
• Masters/Bachelor's Degree in Computer Science or equivalent
• 10+ years of working experience
• Proficiency with Python
• Experience working with ML models in production. Experience with common LLM frameworks (Langchain, Llamaindex, RAG, HuggingFace, and eval frameworks like Ragas or Presidio)
• Experience debugging and troubleshooting production systems, on call support experience
• Experience working with common distributed systems infrastructure: Redis, Postgres, RabbitMQ, Celery, Flask
• Nice to have: Knowledge of infrastructure management (AWS / Google Cloud, Kubernetes, or equivalent on-premises technologies)
• Nice to have: Experience building large scale distributed systems and working with columnar and vector databases
"
Staff Backend Software Engineer (Hybrid),Fiddler AI,"San Francisco, CA • via LinkedIn",2025-01-08T11:35:38.381781,"Masters/Bachelor's Degree in Computer Science or equivalent
7+ years of working experience
Proficiency with Python
Experience working with ML models in production
Experience with common LLM frameworks (Langchain, Llamaindex, RAG, HuggingFace, and eval frameworks like Ragas or Presidio)
Experience debugging and troubleshooting production systems, on call support experience
Experience working with common distributed systems infrastructure: Redis, Postgres, RabbitMQ, Celery, Flask
Nice to have: Knowledge of infrastructure management (AWS / Google Cloud, Kubernetes, or equivalent on-premises technologies)
Nice to have: Experience building large scale distributed systems and working with columnar and vector databases","Masters/Bachelor's Degree in Computer Science or equivalent; 7+ years of working experience; Proficiency with Python; Experience working with ML models in production; Experience with common LLM frameworks (Langchain, Llamaindex, RAG, HuggingFace, and eval frameworks like Ragas or Presidio); Experience debugging and troubleshooting production systems, on call support experience; Experience working with common distributed systems infrastructure: Redis, Postgres, RabbitMQ, Celery, Flask; Nice to have: Knowledge of infrastructure management (AWS / Google Cloud, Kubernetes, or equivalent on-premises technologies); Nice to have: Experience building large scale distributed systems and working with columnar and vector databases","Masters/Bachelor's Degree in Computer Science or equivalent
7+ years of working experience
Proficiency with Python
Experience working with ML models in production
Experience with common LLM frameworks (Langchain, Llamaindex, RAG, HuggingFace, and eval frameworks like Ragas or Presidio)
Experience debugging and troubleshooting production systems, on call support experience
Experience working with common distributed systems infrastructure: Redis, Postgres, RabbitMQ, Celery, Flask
Nice to have: Knowledge of infrastructure management (AWS / Google Cloud, Kubernetes, or equivalent on-premises technologies)
Nice to have: Experience building large scale distributed systems and working with columnar and vector databases","Masters/Bachelor's Degree in Computer Science or equivalent; 7+ years of working experience; Proficiency with Python; Experience working with ML models in production; Experience with common LLM frameworks (Langchain, Llamaindex, RAG, HuggingFace, and eval frameworks like Ragas or Presidio); Experience debugging and troubleshooting production systems, on call support experience; Experience working with common distributed systems infrastructure: Redis, Postgres, RabbitMQ, Celery, Flask; Nice to have: Knowledge of infrastructure management (AWS / Google Cloud, Kubernetes, or equivalent on-premises technologies); Nice to have: Experience building large scale distributed systems and working with columnar and vector databases","Pay Range in San Francisco Bay Area is $190,000 - $220,000
The posted range represents the expected salary range for this job requisition and does not include any other potential components of the compensation package, benefits, and perks previously outlined","Pay Range in San Francisco Bay Area is $190,000 - $220,000; The posted range represents the expected salary range for this job requisition and does not include any other potential components of the compensation package, benefits, and perks previously outlined","Pay Range in San Francisco Bay Area is $190,000 - $220,000
The posted range represents the expected salary range for this job requisition and does not include any other potential components of the compensation package, benefits, and perks previously outlined","Pay Range in San Francisco Bay Area is $190,000 - $220,000; The posted range represents the expected salary range for this job requisition and does not include any other potential components of the compensation package, benefits, and perks previously outlined","Our Purpose

At Fiddler, we understand the implications of AI and the impact that it has on human lives. Our company was born with the mission of building trust into AI. With the rise of the internet, trust in AI has been degraded by a plethora of issues like spam, fraudulent transactions, hate speech, and online abuse. Fiddler enables organizations to get ahead of these issues by building trustwo
rthy, transparent, and explainable AI solutions.

Fiddler partners with AI-first organizations to help build a long-term framework for responsible AI practices, which, in turn, builds trust with their user base. Data Science, MLOps, and business teams use Fiddler AI to monitor, explain, analyze, and improve their AI solutions to identify performance gaps, mitigate bias, and drive better outcomes. Our platform enables engineering teams and business stakeholders alike to understand the “why” and how behind model outcomes.

Our Founders

Fiddler AI is founded by Krishna Gade (engineering leadership at Facebook, Pinterest, Twitter, and Microsoft) and Amit Paka (two-time founder with acquisitions by Samsung and PayPal and product roles at Expedia and Microsoft). We are backed by Insight Partners, Lightspeed Venture Partners, and Lux Capital.

Why Join Us

Our team is motivated to unlock the AI opaque box and help society harness the power of AI. Joining us means you get to make an impact by helping reduce algorithmic bias and ensure that models in production across many different industries are transparent and ethical. We are an early-stage startup and have a rapidly growing team of intelligent and empathetic doers, thinkers, creators, builders, and everyone in between. The AI and ML industry has a rapid pace of innovation and the learning opportunities here are monumental. This is your chance to be a trailblazer.

Fiddler is recognized as a pioneer in the field of AI Observability and has received numerous accolades, including: 2022 a16z Data50 list, 2021 CB Insights AI 100 most promising startups, 2020 WEF Technology Pioneer, 2020 Forbes AI 50 most promising startups of 2020, and a 2019 Gartner Cool Vendor in Enterprise AI Governance and Ethical Response. By joining our brilliant (at least we think so) team, you will help pave the way in the AI Observability space.

The Opportunity

In this role, you will be able to make a real impact on the safety of large language models and generative AI solutions across different verticals. You will work on the cutting edge of envisioning and building new types of tools and algorithms to monitor, explain, and improve such models.

What You'll Do
• Design and build a world-class cloud platform to help enterprises monitor and analyze their ML models, covering both predictive models as well as LLM and Generative models
• Design enterprise-grade, scalable APIs and frameworks to run analysis and validation of customers’ ML models and workflows
• Develop new types of metrics and evaluation methods for quality and robustness of ML models
• Work with product and customer facing teams to enhance and expand our product
• Recommend and implement engineering best practices, improve the functionality of existing software, and ensure that the design, application, and maintenance of software meets quality standards

What We're Looking For
• Masters/Bachelor's Degree in Computer Science or equivalent
• 7+ years of working experience
• Proficiency with Python
• Experience working with ML models in production. Experience with common LLM frameworks (Langchain, Llamaindex, RAG, HuggingFace, and eval frameworks like Ragas or Presidio)
• Experience debugging and troubleshooting production systems, on call support experience
• Experience working with common distributed systems infrastructure: Redis, Postgres, RabbitMQ, Celery, Flask
• Nice to have: Knowledge of infrastructure management (AWS / Google Cloud, Kubernetes, or equivalent on-premises technologies)
• Nice to have: Experience building large scale distributed systems and working with columnar and vector databases

Compensation and In-Office Policy
• Pay Range in San Francisco Bay Area is $190,000 - $220,000
• Fiddler HQ (Palo Alto) is hybrid for all Bay Area employees requiring 2 days a week in the office on Mondays and Thursdays.

The posted range represents the expected salary range for this job requisition and does not include any other potential components of the compensation package, benefits, and perks previously outlined. Ultimately, in determining pay, we'll consider your experience, leveling, location, and other job-related factors.

Fiddler is proud to be an equal opportunity employer. We celebrate diversity and are committed to creating an inclusive environment for all employees.
"
"Senior Manager, Demand Generation (West, Remote or Hybrid)",Fiddler AI,Anywhere • via Built In,2025-01-08T11:35:48.320958,"This is a highly visible role for someone who wants to make a mark on the company’s growth trajectory
You enjoy being strategic and execution driven
You like to build, experiment, analyze, and optimize
Understanding the technical aspects of AI and ML is key and tying it back to content and demand strategy is important
The marketing team thrives on no job is too big or too small and juggling a variety of tasks while wearing more than one hat
Bachelor’s degree in Business, Marketing, or a technical/quantitative field
7+ years of B2B demand generation experience in SaaS
Strong analytical skills and the ability to connect the dots across the gamut of demand generation to tell a performance story
Strong project management skills to manage multiple projects simultaneously and methodically
Ability to thrive in a fast-paced, ever-changing startup environment, and adapt to changing priorities and challenges
A growth mindset and willingness to learn and continuously improve
Comfort with ambiguity and uncertainty, and a proactive problem-solving approach
Strong sense of ownership and accountability for outcomes
Preferably Hybrid with at least 1 day a week in the Palo Alto office
Will consider full remote for a strong candidate on the West Coast","This is a highly visible role for someone who wants to make a mark on the company’s growth trajectory; You enjoy being strategic and execution driven; You like to build, experiment, analyze, and optimize; Understanding the technical aspects of AI and ML is key and tying it back to content and demand strategy is important; The marketing team thrives on no job is too big or too small and juggling a variety of tasks while wearing more than one hat; Bachelor’s degree in Business, Marketing, or a technical/quantitative field; 7+ years of B2B demand generation experience in SaaS; Strong analytical skills and the ability to connect the dots across the gamut of demand generation to tell a performance story; Strong project management skills to manage multiple projects simultaneously and methodically; Ability to thrive in a fast-paced, ever-changing startup environment, and adapt to changing priorities and challenges; A growth mindset and willingness to learn and continuously improve; Comfort with ambiguity and uncertainty, and a proactive problem-solving approach; Strong sense of ownership and accountability for outcomes; Preferably Hybrid with at least 1 day a week in the Palo Alto office; Will consider full remote for a strong candidate on the West Coast","This is a highly visible role for someone who wants to make a mark on the company’s growth trajectory
You enjoy being strategic and execution driven
You like to build, experiment, analyze, and optimize
Understanding the technical aspects of AI and ML is key and tying it back to content and demand strategy is important
The marketing team thrives on no job is too big or too small and juggling a variety of tasks while wearing more than one hat
Bachelor’s degree in Business, Marketing, or a technical/quantitative field
7+ years of B2B demand generation experience in SaaS
Strong analytical skills and the ability to connect the dots across the gamut of demand generation to tell a performance story
Strong project management skills to manage multiple projects simultaneously and methodically
Ability to thrive in a fast-paced, ever-changing startup environment, and adapt to changing priorities and challenges
A growth mindset and willingness to learn and continuously improve
Comfort with ambiguity and uncertainty, and a proactive problem-solving approach
Strong sense of ownership and accountability for outcomes
Preferably Hybrid with at least 1 day a week in the Palo Alto office
Will consider full remote for a strong candidate on the West Coast","This is a highly visible role for someone who wants to make a mark on the company’s growth trajectory; You enjoy being strategic and execution driven; You like to build, experiment, analyze, and optimize; Understanding the technical aspects of AI and ML is key and tying it back to content and demand strategy is important; The marketing team thrives on no job is too big or too small and juggling a variety of tasks while wearing more than one hat; Bachelor’s degree in Business, Marketing, or a technical/quantitative field; 7+ years of B2B demand generation experience in SaaS; Strong analytical skills and the ability to connect the dots across the gamut of demand generation to tell a performance story; Strong project management skills to manage multiple projects simultaneously and methodically; Ability to thrive in a fast-paced, ever-changing startup environment, and adapt to changing priorities and challenges; A growth mindset and willingness to learn and continuously improve; Comfort with ambiguity and uncertainty, and a proactive problem-solving approach; Strong sense of ownership and accountability for outcomes; Preferably Hybrid with at least 1 day a week in the Palo Alto office; Will consider full remote for a strong candidate on the West Coast","Pay Range in San Francisco California is $150,000 - $175,000
The posted range represents the expected salary range for this job requisition and does not include any other potential components of the compensation package, benefits, and perks previously outlined","Pay Range in San Francisco California is $150,000 - $175,000; The posted range represents the expected salary range for this job requisition and does not include any other potential components of the compensation package, benefits, and perks previously outlined","Pay Range in San Francisco California is $150,000 - $175,000
The posted range represents the expected salary range for this job requisition and does not include any other potential components of the compensation package, benefits, and perks previously outlined","Pay Range in San Francisco California is $150,000 - $175,000; The posted range represents the expected salary range for this job requisition and does not include any other potential components of the compensation package, benefits, and perks previously outlined","Our Purpose

At Fiddler, we understand the implications of AI and the impact that it has on human lives. Our company was born with the mission of building trust into AI. With the rise of the internet, trust in AI has been degraded by a plethora of issues like spam, fraudulent transactions, hate speech, and online abuse. Fiddler enables organizations to get ahead of these issues by building trustwo
rthy, transparent, and explainable AI solutions.

Fiddler partners with AI-first organizations to help build a long-term framework for responsible AI practices, which, in turn, builds trust with their user base. Data Science, MLOps, and business teams use Fiddler AI to monitor, explain, analyze, and improve their AI solutions to identify performance gaps, mitigate bias, and drive better outcomes. Our platform enables engineering teams and business stakeholders alike to understand the “why” and how behind model outcomes.

Our Founders

Fiddler AI is founded by Krishna Gade (engineering leadership at Facebook, Pinterest, Twitter, and Microsoft) and Amit Paka (two-time founder with acquisitions by Samsung and PayPal and product roles at Expedia and Microsoft). We are backed by Insight Partners, Lightspeed Venture Partners, and Lux Capital.

Why Join Us

Our team is motivated to unlock the AI opaque box and help society harness the power of AI. Joining us means you get to make an impact by helping reduce algorithmic bias and ensure that models in production across many different industries are transparent and ethical. We are an early-stage startup and have a rapidly growing team of intelligent and empathetic doers, thinkers, creators, builders, and everyone in between. The AI and ML industry has a rapid pace of innovation and the learning opportunities here are monumental. This is your chance to be a trailblazer.

Fiddler is recognized as a pioneer in the field of AI Observability and has received numerous accolades, including: 2022 a16z Data50 list, 2021 CB Insights AI 100 most promising startups, 2020 WEF Technology Pioneer, 2020 Forbes AI 50 most promising startups of 2020, and a 2019 Gartner Cool Vendor in Enterprise AI Governance and Ethical Response. By joining our brilliant (at least we think so) team, you will help pave the way in the AI Observability space.

The Opportunity

We’re looking for a contemporary, experienced, and motivated Senior Manager of Demand Gen to lead, manage, and execute all aspects of our pipeline generation and growth initiatives. This is a highly visible role for someone who wants to make a mark on the company’s growth trajectory. You enjoy being strategic and execution driven. You like to build, experiment, analyze, and optimize. Understanding the technical aspects of AI and ML is key and tying it back to content and demand strategy is important.

The marketing team thrives on no job is too big or too small and juggling a variety of tasks while wearing more than one hat. We are laser-focused on execution and data-driven.

What You'll Do:
• Pipeline: Build, measure, and optimize the demand generation pipeline through a variety of channels that resonate with our audience
• Analysis: Monitor key metrics and data across programs, the customer journey, and their impact on the funnel
• Journey: Develop a deep understanding of the target audience and their preferences, using market research and customer data analysis
• Content: Collaborate on content marketing efforts to develop high-quality, engaging content to drive user engagement and conversions
• Experimentation: Iterate on hypotheses and design experiments to test different marketing strategies, creative assets, and messaging for continuous improvement and discovery
• AI-forward: Stay current on emerging marketing technologies and trends, including AI and machine learning, to ensure a cutting-edge approach to demand generation

What We're Looking For:
• Bachelor’s degree in Business, Marketing, or a technical/quantitative field
• 7+ years of B2B demand generation experience in SaaS
• Strong analytical skills and the ability to connect the dots across the gamut of demand generation to tell a performance story
• Strong project management skills to manage multiple projects simultaneously and methodically
• Ability to thrive in a fast-paced, ever-changing startup environment, and adapt to changing priorities and challenges
• A growth mindset and willingness to learn and continuously improve
• Comfort with ambiguity and uncertainty, and a proactive problem-solving approach
• Strong sense of ownership and accountability for outcomes
• Preferably Hybrid with at least 1 day a week in the Palo Alto office. Will consider full remote for a strong candidate on the West Coast

Pay Range in San Francisco California is $150,000 - $175,000

The posted range represents the expected salary range for this job requisition and does not include any other potential components of the compensation package, benefits, and perks previously outlined. Ultimately, in determining pay, we'll consider your experience, leveling, location, and other job-related factors.

Fiddler is proud to be an equal-opportunity employer. We celebrate diversity and are committed to creating an inclusive environment for all employees.
"
Request for Proposals: Grant Award Prediction Tool with Explainable Insights,Upwork,Anywhere • via Upwork,2025-01-08T11:35:58.335110,"The project seeks a solution that is not only effective but also explainable, ensures clarity, and usability for grant writers who are both experienced and novice, throughout the writing process
Please outline your qualifications, previous relevant projects, and a brief explanation of your approach to this project
Proposals should be submitted prior to Zoom call, detailing candidate's planned approach, timeline, and budget according to the proposal requirements below and addressing the deliverables
Your proposal must be clear, understandable, without jargon, and not apparently written by AI
Minimum 5 years of hands-on experience with NLP projects and their deployments
Machine learning and data science text processing knowledge
Have the ability to read state-of-the-art technical academic articles and make them available for use in the project
Knowledge and skills in using C, C++, and/or Python programming languages
Have experience using TensorFlow, PyTorch, Transformers, LangChain, etc
Git and GitHub knowledge
Cloud computing knowledge on AWS, GCP, Hugging Face, or Lambda Labs
Effective technical and nontechnical communication skills
Adherence to confidentiality with agreed remedies for confidentiality breach
Credibility and believability in the proposed solution to meet our goal
Your solution predicts Award/Not-Awarded/Scored and why that prediction was made via “explainable AI”
Clarity and simplicity of approach
Your credentials, experience, and track record in solving similar problems
Cost and expected adherence to the proposed budget","The project seeks a solution that is not only effective but also explainable, ensures clarity, and usability for grant writers who are both experienced and novice, throughout the writing process; Please outline your qualifications, previous relevant projects, and a brief explanation of your approach to this project; Proposals should be submitted prior to Zoom call, detailing candidate's planned approach, timeline, and budget according to the proposal requirements below and addressing the deliverables; Your proposal must be clear, understandable, without jargon, and not apparently written by AI; Minimum 5 years of hands-on experience with NLP projects and their deployments; Machine learning and data science text processing knowledge; Have the ability to read state-of-the-art technical academic articles and make them available for use in the project; Knowledge and skills in using C, C++, and/or Python programming languages; Have experience using TensorFlow, PyTorch, Transformers, LangChain, etc; Git and GitHub knowledge; Cloud computing knowledge on AWS, GCP, Hugging Face, or Lambda Labs; Effective technical and nontechnical communication skills; Adherence to confidentiality with agreed remedies for confidentiality breach; Credibility and believability in the proposed solution to meet our goal; Your solution predicts Award/Not-Awarded/Scored and why that prediction was made via “explainable AI”; Clarity and simplicity of approach; Your credentials, experience, and track record in solving similar problems; Cost and expected adherence to the proposed budget","The project seeks a solution that is not only effective but also explainable, ensures clarity, and usability for grant writers who are both experienced and novice, throughout the writing process
Please outline your qualifications, previous relevant projects, and a brief explanation of your approach to this project
Proposals should be submitted prior to Zoom call, detailing candidate's planned approach, timeline, and budget according to the proposal requirements below and addressing the deliverables
Your proposal must be clear, understandable, without jargon, and not apparently written by AI
Minimum 5 years of hands-on experience with NLP projects and their deployments
Machine learning and data science text processing knowledge
Have the ability to read state-of-the-art technical academic articles and make them available for use in the project
Knowledge and skills in using C, C++, and/or Python programming languages
Have experience using TensorFlow, PyTorch, Transformers, LangChain, etc
Git and GitHub knowledge
Cloud computing knowledge on AWS, GCP, Hugging Face, or Lambda Labs
Effective technical and nontechnical communication skills
Adherence to confidentiality with agreed remedies for confidentiality breach
Credibility and believability in the proposed solution to meet our goal
Your solution predicts Award/Not-Awarded/Scored and why that prediction was made via “explainable AI”
Clarity and simplicity of approach
Your credentials, experience, and track record in solving similar problems
Cost and expected adherence to the proposed budget","The project seeks a solution that is not only effective but also explainable, ensures clarity, and usability for grant writers who are both experienced and novice, throughout the writing process; Please outline your qualifications, previous relevant projects, and a brief explanation of your approach to this project; Proposals should be submitted prior to Zoom call, detailing candidate's planned approach, timeline, and budget according to the proposal requirements below and addressing the deliverables; Your proposal must be clear, understandable, without jargon, and not apparently written by AI; Minimum 5 years of hands-on experience with NLP projects and their deployments; Machine learning and data science text processing knowledge; Have the ability to read state-of-the-art technical academic articles and make them available for use in the project; Knowledge and skills in using C, C++, and/or Python programming languages; Have experience using TensorFlow, PyTorch, Transformers, LangChain, etc; Git and GitHub knowledge; Cloud computing knowledge on AWS, GCP, Hugging Face, or Lambda Labs; Effective technical and nontechnical communication skills; Adherence to confidentiality with agreed remedies for confidentiality breach; Credibility and believability in the proposed solution to meet our goal; Your solution predicts Award/Not-Awarded/Scored and why that prediction was made via “explainable AI”; Clarity and simplicity of approach; Your credentials, experience, and track record in solving similar problems; Cost and expected adherence to the proposed budget",Candidates with compelling proposals will be compensated between $150 - $250 after the Zoom call,Candidates with compelling proposals will be compensated between $150 - $250 after the Zoom call,Candidates with compelling proposals will be compensated between $150 - $250 after the Zoom call,Candidates with compelling proposals will be compensated between $150 - $250 after the Zoom call,"Seeking Part 1 applications not later than Monday, 16 Dec 2024.

Grant Engine invites proposals from experienced machine learning experts with prediction algorithm experience in a natural language processing (NLP) environment to develop a Grant Award Prediction Tool. This tool aims to maximize the success rate of grant proposals by offering predictive insights, targeted feedback, and iterative gui
dance throughout the grant writing process. The project seeks a solution that is not only effective but also explainable, ensures clarity, and usability for grant writers who are both experienced and novice, throughout the writing process.

Objective:
• The primary goal of this project is to develop a prediction engine that evaluates grant proposals based on historical awarded/accepted grants, providing:
• Similarity Accuracy: Insights into the likelihood of a grant being awarded.
• Explainability: Feedback on “why” and “why not” with respect to whether the grant will win.
• Iterative Feedback: Integrate a feature that reviews each part of the grant application (such as flow, clarity, technical detail, and terminology) and offers constructive feedback to guide the applicant toward a more favorable evaluation.
• Simplicity in Design: While incorporating advanced features, the core interface and functionality of the tool must remain user-friendly and intuitive.

Available Data: Grant Engine will provide a dataset of both awarded and non-awarded proposals and written feedback, with a total data set of at least 350 grants and possibly 500. The dataset includes examples from SBIR and STTR programs with varying scopes, such as Phase I, Phase II, and Fast-Track. These grants span multiple agency types, including NIH, NSF, DOD, and others. Files are available in PDF or Word format and often include figures and graphs. For each grant, written feedback in the form of a Summary Statement that includes scores and written feedback aligned against scoring criteria.

There will be a 2-step evaluation process:

1. Initial Screening: Submission of CV/Resume and a narrative. Please outline your qualifications, previous relevant projects, and a brief explanation of your approach to this project. Applications are due on or before Monday, 16 Dec 2024.

2. Proposal Submission and Interview: Shortlisted candidates will be invited to submit a full proposal technical interview over Zoom. Proposals should be submitted prior to Zoom call, detailing candidate's planned approach, timeline, and budget according to the proposal requirements below and addressing the deliverables. Candidates with compelling proposals will be compensated between $150 - $250 after the Zoom call.

Contractor Role: Candidates whose proposals are accepted will be hired as contractors to develop and implement the prediction tool. They will work in close partnership with our tech lead and the GE team to ensure that the tool integrates smoothly and functions effectively within our existing processes.

Deliverables:

- Detailed roadmap and project plan

- Steps of explainable data analysis to understand the complexity of data

- List of LLM and Gen AI tools planned to use in the project plan

- Tentative estimated timeline

- Project Folder: source code, report for each milestone, demo showing how the project works, technical documentation of the project, and pre-determined test cases (to make sure the project provides a solution to each test case).

Proposal Requirements

Applicants should include the following in their proposals:

- Your proposal must be clear, understandable, without jargon, and not apparently written by AI.

- Meet the project goals and scope.

- Outline your proposed methodology and technologies.

- Provide detailed estimates of compute resources required to complete the project.

- Provide details of the team’s expertise in machine learning and project management.

- Offer a detailed project timeline with milestones for each phase.

- Provide a cost estimate, including a breakdown of expenses.

- Include case studies or references for similar projects.

Technical Expertise:
• Minimum 5 years of hands-on experience with NLP projects and their deployments
• Machine learning and data science text processing knowledge
• Minimum MS degree in NLP and relevant fields (PhD preferred)
• Have the ability to read state-of-the-art technical academic articles and make them available for use in the project
• Knowledge and skills in using C, C++, and/or Python programming languages
• Have experience using TensorFlow, PyTorch, Transformers, LangChain, etc
• Git and GitHub knowledge
• Cloud computing knowledge on AWS, GCP, Hugging Face, or Lambda Labs
• Effective technical and nontechnical communication skills

Proposal Selection Criteria:
• Adherence to confidentiality with agreed remedies for confidentiality breach
• Credibility and believability in the proposed solution to meet our goal
• Your solution predicts Award/Not-Awarded/Scored and why that prediction was made via “explainable AI”
• Clarity and simplicity of approach
• Your credentials, experience, and track record in solving similar problems
• Cost and expected adherence to the proposed budget
• Timeline
"
AI/ML Engineer,Twinn Intelligence Group,"McLean, VA • via CATS Applicant Tracking System",2025-01-08T11:36:08.091294,"Position requires that you are US Citizen and have a clearance level of TS/SCI and top Poly
REQUIRED SKILLS AND DEMONSTRATED EXPERIENCE
**TS/SCI with POLY***
Demonstrated experience tuning neural networks, such as LLMs, on custom data sets and applying results to specific use cases
Demonstrated professional or academic experience developing models and ensembles in the AI/ML space, including selecting the best Python libraries for a given task, choosing appropriate pre-processing actions, performing analysis, and assessing model performance
Demonstrated professional or academic experience using Python or R
Demonstrated professional or academic experience with deep learning frameworks such as PyTorch, Tensorflow, or Keras
Demonstrated professional or academic experience and proficiency with SQL to include using common table expressions, set operations, aggregated functions and nested subqueries
Demonstrated professional or academic experience with version control systems such as Github and Jenkins
Demonstrated experience leveraging GPUs for accelerated computing","Position requires that you are US Citizen and have a clearance level of TS/SCI and top Poly; REQUIRED SKILLS AND DEMONSTRATED EXPERIENCE; **TS/SCI with POLY***; Demonstrated experience tuning neural networks, such as LLMs, on custom data sets and applying results to specific use cases; Demonstrated professional or academic experience developing models and ensembles in the AI/ML space, including selecting the best Python libraries for a given task, choosing appropriate pre-processing actions, performing analysis, and assessing model performance; Demonstrated professional or academic experience using Python or R; Demonstrated professional or academic experience with deep learning frameworks such as PyTorch, Tensorflow, or Keras; Demonstrated professional or academic experience and proficiency with SQL to include using common table expressions, set operations, aggregated functions and nested subqueries; Demonstrated professional or academic experience with version control systems such as Github and Jenkins; Demonstrated experience leveraging GPUs for accelerated computing","Position requires that you are US Citizen and have a clearance level of TS/SCI and top Poly
REQUIRED SKILLS AND DEMONSTRATED EXPERIENCE
**TS/SCI with POLY***
Demonstrated experience tuning neural networks, such as LLMs, on custom data sets and applying results to specific use cases
Demonstrated professional or academic experience developing models and ensembles in the AI/ML space, including selecting the best Python libraries for a given task, choosing appropriate pre-processing actions, performing analysis, and assessing model performance
Demonstrated professional or academic experience using Python or R
Demonstrated professional or academic experience with deep learning frameworks such as PyTorch, Tensorflow, or Keras
Demonstrated professional or academic experience and proficiency with SQL to include using common table expressions, set operations, aggregated functions and nested subqueries
Demonstrated professional or academic experience with version control systems such as Github and Jenkins
Demonstrated experience leveraging GPUs for accelerated computing","Position requires that you are US Citizen and have a clearance level of TS/SCI and top Poly; REQUIRED SKILLS AND DEMONSTRATED EXPERIENCE; **TS/SCI with POLY***; Demonstrated experience tuning neural networks, such as LLMs, on custom data sets and applying results to specific use cases; Demonstrated professional or academic experience developing models and ensembles in the AI/ML space, including selecting the best Python libraries for a given task, choosing appropriate pre-processing actions, performing analysis, and assessing model performance; Demonstrated professional or academic experience using Python or R; Demonstrated professional or academic experience with deep learning frameworks such as PyTorch, Tensorflow, or Keras; Demonstrated professional or academic experience and proficiency with SQL to include using common table expressions, set operations, aggregated functions and nested subqueries; Demonstrated professional or academic experience with version control systems such as Github and Jenkins; Demonstrated experience leveraging GPUs for accelerated computing",,,,,"TWINN is seeking a AI Engineer with machine learning experience to join their team in McLean, Va. Position requires that you are US Citizen and have a clearance level of TS/SCI and top Poly.

REQUIRED SKILLS AND DEMONSTRATED EXPERIENCE
• **TS/SCI with POLY***

• Demonstrated experience tuning neural networks, such as LLMs, on custom data sets and applying results to specific use cases.

• Demonstr
ated professional or academic experience developing models and ensembles in the AI/ML space, including selecting the best Python libraries for a given task, choosing appropriate pre-processing actions, performing analysis, and assessing model performance.

• Demonstrated professional or academic experience using Python or R.

• Demonstrated professional or academic experience with deep learning frameworks such as PyTorch, Tensorflow, or Keras.

• Demonstrated professional or academic experience and proficiency with SQL to include using common table expressions, set operations, aggregated functions and nested subqueries.

• Demonstrated professional or academic experience with version control systems such as Github and Jenkins.

• Demonstrated experience leveraging GPUs for accelerated computing.

HIGHLY DESIRED SKILLS AND DEMONSTRATED EXPERIENCE

• Demonstrated professional or academic experience with the HuggingFace Transformers library and hub.

• Demonstrated experience with cloud computing development and architecture.

• Demonstrated experience with front-end web development frameworks such as Flask.

• Demonstrated experience creating machine learning models that conduct text classification and topic modeling in Python using standard machine learning (SciKit Learn-) or deep learning models.

• Demonstrated experience developing applications for semantic search.

• Demonstrated professional or academic experience and proficiency with Tableau to produce visualizations and dashboards.

• Demonstrated academic or professional experience communicating methodological choices and model results.

• Demonstrated experience with verification and validation test benches.

• Demonstrated experience with Explainable AI (XAI) techniques.

• Demonstrated experience with ONNX (Open Neural Net Exchange).
"
Explainable AI Strategist,Conviva,"Foster City, CA • via BeBee",2025-01-08T11:36:15.164541,"Estimated Salary: $275,000
\ Based on your skills, qualifications, experience, and work location, your total compensation package will include base salary, equity, and benefits","Estimated Salary: $275,000; \ Based on your skills, qualifications, experience, and work location, your total compensation package will include base salary, equity, and benefits",,,"Estimated Salary: $275,000
\ Based on your skills, qualifications, experience, and work location, your total compensation package will include base salary, equity, and benefits","Estimated Salary: $275,000; \ Based on your skills, qualifications, experience, and work location, your total compensation package will include base salary, equity, and benefits","Estimated Salary: $275,000
\ Based on your skills, qualifications, experience, and work location, your total compensation package will include base salary, equity, and benefits","Estimated Salary: $275,000; \ Based on your skills, qualifications, experience, and work location, your total compensation package will include base salary, equity, and benefits","Estimated Salary: $275,000

\ Based on your skills, qualifications, experience, and work location, your total compensation package will include base salary, equity, and benefits.
"
Intermediate Human-Centered AI Engineer,MITRE Corporation,"McLean, VA • via Teal",2025-01-08T11:36:24.991488,"Typically requires a Bachelor's degree and a minimum of 2 years of related work experience; or an advanced degree with relevant experience; or equivalent combination of related education and work experience
Hands-on research experience with human-AI interaction topics such as Usability of AI systems, Explainable AI, Trust in AI, and AI risks and governance
Hands-on experience working with LLMs and understanding their capabilities and limitations
Proven ability to work independently to learn new technologies, techniques, processes, platforms, and systems
Strong written and verbal communications skills
Ability to obtain and maintain DoD Secret clearance
Advanced degree in Human Factors, Computer Science, Social Sciences, or related field
Experience with and/or passion for working with national security or the public sector
Track record of publications, reports, presentations, essays about human interactions with AI
Active DoD Top Secret/SCI clearance
Experience in Python or another programming language frequently used for AI/ML prototyping","Typically requires a Bachelor's degree and a minimum of 2 years of related work experience; or an advanced degree with relevant experience; or equivalent combination of related education and work experience; Hands-on research experience with human-AI interaction topics such as Usability of AI systems, Explainable AI, Trust in AI, and AI risks and governance; Hands-on experience working with LLMs and understanding their capabilities and limitations; Proven ability to work independently to learn new technologies, techniques, processes, platforms, and systems; Strong written and verbal communications skills; Ability to obtain and maintain DoD Secret clearance; Advanced degree in Human Factors, Computer Science, Social Sciences, or related field; Experience with and/or passion for working with national security or the public sector; Track record of publications, reports, presentations, essays about human interactions with AI; Active DoD Top Secret/SCI clearance; Experience in Python or another programming language frequently used for AI/ML prototyping","Typically requires a Bachelor's degree and a minimum of 2 years of related work experience; or an advanced degree with relevant experience; or equivalent combination of related education and work experience
Hands-on research experience with human-AI interaction topics such as Usability of AI systems, Explainable AI, Trust in AI, and AI risks and governance
Hands-on experience working with LLMs and understanding their capabilities and limitations
Proven ability to work independently to learn new technologies, techniques, processes, platforms, and systems
Strong written and verbal communications skills
Ability to obtain and maintain DoD Secret clearance
Advanced degree in Human Factors, Computer Science, Social Sciences, or related field
Experience with and/or passion for working with national security or the public sector
Track record of publications, reports, presentations, essays about human interactions with AI
Active DoD Top Secret/SCI clearance
Experience in Python or another programming language frequently used for AI/ML prototyping","Typically requires a Bachelor's degree and a minimum of 2 years of related work experience; or an advanced degree with relevant experience; or equivalent combination of related education and work experience; Hands-on research experience with human-AI interaction topics such as Usability of AI systems, Explainable AI, Trust in AI, and AI risks and governance; Hands-on experience working with LLMs and understanding their capabilities and limitations; Proven ability to work independently to learn new technologies, techniques, processes, platforms, and systems; Strong written and verbal communications skills; Ability to obtain and maintain DoD Secret clearance; Advanced degree in Human Factors, Computer Science, Social Sciences, or related field; Experience with and/or passion for working with national security or the public sector; Track record of publications, reports, presentations, essays about human interactions with AI; Active DoD Top Secret/SCI clearance; Experience in Python or another programming language frequently used for AI/ML prototyping","Competitive benefits
Exceptional professional development opportunities
Culture of innovation that embraces diversity, inclusion, flexibility, collaboration, and career growth","Competitive benefits; Exceptional professional development opportunities; Culture of innovation that embraces diversity, inclusion, flexibility, collaboration, and career growth","Competitive benefits
Exceptional professional development opportunities
Culture of innovation that embraces diversity, inclusion, flexibility, collaboration, and career growth","Competitive benefits; Exceptional professional development opportunities; Culture of innovation that embraces diversity, inclusion, flexibility, collaboration, and career growth","About the position

The Intermediate HCAI Engineer position at MITRE involves driving research in AI and Machine Learning technologies to address human-AI interaction challenges and societal impacts. The role emphasizes human-centered engineering practices to enhance collaboration between diverse human teams and AI systems, ultimately contributing to safer outcomes in various domains such as healt
hcare, intelligence, and defense.

Responsibilities
• Assist MITRE in executing and applying research to solve challenging problems related to human-AI interaction and/or societal impacts of AI.
,
• Design and evaluate human interactions with LLM, AI, and ML technologies.
,
• Contribute to and communicate human-centered research on AI, including formal experimental research and observational/naturalistic research.
,
• Demonstrate academic and industry best practices for human-centered AI research.

Requirements
• Typically requires a Bachelor's degree and a minimum of 2 years of related work experience; or an advanced degree with relevant experience; or equivalent combination of related education and work experience.
,
• Hands-on research experience with human-AI interaction topics such as Usability of AI systems, Explainable AI, Trust in AI, and AI risks and governance.
,
• Hands-on experience working with LLMs and understanding their capabilities and limitations.
,
• Proven ability to work independently to learn new technologies, techniques, processes, platforms, and systems.
,
• Strong written and verbal communications skills.
,
• Ability to obtain and maintain DoD Secret clearance.

Nice-to-haves
• Advanced degree in Human Factors, Computer Science, Social Sciences, or related field.
,
• Experience with and/or passion for working with national security or the public sector.
,
• Track record of publications, reports, presentations, essays about human interactions with AI.
,
• Active DoD Top Secret/SCI clearance.
,
• Experience in Python or another programming language frequently used for AI/ML prototyping.

Benefits
• Competitive benefits
,
• Exceptional professional development opportunities
,
• Culture of innovation that embraces diversity, inclusion, flexibility, collaboration, and career growth
"
AI/ML with Python Consultant,Techlogic Solutions LLC,Arizona (+1 other) • via Techlogic Solutions LLC,2025-01-08T11:36:34.706408,"Model, build, and test AI software to ensure it can take on large swaths of data and achieve desired results
Work with a team of machine-learning and data engineers to ensure seamless AI development and integration
Stay current on AI knowledge, trends, and regulations
Construct optimized data pipelines to feed ML models
Leverage continuous integration and continuous deployment best practices, including test automation and monitoring, to ensure successful deployment of ML models and application code
Ensure all code is well-managed to reduce vulnerabilities, models are well-governed from a risk perspective, and the ML follows best practices in Responsible and Explainable AI","Model, build, and test AI software to ensure it can take on large swaths of data and achieve desired results; Work with a team of machine-learning and data engineers to ensure seamless AI development and integration; Stay current on AI knowledge, trends, and regulations; Construct optimized data pipelines to feed ML models; Leverage continuous integration and continuous deployment best practices, including test automation and monitoring, to ensure successful deployment of ML models and application code; Ensure all code is well-managed to reduce vulnerabilities, models are well-governed from a risk perspective, and the ML follows best practices in Responsible and Explainable AI",,,,,,,"Job Description:

Must-have skills: Data Engineering, Machine Learning/AI & Python.

Model, build, and test AI software to ensure it can take on large swaths of data and achieve desired results.

Work with a team of machine-learning and data engineers to ensure seamless AI development and integration.

Stay current on AI knowledge, trends, and regulations.

Construct optimized data pipelines to fe
ed ML models.

Leverage continuous integration and continuous deployment best practices, including test automation and monitoring, to ensure successful deployment of ML models and application code.

Ensure all code is well-managed to reduce vulnerabilities, models are well-governed from a risk perspective, and the ML follows best practices in Responsible and Explainable AI.

Thanks,

Team – TECHLOGIC SOLUTIONS LLC

www.techlogicusa.com

“LET’S WORK TOGETHER”
"
Artificial Intelligence/Machine Learning - Postdoctoral Researcher,LLNL,"Livermore, CA • via Startup Jobs",2025-01-08T11:36:44.556857,"Recent Ph.D. in Machine Learning, Optimization, Computer Science, Mathematics or a related field
Demonstrated ability and desire to obtain substantial domain knowledge in fields of application in order to communicate effectively with subject matter experts, and to identify novel, impactful applications of machine learning
Experience with scientific programming in the Python ecosystem as evidence through software artifacts, such as deep learning models, workflows, simulations, or similar
Experience with one or more of the following areas of deep learning: large language models, graph neural networks, multimodal models, generative models, robustness, explainable AI
Experience with high-performance computing, GPU programming, parallel programming, cloud computing, and/or related methods including running numerical simulations of complex workflows
Demonstrated technical leadership in fields related to machine learning, such as mentorship or managing teams
Experience or interest in scientific applications, such as, material science, climate science, etc
This is a Postdoctoral appointment with the possibility of extension to a maximum of three years, open to those who have been awarded a PhD at time of hire date
This position requires either no security clearance, or a Department of Energy (DOE) L-level or Q-level clearance depending on the particular assignment
L and Q-level clearances require U.S. citizenship
If no security clearance is required, but your assignment is longer than 179 days cumulatively within a calendar year, you must go through the Personal Identity Verification process
External applicant(s) selected for this position must pass a post-offer, pre-employment drug test
This includes testing for use of marijuana as Federal Law applies to us as a Federal Contractor
Wireless and Medical Devices
Per the Department of Energy (DOE), Lawrence Livermore National Laboratory must meet certain restrictions with the use and/or possession of mobile devices in Limited Areas
Depending on your job duties, you may be required to work in a Limited Area where you are not permitted to have a personal and/or laboratory mobile device in your possession
This includes, but not limited to cell phones, tablets, fitness devices, wireless headphones, and other Bluetooth/wireless enabled devices
If you use a medical device, which pairs with a mobile device, you must still follow the rules concerning the mobile device in individual sections within Limited Areas
Sensitive Compartmented Information Facilities require separate approval","Recent Ph.D. in Machine Learning, Optimization, Computer Science, Mathematics or a related field; Demonstrated ability and desire to obtain substantial domain knowledge in fields of application in order to communicate effectively with subject matter experts, and to identify novel, impactful applications of machine learning; Experience with scientific programming in the Python ecosystem as evidence through software artifacts, such as deep learning models, workflows, simulations, or similar; Experience with one or more of the following areas of deep learning: large language models, graph neural networks, multimodal models, generative models, robustness, explainable AI; Experience with high-performance computing, GPU programming, parallel programming, cloud computing, and/or related methods including running numerical simulations of complex workflows; Demonstrated technical leadership in fields related to machine learning, such as mentorship or managing teams; Experience or interest in scientific applications, such as, material science, climate science, etc; This is a Postdoctoral appointment with the possibility of extension to a maximum of three years, open to those who have been awarded a PhD at time of hire date; This position requires either no security clearance, or a Department of Energy (DOE) L-level or Q-level clearance depending on the particular assignment; L and Q-level clearances require U.S. citizenship; If no security clearance is required, but your assignment is longer than 179 days cumulatively within a calendar year, you must go through the Personal Identity Verification process; External applicant(s) selected for this position must pass a post-offer, pre-employment drug test; This includes testing for use of marijuana as Federal Law applies to us as a Federal Contractor; Wireless and Medical Devices; Per the Department of Energy (DOE), Lawrence Livermore National Laboratory must meet certain restrictions with the use and/or possession of mobile devices in Limited Areas; Depending on your job duties, you may be required to work in a Limited Area where you are not permitted to have a personal and/or laboratory mobile device in your possession; This includes, but not limited to cell phones, tablets, fitness devices, wireless headphones, and other Bluetooth/wireless enabled devices; If you use a medical device, which pairs with a mobile device, you must still follow the rules concerning the mobile device in individual sections within Limited Areas; Sensitive Compartmented Information Facilities require separate approval","Recent Ph.D. in Machine Learning, Optimization, Computer Science, Mathematics or a related field
Demonstrated ability and desire to obtain substantial domain knowledge in fields of application in order to communicate effectively with subject matter experts, and to identify novel, impactful applications of machine learning
Experience with scientific programming in the Python ecosystem as evidence through software artifacts, such as deep learning models, workflows, simulations, or similar
Experience with one or more of the following areas of deep learning: large language models, graph neural networks, multimodal models, generative models, robustness, explainable AI
Experience with high-performance computing, GPU programming, parallel programming, cloud computing, and/or related methods including running numerical simulations of complex workflows
Demonstrated technical leadership in fields related to machine learning, such as mentorship or managing teams
Experience or interest in scientific applications, such as, material science, climate science, etc
This is a Postdoctoral appointment with the possibility of extension to a maximum of three years, open to those who have been awarded a PhD at time of hire date
This position requires either no security clearance, or a Department of Energy (DOE) L-level or Q-level clearance depending on the particular assignment
L and Q-level clearances require U.S. citizenship
If no security clearance is required, but your assignment is longer than 179 days cumulatively within a calendar year, you must go through the Personal Identity Verification process
External applicant(s) selected for this position must pass a post-offer, pre-employment drug test
This includes testing for use of marijuana as Federal Law applies to us as a Federal Contractor
Wireless and Medical Devices
Per the Department of Energy (DOE), Lawrence Livermore National Laboratory must meet certain restrictions with the use and/or possession of mobile devices in Limited Areas
Depending on your job duties, you may be required to work in a Limited Area where you are not permitted to have a personal and/or laboratory mobile device in your possession
This includes, but not limited to cell phones, tablets, fitness devices, wireless headphones, and other Bluetooth/wireless enabled devices
If you use a medical device, which pairs with a mobile device, you must still follow the rules concerning the mobile device in individual sections within Limited Areas
Sensitive Compartmented Information Facilities require separate approval","Recent Ph.D. in Machine Learning, Optimization, Computer Science, Mathematics or a related field; Demonstrated ability and desire to obtain substantial domain knowledge in fields of application in order to communicate effectively with subject matter experts, and to identify novel, impactful applications of machine learning; Experience with scientific programming in the Python ecosystem as evidence through software artifacts, such as deep learning models, workflows, simulations, or similar; Experience with one or more of the following areas of deep learning: large language models, graph neural networks, multimodal models, generative models, robustness, explainable AI; Experience with high-performance computing, GPU programming, parallel programming, cloud computing, and/or related methods including running numerical simulations of complex workflows; Demonstrated technical leadership in fields related to machine learning, such as mentorship or managing teams; Experience or interest in scientific applications, such as, material science, climate science, etc; This is a Postdoctoral appointment with the possibility of extension to a maximum of three years, open to those who have been awarded a PhD at time of hire date; This position requires either no security clearance, or a Department of Energy (DOE) L-level or Q-level clearance depending on the particular assignment; L and Q-level clearances require U.S. citizenship; If no security clearance is required, but your assignment is longer than 179 days cumulatively within a calendar year, you must go through the Personal Identity Verification process; External applicant(s) selected for this position must pass a post-offer, pre-employment drug test; This includes testing for use of marijuana as Federal Law applies to us as a Federal Contractor; Wireless and Medical Devices; Per the Department of Energy (DOE), Lawrence Livermore National Laboratory must meet certain restrictions with the use and/or possession of mobile devices in Limited Areas; Depending on your job duties, you may be required to work in a Limited Area where you are not permitted to have a personal and/or laboratory mobile device in your possession; This includes, but not limited to cell phones, tablets, fitness devices, wireless headphones, and other Bluetooth/wireless enabled devices; If you use a medical device, which pairs with a mobile device, you must still follow the rules concerning the mobile device in individual sections within Limited Areas; Sensitive Compartmented Information Facilities require separate approval","Included in 2024 Best Places to Work by Glassdoor!
Flexible Benefits Package
401(k)
Relocation Assistance
Education Reimbursement Program
Flexible schedules (*depending on project needs)
Inclusion, Diversity, Equity and Accountability (IDEA) - visit https://www.llnl.gov/diversity","Included in 2024 Best Places to Work by Glassdoor!; Flexible Benefits Package; 401(k); Relocation Assistance; Education Reimbursement Program; Flexible schedules (*depending on project needs); Inclusion, Diversity, Equity and Accountability (IDEA) - visit https://www.llnl.gov/diversity","Included in 2024 Best Places to Work by Glassdoor!
Flexible Benefits Package
401(k)
Relocation Assistance
Education Reimbursement Program
Flexible schedules (*depending on project needs)
Inclusion, Diversity, Equity and Accountability (IDEA) - visit https://www.llnl.gov/diversity","Included in 2024 Best Places to Work by Glassdoor!; Flexible Benefits Package; 401(k); Relocation Assistance; Education Reimbursement Program; Flexible schedules (*depending on project needs); Inclusion, Diversity, Equity and Accountability (IDEA) - visit https://www.llnl.gov/diversity","We have openings for Postdoctoral Research Staff Members to contribute to fundamental R&D in machine learning and statistical methods in support of different projects related to AI Safety & Security, Scientific Foundation Models, and uncertainty quantification and explainability for deep learning models. These will be interdisciplinary projects that aim to combine state-of-the-art machine learning
models with various science objectives. Examples are multi-modal sequence-to-sequence models for molecules and chemical reactions, and combining large language models with other data modalities. Furthermore, you will develop methods to improve safety, trustworthiness, and explainability of these models. This position will be in the Machine Intelligence Group in the Center for Applied Scientific Computing (CASC) Division within the LLNL Computing Directorate.

You will

• Research, design, implement, and apply advanced machine learning methods for multiple applications in a collaborative scientific environment.
• Actively participate with project scientists and engineers in defining, planning, and formulating experimental, modeling, and simulation efforts for complex problems stemming from national security applications.
• Propose and implement advanced analysis methodologies, collect and analyze data, and document results in technical reports and peer-reviewed publications.
• Contribute to grant proposals and collaborate with others in a multidisciplinary team environment, including academic and industrial partners, to accomplish research goals.
• Pursue independent (but complementary) research interests and interact with a broad spectrum of scientists internal and external to the Laboratory.
• Perform other duties as assigned.

• Recent Ph.D. in Machine Learning, Optimization, Computer Science, Mathematics or a related field.
• Demonstrated ability and desire to obtain substantial domain knowledge in fields of application in order to communicate effectively with subject matter experts, and to identify novel, impactful applications of machine learning.
• Experience developing, implementing and applying advanced statistical or machine learning models and algorithms using modern software libraries such as PyTorch, TensorFlow, or similar as evidence through medium to large scale deep learning models and experiments.
• Demonstrated research productivity, as documented by publications, reports, presentations, and/or open-source software in relevant venues (NeurIPS, ICML, ICLR, CVPR, AAAI, AISTATS, UAI, KDD, JMLR, Nature etc.)
• Experience with scientific programming in the Python ecosystem as evidence through software artifacts, such as deep learning models, workflows, simulations, or similar
• Experience with one or more of the following areas of deep learning: large language models, graph neural networks, multimodal models, generative models, robustness, explainable AI.

Qualifications We Desire

• Experience with high-performance computing, GPU programming, parallel programming, cloud computing, and/or related methods including running numerical simulations of complex workflows
• Demonstrated technical leadership in fields related to machine learning, such as mentorship or managing teams.
• Experience or interest in scientific applications, such as, material science, climate science, etc.

All your information will be kept confidential according to EEO guidelines.

Position Information

This is a Postdoctoral appointment with the possibility of extension to a maximum of three years, open to those who have been awarded a PhD at time of hire date.

Why Lawrence Livermore National Laboratory?

• Included in 2024 Best Places to Work by Glassdoor!
• Flexible Benefits Package
• 401(k)
• Relocation Assistance
• Education Reimbursement Program
• Flexible schedules (*depending on project needs)
• Inclusion, Diversity, Equity and Accountability (IDEA) - visit https://www.llnl.gov/diversity
• Our core beliefs - visit https://www.llnl.gov/diversity/our-values
• Employee engagement - visit https://www.llnl.gov/diversity/employee-engagement

Security Clearance

This position requires either no security clearance, or a Department of Energy (DOE) L-level or Q-level clearance depending on the particular assignment.

If you are selected and a security clearance is required, we will initiate a Federal background investigation to determine if you meet eligibility requirements for access to classified information or matter. Also, all L or Q cleared employees are subject to random drug testing. L and Q-level clearances require U.S. citizenship.

If no security clearance is required, but your assignment is longer than 179 days cumulatively within a calendar year, you must go through the Personal Identity Verification process. This process includes completing an online background investigation form and receiving approval of the background check. (This process does not apply to foreign nationals.)

Pre-Employment Drug Test

External applicant(s) selected for this position must pass a post-offer, pre-employment drug test. This includes testing for use of marijuana as Federal Law applies to us as a Federal Contractor.

Wireless and Medical Devices

Per the Department of Energy (DOE), Lawrence Livermore National Laboratory must meet certain restrictions with the use and/or possession of mobile devices in Limited Areas. Depending on your job duties, you may be required to work in a Limited Area where you are not permitted to have a personal and/or laboratory mobile device in your possession. This includes, but not limited to cell phones, tablets, fitness devices, wireless headphones, and other Bluetooth/wireless enabled devices.

If you use a medical device, which pairs with a mobile device, you must still follow the rules concerning the mobile device in individual sections within Limited Areas. Sensitive Compartmented Information Facilities require separate approval. Hearing aids without wireless capabilities or wireless that has been disabled are allowed in Limited Areas, Secure Space and Transit/Buffer Space within buildings.

How to identify fake job advertisements

Please be aware of recruitment scams where people or entities are misusing the name of Lawrence Livermore National Laboratory (LLNL) to post fake job advertisements. LLNL never extends an offer without a personal interview and will never charge a fee for joining our company. All current job openings are displayed on the Career Page under “Find Your Job” of our website. If you have encountered a job posting or have been approached with a job offer that you suspect may be fraudulent, we strongly recommend you do not respond.

To learn more about recruitment scams: https://www.llnl.gov/sites/www/files/2023-05/LLNL-Job-Fraud-Statement-Updated-4.26.23.pdf

Equal Employment Opportunity

We are an equal opportunity employer that is committed to providing all with a work environment free of discrimination and harassment. All qualified applicants will receive consideration for employment without regard to race, color, religion, marital status, national origin, ancestry, sex, sexual orientation, gender identity, disability, medical condition, pregnancy, protected veteran status, age, citizenship, or any other characteristic protected by applicable laws.

We invite you to review the Equal Employment Opportunity posters which include EEO is the Law and Pay Transparency Nondiscrimination Provision.

Reasonable Accommodation

Our goal is to create an accessible and inclusive experience for all candidates applying and interviewing at the Laboratory. If you need a reasonable accommodation during the application or the recruiting process, please use our online form to submit a request.

California Privacy Notice

The California Consumer Privacy Act (CCPA) grants privacy rights to all California residents. The law also entitles job applicants, employees, and non-employee workers to be notified of what personal information LLNL collects and for what purpose. The Employee Privacy Notice can be accessed here.
"
"Senior Platform Engineer - Federal (East Coast Remote, Security Clearance)",Fiddler AI,"Palo Alto, CA • via Jobs",2025-01-08T11:36:54.561737,"Masters with no experience or Bachelor's with 5+ years of experience in DevOps, and/or systems/Infrastructure engineering
Prior experience at all phases of SDLC from conception to operation in production at scale
Hands-on experience with core AWS technologies (EC2, VPC, EBS, ALB, RDS, S3, EKS etc.) or similar in other clouds
Proficiency with scripting (shell, Python), infrastructure/application mgmt tools (Terraform, Helm)
Hands-on experience with CI/CD pipeline and Build tools such as GitHub, Actions, Agro CD/Workflow, etc
Experience with standard Linux distributions
Experience with Infrastructure monitoring tools like Prometheus, Loki, Fluentbit, Grafana etc
Experience with management of Kubernetes and Docker/Container
Familiarity with software security methods
Good understanding and High Availability and Disaster Recovery design techniques and infrastructure
Will consider full remote on the East Coast for a strong candidate
Bonus points for working in a fast paced startup environment; double for AI experience
US Security Clearance (SECRET or above)","Masters with no experience or Bachelor's with 5+ years of experience in DevOps, and/or systems/Infrastructure engineering; Prior experience at all phases of SDLC from conception to operation in production at scale; Hands-on experience with core AWS technologies (EC2, VPC, EBS, ALB, RDS, S3, EKS etc.) or similar in other clouds; Proficiency with scripting (shell, Python), infrastructure/application mgmt tools (Terraform, Helm); Hands-on experience with CI/CD pipeline and Build tools such as GitHub, Actions, Agro CD/Workflow, etc; Experience with standard Linux distributions; Experience with Infrastructure monitoring tools like Prometheus, Loki, Fluentbit, Grafana etc; Experience with management of Kubernetes and Docker/Container; Familiarity with software security methods; Good understanding and High Availability and Disaster Recovery design techniques and infrastructure; Will consider full remote on the East Coast for a strong candidate; Bonus points for working in a fast paced startup environment; double for AI experience; US Security Clearance (SECRET or above)","Masters with no experience or Bachelor's with 5+ years of experience in DevOps, and/or systems/Infrastructure engineering
Prior experience at all phases of SDLC from conception to operation in production at scale
Hands-on experience with core AWS technologies (EC2, VPC, EBS, ALB, RDS, S3, EKS etc.) or similar in other clouds
Proficiency with scripting (shell, Python), infrastructure/application mgmt tools (Terraform, Helm)
Hands-on experience with CI/CD pipeline and Build tools such as GitHub, Actions, Agro CD/Workflow, etc
Experience with standard Linux distributions
Experience with Infrastructure monitoring tools like Prometheus, Loki, Fluentbit, Grafana etc
Experience with management of Kubernetes and Docker/Container
Familiarity with software security methods
Good understanding and High Availability and Disaster Recovery design techniques and infrastructure
Will consider full remote on the East Coast for a strong candidate
Bonus points for working in a fast paced startup environment; double for AI experience
US Security Clearance (SECRET or above)","Masters with no experience or Bachelor's with 5+ years of experience in DevOps, and/or systems/Infrastructure engineering; Prior experience at all phases of SDLC from conception to operation in production at scale; Hands-on experience with core AWS technologies (EC2, VPC, EBS, ALB, RDS, S3, EKS etc.) or similar in other clouds; Proficiency with scripting (shell, Python), infrastructure/application mgmt tools (Terraform, Helm); Hands-on experience with CI/CD pipeline and Build tools such as GitHub, Actions, Agro CD/Workflow, etc; Experience with standard Linux distributions; Experience with Infrastructure monitoring tools like Prometheus, Loki, Fluentbit, Grafana etc; Experience with management of Kubernetes and Docker/Container; Familiarity with software security methods; Good understanding and High Availability and Disaster Recovery design techniques and infrastructure; Will consider full remote on the East Coast for a strong candidate; Bonus points for working in a fast paced startup environment; double for AI experience; US Security Clearance (SECRET or above)","Compensation and In-Office Policy
Pay range in the US is $160,000 - $190,000
The posted range represents the expected salary range for this job requisition and does not include any other potential components of the compensation package, benefits, and perks previously outlined","Compensation and In-Office Policy; Pay range in the US is $160,000 - $190,000; The posted range represents the expected salary range for this job requisition and does not include any other potential components of the compensation package, benefits, and perks previously outlined","Compensation and In-Office Policy
Pay range in the US is $160,000 - $190,000
The posted range represents the expected salary range for this job requisition and does not include any other potential components of the compensation package, benefits, and perks previously outlined","Compensation and In-Office Policy; Pay range in the US is $160,000 - $190,000; The posted range represents the expected salary range for this job requisition and does not include any other potential components of the compensation package, benefits, and perks previously outlined","Our Purpose

At Fiddler, we understand the implications of AI and the impact that it has on human lives. Our company was born with the mission of building trust into AI. With the rise of the internet, trust in AI has been degraded by a plethora of issues like spam, fraudulent transactions, hate speech, and online abuse. Fiddler enables organizations to get ahead of these issues by building trustwo
rthy, transparent, and explainable AI solutions.

Fiddler partners with AI-first organizations to help build a long-term framework for responsible AI practices, which, in turn, builds trust with their user base. Data Science, MLOps, and business teams use Fiddler AI to monitor, explain, analyze, and improve their AI solutions to identify performance gaps, mitigate bias, and drive better outcomes. Our platform enables engineering teams and business stakeholders alike to understand the “why” and how behind model outcomes.

Our Founders

Fiddler AI is founded by Krishna Gade (engineering leadership at Facebook, Pinterest, Twitter, and Microsoft) and Amit Paka (two-time founder with acquisitions by Samsung and PayPal and product roles at Expedia and Microsoft). We are backed by Insight Partners, Lightspeed Venture Partners, and Lux Capital.

Why Join Us

Our team is motivated to unlock the AI opaque box and help society harness the power of AI. Joining us means you get to make an impact by helping reduce algorithmic bias and ensure that models in production across many different industries are transparent and ethical. We are an early-stage startup and have a rapidly growing team of intelligent and empathetic doers, thinkers, creators, builders, and everyone in between. The AI and ML industry has a rapid pace of innovation and the learning opportunities here are monumental. This is your chance to be a trailblazer.

Fiddler is recognized as a pioneer in the field of AI Observability and has received numerous accolades, including: 2022 a16z Data50 list, 2021 CB Insights AI 100 most promising startups, 2020 WEF Technology Pioneer, 2020 Forbes AI 50 most promising startups of 2020, and a 2019 Gartner Cool Vendor in Enterprise AI Governance and Ethical Response. By joining our brilliant (at least we think so) team, you will help pave the way in the AI Observability space.

The Opportunity

This Platform Engineer will be working closely with Backend, Solutions Engineering, Customer Success and Product in delivering best-in-class technical infrastructure to support internal/external product delivery.

What You'll Do
• Build self-service infrastructure for our engineers and customers to ship their code quickly and reliably.
• Manage the containers-based model serving platform in both a hosted, multi-cloud environment and in customer on-premise VPCs.
• Operate underlying infrastructure (compute, networking, storage, etc.).
• Own the development experience for our customers, including CI/CD, local development environment, documentation, compliance, upgrading, and more.
• Automate everything.
• Establish monitoring and infrastructure health reporting for the advancement of self-healing infrastructure principles.
• Be on-call for services owned.
• Work across timezones in a collaborative remote environment.
• Essential Competencies: Professionalism/Personal Accountability, Collaboration and Teamwork, Communication, Flexibility and Adaptation to Change, Service to Customers and Clients

What We are Looking For
• Masters with no experience or Bachelor's with 5+ years of experience in DevOps, and/or systems/Infrastructure engineering
• Prior experience at all phases of SDLC from conception to operation in production at scale.
• Hands-on experience with core AWS technologies (EC2, VPC, EBS, ALB, RDS, S3, EKS etc.) or similar in other clouds.
• Proficiency with scripting (shell, Python), infrastructure/application mgmt tools (Terraform, Helm).
• Hands-on experience with CI/CD pipeline and Build tools such as GitHub, Actions, Agro CD/Workflow, etc.
• Experience with standard Linux distributions.
• Experience with Infrastructure monitoring tools like Prometheus, Loki, Fluentbit, Grafana etc
• Experience with management of Kubernetes and Docker/Container
• Familiarity with software security methods.
• Good understanding and High Availability and Disaster Recovery design techniques and infrastructure.
• Will consider full remote on the East Coast for a strong candidate.
• Bonus points for working in a fast paced startup environment; double for AI experience.
• US Security Clearance (SECRET or above)

Compensation and In-Office Policy
• Pay range in the US is $160,000 - $190,000
• This role will be remote on the East Coast and requires US Security Clearance

The posted range represents the expected salary range for this job requisition and does not include any other potential components of the compensation package, benefits, and perks previously outlined. Ultimately, in determining pay, we'll consider your experience, leveling, location, and other job-related factors.

Fiddler is proud to be an equal-opportunity employer. We celebrate diversity and are committed to creating an inclusive environment for all employees.
"
"Senior Product Manager - Generative AI & ML (West, Remote or Hybrid)",Fiddler AI,Anywhere • via Built In,2025-01-08T11:37:04.405330,"Deeply understand the challenges they face in observing AI/ML and LLM-based applications
Hands-on experience with Machine Learning
5+ years of software product management experience with at least two years in ML
Passionate about AI: You geek out on data science and machine learning theory and industry developments
Technically fluent: You have experience building technical systems for technical users
Strategically minded: You can quickly grasp both business and customer motivations and goals and craft a plan to drive toward them
Exceptional communicator: You communicate clearly and concisely
BA/BS in Computer Science or related discipline
Preferably Hybrid with at least 1 day a week in the Palo Alto office
Will consider full remote for a strong candidate on the West Coast",Deeply understand the challenges they face in observing AI/ML and LLM-based applications; Hands-on experience with Machine Learning; 5+ years of software product management experience with at least two years in ML; Passionate about AI: You geek out on data science and machine learning theory and industry developments; Technically fluent: You have experience building technical systems for technical users; Strategically minded: You can quickly grasp both business and customer motivations and goals and craft a plan to drive toward them; Exceptional communicator: You communicate clearly and concisely; BA/BS in Computer Science or related discipline; Preferably Hybrid with at least 1 day a week in the Palo Alto office; Will consider full remote for a strong candidate on the West Coast,"Deeply understand the challenges they face in observing AI/ML and LLM-based applications
Hands-on experience with Machine Learning
5+ years of software product management experience with at least two years in ML
Passionate about AI: You geek out on data science and machine learning theory and industry developments
Technically fluent: You have experience building technical systems for technical users
Strategically minded: You can quickly grasp both business and customer motivations and goals and craft a plan to drive toward them
Exceptional communicator: You communicate clearly and concisely
BA/BS in Computer Science or related discipline
Preferably Hybrid with at least 1 day a week in the Palo Alto office
Will consider full remote for a strong candidate on the West Coast",Deeply understand the challenges they face in observing AI/ML and LLM-based applications; Hands-on experience with Machine Learning; 5+ years of software product management experience with at least two years in ML; Passionate about AI: You geek out on data science and machine learning theory and industry developments; Technically fluent: You have experience building technical systems for technical users; Strategically minded: You can quickly grasp both business and customer motivations and goals and craft a plan to drive toward them; Exceptional communicator: You communicate clearly and concisely; BA/BS in Computer Science or related discipline; Preferably Hybrid with at least 1 day a week in the Palo Alto office; Will consider full remote for a strong candidate on the West Coast,"Pay Range in San Francisco, California is $150,000 - $180,000
The posted range represents the expected salary range for this job requisition and does not include any other potential components of the compensation package, benefits, and perks previously outlined","Pay Range in San Francisco, California is $150,000 - $180,000; The posted range represents the expected salary range for this job requisition and does not include any other potential components of the compensation package, benefits, and perks previously outlined","Pay Range in San Francisco, California is $150,000 - $180,000
The posted range represents the expected salary range for this job requisition and does not include any other potential components of the compensation package, benefits, and perks previously outlined","Pay Range in San Francisco, California is $150,000 - $180,000; The posted range represents the expected salary range for this job requisition and does not include any other potential components of the compensation package, benefits, and perks previously outlined","Our Purpose

At Fiddler, we understand the implications of AI and the impact that it has on human lives. Our company was born with the mission of building trust into AI. With the rise of the internet, trust in AI has been degraded by a plethora of issues like spam, fraudulent transactions, hate speech, and online abuse. Fiddler enables organizations to get ahead of these issues by building trustwo
rthy, transparent, and explainable AI solutions.

Fiddler partners with AI-first organizations to help build a long-term framework for responsible AI practices, which, in turn, builds trust with their user base. Data Science, MLOps, and business teams use Fiddler AI to monitor, explain, analyze, and improve their AI solutions to identify performance gaps, mitigate bias, and drive better outcomes. Our platform enables engineering teams and business stakeholders alike to understand the “why” and how behind model outcomes.

Our Founders

Fiddler AI is founded by Krishna Gade (engineering leadership at Facebook, Pinterest, Twitter, and Microsoft) and Amit Paka (two-time founder with acquisitions by Samsung and PayPal and product roles at Expedia and Microsoft). We are backed by Insight Partners, Lightspeed Venture Partners, and Lux Capital.

Why Join Us

Our team is motivated to unlock the AI opaque box and help society harness the power of AI. Joining us means you get to make an impact by helping reduce algorithmic bias and ensure that models in production across many different industries are transparent and ethical. We are an early-stage startup and have a rapidly growing team of intelligent and empathetic doers, thinkers, creators, builders, and everyone in between. The AI and ML industry has a rapid pace of innovation and the learning opportunities here are monumental. This is your chance to be a trailblazer.

Fiddler is recognized as a pioneer in the field of AI Observability and has received numerous accolades, including: 2022 a16z Data50 list, 2021 CB Insights AI 100 most promising startups, 2020 WEF Technology Pioneer, 2020 Forbes AI 50 most promising startups of 2020, and a 2019 Gartner Cool Vendor in Enterprise AI Governance and Ethical Response. By joining our brilliant (at least we think so) team, you will help pave the way in the AI Observability space.

What You'll Do
• Join a world-class team innovating in the rapidly expanding LLM and ML infrastructure space
• Actively engage in customer discovery, taking a hands-on approach to engage in conversations with customers. Deeply understand the challenges they face in observing AI/ML and LLM-based applications
• Define a compelling vision and strategy for an enterprise-grade LLM Observability product
• Lead the development and execution of the LLM Observability roadmap. Collaborate with Data Scientists, Engineers, and Designers to address the daily challenges our customers face in observing and troubleshooting AI/ML models and LLM-based applications. Build solutions that align with market trends and customer needs

What We're Looking For
• Hands-on experience with Machine Learning
• 5+ years of software product management experience with at least two years in ML
• Enterprise or early-stage experience preferred
• Passionate about AI: You geek out on data science and machine learning theory and industry developments
• Technically fluent: You have experience building technical systems for technical users
• Strategically minded: You can quickly grasp both business and customer motivations and goals and craft a plan to drive toward them
• Exceptional communicator: You communicate clearly and concisely
• BA/BS in Computer Science or related discipline
• Preferably Hybrid with at least 1 day a week in the Palo Alto office. Will consider full remote for a strong candidate on the West Coast

Pay Range in San Francisco, California is $150,000 - $180,000

The posted range represents the expected salary range for this job requisition and does not include any other potential components of the compensation package, benefits, and perks previously outlined. Ultimately, in determining pay, we'll consider your experience, leveling, location, and other job-related factors.

Fiddler is proud to be an equal-opportunity employer. We celebrate diversity and are committed to creating an inclusive environment for all employees.
"
Visual Analytics & eXplainable AI Intern,Bosch Group,"Cambridge, MA (+3 others) • via Joinrs",2025-01-08T11:37:14.199344,"Ph.D students in Computer Science or related fields
Major in visual analytics, eXplainable AI (XAI), applied machine learning and related fields
2+ years’ experience in full stack web development with both frontend (e.g., React, Vue.js, and D3.js) and backend (e.g., Flask, Django)
2+ years’ programming experience with one or more scripting or statistical programming languages (e.g. Python, R)
Publication record in top venues of visualization, data mining, or machine learning research (e.g., IEEE VIS, TVCG, SIGKDD, NeurIPS, AAAI, ICML, and ICRL);
Knowledge in machine learning and data mining, with application to eXplainable AI, high-dimensional data analysis, event sequence/log mining and computer vision
Familiar with one or more main-stream machine learning platforms (e.g., scikit-learn, TensorFlow, and PyTorch)
Good communication and teamwork skills
Knowledge in interaction and user experience design;
Knowledge in graphical design","Ph.D students in Computer Science or related fields; Major in visual analytics, eXplainable AI (XAI), applied machine learning and related fields; 2+ years’ experience in full stack web development with both frontend (e.g., React, Vue.js, and D3.js) and backend (e.g., Flask, Django); 2+ years’ programming experience with one or more scripting or statistical programming languages (e.g. Python, R); Publication record in top venues of visualization, data mining, or machine learning research (e.g., IEEE VIS, TVCG, SIGKDD, NeurIPS, AAAI, ICML, and ICRL);; Knowledge in machine learning and data mining, with application to eXplainable AI, high-dimensional data analysis, event sequence/log mining and computer vision; Familiar with one or more main-stream machine learning platforms (e.g., scikit-learn, TensorFlow, and PyTorch); Good communication and teamwork skills; Knowledge in interaction and user experience design;; Knowledge in graphical design","Ph.D students in Computer Science or related fields
Major in visual analytics, eXplainable AI (XAI), applied machine learning and related fields
2+ years’ experience in full stack web development with both frontend (e.g., React, Vue.js, and D3.js) and backend (e.g., Flask, Django)
2+ years’ programming experience with one or more scripting or statistical programming languages (e.g. Python, R)
Publication record in top venues of visualization, data mining, or machine learning research (e.g., IEEE VIS, TVCG, SIGKDD, NeurIPS, AAAI, ICML, and ICRL);
Knowledge in machine learning and data mining, with application to eXplainable AI, high-dimensional data analysis, event sequence/log mining and computer vision
Familiar with one or more main-stream machine learning platforms (e.g., scikit-learn, TensorFlow, and PyTorch)
Good communication and teamwork skills
Knowledge in interaction and user experience design;
Knowledge in graphical design","Ph.D students in Computer Science or related fields; Major in visual analytics, eXplainable AI (XAI), applied machine learning and related fields; 2+ years’ experience in full stack web development with both frontend (e.g., React, Vue.js, and D3.js) and backend (e.g., Flask, Django); 2+ years’ programming experience with one or more scripting or statistical programming languages (e.g. Python, R); Publication record in top venues of visualization, data mining, or machine learning research (e.g., IEEE VIS, TVCG, SIGKDD, NeurIPS, AAAI, ICML, and ICRL);; Knowledge in machine learning and data mining, with application to eXplainable AI, high-dimensional data analysis, event sequence/log mining and computer vision; Familiar with one or more main-stream machine learning platforms (e.g., scikit-learn, TensorFlow, and PyTorch); Good communication and teamwork skills; Knowledge in interaction and user experience design;; Knowledge in graphical design",,,,,"Company Description

The Bosch Research and Technology Center North America with offices in Sunnyvale, California, Pittsburgh, Pennsylvania and Cambridge, Massachusetts is part of the global Bosch Group (www.bosch.com), a company with over 70 billion euro revenue, 400,000 people worldwide, a very diverse product portfolio, and a history of over 125 years. The Research and Technology Center North A
merica (RTC-NA) is committed to providing technologies and system solutions for various Bosch business fields primarily in the areas of Integrated Human Machine Intelligence, Robotics, Energy Technologies, Internet Technologies, Circuit Design, Semiconductors and Wireless, and MEMS Advanced Design.

The focus of our global research on Integrated Human Machine Intelligence includes Big Data Visual Analytics, Explainable AI, Audio Analytics, NLP, Conversational AI, Cloud Robotics, Mixed Reality and Smart Wearables, etc. We develop intuitive, interactive, and intelligent solutions to enable inspiring UX for Bosch products and services in application areas such as autonomous driving, car infotainment and driver assistance systems (ADAS), Industry 4.0 and Internet of Things (IoT), security systems, smart home and building solutions, health care, and robotics.

As a part of the global Human Machine Collaboration (HMC) research unit, our Visual Analytics & eXplainable AI group is responsible for shaping the future industrial AI experience for Bosch products and services by combining cutting-edge technologies of machine learning, data analysis and interactive visualization. We research and develop scalable, transparent, and intelligent big data analytic solutions (e.g. audio, images, sensor logs) for various domains including Industry 4.0 (I4.0), IoT, autonomous driving, connected vehicles, etc. With our award-winning talents (IEEE VIS best paper & best paper runner-ups), we also actively collaborate with leading groups in academia and industry to promote research ideas and publish research findings in internationally renowned conferences and journals, e.g., IEEE VIS, TVCG, SIGKDD, NeurIPS, AAAI, ICML, ICASSP, Interspeech, and IEEE Signal Processing Magazine.

Job Description
Conduct advanced research and engineering in visual analytics and eXplainable AI (XAI) for related business domains of autonomous driving, connected vehicles, Industry 4.0, IoT, car multimedia etc.
Apply research results to real-world use cases with high quality implementation.
Integrate the resulting systems/software into existing Bosch platforms.
Summarize research findings in high-quality paper and patent submissions.
Qualifications

Required:

Ph.D students in Computer Science or related fields
Major in visual analytics, eXplainable AI (XAI), applied machine learning and related fields
2+ years’ experience in full stack web development with both frontend (e.g., React, Vue.js, and D3.js) and backend (e.g., Flask, Django)
2+ years’ programming experience with one or more scripting or statistical programming languages (e.g. Python, R)

Desired:

Publication record in top venues of visualization, data mining, or machine learning research (e.g., IEEE VIS, TVCG, SIGKDD, NeurIPS, AAAI, ICML, and ICRL);
Knowledge in machine learning and data mining, with application to eXplainable AI, high-dimensional data analysis, event sequence/log mining and computer vision
Familiar with one or more main-stream machine learning platforms (e.g., scikit-learn, TensorFlow, and PyTorch)
Good communication and teamwork skills.
Knowledge in interaction and user experience design;
Knowledge in graphical design
Additional Information

Major(s): Computer Science or related fields
Degree level: Ph.D Candidates
Start Date: May, 2022

By choice, we are committed to a diverse workforce - EOE/Protected Veteran/Disabled.

BOSCH is a proud supporter of STEM (Science, Technology, Engineering & Mathematics) Initiatives

FIRST Robotics (For Inspiration and Recognition of Science and Technology)
AWIM (A World in Motion)

Duration: 12 weeks
"
"AI/ML Modeling, Simulation and Analysis - AI - TS/SCI",Tulk LLC,"Fort Belvoir, VA • via ZipRecruiter",2025-01-08T11:37:23.996963,"US Citizenship and Top Secret SCI (TS/SCI) Security Clearance
Master's degree in Computer Science, Computer Vision, Artificial Intelligence, Machine Learning, or related STEM degree program, or equivalent senior-level experience as an MS&A Engineer
Demonstrated experience in AI Assurance, T&E or V&V-As-a-Service, and XAI
Demonstrated experience providing engineering solutions using Automation, Augmentation, and Artificial Intelligence technologies
Proficiency in computer programming languages such as Python, C++, Matlab, R, Java
Understanding of IV&V and the T&E status quo for AI models
12+ Years Relevant Experience","US Citizenship and Top Secret SCI (TS/SCI) Security Clearance; Master's degree in Computer Science, Computer Vision, Artificial Intelligence, Machine Learning, or related STEM degree program, or equivalent senior-level experience as an MS&A Engineer; Demonstrated experience in AI Assurance, T&E or V&V-As-a-Service, and XAI; Demonstrated experience providing engineering solutions using Automation, Augmentation, and Artificial Intelligence technologies; Proficiency in computer programming languages such as Python, C++, Matlab, R, Java; Understanding of IV&V and the T&E status quo for AI models; 12+ Years Relevant Experience","US Citizenship and Top Secret SCI (TS/SCI) Security Clearance
Master's degree in Computer Science, Computer Vision, Artificial Intelligence, Machine Learning, or related STEM degree program, or equivalent senior-level experience as an MS&A Engineer
Demonstrated experience in AI Assurance, T&E or V&V-As-a-Service, and XAI
Demonstrated experience providing engineering solutions using Automation, Augmentation, and Artificial Intelligence technologies
Proficiency in computer programming languages such as Python, C++, Matlab, R, Java
Understanding of IV&V and the T&E status quo for AI models
12+ Years Relevant Experience","US Citizenship and Top Secret SCI (TS/SCI) Security Clearance; Master's degree in Computer Science, Computer Vision, Artificial Intelligence, Machine Learning, or related STEM degree program, or equivalent senior-level experience as an MS&A Engineer; Demonstrated experience in AI Assurance, T&E or V&V-As-a-Service, and XAI; Demonstrated experience providing engineering solutions using Automation, Augmentation, and Artificial Intelligence technologies; Proficiency in computer programming languages such as Python, C++, Matlab, R, Java; Understanding of IV&V and the T&E status quo for AI models; 12+ Years Relevant Experience","We offer tailored benefits, including medical, dental, and vision insurance, long and short-term disability, flexible work schedules, cash bonuses, access to technology, tuition reimbursement, 401k, and more","We offer tailored benefits, including medical, dental, and vision insurance, long and short-term disability, flexible work schedules, cash bonuses, access to technology, tuition reimbursement, 401k, and more","We offer tailored benefits, including medical, dental, and vision insurance, long and short-term disability, flexible work schedules, cash bonuses, access to technology, tuition reimbursement, 401k, and more","We offer tailored benefits, including medical, dental, and vision insurance, long and short-term disability, flexible work schedules, cash bonuses, access to technology, tuition reimbursement, 401k, and more","AI/ML Mod, Sim and Analysis - QA - Plans Programs & Strategy

TULK is a leading boutique consulting firm providing technology and management consulting services to the US Federal Government. Our expert team assists Defense and National Security clients in acquiring, designing, managing, and developing advanced technology systems and business practices to advance their missions. We offer tailored b
enefits, including medical, dental, and vision insurance, long and short-term disability, flexible work schedules, cash bonuses, access to technology, tuition reimbursement, 401k, and more.

We are looking for applicants with a broad range of skills and interests to join our team. At TULK, we carefully match our employees with assignments that best fit their unique skill sets and career goals. If you're interested in the position below, we encourage you to apply and take the next step in your career with TULK.

Position: AI/ML Modeling, Simulation, and Analysis Engineer (Senior)

Overall Assignment Description: Senior-level Modeling, Simulation, and Analysis (MS&A) Engineers guide and conduct MS&A activities to support business stakeholders, analysts, and warfighters in defining and analyzing system and data requirements for timely and accurate GEOINT. This position focuses on providing technical advisory support for identifying capability gaps, tools, technologies, and agile methods in AI R&D, particularly verification of AI models.

Duties:
• Perform gap analysis and methodologies to assess the implications of AI and machine learning in defense and security applications.
• Assist in creating and leading Analysis of Alternatives (AoAs), Design of Experiments (DoE), Course of Actions (CoAs), Trade Studies, and Engineering Assessments.
• Provide support in strategic technical planning, project management, performance engineering, risk management, and interface design.
• Analyze and automate existing systems, reviewing cloud service capabilities and workflow for enhancements.
• Use quantitative and qualitative analysis to ensure AI model assurance.
• Assist in developing AI Assurance capabilities, including eXplainable AI (XAI) and Independent Verification & Validation methodologies (IV&V).
• Collaborate with leaders, scientists, engineers, and contractors for advancing corporate AI strategies centered around Verified-AI (IV&V) and XAI.

Required Skills and Experience:
• US Citizenship and Top Secret SCI (TS/SCI) Security Clearance.
• Master's degree in Computer Science, Computer Vision, Artificial Intelligence, Machine Learning, or related STEM degree program, or equivalent senior-level experience as an MS&A Engineer.
• Demonstrated experience in AI Assurance, T&E or V&V-As-a-Service, and XAI.
• Demonstrated experience providing engineering solutions using Automation, Augmentation, and Artificial Intelligence technologies.
• Proficiency in computer programming languages such as Python, C++, Matlab, R, Java.
• Understanding of IV&V and the T&E status quo for AI models.
• 12+ Years Relevant Experience

Desired Skills and Experience:
• Demonstrated experience working with NGA Enterprise solutions, including CI/CD pipeline and DevSecOps.
• Experience in SAFe framework and Model-Based Systems Engineering.
• Familiarity with Atlassian products such as Confluence and JIRA.
• Experience in engineering solutions using Cloud-based technologies.
• Experience in engineering solutions using structured and unstructured Big Data.

Hashtags: #AIEngineer #MLModeling #SimulationAnalysis #SeniorLevel #GEOINT #AIAssurance #IVV #TEAsAService #XAI #MSA #ComputerScience #STEM #TopSecretClearance #USCitizenship #DevSecOps #BigData #CloudTechnologies #SAFeFramework
"
senior machine learning solutions architect (remote),Fiddler AI,California • via AI Jobster,2025-01-08T11:37:33.942971,"5+ years of industry experience, with a minimum of 2+ years in pre-sales or consulting
High level of proficiency with AI techniques and tools
Experience implementing AI solutions with deep-learning frameworks – especially for computer vision problems using PyTorch and common model architectures like ResNet and YOLO
Strong presentation skills with a high degree of comfort speaking with executives and IT management
Working knowledge of ML Operations and methodologies
Strong communication skills and empathetic listener
Ideal candidates will have proven success in managing proof of concepts (PoV) and deployment of technical products, as well as experience directly supporting or working within public sector organizations
Legally authorized to work within the US without the need for current or future company sponsorship
5+ years of industry experience, with a minimum of 2+ years in pre-sales or consulting
High level of proficiency with AI techniques and tools
Experience implementing AI solutions with deep-learning frameworks – especially for computer vision problems using PyTorch and common model architectures like ResNet and YOLO
Strong presentation skills with a high degree of comfort speaking with executives and IT management
Working knowledge of ML Operations and methodologies
Strong communication skills and empathetic listener
Ideal candidates will have proven success in managing proof of concepts (PoV) and deployment of technical products, as well as experience directly supporting or working within public sector organizations
Legally authorized to work within the US without the need for current or future company sponsorship","5+ years of industry experience, with a minimum of 2+ years in pre-sales or consulting; High level of proficiency with AI techniques and tools; Experience implementing AI solutions with deep-learning frameworks – especially for computer vision problems using PyTorch and common model architectures like ResNet and YOLO; Strong presentation skills with a high degree of comfort speaking with executives and IT management; Working knowledge of ML Operations and methodologies; Strong communication skills and empathetic listener; Ideal candidates will have proven success in managing proof of concepts (PoV) and deployment of technical products, as well as experience directly supporting or working within public sector organizations; Legally authorized to work within the US without the need for current or future company sponsorship; 5+ years of industry experience, with a minimum of 2+ years in pre-sales or consulting; High level of proficiency with AI techniques and tools; Experience implementing AI solutions with deep-learning frameworks – especially for computer vision problems using PyTorch and common model architectures like ResNet and YOLO; Strong presentation skills with a high degree of comfort speaking with executives and IT management; Working knowledge of ML Operations and methodologies; Strong communication skills and empathetic listener; Ideal candidates will have proven success in managing proof of concepts (PoV) and deployment of technical products, as well as experience directly supporting or working within public sector organizations; Legally authorized to work within the US without the need for current or future company sponsorship","5+ years of industry experience, with a minimum of 2+ years in pre-sales or consulting
High level of proficiency with AI techniques and tools
Experience implementing AI solutions with deep-learning frameworks – especially for computer vision problems using PyTorch and common model architectures like ResNet and YOLO
Strong presentation skills with a high degree of comfort speaking with executives and IT management
Working knowledge of ML Operations and methodologies
Strong communication skills and empathetic listener
Ideal candidates will have proven success in managing proof of concepts (PoV) and deployment of technical products, as well as experience directly supporting or working within public sector organizations
Legally authorized to work within the US without the need for current or future company sponsorship
5+ years of industry experience, with a minimum of 2+ years in pre-sales or consulting
High level of proficiency with AI techniques and tools
Experience implementing AI solutions with deep-learning frameworks – especially for computer vision problems using PyTorch and common model architectures like ResNet and YOLO
Strong presentation skills with a high degree of comfort speaking with executives and IT management
Working knowledge of ML Operations and methodologies
Strong communication skills and empathetic listener
Ideal candidates will have proven success in managing proof of concepts (PoV) and deployment of technical products, as well as experience directly supporting or working within public sector organizations
Legally authorized to work within the US without the need for current or future company sponsorship","5+ years of industry experience, with a minimum of 2+ years in pre-sales or consulting; High level of proficiency with AI techniques and tools; Experience implementing AI solutions with deep-learning frameworks – especially for computer vision problems using PyTorch and common model architectures like ResNet and YOLO; Strong presentation skills with a high degree of comfort speaking with executives and IT management; Working knowledge of ML Operations and methodologies; Strong communication skills and empathetic listener; Ideal candidates will have proven success in managing proof of concepts (PoV) and deployment of technical products, as well as experience directly supporting or working within public sector organizations; Legally authorized to work within the US without the need for current or future company sponsorship; 5+ years of industry experience, with a minimum of 2+ years in pre-sales or consulting; High level of proficiency with AI techniques and tools; Experience implementing AI solutions with deep-learning frameworks – especially for computer vision problems using PyTorch and common model architectures like ResNet and YOLO; Strong presentation skills with a high degree of comfort speaking with executives and IT management; Working knowledge of ML Operations and methodologies; Strong communication skills and empathetic listener; Ideal candidates will have proven success in managing proof of concepts (PoV) and deployment of technical products, as well as experience directly supporting or working within public sector organizations; Legally authorized to work within the US without the need for current or future company sponsorship","Pay Range in San Francisco California is $180,000 - $250,000 OTE
The posted range represents the expected salary range for this job requisition and does not include any other potential components of the compensation package, benefits, and perks previously outlined","Pay Range in San Francisco California is $180,000 - $250,000 OTE; The posted range represents the expected salary range for this job requisition and does not include any other potential components of the compensation package, benefits, and perks previously outlined","Pay Range in San Francisco California is $180,000 - $250,000 OTE
The posted range represents the expected salary range for this job requisition and does not include any other potential components of the compensation package, benefits, and perks previously outlined","Pay Range in San Francisco California is $180,000 - $250,000 OTE; The posted range represents the expected salary range for this job requisition and does not include any other potential components of the compensation package, benefits, and perks previously outlined","Our Purpose
At Fiddler, we understand the implications of AI and the impact that it has on human lives. Our company was born with the mission of building trust into AI. With the rise of the internet, trust in AI has been degraded by a plethora of issues like spam, fraudulent transactions, hate speech, and online abuse. Fiddler enables organizations to get ahead of these issues by building trustwor
thy, transparent, and explainable AI solutions.

Fiddler partners with AI-first organizations to help build a long-term framework for responsible AI practices, which, in turn, builds trust with their user base. Data Science, MLOps, and business teams use Fiddler AI to monitor, explain, analyze, and improve their AI solutions to identify performance gaps, mitigate bias, and drive better outcomes. Our platform enables engineering teams and business stakeholders alike to understand the “why” and how behind model outcomes.

Our Founders
Fiddler AI is founded by Krishna Gade (engineering leadership at Facebook, Pinterest, Twitter, and Microsoft) and Amit Paka (two-time founder with acquisitions by Samsung and PayPal and product roles at Expedia and Microsoft). We are backed by Insight Partners, Lightspeed Venture Partners, and Lux Capital.

Why Join Us
Our team is motivated to unlock the AI opaque box and help society harness the power of AI. Joining us means you get to make an impact by helping reduce algorithmic bias and ensure that models in production across many different industries are transparent and ethical. We are an early-stage startup and have a rapidly growing team of intelligent and empathetic doers, thinkers, creators, builders, and everyone in between. The AI and ML industry has a rapid pace of innovation and the learning opportunities here are monumental. This is your chance to be a trailblazer.

Fiddler is recognized as a pioneer in the field of AI Observability and has received numerous accolades, including: 2022 a16z Data50 list, 2021 CB Insights AI 100 most promising startups, 2020 WEF Technology Pioneer, 2020 Forbes AI 50 most promising startups of 2020, and a 2019 Gartner Cool Vendor in Enterprise AI Governance and Ethical Response. By joining our brilliant (at least we think so) team, you will help pave the way in the AI Observability space.

Our Purpose
At Fiddler, we understand the implications of AI and the impact that it has on human lives. Our company was born with the mission of building trust into AI. With the rise of the internet, trust in AI has been degraded by a plethora of issues like spam, fraudulent transactions, hate speech, and online abuse. Fiddler enables organizations to get ahead of these issues by building trustworthy, transparent, and explainable AI solutions.

Fiddler partners with AI-first organizations to help build a long-term framework for responsible AI practices, which, in turn, builds trust with their user base. Data Science, MLOps, and business teams use Fiddler AI to monitor, explain, analyze, and improve their AI solutions to identify performance gaps, mitigate bias, and drive better outcomes. Our platform enables engineering teams and business stakeholders alike to understand the “why” and how behind model outcomes.

Our Founders
Fiddler AI is founded by Krishna Gade (engineering leadership at Facebook, Pinterest, Twitter, and Microsoft) and Amit Paka (two-time founder with acquisitions by Samsung and PayPal and product roles at Expedia and Microsoft). We are backed by Insight Partners, Lightspeed Venture Partners, and Lux Capital.

Why Join Us
Our team is motivated to unlock the AI opaque box and help society harness the power of AI. Joining us means you get to make an impact by helping reduce algorithmic bias and ensure that models in production across many different industries are transparent and ethical. We are an early-stage startup and have a rapidly growing team of intelligent and empathetic doers, thinkers, creators, builders, and everyone in between. The AI and ML industry has a rapid pace of innovation and the learning opportunities here are monumental. This is your chance to be a trailblazer.

Fiddler is recognized as a pioneer in the field of AI Observability and has received numerous accolades, including: 2022 a16z Data50 list, 2021 CB Insights AI 100 most promising startups, 2020 WEF Technology Pioneer, 2020 Forbes AI 50 most promising startups of 2020, and a 2019 Gartner Cool Vendor in Enterprise AI Governance and Ethical Response. By joining our brilliant (at least we think so) team, you will help pave the way in the AI Observability space.

What You'll Do
• Work hands-on with Federal and Commercial prospects and customers to communicate the value of Fiddler technology; from demo to implementation and ensure the successful use of the Fiddler product, including installation, model onboarding, security set up, and integration with other systems
• Work directly with the sales team to understand our customers' technical needs, strategize on how to navigate winning sales cycles, provide compelling value-based demonstrations, and ultimately close deals
• Present to executives, customers, and technical teams to convey the technical vision of Fiddler and the value of our platform
• Conduct training sessions with customers and potential partners to help with knowledge transfer
• Help author and contribute to market-facing publications, documentation, and FAQs
• Build relationships with Senior Technical stakeholders, to enable them to become Fiddler advocates and power users
• Successfully facilitate scoping and delivery of Proof of Concepts
• Act as technical liaison between Fiddler product management, marketing, engineering, and customer success

Our Purpose
At Fiddler, we understand the implications of AI and the impact that it has on human lives. Our company was born with the mission of building trust into AI. With the rise of the internet, trust in AI has been degraded by a plethora of issues like spam, fraudulent transactions, hate speech, and online abuse. Fiddler enables organizations to get ahead of these issues by building trustworthy, transparent, and explainable AI solutions.

Fiddler partners with AI-first organizations to help build a long-term framework for responsible AI practices, which, in turn, builds trust with their user base. Data Science, MLOps, and business teams use Fiddler AI to monitor, explain, analyze, and improve their AI solutions to identify performance gaps, mitigate bias, and drive better outcomes. Our platform enables engineering teams and business stakeholders alike to understand the “why” and how behind model outcomes.

Our Founders
Fiddler AI is founded by Krishna Gade (engineering leadership at Facebook, Pinterest, Twitter, and Microsoft) and Amit Paka (two-time founder with acquisitions by Samsung and PayPal and product roles at Expedia and Microsoft). We are backed by Insight Partners, Lightspeed Venture Partners, and Lux Capital.

Why Join Us
Our team is motivated to unlock the AI opaque box and help society harness the power of AI. Joining us means you get to make an impact by helping reduce algorithmic bias and ensure that models in production across many different industries are transparent and ethical. We are an early-stage startup and have a rapidly growing team of intelligent and empathetic doers, thinkers, creators, builders, and everyone in between. The AI and ML industry has a rapid pace of innovation and the learning opportunities here are monumental. This is your chance to be a trailblazer.

Fiddler is recognized as a pioneer in the field of AI Observability and has received numerous accolades, including: 2022 a16z Data50 list, 2021 CB Insights AI 100 most promising startups, 2020 WEF Technology Pioneer, 2020 Forbes AI 50 most promising startups of 2020, and a 2019 Gartner Cool Vendor in Enterprise AI Governance and Ethical Response. By joining our brilliant (at least we think so) team, you will help pave the way in the AI Observability space.

Our Purpose
At Fiddler, we understand the implications of AI and the impact that it has on human lives. Our company was born with the mission of building trust into AI. With the rise of the internet, trust in AI has been degraded by a plethora of issues like spam, fraudulent transactions, hate speech, and online abuse. Fiddler enables organizations to get ahead of these issues by building trustworthy, transparent, and explainable AI solutions.

Fiddler partners with AI-first organizations to help build a long-term framework for responsible AI practices, which, in turn, builds trust with their user base. Data Science, MLOps, and business teams use Fiddler AI to monitor, explain, analyze, and improve their AI solutions to identify performance gaps, mitigate bias, and drive better outcomes. Our platform enables engineering teams and business stakeholders alike to understand the “why” and how behind model outcomes.

Our Founders
Fiddler AI is founded by Krishna Gade (engineering leadership at Facebook, Pinterest, Twitter, and Microsoft) and Amit Paka (two-time founder with acquisitions by Samsung and PayPal and product roles at Expedia and Microsoft). We are backed by Insight Partners, Lightspeed Venture Partners, and Lux Capital.

Why Join Us
Our team is motivated to unlock the AI opaque box and help society harness the power of AI. Joining us means you get to make an impact by helping reduce algorithmic bias and ensure that models in production across many different industries are transparent and ethical. We are an early-stage startup and have a rapidly growing team of intelligent and empathetic doers, thinkers, creators, builders, and everyone in between. The AI and ML industry has a rapid pace of innovation and the learning opportunities here are monumental. This is your chance to be a trailblazer.

Fiddler is recognized as a pioneer in the field of AI Observability and has received numerous accolades, including: 2022 a16z Data50 list, 2021 CB Insights AI 100 most promising startups, 2020 WEF Technology Pioneer, 2020 Forbes AI 50 most promising startups of 2020, and a 2019 Gartner Cool Vendor in Enterprise AI Governance and Ethical Response. By joining our brilliant (at least we think so) team, you will help pave the way in the AI Observability space.

What You'll Do
• Work hands-on with Federal and Commercial prospects and customers to communicate the value of Fiddler technology; from demo to implementation and ensure the successful use of the Fiddler product, including installation, model onboarding, security set up, and integration with other systems
• Work directly with the sales team to understand our customers' technical needs, strategize on how to navigate winning sales cycles, provide compelling value-based demonstrations, and ultimately close deals
• Present to executives, customers, and technical teams to convey the technical vision of Fiddler and the value of our platform
• Conduct training sessions with customers and potential partners to help with knowledge transfer
• Help author and contribute to market-facing publications, documentation, and FAQs
• Build relationships with Senior Technical stakeholders, to enable them to become Fiddler advocates and power users
• Successfully facilitate scoping and delivery of Proof of Concepts
• Act as technical liaison between Fiddler product management, marketing, engineering, and customer success

What We're Looking For
• 5+ years of industry experience, with a minimum of 2+ years in pre-sales or consulting
• High level of proficiency with AI techniques and tools
• Experience implementing AI solutions with deep-learning frameworks – especially for computer vision problems using PyTorch and common model architectures like ResNet and YOLO
• Strong presentation skills with a high degree of comfort speaking with executives and IT management
• Working knowledge of ML Operations and methodologies
• Familiarity with devops/infrastructure technologies, particularly Git, Docker and KubernetesHistory of success in technical sales or solutions at the enterprise level preferred
• Strong communication skills and empathetic listener
• Ideal candidates will have proven success in managing proof of concepts (PoV) and deployment of technical products, as well as experience directly supporting or working within public sector organizations
• Legally authorized to work within the US without the need for current or future company sponsorship

Our Purpose
At Fiddler, we understand the implications of AI and the impact that it has on human lives. Our company was born with the mission of building trust into AI. With the rise of the internet, trust in AI has been degraded by a plethora of issues like spam, fraudulent transactions, hate speech, and online abuse. Fiddler enables organizations to get ahead of these issues by building trustworthy, transparent, and explainable AI solutions.

Fiddler partners with AI-first organizations to help build a long-term framework for responsible AI practices, which, in turn, builds trust with their user base. Data Science, MLOps, and business teams use Fiddler AI to monitor, explain, analyze, and improve their AI solutions to identify performance gaps, mitigate bias, and drive better outcomes. Our platform enables engineering teams and business stakeholders alike to understand the “why” and how behind model outcomes.

Our Founders
Fiddler AI is founded by Krishna Gade (engineering leadership at Facebook, Pinterest, Twitter, and Microsoft) and Amit Paka (two-time founder with acquisitions by Samsung and PayPal and product roles at Expedia and Microsoft). We are backed by Insight Partners, Lightspeed Venture Partners, and Lux Capital.

Why Join Us
Our team is motivated to unlock the AI opaque box and help society harness the power of AI. Joining us means you get to make an impact by helping reduce algorithmic bias and ensure that models in production across many different industries are transparent and ethical. We are an early-stage startup and have a rapidly growing team of intelligent and empathetic doers, thinkers, creators, builders, and everyone in between. The AI and ML industry has a rapid pace of innovation and the learning opportunities here are monumental. This is your chance to be a trailblazer.

Fiddler is recognized as a pioneer in the field of AI Observability and has received numerous accolades, including: 2022 a16z Data50 list, 2021 CB Insights AI 100 most promising startups, 2020 WEF Technology Pioneer, 2020 Forbes AI 50 most promising startups of 2020, and a 2019 Gartner Cool Vendor in Enterprise AI Governance and Ethical Response. By joining our brilliant (at least we think so) team, you will help pave the way in the AI Observability space.

Our Purpose
At Fiddler, we understand the implications of AI and the impact that it has on human lives. Our company was born with the mission of building trust into AI. With the rise of the internet, trust in AI has been degraded by a plethora of issues like spam, fraudulent transactions, hate speech, and online abuse. Fiddler enables organizations to get ahead of these issues by building trustworthy, transparent, and explainable AI solutions.

Fiddler partners with AI-first organizations to help build a long-term framework for responsible AI practices, which, in turn, builds trust with their user base. Data Science, MLOps, and business teams use Fiddler AI to monitor, explain, analyze, and improve their AI solutions to identify performance gaps, mitigate bias, and drive better outcomes. Our platform enables engineering teams and business stakeholders alike to understand the “why” and how behind model outcomes.

Our Founders
Fiddler AI is founded by Krishna Gade (engineering leadership at Facebook, Pinterest, Twitter, and Microsoft) and Amit Paka (two-time founder with acquisitions by Samsung and PayPal and product roles at Expedia and Microsoft). We are backed by Insight Partners, Lightspeed Venture Partners, and Lux Capital.

Why Join Us
Our team is motivated to unlock the AI opaque box and help society harness the power of AI. Joining us means you get to make an impact by helping reduce algorithmic bias and ensure that models in production across many different industries are transparent and ethical. We are an early-stage startup and have a rapidly growing team of intelligent and empathetic doers, thinkers, creators, builders, and everyone in between. The AI and ML industry has a rapid pace of innovation and the learning opportunities here are monumental. This is your chance to be a trailblazer.

Fiddler is recognized as a pioneer in the field of AI Observability and has received numerous accolades, including: 2022 a16z Data50 list, 2021 CB Insights AI 100 most promising startups, 2020 WEF Technology Pioneer, 2020 Forbes AI 50 most promising startups of 2020, and a 2019 Gartner Cool Vendor in Enterprise AI Governance and Ethical Response. By joining our brilliant (at least we think so) team, you will help pave the way in the AI Observability space.

What You'll Do
• Work hands-on with Federal and Commercial prospects and customers to communicate the value of Fiddler technology; from demo to implementation and ensure the successful use of the Fiddler product, including installation, model onboarding, security set up, and integration with other systems
• Work directly with the sales team to understand our customers' technical needs, strategize on how to navigate winning sales cycles, provide compelling value-based demonstrations, and ultimately close deals
• Present to executives, customers, and technical teams to convey the technical vision of Fiddler and the value of our platform
• Conduct training sessions with customers and potential partners to help with knowledge transfer
• Help author and contribute to market-facing publications, documentation, and FAQs
• Build relationships with Senior Technical stakeholders, to enable them to become Fiddler advocates and power users
• Successfully facilitate scoping and delivery of Proof of Concepts
• Act as technical liaison between Fiddler product management, marketing, engineering, and customer success

Our Purpose
At Fiddler, we understand the implications of AI and the impact that it has on human lives. Our company was born with the mission of building trust into AI. With the rise of the internet, trust in AI has been degraded by a plethora of issues like spam, fraudulent transactions, hate speech, and online abuse. Fiddler enables organizations to get ahead of these issues by building trustworthy, transparent, and explainable AI solutions.

Fiddler partners with AI-first organizations to help build a long-term framework for responsible AI practices, which, in turn, builds trust with their user base. Data Science, MLOps, and business teams use Fiddler AI to monitor, explain, analyze, and improve their AI solutions to identify performance gaps, mitigate bias, and drive better outcomes. Our platform enables engineering teams and business stakeholders alike to understand the “why” and how behind model outcomes.

Our Founders
Fiddler AI is founded by Krishna Gade (engineering leadership at Facebook, Pinterest, Twitter, and Microsoft) and Amit Paka (two-time founder with acquisitions by Samsung and PayPal and product roles at Expedia and Microsoft). We are backed by Insight Partners, Lightspeed Venture Partners, and Lux Capital.

Why Join Us
Our team is motivated to unlock the AI opaque box and help society harness the power of AI. Joining us means you get to make an impact by helping reduce algorithmic bias and ensure that models in production across many different industries are transparent and ethical. We are an early-stage startup and have a rapidly growing team of intelligent and empathetic doers, thinkers, creators, builders, and everyone in between. The AI and ML industry has a rapid pace of innovation and the learning opportunities here are monumental. This is your chance to be a trailblazer.

Fiddler is recognized as a pioneer in the field of AI Observability and has received numerous accolades, including: 2022 a16z Data50 list, 2021 CB Insights AI 100 most promising startups, 2020 WEF Technology Pioneer, 2020 Forbes AI 50 most promising startups of 2020, and a 2019 Gartner Cool Vendor in Enterprise AI Governance and Ethical Response. By joining our brilliant (at least we think so) team, you will help pave the way in the AI Observability space.

Our Purpose
At Fiddler, we understand the implications of AI and the impact that it has on human lives. Our company was born with the mission of building trust into AI. With the rise of the internet, trust in AI has been degraded by a plethora of issues like spam, fraudulent transactions, hate speech, and online abuse. Fiddler enables organizations to get ahead of these issues by building trustworthy, transparent, and explainable AI solutions.

Fiddler partners with AI-first organizations to help build a long-term framework for responsible AI practices, which, in turn, builds trust with their user base. Data Science, MLOps, and business teams use Fiddler AI to monitor, explain, analyze, and improve their AI solutions to identify performance gaps, mitigate bias, and drive better outcomes. Our platform enables engineering teams and business stakeholders alike to understand the “why” and how behind model outcomes.

Our Founders
Fiddler AI is founded by Krishna Gade (engineering leadership at Facebook, Pinterest, Twitter, and Microsoft) and Amit Paka (two-time founder with acquisitions by Samsung and PayPal and product roles at Expedia and Microsoft). We are backed by Insight Partners, Lightspeed Venture Partners, and Lux Capital.

Why Join Us
Our team is motivated to unlock the AI opaque box and help society harness the power of AI. Joining us means you get to make an impact by helping reduce algorithmic bias and ensure that models in production across many different industries are transparent and ethical. We are an early-stage startup and have a rapidly growing team of intelligent and empathetic doers, thinkers, creators, builders, and everyone in between. The AI and ML industry has a rapid pace of innovation and the learning opportunities here are monumental. This is your chance to be a trailblazer.

Fiddler is recognized as a pioneer in the field of AI Observability and has received numerous accolades, including: 2022 a16z Data50 list, 2021 CB Insights AI 100 most promising startups, 2020 WEF Technology Pioneer, 2020 Forbes AI 50 most promising startups of 2020, and a 2019 Gartner Cool Vendor in Enterprise AI Governance and Ethical Response. By joining our brilliant (at least we think so) team, you will help pave the way in the AI Observability space.

What You'll Do
• Work hands-on with Federal and Commercial prospects and customers to communicate the value of Fiddler technology; from demo to implementation and ensure the successful use of the Fiddler product, including installation, model onboarding, security set up, and integration with other systems
• Work directly with the sales team to understand our customers' technical needs, strategize on how to navigate winning sales cycles, provide compelling value-based demonstrations, and ultimately close deals
• Present to executives, customers, and technical teams to convey the technical vision of Fiddler and the value of our platform
• Conduct training sessions with customers and potential partners to help with knowledge transfer
• Help author and contribute to market-facing publications, documentation, and FAQs
• Build relationships with Senior Technical stakeholders, to enable them to become Fiddler advocates and power users
• Successfully facilitate scoping and delivery of Proof of Concepts
• Act as technical liaison between Fiddler product management, marketing, engineering, and customer success

What We're Looking For
• 5+ years of industry experience, with a minimum of 2+ years in pre-sales or consulting
• High level of proficiency with AI techniques and tools
• Experience implementing AI solutions with deep-learning frameworks – especially for computer vision problems using PyTorch and common model architectures like ResNet and YOLO
• Strong presentation skills with a high degree of comfort speaking with executives and IT management
• Working knowledge of ML Operations and methodologies
• Familiarity with devops/infrastructure technologies, particularly Git, Docker and KubernetesHistory of success in technical sales or solutions at the enterprise level preferred
• Strong communication skills and empathetic listener
• Ideal candidates will have proven success in managing proof of concepts (PoV) and deployment of technical products, as well as experience directly supporting or working within public sector organizations
• Legally authorized to work within the US without the need for current or future company sponsorship

Pay Range in San Francisco California is $180,000 - $250,000 OTE

The posted range represents the expected salary range for this job requisition and does not include any other potential components of the compensation package, benefits, and perks previously outlined. Ultimately, in determining pay, we'll consider your experience, leveling, location, and other job-related factors.

Fiddler is proud to be an equal opportunity employer. We celebrate diversity and are committed to creating an inclusive environment for all employees.
"
Deep Learning Research Intern - Audio AI,Bosch Group,"Sunnyvale, CA • via Smart Recruiters Jobs",2025-01-08T11:37:43.779181,"Currently enrolled as PhD student in Computer Science, Electrical Engineering, Data Science, or related fields
2+ years programming experience, proficiency in PyTorch(Lightning), HuggingFace(transformers, diffusers), hydra
Broad knowledge of machine- and deep-learning algorithms and principles and state-of-the-art methods","Currently enrolled as PhD student in Computer Science, Electrical Engineering, Data Science, or related fields; 2+ years programming experience, proficiency in PyTorch(Lightning), HuggingFace(transformers, diffusers), hydra; Broad knowledge of machine- and deep-learning algorithms and principles and state-of-the-art methods","Currently enrolled as PhD student in Computer Science, Electrical Engineering, Data Science, or related fields
2+ years programming experience, proficiency in PyTorch(Lightning), HuggingFace(transformers, diffusers), hydra
Broad knowledge of machine- and deep-learning algorithms and principles and state-of-the-art methods","Currently enrolled as PhD student in Computer Science, Electrical Engineering, Data Science, or related fields; 2+ years programming experience, proficiency in PyTorch(Lightning), HuggingFace(transformers, diffusers), hydra; Broad knowledge of machine- and deep-learning algorithms and principles and state-of-the-art methods","The U.S. base salary range for this intern position is $34.00-$66.00 per hour
Within the range, individual pay is determined based on several factors, including, but not limited to, type of degree, work experience and job knowledge, complexity of the role, type of position, job location, etc","The U.S. base salary range for this intern position is $34.00-$66.00 per hour; Within the range, individual pay is determined based on several factors, including, but not limited to, type of degree, work experience and job knowledge, complexity of the role, type of position, job location, etc","The U.S. base salary range for this intern position is $34.00-$66.00 per hour
Within the range, individual pay is determined based on several factors, including, but not limited to, type of degree, work experience and job knowledge, complexity of the role, type of position, job location, etc","The U.S. base salary range for this intern position is $34.00-$66.00 per hour; Within the range, individual pay is determined based on several factors, including, but not limited to, type of degree, work experience and job knowledge, complexity of the role, type of position, job location, etc","Company Description

The Bosch Research and Technology Center North America with offices in Sunnyvale, California, Pittsburgh, Pennsylvania and Cambridge, Massachusetts is a part of the global Bosch Group (www.bosch.com), a company with over 70 billion euro revenue, 400,000 employees worldwide, a very diverse product portfolio, and a history spanning over 125 years. The Research and Technology Cen
ter North America (RTC-NA) is dedicated to providing technologies and system solutions for various Bosch business fields, primarily in the field of artificial intelligence (for example, human-assisted AI, natural language processing, robotics, 3D perception, and AI platform), energy technologies, internet technologies, circuit design, semiconductors and wireless, as well as advanced MEMS design.

The focus of our global research on Integrated Human-Machine Intelligence includes Big Data Visual Analytics, Explainable AI, Audio AI, NLP, Cloud Robotics, Mixed Reality and Smart Wearables, etc. We develop intuitive, interactive, and intelligent solutions to enable inspiring UX for Bosch products and services in application areas such as autonomous driving, car infotainment and driver assistance systems (ADAS), Industry 4.0 and Internet of Things (IoT), security systems, smart home and building solutions, health care, and robotics. This internship is part of an ambitious effort to design and develop intelligent audio analytics capabilities at the intersection of deep learning and audio signal processing with diverse application domains ranging from physical security to intelligent and connected vehicles. We also actively collaborate with leading groups in academia and industry to promote research ideas and publish research findings in internationally renowned conferences and journals, e.g., ICASSP, Interspeech, AAAI, ICML, NeurIPS.

Job Description
• Develop state-of-the-art Audio AI solutions using combination of classical signal processing and machine/deep learning-based approaches.
• Research and develop solutions for audio foundation models, audio reasoning, generative audio, explainable audio AI, few-shot learning for rare sound events, anomaly detection for machine health monitoring, domain adaptation, and multi-modal sensing.
• Collaborate with others to integrate audio AI modules into the prototype systems.
• Summarize research findings in high-quality paper and/or patent submissions.

Qualifications

Required
• Currently enrolled as PhD student in Computer Science, Electrical Engineering, Data Science, or related fields.
• 2+ years programming experience, proficiency in PyTorch(Lightning), HuggingFace(transformers, diffusers), hydra.
• Broad knowledge of machine- and deep-learning algorithms and principles and state-of-the-art methods.

Preferred
• Knowledge of digital signal processing principle and methods (multi-channel audio processing, DFT, filter-banks).
• Publication record in top machine learning and audio analytics venues (e.g., ICASSP, Interspeech, AAAI, ICML).
• Experience with HPC platforms and job managers (Slurm, IBM LSF)

Additional Information

The U.S. base salary range for this intern position is $34.00-$66.00 per hour. Within the range, individual pay is determined based on several factors, including, but not limited to, type of degree, work experience and job knowledge, complexity of the role, type of position, job location, etc. Your Hiring Manager can share more details about the specific salary range for this position during the interview process.

By choice, we are committed to a diverse workforce - EOE/Protected Veteran/Disabled.

BOSCH is a proud supporter of STEM (Science, Technology, Engineering & Mathematics)
• FIRST Robotics (For Inspiration and Recognition of Science and Technology)
• AWIM (A World In Motion)
"
Staff Backend Engineer,Fiddler AI,"Palo Alto, CA • via Jobs",2025-01-08T11:37:53.512814,"11+yrs of experience
BS/MS/PhD in Computer Science or equivalent
Deep Knowledge of infrastructure management (AWS / Google Cloud, Kubernetes, or equivalent on-premises technologies)
Proficiency with Python
Someone who values and enjoys mentoring and coaching junior team members
Deep knowledge of engineering best practices and experience scaling an enterprise engineering organization
Experience working in ML/MLops","11+yrs of experience; BS/MS/PhD in Computer Science or equivalent; Deep Knowledge of infrastructure management (AWS / Google Cloud, Kubernetes, or equivalent on-premises technologies); Proficiency with Python; Someone who values and enjoys mentoring and coaching junior team members; Deep knowledge of engineering best practices and experience scaling an enterprise engineering organization; Experience working in ML/MLops","11+yrs of experience
BS/MS/PhD in Computer Science or equivalent
Deep Knowledge of infrastructure management (AWS / Google Cloud, Kubernetes, or equivalent on-premises technologies)
Proficiency with Python
Someone who values and enjoys mentoring and coaching junior team members
Deep knowledge of engineering best practices and experience scaling an enterprise engineering organization
Experience working in ML/MLops","11+yrs of experience; BS/MS/PhD in Computer Science or equivalent; Deep Knowledge of infrastructure management (AWS / Google Cloud, Kubernetes, or equivalent on-premises technologies); Proficiency with Python; Someone who values and enjoys mentoring and coaching junior team members; Deep knowledge of engineering best practices and experience scaling an enterprise engineering organization; Experience working in ML/MLops",,,,,"Our Purpose

At Fiddler, we understand the implications of AI and the impact that it has on human lives. Our company was born with the mission of building trust into AI. With the rise of the internet, trust in AI has been degraded by a plethora of issues like spam, fraudulent transactions, hate speech, and online abuse. Fiddler enables organizations to get ahead of these issues by building trustwo
rthy, transparent, and explainable AI solutions.

Fiddler partners with AI-first organizations to help build a long-term framework for responsible AI practices, which, in turn, builds trust with their user base. Data Science, MLOps, and business teams use Fiddler AI to monitor, explain, analyze, and improve their AI solutions to identify performance gaps, mitigate bias, and drive better outcomes. Our platform enables engineering teams and business stakeholders alike to understand the “why” and how behind model outcomes.

Our Founders

Fiddler AI is founded by Krishna Gade (engineering leadership at Facebook, Pinterest, Twitter, and Microsoft) and Amit Paka (two-time founder with acquisitions by Samsung and PayPal and product roles at Expedia and Microsoft). We are backed by Insight Partners, Lightspeed Venture Partners, and Lux Capital.

Why Join Us

Our team is motivated to unlock the AI opaque box and help society harness the power of AI. Joining us means you get to make an impact by helping reduce algorithmic bias and ensure that models in production across many different industries are transparent and ethical. We are an early-stage startup and have a rapidly growing team of intelligent and empathetic doers, thinkers, creators, builders, and everyone in between. The AI and ML industry has a rapid pace of innovation and the learning opportunities here are monumental. This is your chance to be a trailblazer.

Fiddler is recognized as a pioneer in the field of AI Observability and has received numerous accolades, including: 2022 a16z Data50 list, 2021 CB Insights AI 100 most promising startups, 2020 WEF Technology Pioneer, 2020 Forbes AI 50 most promising startups of 2020, and a 2019 Gartner Cool Vendor in Enterprise AI Governance and Ethical Response. By joining our brilliant (at least we think so) team, you will help pave the way in the AI Observability space.

What You'll Do
• Design and build a world-class cloud platform to help enterprises monitor and analyze their ML models.
• Design enterprise-grade, scalable APIs to plug into customers’ ML workflows.
• Work with product and customer facing teams to enhance and expand our product.
• Recommend and implement engineering best practices, improve the functionality of existing software, and ensure that the design, application, and maintenance of software meets quality standards
• Help construct and implement best practices across multinational teams
• Architecting complex, multitenant systems
• Uplevel our engineering team and help to improve our core quality

What We are Looking For
• 11+yrs of experience
• BS/MS/PhD in Computer Science or equivalent
• Deep Knowledge of infrastructure management (AWS / Google Cloud, Kubernetes, or equivalent on-premises technologies)
• Proficiency with Python
• Someone who values and enjoys mentoring and coaching junior team members
• Deep knowledge of engineering best practices and experience scaling an enterprise engineering organization

Nice To Have
• Experience working in ML/MLops
"
Business Development Executive - Federal (Remote),Fiddler AI,"Palo Alto, CA • via Jobs",2025-01-08T11:38:03.389352,"At least 1.5 years of Federal Government facing Sales experience, either in Sales Development, Account Executive, Business Development, Customer Success, Solution Engineering, or other related capacities
An entrepreneurial person who is motivated to grow a market and fast-track their career
Experience interacting with customers and prospects, doing discovery calls, and identifying sales opportunities
Passion for Sales and a level of creativity to sell in a new and emerging space
Competitive team player
Willing to travel across the US to meet with customers and prospects
Industrious and willing to achieve a high volume of daily activities while maintaining a positive and energetic attitude
Background using CRM and sales engagement applications
Ability to thrive in a fast-paced, high-demand, startup environment
Articulate, good communication, and ability to have high-level technical conversations with potential customers
Detail-oriented mindset with a strength in time-management
Someone who is not afraid to ask questions
Reputation of accuracy, responsiveness, professionalism
Conduct yourself in a manner consistent with Fiddler’s core values and reputation – generating a positive image of our organization to the market","At least 1.5 years of Federal Government facing Sales experience, either in Sales Development, Account Executive, Business Development, Customer Success, Solution Engineering, or other related capacities; An entrepreneurial person who is motivated to grow a market and fast-track their career; Experience interacting with customers and prospects, doing discovery calls, and identifying sales opportunities; Passion for Sales and a level of creativity to sell in a new and emerging space; Competitive team player; Willing to travel across the US to meet with customers and prospects; Industrious and willing to achieve a high volume of daily activities while maintaining a positive and energetic attitude; Background using CRM and sales engagement applications; Ability to thrive in a fast-paced, high-demand, startup environment; Articulate, good communication, and ability to have high-level technical conversations with potential customers; Detail-oriented mindset with a strength in time-management; Someone who is not afraid to ask questions; Reputation of accuracy, responsiveness, professionalism; Conduct yourself in a manner consistent with Fiddler’s core values and reputation – generating a positive image of our organization to the market","At least 1.5 years of Federal Government facing Sales experience, either in Sales Development, Account Executive, Business Development, Customer Success, Solution Engineering, or other related capacities
An entrepreneurial person who is motivated to grow a market and fast-track their career
Experience interacting with customers and prospects, doing discovery calls, and identifying sales opportunities
Passion for Sales and a level of creativity to sell in a new and emerging space
Competitive team player
Willing to travel across the US to meet with customers and prospects
Industrious and willing to achieve a high volume of daily activities while maintaining a positive and energetic attitude
Background using CRM and sales engagement applications
Ability to thrive in a fast-paced, high-demand, startup environment
Articulate, good communication, and ability to have high-level technical conversations with potential customers
Detail-oriented mindset with a strength in time-management
Someone who is not afraid to ask questions
Reputation of accuracy, responsiveness, professionalism
Conduct yourself in a manner consistent with Fiddler’s core values and reputation – generating a positive image of our organization to the market","At least 1.5 years of Federal Government facing Sales experience, either in Sales Development, Account Executive, Business Development, Customer Success, Solution Engineering, or other related capacities; An entrepreneurial person who is motivated to grow a market and fast-track their career; Experience interacting with customers and prospects, doing discovery calls, and identifying sales opportunities; Passion for Sales and a level of creativity to sell in a new and emerging space; Competitive team player; Willing to travel across the US to meet with customers and prospects; Industrious and willing to achieve a high volume of daily activities while maintaining a positive and energetic attitude; Background using CRM and sales engagement applications; Ability to thrive in a fast-paced, high-demand, startup environment; Articulate, good communication, and ability to have high-level technical conversations with potential customers; Detail-oriented mindset with a strength in time-management; Someone who is not afraid to ask questions; Reputation of accuracy, responsiveness, professionalism; Conduct yourself in a manner consistent with Fiddler’s core values and reputation – generating a positive image of our organization to the market","Compensation and In-Office Policy
Pay range in the US is $115,000 - $121,000 OTE
The posted range represents the expected salary range for this job requisition and does not include any other potential components of the compensation package, benefits, and perks previously outlined","Compensation and In-Office Policy; Pay range in the US is $115,000 - $121,000 OTE; The posted range represents the expected salary range for this job requisition and does not include any other potential components of the compensation package, benefits, and perks previously outlined","Compensation and In-Office Policy
Pay range in the US is $115,000 - $121,000 OTE
The posted range represents the expected salary range for this job requisition and does not include any other potential components of the compensation package, benefits, and perks previously outlined","Compensation and In-Office Policy; Pay range in the US is $115,000 - $121,000 OTE; The posted range represents the expected salary range for this job requisition and does not include any other potential components of the compensation package, benefits, and perks previously outlined","Our Purpose

At Fiddler, we understand the implications of AI and the impact that it has on human lives. Our company was born with the mission of building trust into AI. With the rise of the internet, trust in AI has been degraded by a plethora of issues like spam, fraudulent transactions, hate speech, and online abuse. Fiddler enables organizations to get ahead of these issues by building trustwo
rthy, transparent, and explainable AI solutions.

Fiddler partners with AI-first organizations to help build a long-term framework for responsible AI practices, which, in turn, builds trust with their user base. Data Science, MLOps, and business teams use Fiddler AI to monitor, explain, analyze, and improve their AI solutions to identify performance gaps, mitigate bias, and drive better outcomes. Our platform enables engineering teams and business stakeholders alike to understand the “why” and how behind model outcomes.

Our Founders

Fiddler AI is founded by Krishna Gade (engineering leadership at Facebook, Pinterest, Twitter, and Microsoft) and Amit Paka (two-time founder with acquisitions by Samsung and PayPal and product roles at Expedia and Microsoft). We are backed by Insight Partners, Lightspeed Venture Partners, and Lux Capital.

Why Join Us

Our team is motivated to unlock the AI opaque box and help society harness the power of AI. Joining us means you get to make an impact by helping reduce algorithmic bias and ensure that models in production across many different industries are transparent and ethical. We are an early-stage startup and have a rapidly growing team of intelligent and empathetic doers, thinkers, creators, builders, and everyone in between. The AI and ML industry has a rapid pace of innovation and the learning opportunities here are monumental. This is your chance to be a trailblazer.

Fiddler is recognized as a pioneer in the field of AI Observability and has received numerous accolades, including: 2022 a16z Data50 list, 2021 CB Insights AI 100 most promising startups, 2020 WEF Technology Pioneer, 2020 Forbes AI 50 most promising startups of 2020, and a 2019 Gartner Cool Vendor in Enterprise AI Governance and Ethical Response. By joining our brilliant (at least we think so) team, you will help pave the way in the AI Observability space.

What You'll Do
• Prospect into Accounts to secure meetings and identify and qualify sales opportunities. You will partner closely with Sales Directors to bring opportunities to close, and foster great relationships with key champions.
• Run outreach campaigns to drive new business in the Federal space
• Cement Fiddler AI’s presence in the Federal market, developing core customers and ensuring their success with Fiddler’s platform.
• Work closely with Marketing to optimize the lead funnel and convert MQLs to Sales Qualified Opportunities.
• Research agencies, offices, and accounts; identify key players, generate interest and develop relationships with important stakeholders
• Provide prospects with information about Fiddler and our product value
• Conduct conversations with decision-makers, influencers, and project stakeholders.
• Learn, leverage, and help evolve our opportunity qualification and pipeline creation process
• Meet and exceed quarterly quota to ensure pipeline objectives, with the support of managers and teammates who are committed to your success
• Participate in regular Sales enablement sessions and learn from experienced sales professionals to help you develop the skills to excel in a Sales career
• Manage sales operational elements of territory including quoting, order processing, Salesforce.com (CRM) management, etc…
• Build strong relationships with prospects, customers and partners by offering an additional layer of Fiddler support
• Attend events and conferences, network with prospects, and conduct discovery
• Search for and respond to, with the help of the Federal team, government related RFI’s and RFP’s

What We're Looking For
• At least 1.5 years of Federal Government facing Sales experience, either in Sales Development, Account Executive, Business Development, Customer Success, Solution Engineering, or other related capacities
• An entrepreneurial person who is motivated to grow a market and fast-track their career.
• Experience interacting with customers and prospects, doing discovery calls, and identifying sales opportunities
• Passion for Sales and a level of creativity to sell in a new and emerging space.
• Competitive team player
• Willing to travel across the US to meet with customers and prospects
• Enterprise technology aptitude, data science, machine learning, or AI interest is a plus
• Industrious and willing to achieve a high volume of daily activities while maintaining a positive and energetic attitude
• Background using CRM and sales engagement applications
• Ability to thrive in a fast-paced, high-demand, startup environment
• Articulate, good communication, and ability to have high-level technical conversations with potential customers
• Detail-oriented mindset with a strength in time-management
• Someone who is not afraid to ask questions
• Reputation of accuracy, responsiveness, professionalism
• Conduct yourself in a manner consistent with Fiddler’s core values and reputation – generating a positive image of our organization to the market

Compensation and In-Office Policy
• Pay range in the US is $115,000 - $121,000 OTE
• This role will be remote on the East Coast

The posted range represents the expected salary range for this job requisition and does not include any other potential components of the compensation package, benefits, and perks previously outlined. Ultimately, in determining pay, we'll consider your experience, leveling, location, and other job-related factors.

Fiddler Labs is proud to be an equal opportunity employer. We celebrate diversity and are committed to creating an inclusive environment for all employees
"
principal applied ai scientist (llms) (hybrid),Fiddler AI,California • via AI Jobster,2025-01-08T11:38:13.925585,"Think critically and creatively to recognize common customer challenges and craft powerful generalizable solutions
MS/PhD in Computer Science, Data Science or equivalent discipline
8-10 years of industry experience
Deep technical understanding of Large language models
Experience in building, training and fine tuning LLMs
Practical experience with the latest technologies in LLM and generative AI, such as parameter-efficient fine-tuning, instruction fine-tuning, and advanced prompt engineering techniques like Tree-of-Thought / Chain-of-Thought
Experience with common LLM frameworks (Langchain, Llamaindex, RAG, HuggingFace, BERT models, quantization, and eval frameworks like Ragas or Presidio) and MLOps best practices
You invest in staying up to date with the LLM space, you regularly educate yourself on new capabilities, market trends and needs and are involved in local user groups and/or events relating to LLMs
You have experience speaking at relevant industry events
Proficiency with Python, ability to write production grade code and support ML model deployments that can handle live workloads
Ability to conduct deep analysis and benchmarking of models and methods
Experience debugging and troubleshooting production systems
Think critically and creatively to recognize common customer challenges and craft powerful generalizable solutions
Think critically and creatively to recognize common customer challenges and craft powerful generalizable solutions
MS/PhD in Computer Science, Data Science or equivalent discipline
8-10 years of industry experience
Deep technical understanding of Large language models
Experience in building, training and fine tuning LLMs
Practical experience with the latest technologies in LLM and generative AI, such as parameter-efficient fine-tuning, instruction fine-tuning, and advanced prompt engineering techniques like Tree-of-Thought / Chain-of-Thought
Experience setting up, monitoring and tuning ML models and Large language models in production
Experience with common LLM frameworks (Langchain, Llamaindex, RAG, HuggingFace, BERT models, quantization, and eval frameworks like Ragas or Presidio) and MLOps best practices
You invest in staying up to date with the LLM space, you regularly educate yourself on new capabilities, market trends and needs and are involved in local user groups and/or events relating to LLMs
You have experience speaking at relevant industry events
Proficiency with Python, ability to write production grade code and support ML model deployments that can handle live workloads
Ability to conduct deep analysis and benchmarking of models and methods
Experience debugging and troubleshooting production systems
Experience working with Computer vision models
Experience with data visualization and dimensionality reduction techniques
Knowledge of infrastructure management (AWS / Google Cloud, Kubernetes, or equivalent on-premises technologies)
Think critically and creatively to recognize common customer challenges and craft powerful generalizable solutions
Think critically and creatively to recognize common customer challenges and craft powerful generalizable solutions
MS/PhD in Computer Science, Data Science or equivalent discipline
8-10 years of industry experience
Deep technical understanding of Large language models
Experience in building, training and fine tuning LLMs
Practical experience with the latest technologies in LLM and generative AI, such as parameter-efficient fine-tuning, instruction fine-tuning, and advanced prompt engineering techniques like Tree-of-Thought / Chain-of-Thought
Experience setting up, monitoring and tuning ML models and Large language models in production
Experience with common LLM frameworks (Langchain, Llamaindex, RAG, HuggingFace, BERT models, quantization, and eval frameworks like","Think critically and creatively to recognize common customer challenges and craft powerful generalizable solutions; MS/PhD in Computer Science, Data Science or equivalent discipline; 8-10 years of industry experience; Deep technical understanding of Large language models; Experience in building, training and fine tuning LLMs; Practical experience with the latest technologies in LLM and generative AI, such as parameter-efficient fine-tuning, instruction fine-tuning, and advanced prompt engineering techniques like Tree-of-Thought / Chain-of-Thought; Experience with common LLM frameworks (Langchain, Llamaindex, RAG, HuggingFace, BERT models, quantization, and eval frameworks like Ragas or Presidio) and MLOps best practices; You invest in staying up to date with the LLM space, you regularly educate yourself on new capabilities, market trends and needs and are involved in local user groups and/or events relating to LLMs; You have experience speaking at relevant industry events; Proficiency with Python, ability to write production grade code and support ML model deployments that can handle live workloads; Ability to conduct deep analysis and benchmarking of models and methods; Experience debugging and troubleshooting production systems; Think critically and creatively to recognize common customer challenges and craft powerful generalizable solutions; Think critically and creatively to recognize common customer challenges and craft powerful generalizable solutions; MS/PhD in Computer Science, Data Science or equivalent discipline; 8-10 years of industry experience; Deep technical understanding of Large language models; Experience in building, training and fine tuning LLMs; Practical experience with the latest technologies in LLM and generative AI, such as parameter-efficient fine-tuning, instruction fine-tuning, and advanced prompt engineering techniques like Tree-of-Thought / Chain-of-Thought; Experience setting up, monitoring and tuning ML models and Large language models in production; Experience with common LLM frameworks (Langchain, Llamaindex, RAG, HuggingFace, BERT models, quantization, and eval frameworks like Ragas or Presidio) and MLOps best practices; You invest in staying up to date with the LLM space, you regularly educate yourself on new capabilities, market trends and needs and are involved in local user groups and/or events relating to LLMs; You have experience speaking at relevant industry events; Proficiency with Python, ability to write production grade code and support ML model deployments that can handle live workloads; Ability to conduct deep analysis and benchmarking of models and methods; Experience debugging and troubleshooting production systems; Experience working with Computer vision models; Experience with data visualization and dimensionality reduction techniques; Knowledge of infrastructure management (AWS / Google Cloud, Kubernetes, or equivalent on-premises technologies); Think critically and creatively to recognize common customer challenges and craft powerful generalizable solutions; Think critically and creatively to recognize common customer challenges and craft powerful generalizable solutions; MS/PhD in Computer Science, Data Science or equivalent discipline; 8-10 years of industry experience; Deep technical understanding of Large language models; Experience in building, training and fine tuning LLMs; Practical experience with the latest technologies in LLM and generative AI, such as parameter-efficient fine-tuning, instruction fine-tuning, and advanced prompt engineering techniques like Tree-of-Thought / Chain-of-Thought; Experience setting up, monitoring and tuning ML models and Large language models in production; Experience with common LLM frameworks (Langchain, Llamaindex, RAG, HuggingFace, BERT models, quantization, and eval frameworks like","Think critically and creatively to recognize common customer challenges and craft powerful generalizable solutions
MS/PhD in Computer Science, Data Science or equivalent discipline
8-10 years of industry experience
Deep technical understanding of Large language models
Experience in building, training and fine tuning LLMs
Practical experience with the latest technologies in LLM and generative AI, such as parameter-efficient fine-tuning, instruction fine-tuning, and advanced prompt engineering techniques like Tree-of-Thought / Chain-of-Thought
Experience with common LLM frameworks (Langchain, Llamaindex, RAG, HuggingFace, BERT models, quantization, and eval frameworks like Ragas or Presidio) and MLOps best practices
You invest in staying up to date with the LLM space, you regularly educate yourself on new capabilities, market trends and needs and are involved in local user groups and/or events relating to LLMs
You have experience speaking at relevant industry events
Proficiency with Python, ability to write production grade code and support ML model deployments that can handle live workloads
Ability to conduct deep analysis and benchmarking of models and methods
Experience debugging and troubleshooting production systems
Think critically and creatively to recognize common customer challenges and craft powerful generalizable solutions
Think critically and creatively to recognize common customer challenges and craft powerful generalizable solutions
MS/PhD in Computer Science, Data Science or equivalent discipline
8-10 years of industry experience
Deep technical understanding of Large language models
Experience in building, training and fine tuning LLMs
Practical experience with the latest technologies in LLM and generative AI, such as parameter-efficient fine-tuning, instruction fine-tuning, and advanced prompt engineering techniques like Tree-of-Thought / Chain-of-Thought
Experience setting up, monitoring and tuning ML models and Large language models in production
Experience with common LLM frameworks (Langchain, Llamaindex, RAG, HuggingFace, BERT models, quantization, and eval frameworks like Ragas or Presidio) and MLOps best practices
You invest in staying up to date with the LLM space, you regularly educate yourself on new capabilities, market trends and needs and are involved in local user groups and/or events relating to LLMs
You have experience speaking at relevant industry events
Proficiency with Python, ability to write production grade code and support ML model deployments that can handle live workloads
Ability to conduct deep analysis and benchmarking of models and methods
Experience debugging and troubleshooting production systems
Experience working with Computer vision models
Experience with data visualization and dimensionality reduction techniques
Knowledge of infrastructure management (AWS / Google Cloud, Kubernetes, or equivalent on-premises technologies)
Think critically and creatively to recognize common customer challenges and craft powerful generalizable solutions
Think critically and creatively to recognize common customer challenges and craft powerful generalizable solutions
MS/PhD in Computer Science, Data Science or equivalent discipline
8-10 years of industry experience
Deep technical understanding of Large language models
Experience in building, training and fine tuning LLMs
Practical experience with the latest technologies in LLM and generative AI, such as parameter-efficient fine-tuning, instruction fine-tuning, and advanced prompt engineering techniques like Tree-of-Thought / Chain-of-Thought
Experience setting up, monitoring and tuning ML models and Large language models in production
Experience with common LLM frameworks (Langchain, Llamaindex, RAG, HuggingFace, BERT models, quantization, and eval frameworks like","Think critically and creatively to recognize common customer challenges and craft powerful generalizable solutions; MS/PhD in Computer Science, Data Science or equivalent discipline; 8-10 years of industry experience; Deep technical understanding of Large language models; Experience in building, training and fine tuning LLMs; Practical experience with the latest technologies in LLM and generative AI, such as parameter-efficient fine-tuning, instruction fine-tuning, and advanced prompt engineering techniques like Tree-of-Thought / Chain-of-Thought; Experience with common LLM frameworks (Langchain, Llamaindex, RAG, HuggingFace, BERT models, quantization, and eval frameworks like Ragas or Presidio) and MLOps best practices; You invest in staying up to date with the LLM space, you regularly educate yourself on new capabilities, market trends and needs and are involved in local user groups and/or events relating to LLMs; You have experience speaking at relevant industry events; Proficiency with Python, ability to write production grade code and support ML model deployments that can handle live workloads; Ability to conduct deep analysis and benchmarking of models and methods; Experience debugging and troubleshooting production systems; Think critically and creatively to recognize common customer challenges and craft powerful generalizable solutions; Think critically and creatively to recognize common customer challenges and craft powerful generalizable solutions; MS/PhD in Computer Science, Data Science or equivalent discipline; 8-10 years of industry experience; Deep technical understanding of Large language models; Experience in building, training and fine tuning LLMs; Practical experience with the latest technologies in LLM and generative AI, such as parameter-efficient fine-tuning, instruction fine-tuning, and advanced prompt engineering techniques like Tree-of-Thought / Chain-of-Thought; Experience setting up, monitoring and tuning ML models and Large language models in production; Experience with common LLM frameworks (Langchain, Llamaindex, RAG, HuggingFace, BERT models, quantization, and eval frameworks like Ragas or Presidio) and MLOps best practices; You invest in staying up to date with the LLM space, you regularly educate yourself on new capabilities, market trends and needs and are involved in local user groups and/or events relating to LLMs; You have experience speaking at relevant industry events; Proficiency with Python, ability to write production grade code and support ML model deployments that can handle live workloads; Ability to conduct deep analysis and benchmarking of models and methods; Experience debugging and troubleshooting production systems; Experience working with Computer vision models; Experience with data visualization and dimensionality reduction techniques; Knowledge of infrastructure management (AWS / Google Cloud, Kubernetes, or equivalent on-premises technologies); Think critically and creatively to recognize common customer challenges and craft powerful generalizable solutions; Think critically and creatively to recognize common customer challenges and craft powerful generalizable solutions; MS/PhD in Computer Science, Data Science or equivalent discipline; 8-10 years of industry experience; Deep technical understanding of Large language models; Experience in building, training and fine tuning LLMs; Practical experience with the latest technologies in LLM and generative AI, such as parameter-efficient fine-tuning, instruction fine-tuning, and advanced prompt engineering techniques like Tree-of-Thought / Chain-of-Thought; Experience setting up, monitoring and tuning ML models and Large language models in production; Experience with common LLM frameworks (Langchain, Llamaindex, RAG, HuggingFace, BERT models, quantization, and eval frameworks like",,,,,"Our Purpose
At Fiddler, we understand the implications of AI and the impact that it has on human lives. Our company was born with the mission of building trust into AI. With the rise of the internet, trust in AI has been degraded by a plethora of issues like spam, fraudulent transactions, hate speech, and online abuse. Fiddler enables organizations to get ahead of these issues by building trustwor
thy, transparent, and explainable AI solutions.

Fiddler partners with AI-first organizations to help build a long-term framework for responsible AI practices, which, in turn, builds trust with their user base. Data Science, MLOps, and business teams use Fiddler AI to monitor, explain, analyze, and improve their AI solutions to identify performance gaps, mitigate bias, and drive better outcomes. Our platform enables engineering teams and business stakeholders alike to understand the “why” and how behind model outcomes.

Our Founders
Fiddler AI is founded by Krishna Gade (engineering leadership at Facebook, Pinterest, Twitter, and Microsoft) and Amit Paka (two-time founder with acquisitions by Samsung and PayPal and product roles at Expedia and Microsoft). We are backed by Insight Partners, Lightspeed Venture Partners, and Lux Capital.

Why Join Us
Our team is motivated to unlock the AI opaque box and help society harness the power of AI. Joining us means you get to make an impact by helping reduce algorithmic bias and ensure that models in production across many different industries are transparent and ethical. We are an early-stage startup and have a rapidly growing team of intelligent and empathetic doers, thinkers, creators, builders, and everyone in between. The AI and ML industry has a rapid pace of innovation and the learning opportunities here are monumental. This is your chance to be a trailblazer.

Fiddler is recognized as a pioneer in the field of AI Observability and has received numerous accolades, including: 2022 a16z Data50 list, 2021 CB Insights AI 100 most promising startups, 2020 WEF Technology Pioneer, 2020 Forbes AI 50 most promising startups of 2020, and a 2019 Gartner Cool Vendor in Enterprise AI Governance and Ethical Response. By joining our brilliant (at least we think so) team, you will help pave the way in the AI Observability space.

The Opportunity
In this role, you will be able to make a real impact on the safety of large language models and generative AI solutions across different verticals. You will work on the cutting edge of envisioning and building new types of tools and algorithms to monitor, explain, and improve such models.

Our Purpose
At Fiddler, we understand the implications of AI and the impact that it has on human lives. Our company was born with the mission of building trust into AI. With the rise of the internet, trust in AI has been degraded by a plethora of issues like spam, fraudulent transactions, hate speech, and online abuse. Fiddler enables organizations to get ahead of these issues by building trustworthy, transparent, and explainable AI solutions.

Fiddler partners with AI-first organizations to help build a long-term framework for responsible AI practices, which, in turn, builds trust with their user base. Data Science, MLOps, and business teams use Fiddler AI to monitor, explain, analyze, and improve their AI solutions to identify performance gaps, mitigate bias, and drive better outcomes. Our platform enables engineering teams and business stakeholders alike to understand the “why” and how behind model outcomes.

Our Founders
Fiddler AI is founded by Krishna Gade (engineering leadership at Facebook, Pinterest, Twitter, and Microsoft) and Amit Paka (two-time founder with acquisitions by Samsung and PayPal and product roles at Expedia and Microsoft). We are backed by Insight Partners, Lightspeed Venture Partners, and Lux Capital.

Why Join Us
Our team is motivated to unlock the AI opaque box and help society harness the power of AI. Joining us means you get to make an impact by helping reduce algorithmic bias and ensure that models in production across many different industries are transparent and ethical. We are an early-stage startup and have a rapidly growing team of intelligent and empathetic doers, thinkers, creators, builders, and everyone in between. The AI and ML industry has a rapid pace of innovation and the learning opportunities here are monumental. This is your chance to be a trailblazer.

Fiddler is recognized as a pioneer in the field of AI Observability and has received numerous accolades, including: 2022 a16z Data50 list, 2021 CB Insights AI 100 most promising startups, 2020 WEF Technology Pioneer, 2020 Forbes AI 50 most promising startups of 2020, and a 2019 Gartner Cool Vendor in Enterprise AI Governance and Ethical Response. By joining our brilliant (at least we think so) team, you will help pave the way in the AI Observability space.

The Opportunity
In this role, you will be able to make a real impact on the safety of large language models and generative AI solutions across different verticals. You will work on the cutting edge of envisioning and building new types of tools and algorithms to monitor, explain, and improve such models.

What You'll Do
• As a Principal Applied AI Scientist, you will play a key role in shaping the future of Fiddler’s observability solutions for Large Language Models (LLMs) and Generative AI. You will develop and tune novel LLMs, ML models, and other techniques to monitor, classify, and protect large language model prompts/responses and related use cases.
• Establish thought-leadership by following up on state of the art research in Large Language models, Gen AI and responsible AI. Conduct experiments, build POCs, evaluate and benchmark novel techniques related to LLM monitoring, debugging, guardrails etc. Identify ways to leverage some of these into product offerings and guide efforts to pursue these.
• Coordinate with multinational teams to drive projects from research POC to production.
• Develop deep product understanding. Think critically and creatively to recognize common customer challenges and craft powerful generalizable solutions.
• Support Sales and Customer Success teams to address some of the more advanced customer questions and asks that require deep understanding of novel ML use-cases. Provide expert guidance to customers with challenging explainability uses.
• Author white papers, blog posts, and develop technical content related to ML and the Fidder platform.

Our Purpose
At Fiddler, we understand the implications of AI and the impact that it has on human lives. Our company was born with the mission of building trust into AI. With the rise of the internet, trust in AI has been degraded by a plethora of issues like spam, fraudulent transactions, hate speech, and online abuse. Fiddler enables organizations to get ahead of these issues by building trustworthy, transparent, and explainable AI solutions.

Fiddler partners with AI-first organizations to help build a long-term framework for responsible AI practices, which, in turn, builds trust with their user base. Data Science, MLOps, and business teams use Fiddler AI to monitor, explain, analyze, and improve their AI solutions to identify performance gaps, mitigate bias, and drive better outcomes. Our platform enables engineering teams and business stakeholders alike to understand the “why” and how behind model outcomes.

Our Founders
Fiddler AI is founded by Krishna Gade (engineering leadership at Facebook, Pinterest, Twitter, and Microsoft) and Amit Paka (two-time founder with acquisitions by Samsung and PayPal and product roles at Expedia and Microsoft). We are backed by Insight Partners, Lightspeed Venture Partners, and Lux Capital.

Why Join Us
Our team is motivated to unlock the AI opaque box and help society harness the power of AI. Joining us means you get to make an impact by helping reduce algorithmic bias and ensure that models in production across many different industries are transparent and ethical. We are an early-stage startup and have a rapidly growing team of intelligent and empathetic doers, thinkers, creators, builders, and everyone in between. The AI and ML industry has a rapid pace of innovation and the learning opportunities here are monumental. This is your chance to be a trailblazer.

Fiddler is recognized as a pioneer in the field of AI Observability and has received numerous accolades, including: 2022 a16z Data50 list, 2021 CB Insights AI 100 most promising startups, 2020 WEF Technology Pioneer, 2020 Forbes AI 50 most promising startups of 2020, and a 2019 Gartner Cool Vendor in Enterprise AI Governance and Ethical Response. By joining our brilliant (at least we think so) team, you will help pave the way in the AI Observability space.

The Opportunity
In this role, you will be able to make a real impact on the safety of large language models and generative AI solutions across different verticals. You will work on the cutting edge of envisioning and building new types of tools and algorithms to monitor, explain, and improve such models.

Our Purpose
At Fiddler, we understand the implications of AI and the impact that it has on human lives. Our company was born with the mission of building trust into AI. With the rise of the internet, trust in AI has been degraded by a plethora of issues like spam, fraudulent transactions, hate speech, and online abuse. Fiddler enables organizations to get ahead of these issues by building trustworthy, transparent, and explainable AI solutions.

Fiddler partners with AI-first organizations to help build a long-term framework for responsible AI practices, which, in turn, builds trust with their user base. Data Science, MLOps, and business teams use Fiddler AI to monitor, explain, analyze, and improve their AI solutions to identify performance gaps, mitigate bias, and drive better outcomes. Our platform enables engineering teams and business stakeholders alike to understand the “why” and how behind model outcomes.

Our Founders
Fiddler AI is founded by Krishna Gade (engineering leadership at Facebook, Pinterest, Twitter, and Microsoft) and Amit Paka (two-time founder with acquisitions by Samsung and PayPal and product roles at Expedia and Microsoft). We are backed by Insight Partners, Lightspeed Venture Partners, and Lux Capital.

Why Join Us
Our team is motivated to unlock the AI opaque box and help society harness the power of AI. Joining us means you get to make an impact by helping reduce algorithmic bias and ensure that models in production across many different industries are transparent and ethical. We are an early-stage startup and have a rapidly growing team of intelligent and empathetic doers, thinkers, creators, builders, and everyone in between. The AI and ML industry has a rapid pace of innovation and the learning opportunities here are monumental. This is your chance to be a trailblazer.

Fiddler is recognized as a pioneer in the field of AI Observability and has received numerous accolades, including: 2022 a16z Data50 list, 2021 CB Insights AI 100 most promising startups, 2020 WEF Technology Pioneer, 2020 Forbes AI 50 most promising startups of 2020, and a 2019 Gartner Cool Vendor in Enterprise AI Governance and Ethical Response. By joining our brilliant (at least we think so) team, you will help pave the way in the AI Observability space.

The Opportunity
In this role, you will be able to make a real impact on the safety of large language models and generative AI solutions across different verticals. You will work on the cutting edge of envisioning and building new types of tools and algorithms to monitor, explain, and improve such models.

What You'll Do
• As a Principal Applied AI Scientist, you will play a key role in shaping the future of Fiddler’s observability solutions for Large Language Models (LLMs) and Generative AI. You will develop and tune novel LLMs, ML models, and other techniques to monitor, classify, and protect large language model prompts/responses and related use cases.
• Establish thought-leadership by following up on state of the art research in Large Language models, Gen AI and responsible AI. Conduct experiments, build POCs, evaluate and benchmark novel techniques related to LLM monitoring, debugging, guardrails etc. Identify ways to leverage some of these into product offerings and guide efforts to pursue these.
• Coordinate with multinational teams to drive projects from research POC to production.
• Develop deep product understanding. Think critically and creatively to recognize common customer challenges and craft powerful generalizable solutions.
• Support Sales and Customer Success teams to address some of the more advanced customer questions and asks that require deep understanding of novel ML use-cases. Provide expert guidance to customers with challenging explainability uses.
• Author white papers, blog posts, and develop technical content related to ML and the Fidder platform.

What We are Looking For
• MS/PhD in Computer Science, Data Science or equivalent discipline.
• 8-10 years of industry experience.
• Deep technical understanding of Large language models. Experience in building, training and fine tuning LLMs . Practical experience with the latest technologies in LLM and generative AI, such as parameter-efficient fine-tuning, instruction fine-tuning, and advanced prompt engineering techniques like Tree-of-Thought / Chain-of-Thought.
• Experience setting up, monitoring and tuning ML models and Large language models in production. Experience with common LLM frameworks (Langchain, Llamaindex, RAG, HuggingFace, BERT models, quantization, and eval frameworks like Ragas or Presidio) and MLOps best practices.
• You invest in staying up to date with the LLM space, you regularly educate yourself on new capabilities, market trends and needs and are involved in local user groups and/or events relating to LLMs. You have experience speaking at relevant industry events.
• Proficiency with Python, ability to write production grade code and support ML model deployments that can handle live workloads.
• Ability to conduct deep analysis and benchmarking of models and methods.
• Experience debugging and troubleshooting production systems

Our Purpose
At Fiddler, we understand the implications of AI and the impact that it has on human lives. Our company was born with the mission of building trust into AI. With the rise of the internet, trust in AI has been degraded by a plethora of issues like spam, fraudulent transactions, hate speech, and online abuse. Fiddler enables organizations to get ahead of these issues by building trustworthy, transparent, and explainable AI solutions.

Fiddler partners with AI-first organizations to help build a long-term framework for responsible AI practices, which, in turn, builds trust with their user base. Data Science, MLOps, and business teams use Fiddler AI to monitor, explain, analyze, and improve their AI solutions to identify performance gaps, mitigate bias, and drive better outcomes. Our platform enables engineering teams and business stakeholders alike to understand the “why” and how behind model outcomes.

Our Founders
Fiddler AI is founded by Krishna Gade (engineering leadership at Facebook, Pinterest, Twitter, and Microsoft) and Amit Paka (two-time founder with acquisitions by Samsung and PayPal and product roles at Expedia and Microsoft). We are backed by Insight Partners, Lightspeed Venture Partners, and Lux Capital.

Why Join Us
Our team is motivated to unlock the AI opaque box and help society harness the power of AI. Joining us means you get to make an impact by helping reduce algorithmic bias and ensure that models in production across many different industries are transparent and ethical. We are an early-stage startup and have a rapidly growing team of intelligent and empathetic doers, thinkers, creators, builders, and everyone in between. The AI and ML industry has a rapid pace of innovation and the learning opportunities here are monumental. This is your chance to be a trailblazer.

Fiddler is recognized as a pioneer in the field of AI Observability and has received numerous accolades, including: 2022 a16z Data50 list, 2021 CB Insights AI 100 most promising startups, 2020 WEF Technology Pioneer, 2020 Forbes AI 50 most promising startups of 2020, and a 2019 Gartner Cool Vendor in Enterprise AI Governance and Ethical Response. By joining our brilliant (at least we think so) team, you will help pave the way in the AI Observability space.

The Opportunity
In this role, you will be able to make a real impact on the safety of large language models and generative AI solutions across different verticals. You will work on the cutting edge of envisioning and building new types of tools and algorithms to monitor, explain, and improve such models.

Our Purpose
At Fiddler, we understand the implications of AI and the impact that it has on human lives. Our company was born with the mission of building trust into AI. With the rise of the internet, trust in AI has been degraded by a plethora of issues like spam, fraudulent transactions, hate speech, and online abuse. Fiddler enables organizations to get ahead of these issues by building trustworthy, transparent, and explainable AI solutions.

Fiddler partners with AI-first organizations to help build a long-term framework for responsible AI practices, which, in turn, builds trust with their user base. Data Science, MLOps, and business teams use Fiddler AI to monitor, explain, analyze, and improve their AI solutions to identify performance gaps, mitigate bias, and drive better outcomes. Our platform enables engineering teams and business stakeholders alike to understand the “why” and how behind model outcomes.

Our Founders
Fiddler AI is founded by Krishna Gade (engineering leadership at Facebook, Pinterest, Twitter, and Microsoft) and Amit Paka (two-time founder with acquisitions by Samsung and PayPal and product roles at Expedia and Microsoft). We are backed by Insight Partners, Lightspeed Venture Partners, and Lux Capital.

Why Join Us
Our team is motivated to unlock the AI opaque box and help society harness the power of AI. Joining us means you get to make an impact by helping reduce algorithmic bias and ensure that models in production across many different industries are transparent and ethical. We are an early-stage startup and have a rapidly growing team of intelligent and empathetic doers, thinkers, creators, builders, and everyone in between. The AI and ML industry has a rapid pace of innovation and the learning opportunities here are monumental. This is your chance to be a trailblazer.

Fiddler is recognized as a pioneer in the field of AI Observability and has received numerous accolades, including: 2022 a16z Data50 list, 2021 CB Insights AI 100 most promising startups, 2020 WEF Technology Pioneer, 2020 Forbes AI 50 most promising startups of 2020, and a 2019 Gartner Cool Vendor in Enterprise AI Governance and Ethical Response. By joining our brilliant (at least we think so) team, you will help pave the way in the AI Observability space.

The Opportunity
In this role, you will be able to make a real impact on the safety of large language models and generative AI solutions across different verticals. You will work on the cutting edge of envisioning and building new types of tools and algorithms to monitor, explain, and improve such models.

What You'll Do
• As a Principal Applied AI Scientist, you will play a key role in shaping the future of Fiddler’s observability solutions for Large Language Models (LLMs) and Generative AI. You will develop and tune novel LLMs, ML models, and other techniques to monitor, classify, and protect large language model prompts/responses and related use cases.
• Establish thought-leadership by following up on state of the art research in Large Language models, Gen AI and responsible AI. Conduct experiments, build POCs, evaluate and benchmark novel techniques related to LLM monitoring, debugging, guardrails etc. Identify ways to leverage some of these into product offerings and guide efforts to pursue these.
• Coordinate with multinational teams to drive projects from research POC to production.
• Develop deep product understanding. Think critically and creatively to recognize common customer challenges and craft powerful generalizable solutions.
• Support Sales and Customer Success teams to address some of the more advanced customer questions and asks that require deep understanding of novel ML use-cases. Provide expert guidance to customers with challenging explainability uses.
• Author white papers, blog posts, and develop technical content related to ML and the Fidder platform.

Our Purpose
At Fiddler, we understand the implications of AI and the impact that it has on human lives. Our company was born with the mission of building trust into AI. With the rise of the internet, trust in AI has been degraded by a plethora of issues like spam, fraudulent transactions, hate speech, and online abuse. Fiddler enables organizations to get ahead of these issues by building trustworthy, transparent, and explainable AI solutions.

Fiddler partners with AI-first organizations to help build a long-term framework for responsible AI practices, which, in turn, builds trust with their user base. Data Science, MLOps, and business teams use Fiddler AI to monitor, explain, analyze, and improve their AI solutions to identify performance gaps, mitigate bias, and drive better outcomes. Our platform enables engineering teams and business stakeholders alike to understand the “why” and how behind model outcomes.

Our Founders
Fiddler AI is founded by Krishna Gade (engineering leadership at Facebook, Pinterest, Twitter, and Microsoft) and Amit Paka (two-time founder with acquisitions by Samsung and PayPal and product roles at Expedia and Microsoft). We are backed by Insight Partners, Lightspeed Venture Partners, and Lux Capital.

Why Join Us
Our team is motivated to unlock the AI opaque box and help society harness the power of AI. Joining us means you get to make an impact by helping reduce algorithmic bias and ensure that models in production across many different industries are transparent and ethical. We are an early-stage startup and have a rapidly growing team of intelligent and empathetic doers, thinkers, creators, builders, and everyone in between. The AI and ML industry has a rapid pace of innovation and the learning opportunities here are monumental. This is your chance to be a trailblazer.

Fiddler is recognized as a pioneer in the field of AI Observability and has received numerous accolades, including: 2022 a16z Data50 list, 2021 CB Insights AI 100 most promising startups, 2020 WEF Technology Pioneer, 2020 Forbes AI 50 most promising startups of 2020, and a 2019 Gartner Cool Vendor in Enterprise AI Governance and Ethical Response. By joining our brilliant (at least we think so) team, you will help pave the way in the AI Observability space.

The Opportunity
In this role, you will be able to make a real impact on the safety of large language models and generative AI solutions across different verticals. You will work on the cutting edge of envisioning and building new types of tools and algorithms to monitor, explain, and improve such models.

Our Purpose
At Fiddler, we understand the implications of AI and the impact that it has on human lives. Our company was born with the mission of building trust into AI. With the rise of the internet, trust in AI has been degraded by a plethora of issues like spam, fraudulent transactions, hate speech, and online abuse. Fiddler enables organizations to get ahead of these issues by building trustworthy, transparent, and explainable AI solutions.

Fiddler partners with AI-first organizations to help build a long-term framework for responsible AI practices, which, in turn, builds trust with their user base. Data Science, MLOps, and business teams use Fiddler AI to monitor, explain, analyze, and improve their AI solutions to identify performance gaps, mitigate bias, and drive better outcomes. Our platform enables engineering teams and business stakeholders alike to understand the “why” and how behind model outcomes.

Our Founders
Fiddler AI is founded by Krishna Gade (engineering leadership at Facebook, Pinterest, Twitter, and Microsoft) and Amit Paka (two-time founder with acquisitions by Samsung and PayPal and product roles at Expedia and Microsoft). We are backed by Insight Partners, Lightspeed Venture Partners, and Lux Capital.

Why Join Us
Our team is motivated to unlock the AI opaque box and help society harness the power of AI. Joining us means you get to make an impact by helping reduce algorithmic bias and ensure that models in production across many different industries are transparent and ethical. We are an early-stage startup and have a rapidly growing team of intelligent and empathetic doers, thinkers, creators, builders, and everyone in between. The AI and ML industry has a rapid pace of innovation and the learning opportunities here are monumental. This is your chance to be a trailblazer.

Fiddler is recognized as a pioneer in the field of AI Observability and has received numerous accolades, including: 2022 a16z Data50 list, 2021 CB Insights AI 100 most promising startups, 2020 WEF Technology Pioneer, 2020 Forbes AI 50 most promising startups of 2020, and a 2019 Gartner Cool Vendor in Enterprise AI Governance and Ethical Response. By joining our brilliant (at least we think so) team, you will help pave the way in the AI Observability space.

The Opportunity
In this role, you will be able to make a real impact on the safety of large language models and generative AI solutions across different verticals. You will work on the cutting edge of envisioning and building new types of tools and algorithms to monitor, explain, and improve such models.

What You'll Do
• As a Principal Applied AI Scientist, you will play a key role in shaping the future of Fiddler’s observability solutions for Large Language Models (LLMs) and Generative AI. You will develop and tune novel LLMs, ML models, and other techniques to monitor, classify, and protect large language model prompts/responses and related use cases.
• Establish thought-leadership by following up on state of the art research in Large Language models, Gen AI and responsible AI. Conduct experiments, build POCs, evaluate and benchmark novel techniques related to LLM monitoring, debugging, guardrails etc. Identify ways to leverage some of these into product offerings and guide efforts to pursue these.
• Coordinate with multinational teams to drive projects from research POC to production.
• Develop deep product understanding. Think critically and creatively to recognize common customer challenges and craft powerful generalizable solutions.
• Support Sales and Customer Success teams to address some of the more advanced customer questions and asks that require deep understanding of novel ML use-cases. Provide expert guidance to customers with challenging explainability uses.
• Author white papers, blog posts, and develop technical content related to ML and the Fidder platform.

What We are Looking For
• MS/PhD in Computer Science, Data Science or equivalent discipline.
• 8-10 years of industry experience.
• Deep technical understanding of Large language models. Experience in building, training and fine tuning LLMs . Practical experience with the latest technologies in LLM and generative AI, such as parameter-efficient fine-tuning, instruction fine-tuning, and advanced prompt engineering techniques like Tree-of-Thought / Chain-of-Thought.
• Experience setting up, monitoring and tuning ML models and Large language models in production. Experience with common LLM frameworks (Langchain, Llamaindex, RAG, HuggingFace, BERT models, quantization, and eval frameworks like Ragas or Presidio) and MLOps best practices.
• You invest in staying up to date with the LLM space, you regularly educate yourself on new capabilities, market trends and needs and are involved in local user groups and/or events relating to LLMs. You have experience speaking at relevant industry events.
• Proficiency with Python, ability to write production grade code and support ML model deployments that can handle live workloads.
• Ability to conduct deep analysis and benchmarking of models and methods.
• Experience debugging and troubleshooting production systems

Nice to Have
• Experience working with Computer vision models.
• Experience with data visualization and dimensionality reduction techniques.
• Knowledge of infrastructure management (AWS / Google Cloud, Kubernetes, or equivalent on-premises technologies)

Our Purpose
At Fiddler, we understand the implications of AI and the impact that it has on human lives. Our company was born with the mission of building trust into AI. With the rise of the internet, trust in AI has been degraded by a plethora of issues like spam, fraudulent transactions, hate speech, and online abuse. Fiddler enables organizations to get ahead of these issues by building trustworthy, transparent, and explainable AI solutions.

Fiddler partners with AI-first organizations to help build a long-term framework for responsible AI practices, which, in turn, builds trust with their user base. Data Science, MLOps, and business teams use Fiddler AI to monitor, explain, analyze, and improve their AI solutions to identify performance gaps, mitigate bias, and drive better outcomes. Our platform enables engineering teams and business stakeholders alike to understand the “why” and how behind model outcomes.

Our Founders
Fiddler AI is founded by Krishna Gade (engineering leadership at Facebook, Pinterest, Twitter, and Microsoft) and Amit Paka (two-time founder with acquisitions by Samsung and PayPal and product roles at Expedia and Microsoft). We are backed by Insight Partners, Lightspeed Venture Partners, and Lux Capital.

Why Join Us
Our team is motivated to unlock the AI opaque box and help society harness the power of AI. Joining us means you get to make an impact by helping reduce algorithmic bias and ensure that models in production across many different industries are transparent and ethical. We are an early-stage startup and have a rapidly growing team of intelligent and empathetic doers, thinkers, creators, builders, and everyone in between. The AI and ML industry has a rapid pace of innovation and the learning opportunities here are monumental. This is your chance to be a trailblazer.

Fiddler is recognized as a pioneer in the field of AI Observability and has received numerous accolades, including: 2022 a16z Data50 list, 2021 CB Insights AI 100 most promising startups, 2020 WEF Technology Pioneer, 2020 Forbes AI 50 most promising startups of 2020, and a 2019 Gartner Cool Vendor in Enterprise AI Governance and Ethical Response. By joining our brilliant (at least we think so) team, you will help pave the way in the AI Observability space.

The Opportunity
In this role, you will be able to make a real impact on the safety of large language models and generative AI solutions across different verticals. You will work on the cutting edge of envisioning and building new types of tools and algorithms to monitor, explain, and improve such models.

Our Purpose
At Fiddler, we understand the implications of AI and the impact that it has on human lives. Our company was born with the mission of building trust into AI. With the rise of the internet, trust in AI has been degraded by a plethora of issues like spam, fraudulent transactions, hate speech, and online abuse. Fiddler enables organizations to get ahead of these issues by building trustworthy, transparent, and explainable AI solutions.

Fiddler partners with AI-first organizations to help build a long-term framework for responsible AI practices, which, in turn, builds trust with their user base. Data Science, MLOps, and business teams use Fiddler AI to monitor, explain, analyze, and improve their AI solutions to identify performance gaps, mitigate bias, and drive better outcomes. Our platform enables engineering teams and business stakeholders alike to understand the “why” and how behind model outcomes.

Our Founders
Fiddler AI is founded by Krishna Gade (engineering leadership at Facebook, Pinterest, Twitter, and Microsoft) and Amit Paka (two-time founder with acquisitions by Samsung and PayPal and product roles at Expedia and Microsoft). We are backed by Insight Partners, Lightspeed Venture Partners, and Lux Capital.

Why Join Us
Our team is motivated to unlock the AI opaque box and help society harness the power of AI. Joining us means you get to make an impact by helping reduce algorithmic bias and ensure that models in production across many different industries are transparent and ethical. We are an early-stage startup and have a rapidly growing team of intelligent and empathetic doers, thinkers, creators, builders, and everyone in between. The AI and ML industry has a rapid pace of innovation and the learning opportunities here are monumental. This is your chance to be a trailblazer.

Fiddler is recognized as a pioneer in the field of AI Observability and has received numerous accolades, including: 2022 a16z Data50 list, 2021 CB Insights AI 100 most promising startups, 2020 WEF Technology Pioneer, 2020 Forbes AI 50 most promising startups of 2020, and a 2019 Gartner Cool Vendor in Enterprise AI Governance and Ethical Response. By joining our brilliant (at least we think so) team, you will help pave the way in the AI Observability space.

The Opportunity
In this role, you will be able to make a real impact on the safety of large language models and generative AI solutions across different verticals. You will work on the cutting edge of envisioning and building new types of tools and algorithms to monitor, explain, and improve such models.

What You'll Do
• As a Principal Applied AI Scientist, you will play a key role in shaping the future of Fiddler’s observability solutions for Large Language Models (LLMs) and Generative AI. You will develop and tune novel LLMs, ML models, and other techniques to monitor, classify, and protect large language model prompts/responses and related use cases.
• Establish thought-leadership by following up on state of the art research in Large Language models, Gen AI and responsible AI. Conduct experiments, build POCs, evaluate and benchmark novel techniques related to LLM monitoring, debugging, guardrails etc. Identify ways to leverage some of these into product offerings and guide efforts to pursue these.
• Coordinate with multinational teams to drive projects from research POC to production.
• Develop deep product understanding. Think critically and creatively to recognize common customer challenges and craft powerful generalizable solutions.
• Support Sales and Customer Success teams to address some of the more advanced customer questions and asks that require deep understanding of novel ML use-cases. Provide expert guidance to customers with challenging explainability uses.
• Author white papers, blog posts, and develop technical content related to ML and the Fidder platform.

Our Purpose
At Fiddler, we understand the implications of AI and the impact that it has on human lives. Our company was born with the mission of building trust into AI. With the rise of the internet, trust in AI has been degraded by a plethora of issues like spam, fraudulent transactions, hate speech, and online abuse. Fiddler enables organizations to get ahead of these issues by building trustworthy, transparent, and explainable AI solutions.

Fiddler partners with AI-first organizations to help build a long-term framework for responsible AI practices, which, in turn, builds trust with their user base. Data Science, MLOps, and business teams use Fiddler AI to monitor, explain, analyze, and improve their AI solutions to identify performance gaps, mitigate bias, and drive better outcomes. Our platform enables engineering teams and business stakeholders alike to understand the “why” and how behind model outcomes.

Our Founders
Fiddler AI is founded by Krishna Gade (engineering leadership at Facebook, Pinterest, Twitter, and Microsoft) and Amit Paka (two-time founder with acquisitions by Samsung and PayPal and product roles at Expedia and Microsoft). We are backed by Insight Partners, Lightspeed Venture Partners, and Lux Capital.

Why Join Us
Our team is motivated to unlock the AI opaque box and help society harness the power of AI. Joining us means you get to make an impact by helping reduce algorithmic bias and ensure that models in production across many different industries are transparent and ethical. We are an early-stage startup and have a rapidly growing team of intelligent and empathetic doers, thinkers, creators, builders, and everyone in between. The AI and ML industry has a rapid pace of innovation and the learning opportunities here are monumental. This is your chance to be a trailblazer.

Fiddler is recognized as a pioneer in the field of AI Observability and has received numerous accolades, including: 2022 a16z Data50 list, 2021 CB Insights AI 100 most promising startups, 2020 WEF Technology Pioneer, 2020 Forbes AI 50 most promising startups of 2020, and a 2019 Gartner Cool Vendor in Enterprise AI Governance and Ethical Response. By joining our brilliant (at least we think so) team, you will help pave the way in the AI Observability space.

The Opportunity
In this role, you will be able to make a real impact on the safety of large language models and generative AI solutions across different verticals. You will work on the cutting edge of envisioning and building new types of tools and algorithms to monitor, explain, and improve such models.

Our Purpose
At Fiddler, we understand the implications of AI and the impact that it has on human lives. Our company was born with the mission of building trust into AI. With the rise of the internet, trust in AI has been degraded by a plethora of issues like spam, fraudulent transactions, hate speech, and online abuse. Fiddler enables organizations to get ahead of these issues by building trustworthy, transparent, and explainable AI solutions.

Fiddler partners with AI-first organizations to help build a long-term framework for responsible AI practices, which, in turn, builds trust with their user base. Data Science, MLOps, and business teams use Fiddler AI to monitor, explain, analyze, and improve their AI solutions to identify performance gaps, mitigate bias, and drive better outcomes. Our platform enables engineering teams and business stakeholders alike to understand the “why” and how behind model outcomes.

Our Founders
Fiddler AI is founded by Krishna Gade (engineering leadership at Facebook, Pinterest, Twitter, and Microsoft) and Amit Paka (two-time founder with acquisitions by Samsung and PayPal and product roles at Expedia and Microsoft). We are backed by Insight Partners, Lightspeed Venture Partners, and Lux Capital.

Why Join Us
Our team is motivated to unlock the AI opaque box and help society harness the power of AI. Joining us means you get to make an impact by helping reduce algorithmic bias and ensure that models in production across many different industries are transparent and ethical. We are an early-stage startup and have a rapidly growing team of intelligent and empathetic doers, thinkers, creators, builders, and everyone in between. The AI and ML industry has a rapid pace of innovation and the learning opportunities here are monumental. This is your chance to be a trailblazer.

Fiddler is recognized as a pioneer in the field of AI Observability and has received numerous accolades, including: 2022 a16z Data50 list, 2021 CB Insights AI 100 most promising startups, 2020 WEF Technology Pioneer, 2020 Forbes AI 50 most promising startups of 2020, and a 2019 Gartner Cool Vendor in Enterprise AI Governance and Ethical Response. By joining our brilliant (at least we think so) team, you will help pave the way in the AI Observability space.

The Opportunity
In this role, you will be able to make a real impact on the safety of large language models and generative AI solutions across different verticals. You will work on the cutting edge of envisioning and building new types of tools and algorithms to monitor, explain, and improve such models.

What You'll Do
• As a Principal Applied AI Scientist, you will play a key role in shaping the future of Fiddler’s observability solutions for Large Language Models (LLMs) and Generative AI. You will develop and tune novel LLMs, ML models, and other techniques to monitor, classify, and protect large language model prompts/responses and related use cases.
• Establish thought-leadership by following up on state of the art research in Large Language models, Gen AI and responsible AI. Conduct experiments, build POCs, evaluate and benchmark novel techniques related to LLM monitoring, debugging, guardrails etc. Identify ways to leverage some of these into product offerings and guide efforts to pursue these.
• Coordinate with multinational teams to drive projects from research POC to production.
• Develop deep product understanding. Think critically and creatively to recognize common customer challenges and craft powerful generalizable solutions.
• Support Sales and Customer Success teams to address some of the more advanced customer questions and asks that require deep understanding of novel ML use-cases. Provide expert guidance to customers with challenging explainability uses.
• Author white papers, blog posts, and develop technical content related to ML and the Fidder platform.

What We are Looking For
• MS/PhD in Computer Science, Data Science or equivalent discipline.
• 8-10 years of industry experience.
• Deep technical understanding of Large language models. Experience in building, training and fine tuning LLMs . Practical experience with the latest technologies in LLM and generative AI, such as parameter-efficient fine-tuning, instruction fine-tuning, and advanced prompt engineering techniques like Tree-of-Thought / Chain-of-Thought.
• Experience setting up, monitoring and tuning ML models and Large language models in production. Experience with common LLM frameworks (Langchain, Llamaindex, RAG, HuggingFace, BERT models, quantization, and eval frameworks like
"
Enterprise Account Executive - Chicago (Remote),Fiddler AI,• via Jobs.weekday.works,2025-01-08T11:38:23.826091,"You will work to create solutions that are tailored to a prospect’s business needs and integrate our capabilities in a way that is valued by the customer and superior to the competition
The ideal candidate should be highly motivated, a self-starter, detail-oriented, process-driven, and employ an evangelical and strategic approach in your sales engagements
In addition, you should be comfortable selling a solution and technologies from within a technology startup environment to CxO, VP, and Director level contacts
At least 5+ years of outside sales experience
Experience selling within the Data, Big Data, and/or ML/AI Spaces
Ability to articulate and sell the business value of big data and the big impact on businesses of all sizes
Experience selling to developers, data scientists, and C level executives
Significant experience at a fast-paced startup and ability to work well in unstructured environments
Technical background or experience selling a very technical product to a technical audience
Ability to understand the Machine Learning environment and build great relationships with highly technical customers
Experience identifying high-value customers and verticals to pursue
Proven negotiation and closing skills
Understanding of Machine Learning/Artificial Intelligence concepts
Proficient in cloud and on-premise enterprise technology solutions","You will work to create solutions that are tailored to a prospect’s business needs and integrate our capabilities in a way that is valued by the customer and superior to the competition; The ideal candidate should be highly motivated, a self-starter, detail-oriented, process-driven, and employ an evangelical and strategic approach in your sales engagements; In addition, you should be comfortable selling a solution and technologies from within a technology startup environment to CxO, VP, and Director level contacts; At least 5+ years of outside sales experience; Experience selling within the Data, Big Data, and/or ML/AI Spaces; Ability to articulate and sell the business value of big data and the big impact on businesses of all sizes; Experience selling to developers, data scientists, and C level executives; Significant experience at a fast-paced startup and ability to work well in unstructured environments; Technical background or experience selling a very technical product to a technical audience; Ability to understand the Machine Learning environment and build great relationships with highly technical customers; Experience identifying high-value customers and verticals to pursue; Proven negotiation and closing skills; Understanding of Machine Learning/Artificial Intelligence concepts; Proficient in cloud and on-premise enterprise technology solutions","You will work to create solutions that are tailored to a prospect’s business needs and integrate our capabilities in a way that is valued by the customer and superior to the competition
The ideal candidate should be highly motivated, a self-starter, detail-oriented, process-driven, and employ an evangelical and strategic approach in your sales engagements
In addition, you should be comfortable selling a solution and technologies from within a technology startup environment to CxO, VP, and Director level contacts
At least 5+ years of outside sales experience
Experience selling within the Data, Big Data, and/or ML/AI Spaces
Ability to articulate and sell the business value of big data and the big impact on businesses of all sizes
Experience selling to developers, data scientists, and C level executives
Significant experience at a fast-paced startup and ability to work well in unstructured environments
Technical background or experience selling a very technical product to a technical audience
Ability to understand the Machine Learning environment and build great relationships with highly technical customers
Experience identifying high-value customers and verticals to pursue
Proven negotiation and closing skills
Understanding of Machine Learning/Artificial Intelligence concepts
Proficient in cloud and on-premise enterprise technology solutions","You will work to create solutions that are tailored to a prospect’s business needs and integrate our capabilities in a way that is valued by the customer and superior to the competition; The ideal candidate should be highly motivated, a self-starter, detail-oriented, process-driven, and employ an evangelical and strategic approach in your sales engagements; In addition, you should be comfortable selling a solution and technologies from within a technology startup environment to CxO, VP, and Director level contacts; At least 5+ years of outside sales experience; Experience selling within the Data, Big Data, and/or ML/AI Spaces; Ability to articulate and sell the business value of big data and the big impact on businesses of all sizes; Experience selling to developers, data scientists, and C level executives; Significant experience at a fast-paced startup and ability to work well in unstructured environments; Technical background or experience selling a very technical product to a technical audience; Ability to understand the Machine Learning environment and build great relationships with highly technical customers; Experience identifying high-value customers and verticals to pursue; Proven negotiation and closing skills; Understanding of Machine Learning/Artificial Intelligence concepts; Proficient in cloud and on-premise enterprise technology solutions","Pay Range in the US is $225,000 - $300,000 OTE","Pay Range in the US is $225,000 - $300,000 OTE","Pay Range in the US is $225,000 - $300,000 OTE","Pay Range in the US is $225,000 - $300,000 OTE","Our Purpose

At Fiddler, we understand the implications of AI and the impact that it has on human lives. Our company was born with the mission of building trust into AI. With the rise of the internet, trust in AI has been degraded by a plethora of issues like spam, fraudulent transactions, hate speech, and online abuse. Fiddler enables organizations to get ahead of these issues by building trustwo
rthy, transparent, and explainable AI solutions.

Fiddler partners with AI-first organizations to help build a long-term framework for responsible AI practices, which, in turn, builds trust with their user base. Data Science, MLOps, and business teams use Fiddler AI to monitor, explain, analyze, and improve their AI solutions to identify performance gaps, mitigate bias, and drive better outcomes. Our platform enables engineering teams and business stakeholders alike to understand the “why” and how behind model outcomes.

Our Founders

Fiddler AI is founded by Krishna Gade (engineering leadership at Facebook, Pinterest, Twitter, and Microsoft) and Amit Paka (two-time founder with acquisitions by Samsung and PayPal and product roles at Expedia and Microsoft). We are backed by Insight Partners, Lightspeed Venture Partners, and Lux Capital.

Why Join Us

Our team is motivated to unlock the AI opaque box and help society harness the power of AI. Joining us means you get to make an impact by helping reduce algorithmic bias and ensure that models in production across many different industries are transparent and ethical. We are an early-stage startup and have a rapidly growing team of intelligent and empathetic doers, thinkers, creators, builders, and everyone in between. The AI and ML industry has a rapid pace of innovation and the learning opportunities here are monumental. This is your chance to be a trailblazer.

Fiddler is recognized as a pioneer in the field of AI Observability and has received numerous accolades, including: 2022 a16z Data50 list, 2021 CB Insights AI 100 most promising startups, 2020 WEF Technology Pioneer, 2020 Forbes AI 50 most promising startups of 2020, and a 2019 Gartner Cool Vendor in Enterprise AI Governance and Ethical Response. By joining our brilliant (at least we think so) team, you will help pave the way in the AI Observability space.

The Opportunity

You will work to create solutions that are tailored to a prospect’s business needs and integrate our capabilities in a way that is valued by the customer and superior to the competition. You enjoy bringing your product and technical knowledge to bear when articulating our business proposition, and your analytical nature means you lean towards winning business by showing how a client's business model benefits from partnering with Fiddler.

The ideal candidate should be highly motivated, a self-starter, detail-oriented, process-driven, and employ an evangelical and strategic approach in your sales engagements. You should have a consistent track record of success in achieving new customer objectives and revenue targets. In addition, you should be comfortable selling a solution and technologies from within a technology startup environment to CxO, VP, and Director level contacts.

What You'll Do
• Build awareness and opportunity for Fiddler within target accounts and territorries
• Prospect, secure meetings, and close new business by qualifying opportunities with key decision makers in enterprise companies
• Demonstrate an understanding of customer requirements regarding AI models, and how the Fiddler platform can meet these requirements
• Be able to recognize compelling reasons for customers and prospects to act upon these requirements, and in turn be able to persuasively articulate why Fiddler is best to meet these requirements
• Navigate complex sales cycles, understanding client budgets and decision-making processes
• Create and execute go to market plans that are based on viral methods and organic growth
• Be a team player who is willing to do more than your part to contribute to the success of the team and Fiddler
• Achieve all individual activity, pipeline, and revenue targets set by the company
• Travel, as required - Approximately 10 - 25%
• Work autonomously with efficiency and focus

What We're Looking For
• At least 5+ years of outside sales experience
• Experience selling within the Data, Big Data, and/or ML/AI Spaces
• Ability to articulate and sell the business value of big data and the big impact on businesses of all sizes
• Experience selling to developers, data scientists, and C level executives
• Significant experience at a fast-paced startup and ability to work well in unstructured environments
• Technical background or experience selling a very technical product to a technical audience
• Ability to understand the Machine Learning environment and build great relationships with highly technical customers
• Experience identifying high-value customers and verticals to pursue
• Proven negotiation and closing skills
• Understanding of Machine Learning/Artificial Intelligence concepts
• Proficient in cloud and on-premise enterprise technology solutions
• Knowledge of ML Operations and methodologies is a plus
• Located in Texas or Chicago

Pay Range in the US is $225,000 - $300,000 OTE. We are primarily looking for candidates in Texas or Chicago.

The posted range represents the expected salary range for this job requisition and does not include any other potential components of the compensation package, benefits, and perks previously outlined. Ultimately, in determining pay, we'll consider your experience, leveling, location, and other job-related factors.

Fiddler Labs is proud to be an equal opportunity employer. We celebrate diversity and are committed to creating an inclusive environment for all employees.
"
"Senior Manager, Demand Generation (Bay Area, Hybrid)",Fiddler AI,"Palo Alto, CA • via Karkidi",2025-01-08T11:38:33.625061,"This is a highly visible role for someone who wants to make a mark on the company’s growth trajectory
You enjoy being strategic and execution driven
You like to build, experiment, analyze, and optimize
Understanding the technical aspects of AI and ML is key and tying it back to content and demand strategy is important
The marketing team thrives on no job is too big or too small and juggling a variety of tasks while wearing more than one hat
Bachelor’s degree in Business, Marketing, or a technical/quantitative field
7+ years of B2B demand generation experience in SaaS
Strong analytical skills and the ability to connect the dots across the gamut of demand generation to tell a performance story
Strong project management skills to manage multiple projects simultaneously and methodically
Ability to thrive in a fast-paced, ever-changing startup environment, and adapt to changing priorities and challenges
A growth mindset and willingness to learn and continuously improve
Comfort with ambiguity and uncertainty, and a proactive problem-solving approach
Strong sense of ownership and accountability for outcomes
Hybrid, coming into the Palo Alto office at least once or twice a month, or as needed","This is a highly visible role for someone who wants to make a mark on the company’s growth trajectory; You enjoy being strategic and execution driven; You like to build, experiment, analyze, and optimize; Understanding the technical aspects of AI and ML is key and tying it back to content and demand strategy is important; The marketing team thrives on no job is too big or too small and juggling a variety of tasks while wearing more than one hat; Bachelor’s degree in Business, Marketing, or a technical/quantitative field; 7+ years of B2B demand generation experience in SaaS; Strong analytical skills and the ability to connect the dots across the gamut of demand generation to tell a performance story; Strong project management skills to manage multiple projects simultaneously and methodically; Ability to thrive in a fast-paced, ever-changing startup environment, and adapt to changing priorities and challenges; A growth mindset and willingness to learn and continuously improve; Comfort with ambiguity and uncertainty, and a proactive problem-solving approach; Strong sense of ownership and accountability for outcomes; Hybrid, coming into the Palo Alto office at least once or twice a month, or as needed","This is a highly visible role for someone who wants to make a mark on the company’s growth trajectory
You enjoy being strategic and execution driven
You like to build, experiment, analyze, and optimize
Understanding the technical aspects of AI and ML is key and tying it back to content and demand strategy is important
The marketing team thrives on no job is too big or too small and juggling a variety of tasks while wearing more than one hat
Bachelor’s degree in Business, Marketing, or a technical/quantitative field
7+ years of B2B demand generation experience in SaaS
Strong analytical skills and the ability to connect the dots across the gamut of demand generation to tell a performance story
Strong project management skills to manage multiple projects simultaneously and methodically
Ability to thrive in a fast-paced, ever-changing startup environment, and adapt to changing priorities and challenges
A growth mindset and willingness to learn and continuously improve
Comfort with ambiguity and uncertainty, and a proactive problem-solving approach
Strong sense of ownership and accountability for outcomes
Hybrid, coming into the Palo Alto office at least once or twice a month, or as needed","This is a highly visible role for someone who wants to make a mark on the company’s growth trajectory; You enjoy being strategic and execution driven; You like to build, experiment, analyze, and optimize; Understanding the technical aspects of AI and ML is key and tying it back to content and demand strategy is important; The marketing team thrives on no job is too big or too small and juggling a variety of tasks while wearing more than one hat; Bachelor’s degree in Business, Marketing, or a technical/quantitative field; 7+ years of B2B demand generation experience in SaaS; Strong analytical skills and the ability to connect the dots across the gamut of demand generation to tell a performance story; Strong project management skills to manage multiple projects simultaneously and methodically; Ability to thrive in a fast-paced, ever-changing startup environment, and adapt to changing priorities and challenges; A growth mindset and willingness to learn and continuously improve; Comfort with ambiguity and uncertainty, and a proactive problem-solving approach; Strong sense of ownership and accountability for outcomes; Hybrid, coming into the Palo Alto office at least once or twice a month, or as needed","Pay Range in San Francisco California is $150,000 - $175,000
The posted range represents the expected salary range for this job requisition and does not include any other potential components of the compensation package, benefits, and perks previously outlined","Pay Range in San Francisco California is $150,000 - $175,000; The posted range represents the expected salary range for this job requisition and does not include any other potential components of the compensation package, benefits, and perks previously outlined","Pay Range in San Francisco California is $150,000 - $175,000
The posted range represents the expected salary range for this job requisition and does not include any other potential components of the compensation package, benefits, and perks previously outlined","Pay Range in San Francisco California is $150,000 - $175,000; The posted range represents the expected salary range for this job requisition and does not include any other potential components of the compensation package, benefits, and perks previously outlined","At Fiddler, we understand the implications of AI and the impact that it has on human lives. Our company was born with the mission of building trust into AI. With the rise of the internet, trust in AI has been degraded by a plethora of issues like spam, fraudulent transactions, hate speech, and online abuse. Fiddler enables organizations to get ahead of these issues by building trustworthy, transpa
rent, and explainable AI solutions.

Fiddler partners with AI-first organizations to help build a long-term framework for responsible AI practices, which, in turn, builds trust with their user base. Data Science, MLOps, and business teams use Fiddler AI to monitor, explain, analyze, and improve their AI solutions to identify performance gaps, mitigate bias, and drive better outcomes. Our platform enables engineering teams and business stakeholders alike to understand the “why” and how behind model outcomes.

Our Founders

Fiddler AI is founded by Krishna Gade (engineering leadership at Facebook, Pinterest, Twitter, and Microsoft) and Amit Paka (two-time founder with acquisitions by Samsung and PayPal and product roles at Expedia and Microsoft). We are backed by Insight Partners, Lightspeed Venture Partners, and Lux Capital.

Why Join Us

Our team is motivated to unlock the AI opaque box and help society harness the power of AI. Joining us means you get to make an impact by helping reduce algorithmic bias and ensure that models in production across many different industries are transparent and ethical. We are an early-stage startup and have a rapidly growing team of intelligent and empathetic doers, thinkers, creators, builders, and everyone in between. The AI and ML industry has a rapid pace of innovation and the learning opportunities here are monumental. This is your chance to be a trailblazer.

Fiddler is recognized as a pioneer in the field of AI Observability and has received numerous accolades, including: 2022 a16z Data50 list, 2021 CB Insights AI 100 most promising startups, 2020 WEF Technology Pioneer, 2020 Forbes AI 50 most promising startups of 2020, and a 2019 Gartner Cool Vendor in Enterprise AI Governance and Ethical Response. By joining our brilliant (at least we think so) team, you will help pave the way in the AI Observability space.

The Opportunity

We’re looking for a contemporary, experienced, and motivated Senior Manager of Demand Gen to lead, manage, and execute all aspects of our pipeline generation and growth initiatives. This is a highly visible role for someone who wants to make a mark on the company’s growth trajectory. You enjoy being strategic and execution driven. You like to build, experiment, analyze, and optimize. Understanding the technical aspects of AI and ML is key and tying it back to content and demand strategy is important.

The marketing team thrives on no job is too big or too small and juggling a variety of tasks while wearing more than one hat. We are laser-focused on execution and data-driven.

What You'll Do:
• Pipeline: Build, measure, and optimize the demand generation pipeline through a variety of channels that resonate with our audience
• Analysis: Monitor key metrics and data across programs, the customer journey, and their impact on the funnel
• Journey: Develop a deep understanding of the target audience and their preferences, using market research and customer data analysis
• Content: Collaborate on content marketing efforts to develop high-quality, engaging content to drive user engagement and conversions
• Experimentation: Iterate on hypotheses and design experiments to test different marketing strategies, creative assets, and messaging for continuous improvement and discovery
• AI-forward: Stay current on emerging marketing technologies and trends, including AI and machine learning, to ensure a cutting-edge approach to demand generation

What We're Looking For:
• Bachelor’s degree in Business, Marketing, or a technical/quantitative field
• 7+ years of B2B demand generation experience in SaaS
• Strong analytical skills and the ability to connect the dots across the gamut of demand generation to tell a performance story
• Strong project management skills to manage multiple projects simultaneously and methodically
• Ability to thrive in a fast-paced, ever-changing startup environment, and adapt to changing priorities and challenges
• A growth mindset and willingness to learn and continuously improve
• Comfort with ambiguity and uncertainty, and a proactive problem-solving approach
• Strong sense of ownership and accountability for outcomes
• Hybrid, coming into the Palo Alto office at least once or twice a month, or as needed

Pay Range in San Francisco California is $150,000 - $175,000

The posted range represents the expected salary range for this job requisition and does not include any other potential components of the compensation package, benefits, and perks previously outlined. Ultimately, in determining pay, we'll consider your experience, leveling, location, and other job-related factors.
"
Cloud Architect and AI Model Monitor,"Fiddler Labs, Inc","Palo Alto, CA • via BeBee",2025-01-08T11:38:43.334567,"The ideal candidate will have expertise in Python and experience working with ML models in production
Familiarity with common LLM frameworks and distributed systems infrastructure such as Redis, Postgres, RabbitMQ, Celery, and Flask is a must
This is a hybrid role that requires at least 2 days a week in our Palo Alto office
Masters or Bachelor's degree in Computer Science or related field
At least 5 years of experience working with ML models in production
Experience with common LLM frameworks and distributed systems infrastructure
Strong problem-solving skills and attention to detail","The ideal candidate will have expertise in Python and experience working with ML models in production; Familiarity with common LLM frameworks and distributed systems infrastructure such as Redis, Postgres, RabbitMQ, Celery, and Flask is a must; This is a hybrid role that requires at least 2 days a week in our Palo Alto office; Masters or Bachelor's degree in Computer Science or related field; At least 5 years of experience working with ML models in production; Experience with common LLM frameworks and distributed systems infrastructure; Strong problem-solving skills and attention to detail","The ideal candidate will have expertise in Python and experience working with ML models in production
Familiarity with common LLM frameworks and distributed systems infrastructure such as Redis, Postgres, RabbitMQ, Celery, and Flask is a must
This is a hybrid role that requires at least 2 days a week in our Palo Alto office
Masters or Bachelor's degree in Computer Science or related field
At least 5 years of experience working with ML models in production
Experience with common LLM frameworks and distributed systems infrastructure
Strong problem-solving skills and attention to detail","The ideal candidate will have expertise in Python and experience working with ML models in production; Familiarity with common LLM frameworks and distributed systems infrastructure such as Redis, Postgres, RabbitMQ, Celery, and Flask is a must; This is a hybrid role that requires at least 2 days a week in our Palo Alto office; Masters or Bachelor's degree in Computer Science or related field; At least 5 years of experience working with ML models in production; Experience with common LLM frameworks and distributed systems infrastructure; Strong problem-solving skills and attention to detail","$130,000 - $210,000 per year in San Francisco, California
This salary range reflects the estimated cost of living in the area and may vary based on individual circumstances","$130,000 - $210,000 per year in San Francisco, California; This salary range reflects the estimated cost of living in the area and may vary based on individual circumstances","$130,000 - $210,000 per year in San Francisco, California
This salary range reflects the estimated cost of living in the area and may vary based on individual circumstances","$130,000 - $210,000 per year in San Francisco, California; This salary range reflects the estimated cost of living in the area and may vary based on individual circumstances","Transforming the Future of Artificial Intelligence

Fiddler Labs, Inc is a pioneer in the field of AI Observability, dedicated to building trust into AI solutions. Our mission is to empower organizations to harness the power of AI responsibly.

We are looking for an experienced Cloud Architect and AI Model Monitor to join our team. In this role, you will have the opportunity to design and build a
world-class cloud platform that helps enterprises monitor and analyze their machine learning models.

The ideal candidate will have expertise in Python and experience working with ML models in production. Familiarity with common LLM frameworks and distributed systems infrastructure such as Redis, Postgres, RabbitMQ, Celery, and Flask is a must. Experience debugging and troubleshooting production systems, on-call support experience, and knowledge of infrastructure management are highly desirable.

This is a hybrid role that requires at least 2 days a week in our Palo Alto office. However, we also consider full remote options for strong candidates on the West Coast.

About the Opportunity
• You will be responsible for designing and implementing scalable APIs and frameworks to run analysis and validation of customers' ML models and workflows.
• You will work closely with product and customer-facing teams to enhance and expand our product offerings.
• You will develop new types of metrics and evaluation methods for quality and robustness of ML models.

What We're Looking For
• Masters or Bachelor's degree in Computer Science or related field.
• At least 5 years of experience working with ML models in production.
• Experience with common LLM frameworks and distributed systems infrastructure.
• Strong problem-solving skills and attention to detail.

Salary Range

$130,000 - $210,000 per year in San Francisco, California. This salary range reflects the estimated cost of living in the area and may vary based on individual circumstances.
"
