Title,Company,Location,Timestamp,Job Highlights,Job Highlights Items,Qualifications,Qualifications Items,Benefits,Benefits Items,Responsibilities,Responsibilities Items,Job Description
Responsible AI - Technology Architecture Associate Manager,Accenture,"New York, NY • via Indeed",2025-01-08T20:49:08.104613,"Architectural experience with cloud platforms (e.g., AWS, Azure, Google Cloud) and their AI services
Proficiency in AI and machine learning algorithms and frameworks (e.g., TensorFlow, PyTorch)
Strong programming skills in languages such as Python, R, Java, or C++
Experience with big data technologies (e.g., Hadoop, Spark) and/or database management systems
Specific technology domain experience in at least one of the following areas: software development, cloud computing, systems engineering, data & analytics
Proven track record in leading and delivering complex AI projects
Experience in implementing AI solutions in large-scale, enterprise environments
Bachelor’s degree in computer science, Artificial Intelligence, Data Science, or related technical fields or equivalent (minimum 12 years) work experience
(If associate’s degree, must have minimum 6 years work experience)
Strong leadership and team management skills
Excellent problem-solving and analytical abilities
Effective communication skills, capable of conveying complex AI concepts to diverse audiences
Commitment to ethical AI practices and continuous learning
Interest in Responsible AI areas such as: Knowledge of ethical AI principles, data privacy laws, and regulatory requirements
Ability to work under pressure and manage multiple projects simultaneously
Additional courses or training in areas related to responsible AI, ethics in technology, or similar fields are beneficial
Certifications in AI, machine learning, or related fields
Experience with Data & AI in specific domains (e.g., healthcare, finance, retail)
Familiarity with AI model explainability and interpretability tools
Understanding of MLOps, LLMOps and DevOps practices, including CI/CD pipelines, for AI systems
Containerization capabilities such as Docker and Kubernetes
Linguistic proficiency (to a reasonable business level) in a language other than English
Applicants for employment in the US must have work authorization that does not now or in the future require sponsorship of a visa for employment authorization in the United States","Architectural experience with cloud platforms (e.g., AWS, Azure, Google Cloud) and their AI services; Proficiency in AI and machine learning algorithms and frameworks (e.g., TensorFlow, PyTorch); Strong programming skills in languages such as Python, R, Java, or C++; Experience with big data technologies (e.g., Hadoop, Spark) and/or database management systems; Specific technology domain experience in at least one of the following areas: software development, cloud computing, systems engineering, data & analytics; Proven track record in leading and delivering complex AI projects; Experience in implementing AI solutions in large-scale, enterprise environments; Bachelor’s degree in computer science, Artificial Intelligence, Data Science, or related technical fields or equivalent (minimum 12 years) work experience; (If associate’s degree, must have minimum 6 years work experience); Strong leadership and team management skills; Excellent problem-solving and analytical abilities; Effective communication skills, capable of conveying complex AI concepts to diverse audiences; Commitment to ethical AI practices and continuous learning; Interest in Responsible AI areas such as: Knowledge of ethical AI principles, data privacy laws, and regulatory requirements; Ability to work under pressure and manage multiple projects simultaneously; Additional courses or training in areas related to responsible AI, ethics in technology, or similar fields are beneficial; Certifications in AI, machine learning, or related fields; Experience with Data & AI in specific domains (e.g., healthcare, finance, retail); Familiarity with AI model explainability and interpretability tools; Understanding of MLOps, LLMOps and DevOps practices, including CI/CD pipelines, for AI systems; Containerization capabilities such as Docker and Kubernetes; Linguistic proficiency (to a reasonable business level) in a language other than English; Applicants for employment in the US must have work authorization that does not now or in the future require sponsorship of a visa for employment authorization in the United States","Architectural experience with cloud platforms (e.g., AWS, Azure, Google Cloud) and their AI services
Proficiency in AI and machine learning algorithms and frameworks (e.g., TensorFlow, PyTorch)
Strong programming skills in languages such as Python, R, Java, or C++
Experience with big data technologies (e.g., Hadoop, Spark) and/or database management systems
Specific technology domain experience in at least one of the following areas: software development, cloud computing, systems engineering, data & analytics
Proven track record in leading and delivering complex AI projects
Experience in implementing AI solutions in large-scale, enterprise environments
Bachelor’s degree in computer science, Artificial Intelligence, Data Science, or related technical fields or equivalent (minimum 12 years) work experience
(If associate’s degree, must have minimum 6 years work experience)
Strong leadership and team management skills
Excellent problem-solving and analytical abilities
Effective communication skills, capable of conveying complex AI concepts to diverse audiences
Commitment to ethical AI practices and continuous learning
Interest in Responsible AI areas such as: Knowledge of ethical AI principles, data privacy laws, and regulatory requirements
Ability to work under pressure and manage multiple projects simultaneously
Additional courses or training in areas related to responsible AI, ethics in technology, or similar fields are beneficial
Certifications in AI, machine learning, or related fields
Experience with Data & AI in specific domains (e.g., healthcare, finance, retail)
Familiarity with AI model explainability and interpretability tools
Understanding of MLOps, LLMOps and DevOps practices, including CI/CD pipelines, for AI systems
Containerization capabilities such as Docker and Kubernetes
Linguistic proficiency (to a reasonable business level) in a language other than English
Applicants for employment in the US must have work authorization that does not now or in the future require sponsorship of a visa for employment authorization in the United States","Architectural experience with cloud platforms (e.g., AWS, Azure, Google Cloud) and their AI services; Proficiency in AI and machine learning algorithms and frameworks (e.g., TensorFlow, PyTorch); Strong programming skills in languages such as Python, R, Java, or C++; Experience with big data technologies (e.g., Hadoop, Spark) and/or database management systems; Specific technology domain experience in at least one of the following areas: software development, cloud computing, systems engineering, data & analytics; Proven track record in leading and delivering complex AI projects; Experience in implementing AI solutions in large-scale, enterprise environments; Bachelor’s degree in computer science, Artificial Intelligence, Data Science, or related technical fields or equivalent (minimum 12 years) work experience; (If associate’s degree, must have minimum 6 years work experience); Strong leadership and team management skills; Excellent problem-solving and analytical abilities; Effective communication skills, capable of conveying complex AI concepts to diverse audiences; Commitment to ethical AI practices and continuous learning; Interest in Responsible AI areas such as: Knowledge of ethical AI principles, data privacy laws, and regulatory requirements; Ability to work under pressure and manage multiple projects simultaneously; Additional courses or training in areas related to responsible AI, ethics in technology, or similar fields are beneficial; Certifications in AI, machine learning, or related fields; Experience with Data & AI in specific domains (e.g., healthcare, finance, retail); Familiarity with AI model explainability and interpretability tools; Understanding of MLOps, LLMOps and DevOps practices, including CI/CD pipelines, for AI systems; Containerization capabilities such as Docker and Kubernetes; Linguistic proficiency (to a reasonable business level) in a language other than English; Applicants for employment in the US must have work authorization that does not now or in the future require sponsorship of a visa for employment authorization in the United States","Compensation at Accenture varies depending on a wide array of factors, which may include but are not limited to the specific office location, role, skill set, and level of experience
Role Location Annual Salary Range
California $73,800 to $220,400
Colorado $73,800 to $190,400
Illinois $68,300 to $190,400
Minnesota $73,800 to $190,400
New York $68,300 to $220,400","Compensation at Accenture varies depending on a wide array of factors, which may include but are not limited to the specific office location, role, skill set, and level of experience; Role Location Annual Salary Range; California $73,800 to $220,400; Colorado $73,800 to $190,400; Illinois $68,300 to $190,400; Minnesota $73,800 to $190,400; New York $68,300 to $220,400","Compensation at Accenture varies depending on a wide array of factors, which may include but are not limited to the specific office location, role, skill set, and level of experience
Role Location Annual Salary Range
California $73,800 to $220,400
Colorado $73,800 to $190,400
Illinois $68,300 to $190,400
Minnesota $73,800 to $190,400
New York $68,300 to $220,400","Compensation at Accenture varies depending on a wide array of factors, which may include but are not limited to the specific office location, role, skill set, and level of experience; Role Location Annual Salary Range; California $73,800 to $220,400; Colorado $73,800 to $190,400; Illinois $68,300 to $190,400; Minnesota $73,800 to $190,400; New York $68,300 to $220,400","We are:

Accenture’s Global Responsible AI team within the Global Data & AI Practice. AI is becoming more pervasive, more powerful, and more accessible. With these new opportunities come increased risks. We work with leading organizations to ensure AI is designed, built and deployed in a manner that engenders trust and adheres to laws, regulations and ethical norms. Our Responsible AI strategy wil
l enable us to embed responsibility into all of Accenture’s data and AI activities. We’re developing and deploying differentiated IP and Responsible AI solutions with our ecosystem partners. We’ll be engaging regulators to help shape the policy agenda, conducting pioneering research with academia and offering training and resources to our clients through the Responsible AI Academy. The risks of AI are real and well-known. Let’s help our clients turn those risks into opportunities.

You are:

We’re looking to grow our Responsible AI team and if you’re experienced in Technology & Architecture with interest in Responsible AI, we’d love to hear from you.

As a Responsible AI Technology & Architecture professional, you’ll be experienced in building state-of-the-art systems to solve difficult business challenges. Your designs will consider responsible aspects such as AI model Fairness, Transparency, Explainability, Robustness, Soundness, and Privacy.

You’ll bring diverse expertise in architecture, software development and data engineering. You’ll be an outstanding technical specialist with the strong communication skills needed to liaise with your clients and your colleagues.

At the forefront of the industry, you’ll help make our Responsible AI vision a reality for clients looking to better serve their customers and operate always-on enterprises. We’re not just focused on increasing revenues – our technologies and innovations are making millions of lives easier and more comfortable. But above all, we’re doing this responsibly and inclusively – to make sure AI technology is used equitably and in a way that is both ethically and technically sound.

The work:

You’ll be a key player helping to deliver outstanding work for our Responsible AI clients. Some of the areas you’ll be working in include:
• Leading the architecture and design of ethical AI systems, ensuring compliance with relevant regulations, organizational policies using the required tools and technologies. Supporting client sales conversations and proposal preparation
• Collaborating with cross-functional teams to design the integrations with existing data & AI platforms and workflows on cloud.
• Designing, and guiding the team on best practices and architectural guidelines for AI model development, testing, deployment, and monitoring; including helping define, build and roll out our internal Responsible AI tools and assets.
• Architecting the regular audits of AI systems to identify and mitigate biases, ensuring fairness and transparency.
• Spearheading Responsible AI related technology thought leadership and PoV, staying abreast of emerging technologies.
• Providing technical leadership and mentorship to AI development teams.
• Facilitating communication between technical and non-technical stakeholders regarding AI projects and their impact.
• Supporting the evaluation of third-party Responsible AI tools and frameworks
• Architecting and solutioning AI project lifecycle - from conception through to deployment and maintenance.

Travel may be required for this role. The amount of travel will vary from 0 to 100% depending on business need and client requirements.

Here’s What You Need:

Minimum of 4 years of experience in:
• Architectural experience with cloud platforms (e.g., AWS, Azure, Google Cloud) and their AI services
• Proficiency in AI and machine learning algorithms and frameworks (e.g., TensorFlow, PyTorch).
• Strong programming skills in languages such as Python, R, Java, or C++
• Experience with big data technologies (e.g., Hadoop, Spark) and/or database management systems.
• Specific technology domain experience in at least one of the following areas: software development, cloud computing, systems engineering, data & analytics
• Proven track record in leading and delivering complex AI projects.
• Experience in implementing AI solutions in large-scale, enterprise environments.

Bachelor’s degree in computer science, Artificial Intelligence, Data Science, or related technical fields or equivalent (minimum 12 years) work experience. (If associate’s degree, must have minimum 6 years work experience)

Professional Skills Requirements:
• Strong leadership and team management skills.
• Excellent problem-solving and analytical abilities.
• Effective communication skills, capable of conveying complex AI concepts to diverse audiences.
• Commitment to ethical AI practices and continuous learning. Interest in Responsible AI areas such as: Knowledge of ethical AI principles, data privacy laws, and regulatory requirements.
• Ability to work under pressure and manage multiple projects simultaneously.

Bonus Points If You Have:
• Additional courses or training in areas related to responsible AI, ethics in technology, or similar fields are beneficial.
• Certifications in AI, machine learning, or related fields.
• Experience with Data & AI in specific domains (e.g., healthcare, finance, retail).
• Familiarity with AI model explainability and interpretability tools.
• Understanding of MLOps, LLMOps and DevOps practices, including CI/CD pipelines, for AI systems.
• Containerization capabilities such as Docker and Kubernetes.
• Linguistic proficiency (to a reasonable business level) in a language other than English

Compensation at Accenture varies depending on a wide array of factors, which may include but are not limited to the specific office location, role, skill set, and level of experience. As required by local law, Accenture provides a reasonable range of compensation for roles that may be hired in California, Colorado, District of Columbia, Illinois, Maryland, Minnesota, New York or Washington as set forth below.
We accept applications on an on-going basis and there is no fixed deadline to apply.

Information on benefits is here.

Role Location Annual Salary Range

California $73,800 to $220,400

Colorado $73,800 to $190,400

District of Columbia $78,500 to $202,700

Illinois $68,300 to $190,400

Minnesota $73,800 to $190,400

Maryland $68,300 to $176,300

New York $68,300 to $220,400

Washington $78,500 to $202,700

What We Believe

We have an unwavering commitment to diversity with the aim that every one of our people has a full sense of belonging within our organization. As a business imperative, every person at Accenture has the responsibility to create and sustain an inclusive environment.

Inclusion and diversity are fundamental to our culture and core values. Our rich diversity makes us more innovative and more creative, which helps us better serve our clients and our communities. Read more here

Equal Employment Opportunity Statement

Accenture is an Equal Opportunity Employer. We believe that no one should be discriminated against because of their differences, such as age, disability, ethnicity, gender, gender identity and expression, religion or sexual orientation.

All employment decisions shall be made without regard to age, race, creed, color, religion, sex, national origin, ancestry, disability status, veteran status, sexual orientation, gender identity or expression, genetic information, marital status, citizenship status or any other basis as protected by federal, state, or local law.

Accenture is committed to providing veteran employment opportunities to our service men and women.

For details, view a copy of the Accenture Equal Employment Opportunity and Affirmative Action Policy Statement.

Requesting An Accommodation

Accenture is committed to providing equal employment opportunities for persons with disabilities or religious observances, including reasonable accommodation when needed. If you are hired by Accenture and require accommodation to perform the essential functions of your role, you will be asked to participate in our reasonable accommodation process. Accommodations made to facilitate the recruiting process are not a guarantee of future or continued accommodations once hired.

If you would like to be considered for employment opportunities with Accenture and have accommodation needs for a disability or religious observance, please call us toll free at 1 (877) 889-9009, send us an email or speak with your recruiter.

Other Employment Statements

Applicants for employment in the US must have work authorization that does not now or in the future require sponsorship of a visa for employment authorization in the United States.

Candidates who are currently employed by a client of Accenture or an affiliated Accenture business may not be eligible for consideration.

Job candidates will not be obligated to disclose sealed or expunged records of conviction or arrest as part of the hiring process.

The Company will not discharge or in any other manner discriminate against employees or applicants because they have inquired about, discussed, or disclosed their own pay or the pay of another employee or applicant. Additionally, employees who have access to the compensation information of other employees or applicants as a part of their essential job functions cannot disclose the pay of other employees or applicants to individuals who do not otherwise have access to compensation information, unless the disclosure is (a) in response to a formal complaint or charge, (b) in furtherance of an investigation, proceeding, hearing, or action, including an investigation conducted by the employer, or (c) consistent with the Company's legal duty to furnish information.
"
"AIML - Sr Responsible AI Research Manager, Data & ML Innovation",Apple,"Seattle, WA • via Careers At Apple",2025-01-08T20:49:18.469847,"5+ years leading teams that have delivered sophisticated machine-learning systems and human-centered AI products
Strong research or product deployment record in areas related to responsible AI, with publications in top ML and HCI venues, e.g., ACL, CHI, CVPR, EMNLP, FAccT, ICML, Interspeech, NeurIPS, UIST, etc
Strong in research fundamentals, machine learning principles, and development methodologies around LLMs, foundation models, and diffusion models
Ph.D. or equivalent experience in Computer Science, Machine Learning, and Human-Computer Interaction","5+ years leading teams that have delivered sophisticated machine-learning systems and human-centered AI products; Strong research or product deployment record in areas related to responsible AI, with publications in top ML and HCI venues, e.g., ACL, CHI, CVPR, EMNLP, FAccT, ICML, Interspeech, NeurIPS, UIST, etc; Strong in research fundamentals, machine learning principles, and development methodologies around LLMs, foundation models, and diffusion models; Ph.D. or equivalent experience in Computer Science, Machine Learning, and Human-Computer Interaction","5+ years leading teams that have delivered sophisticated machine-learning systems and human-centered AI products
Strong research or product deployment record in areas related to responsible AI, with publications in top ML and HCI venues, e.g., ACL, CHI, CVPR, EMNLP, FAccT, ICML, Interspeech, NeurIPS, UIST, etc
Strong in research fundamentals, machine learning principles, and development methodologies around LLMs, foundation models, and diffusion models
Ph.D. or equivalent experience in Computer Science, Machine Learning, and Human-Computer Interaction","5+ years leading teams that have delivered sophisticated machine-learning systems and human-centered AI products; Strong research or product deployment record in areas related to responsible AI, with publications in top ML and HCI venues, e.g., ACL, CHI, CVPR, EMNLP, FAccT, ICML, Interspeech, NeurIPS, UIST, etc; Strong in research fundamentals, machine learning principles, and development methodologies around LLMs, foundation models, and diffusion models; Ph.D. or equivalent experience in Computer Science, Machine Learning, and Human-Computer Interaction","Pay & Benefits
Pay & Benefits
At Apple, base pay is one part of our total compensation package and is determined within a range
This provides the opportunity to progress as you grow and develop within a role
The base pay range for this role is between $239,700 and $360,200, and your base pay will depend on your skills, qualifications, experience, and location
Apple employees also have the opportunity to become an Apple shareholder through participation in Apple’s discretionary employee stock programs
Apple employees are eligible for discretionary restricted stock unit awards, and can purchase Apple stock at a discount if voluntarily participating in Apple’s Employee Stock Purchase Plan
You’ll also receive benefits including: Comprehensive medical and dental coverage, retirement benefits, a range of discounted products and free services, and for formal education related to advancing your career at Apple, reimbursement for certain educational expenses — including tuition
Additionally, this role might be eligible for discretionary bonuses or commission payments as well as relocation
Note: Apple benefit, compensation and employee stock programs are subject to eligibility requirements and other terms of the applicable plan or program","Pay & Benefits; Pay & Benefits; At Apple, base pay is one part of our total compensation package and is determined within a range; This provides the opportunity to progress as you grow and develop within a role; The base pay range for this role is between $239,700 and $360,200, and your base pay will depend on your skills, qualifications, experience, and location; Apple employees also have the opportunity to become an Apple shareholder through participation in Apple’s discretionary employee stock programs; Apple employees are eligible for discretionary restricted stock unit awards, and can purchase Apple stock at a discount if voluntarily participating in Apple’s Employee Stock Purchase Plan; You’ll also receive benefits including: Comprehensive medical and dental coverage, retirement benefits, a range of discounted products and free services, and for formal education related to advancing your career at Apple, reimbursement for certain educational expenses — including tuition; Additionally, this role might be eligible for discretionary bonuses or commission payments as well as relocation; Note: Apple benefit, compensation and employee stock programs are subject to eligibility requirements and other terms of the applicable plan or program","Pay & Benefits
Pay & Benefits
At Apple, base pay is one part of our total compensation package and is determined within a range
This provides the opportunity to progress as you grow and develop within a role
The base pay range for this role is between $239,700 and $360,200, and your base pay will depend on your skills, qualifications, experience, and location
Apple employees also have the opportunity to become an Apple shareholder through participation in Apple’s discretionary employee stock programs
Apple employees are eligible for discretionary restricted stock unit awards, and can purchase Apple stock at a discount if voluntarily participating in Apple’s Employee Stock Purchase Plan
You’ll also receive benefits including: Comprehensive medical and dental coverage, retirement benefits, a range of discounted products and free services, and for formal education related to advancing your career at Apple, reimbursement for certain educational expenses — including tuition
Additionally, this role might be eligible for discretionary bonuses or commission payments as well as relocation
Note: Apple benefit, compensation and employee stock programs are subject to eligibility requirements and other terms of the applicable plan or program","Pay & Benefits; Pay & Benefits; At Apple, base pay is one part of our total compensation package and is determined within a range; This provides the opportunity to progress as you grow and develop within a role; The base pay range for this role is between $239,700 and $360,200, and your base pay will depend on your skills, qualifications, experience, and location; Apple employees also have the opportunity to become an Apple shareholder through participation in Apple’s discretionary employee stock programs; Apple employees are eligible for discretionary restricted stock unit awards, and can purchase Apple stock at a discount if voluntarily participating in Apple’s Employee Stock Purchase Plan; You’ll also receive benefits including: Comprehensive medical and dental coverage, retirement benefits, a range of discounted products and free services, and for formal education related to advancing your career at Apple, reimbursement for certain educational expenses — including tuition; Additionally, this role might be eligible for discretionary bonuses or commission payments as well as relocation; Note: Apple benefit, compensation and employee stock programs are subject to eligibility requirements and other terms of the applicable plan or program","Summary
Posted: Jan 2, 2025

Role Number:200536602

Join us as we build the best products for our customers! Apple's Data and ML Innovation team focuses on innovative technologies, methodologies, and research to enable fantastic user experiences and advance the frontier of machine learning. Our team is looking to hire a technical leader with a strong record in Applied Research passionate about ML
and Human-Computer Interaction, mainly as applied to the responsibility, fairness, and safety of Generative AI. In this role, you will lead and build an organization accountable for researching and making ML technologies that enable breakthrough user experiences while upholding Apple's values and quality standards.

Description

Description
This role will be highly multifunctional. You will collaborate closely with highly skilled machine learning researchers and engineers, software engineers, and design teams to develop and deliver groundbreaking solutions for Apple products that uphold our values and quality standards.

We believe that the most exciting problems in machine learning research arise at the intersection with real-world use cases and that this is also where the most critical breakthroughs come from. In this role, you will be both an internal leader and a leader in the external research community to translate applied research work into broader societal impact. As a senior research manager, you will:
- Lead teams of machine learning and research engineers to define and deliver responsible machine learning technologies
- Advocate for scientific and engineering excellence: You will contribute to the architecture and high-level structure of our AI-driven platform and features.
- Work cross-functionally on a diverse set of challenging problems and collaborate with extraordinary software and machine learning engineers and researchers to impact the future of Apple products.
- Work closely with product and partner teams to drive requirement definition, technical quality of deliverables, and execution.
- Build and grow inclusive, high-functioning, diverse teams.

Minimum Qualifications

Minimum Qualifications
• 5+ years leading teams that have delivered sophisticated machine-learning systems and human-centered AI products
• Strong research or product deployment record in areas related to responsible AI, with publications in top ML and HCI venues, e.g., ACL, CHI, CVPR, EMNLP, FAccT, ICML, Interspeech, NeurIPS, UIST, etc.
• Strong in research fundamentals, machine learning principles, and development methodologies around LLMs, foundation models, and diffusion models

Key Qualifications

Key Qualifications

Preferred Qualifications

Preferred Qualifications
• Strong in human-centered research and design fundamentals in Human-Centered AI, Responsible AI, Human-Computer Interaction, and related fields
• Strong organizational and operational skills working with large, cross-functional, and diverse teams

Education & Experience

Education & Experience
Ph.D. or equivalent experience in Computer Science, Machine Learning, and Human-Computer Interaction.

Additional Requirements

Additional Requirements

Pay & Benefits

Pay & Benefits
• At Apple, base pay is one part of our total compensation package and is determined within a range. This provides the opportunity to progress as you grow and develop within a role. The base pay range for this role is between $239,700 and $360,200, and your base pay will depend on your skills, qualifications, experience, and location.

Apple employees also have the opportunity to become an Apple shareholder through participation in Apple’s discretionary employee stock programs. Apple employees are eligible for discretionary restricted stock unit awards, and can purchase Apple stock at a discount if voluntarily participating in Apple’s Employee Stock Purchase Plan. You’ll also receive benefits including: Comprehensive medical and dental coverage, retirement benefits, a range of discounted products and free services, and for formal education related to advancing your career at Apple, reimbursement for certain educational expenses — including tuition. Additionally, this role might be eligible for discretionary bonuses or commission payments as well as relocation. Learn more about Apple Benefits.

Note: Apple benefit, compensation and employee stock programs are subject to eligibility requirements and other terms of the applicable plan or program.

More
• Apple is an equal opportunity employer that is committed to inclusion and diversity. We take affirmative action to ensure equal opportunity for all applicants without regard to race, color, religion, sex, sexual orientation, gender identity, national origin, disability, Veteran status, or other legally protected characteristics. Learn more about your EEO rights as an applicant.
"
"Trust and Safety Analyst, Product Fairness, Responsible AI",Google,"Seattle, WA • via LinkedIn",2025-01-08T20:49:28.701114,"Bachelor's degree in a Social Science field, or a related field, or equivalent practical experience
4 years of experience with red teaming, scaled evaluations, responsible AI, product policy development, or a related field","Bachelor's degree in a Social Science field, or a related field, or equivalent practical experience; 4 years of experience with red teaming, scaled evaluations, responsible AI, product policy development, or a related field","Bachelor's degree in a Social Science field, or a related field, or equivalent practical experience
4 years of experience with red teaming, scaled evaluations, responsible AI, product policy development, or a related field","Bachelor's degree in a Social Science field, or a related field, or equivalent practical experience; 4 years of experience with red teaming, scaled evaluations, responsible AI, product policy development, or a related field","The US base salary range for this full-time position is $108,000-$158,000 + bonus + equity + benefits
Our salary ranges are determined by role, level, and location
Within the range, individual pay is determined by work location and additional factors, including job-related skills, experience, and relevant education or training
Your recruiter can share more about the specific salary range for your preferred location during the hiring process","The US base salary range for this full-time position is $108,000-$158,000 + bonus + equity + benefits; Our salary ranges are determined by role, level, and location; Within the range, individual pay is determined by work location and additional factors, including job-related skills, experience, and relevant education or training; Your recruiter can share more about the specific salary range for your preferred location during the hiring process","The US base salary range for this full-time position is $108,000-$158,000 + bonus + equity + benefits
Our salary ranges are determined by role, level, and location
Within the range, individual pay is determined by work location and additional factors, including job-related skills, experience, and relevant education or training
Your recruiter can share more about the specific salary range for your preferred location during the hiring process","The US base salary range for this full-time position is $108,000-$158,000 + bonus + equity + benefits; Our salary ranges are determined by role, level, and location; Within the range, individual pay is determined by work location and additional factors, including job-related skills, experience, and relevant education or training; Your recruiter can share more about the specific salary range for your preferred location during the hiring process","Note: By applying to this position you will have an opportunity to share your preferred working location from the following: Seattle, WA, USA; Atlanta, GA, USA; Austin, TX, USA; Washington D.C., DC, USA.Minimum qualifications:
• Bachelor's degree in a Social Science field, or a related field, or equivalent practical experience.
• 4 years of experience with red teaming, scaled evaluations, responsi
ble AI, product policy development, or a related field.

Preferred qualifications:
• Master's degree in relevant field.
• Experience with data analytics tools such as business intelligence platform, SQL, etc.
• Experience testing machine learning systems and preparing qualitative and quantitative data analysis.
• Experience managing complex, multi-stakeholder projects under tight deadlines, with excellent written and verbal communication skills.
• Knowledge of fairness considerations for responsibly implementing machine learning systems.
• Ability to present data in clear, accessible, and compelling ways to executive audiences, and excellent problem-solving skills with attention to detail in an ever-changing environment.

About The Job

Trust & Safety team members are tasked with identifying and taking on the biggest problems that challenge the safety and integrity of our products. They use technical know-how, excellent problem-solving skills, user insights, and proactive communication to protect users and our partners from abuse across Google products like Search, Maps, Gmail, and Google Ads. On this team, you're a big-picture thinker and strategic team-player with a passion for doing what’s right. You work globally and cross-functionally with Google engineers and product managers to identify and fight abuse and fraud cases at Google speed - with urgency. And you take pride in knowing that every day you are working hard to promote trust in Google and ensuring the highest levels of user safety.

As an analyst focused on product fairness, you will design and lead strategy and testing efforts to identify and mitigate fairness challenges across a variety of Google products. You will be part of a highly-motivated, collaborative team, working with groups across the company to analyze how products impact users and broader society, and leveraging data to provide solutions. You will work closely with cross-functional partner teams across Google (e.g., Product, Legal, UX, Operations, Research, and Engineering teams), and help solve challenging problems to ensure user trust in Google and our products.

In this role, you will focus on driving One Google solutions for industry-leading responsible AI applications. It is a global team with Responsible AI domain expertise and diverse backgrounds in operations, strategy, ethics, risk management, product management, and program management.

At Google we work hard to earn our users’ trust every day. Trust & Safety is Google’s team of abuse fighting and user trust experts working daily to make the internet a safer place. We partner with teams across Google to deliver bold solutions in abuse areas such as malware, spam and account hijacking. A diverse team of Analysts, Policy Specialists, Engineers, and Program Managers, we work to reduce risk and fight abuse across all of Google’s products, protecting our users, advertisers, and publishers across the globe in over 40 languages.

The US base salary range for this full-time position is $108,000-$158,000 + bonus + equity + benefits. Our salary ranges are determined by role, level, and location. The range displayed on each job posting reflects the minimum and maximum target salaries for the position across all US locations. Within the range, individual pay is determined by work location and additional factors, including job-related skills, experience, and relevant education or training. Your recruiter can share more about the specific salary range for your preferred location during the hiring process.

Please note that the compensation details listed in US role postings reflect the base salary only, and do not include bonus, equity, or benefits. Learn more about benefits at Google .

Responsibilities
• Design and lead proactive algorithmic fairness testing, including scaled evaluations and red teaming session in support of Google’s AI principles.
• Perform thorough analysis into fairness issues and vulnerabilities. Prepare written reports outlining user impact issues, abuse vectors, and trends, and effectively communicate findings to product and company leadership.
• Provide guidance to product teams in conducting their own fairness testing by providing technical, qualitative, and quantitative data support in assessing ML models and products.
• Provide expert guidance to cross-functional working groups and partner teams to define fairness best practices and actionable solutions.
• Work with sensitive content or situations and be exposed to graphic, controversial, or upsetting topics or content.

Google is proud to be an equal opportunity workplace and is an affirmative action employer. We are committed to equal employment opportunity regardless of race, color, ancestry, religion, sex, national origin, sexual orientation, age, citizenship, marital status, disability, gender identity or Veteran status. We also consider qualified applicants regardless of criminal histories, consistent with legal requirements. See also Google's EEO Policy and EEO is the Law. If you have a disability or special need that requires accommodation, please let us know by completing our Accommodations for Applicants form .
"
AI Strategist,Distyl AI,"New York, NY • via ZipRecruiter",2025-01-08T20:49:39.075033,"This role requires a curious and analytical approach, the ability to identify valuable problems to solve, strong intuition for product development, and a deep commitment to customer success
Operational Experience: A proven record in managing complex projects or strategic leadership roles, with demonstrable experience in client-facing positions within AI or technology integration
Exceptional Communication Skills: Capable of earning customer trust and liaising effectively between clients and internal teams
User Empathy and Customer Focus: A deep sense of user empathy and a customer-obsessed approach, ensuring solutions are technically sound and aligned with customer needs
Thrive in Ambiguity: Ability to identify critical problems in complex situations, define outcomes, and create structure among competing priorities
AI Passion: A passion for AI and optimism about its potential to impact the world
Coding Experience: Proficiency in programming, scripting, or statistical packages (e.g., Python, R, Matlab, SQL)
Travel: Ability to travel 25-75%, varying by team","This role requires a curious and analytical approach, the ability to identify valuable problems to solve, strong intuition for product development, and a deep commitment to customer success; Operational Experience: A proven record in managing complex projects or strategic leadership roles, with demonstrable experience in client-facing positions within AI or technology integration; Exceptional Communication Skills: Capable of earning customer trust and liaising effectively between clients and internal teams; User Empathy and Customer Focus: A deep sense of user empathy and a customer-obsessed approach, ensuring solutions are technically sound and aligned with customer needs; Thrive in Ambiguity: Ability to identify critical problems in complex situations, define outcomes, and create structure among competing priorities; AI Passion: A passion for AI and optimism about its potential to impact the world; Coding Experience: Proficiency in programming, scripting, or statistical packages (e.g., Python, R, Matlab, SQL); Travel: Ability to travel 25-75%, varying by team","This role requires a curious and analytical approach, the ability to identify valuable problems to solve, strong intuition for product development, and a deep commitment to customer success
Operational Experience: A proven record in managing complex projects or strategic leadership roles, with demonstrable experience in client-facing positions within AI or technology integration
Exceptional Communication Skills: Capable of earning customer trust and liaising effectively between clients and internal teams
User Empathy and Customer Focus: A deep sense of user empathy and a customer-obsessed approach, ensuring solutions are technically sound and aligned with customer needs
Thrive in Ambiguity: Ability to identify critical problems in complex situations, define outcomes, and create structure among competing priorities
AI Passion: A passion for AI and optimism about its potential to impact the world
Coding Experience: Proficiency in programming, scripting, or statistical packages (e.g., Python, R, Matlab, SQL)
Travel: Ability to travel 25-75%, varying by team","This role requires a curious and analytical approach, the ability to identify valuable problems to solve, strong intuition for product development, and a deep commitment to customer success; Operational Experience: A proven record in managing complex projects or strategic leadership roles, with demonstrable experience in client-facing positions within AI or technology integration; Exceptional Communication Skills: Capable of earning customer trust and liaising effectively between clients and internal teams; User Empathy and Customer Focus: A deep sense of user empathy and a customer-obsessed approach, ensuring solutions are technically sound and aligned with customer needs; Thrive in Ambiguity: Ability to identify critical problems in complex situations, define outcomes, and create structure among competing priorities; AI Passion: A passion for AI and optimism about its potential to impact the world; Coding Experience: Proficiency in programming, scripting, or statistical packages (e.g., Python, R, Matlab, SQL); Travel: Ability to travel 25-75%, varying by team","Competitive salary and benefits package, including equity options and healthcare
Be part of a mission-oriented company to create practical adoption during the biggest revolution in human productivity
Collaborative and supportive work environment, with a strong focus on personal and professional growth
Exposure to a diverse range of real-world industries and projects, providing unique challenges and learning opportunities","Competitive salary and benefits package, including equity options and healthcare; Be part of a mission-oriented company to create practical adoption during the biggest revolution in human productivity; Collaborative and supportive work environment, with a strong focus on personal and professional growth; Exposure to a diverse range of real-world industries and projects, providing unique challenges and learning opportunities","Competitive salary and benefits package, including equity options and healthcare
Be part of a mission-oriented company to create practical adoption during the biggest revolution in human productivity
Collaborative and supportive work environment, with a strong focus on personal and professional growth
Exposure to a diverse range of real-world industries and projects, providing unique challenges and learning opportunities","Competitive salary and benefits package, including equity options and healthcare; Be part of a mission-oriented company to create practical adoption during the biggest revolution in human productivity; Collaborative and supportive work environment, with a strong focus on personal and professional growth; Exposure to a diverse range of real-world industries and projects, providing unique challenges and learning opportunities","Distyl AI develops production-grade AI systems to power core operational workflows for Fortune 500 companies. Powered by a strategic partnership with OpenAI, software accelerators developed in-house, and deep enterprise AI expertise, we give our customers working AI systems with rapid time to value - within a quarter.

Our products have helped Fortune 500 customers across diverse industries, from
insurance and CPG to non-profits. As part of our team, you will help companies identify, build, and realize value from their GenAI investments, often for the first time. We are customer-centric, working backwards from the customer's problem and holding ourselves accountable for creating both financial impact and improving the lives of our end-users. We are not just pushing the frontier of AI forward - we are creating the future of AI-powered enterprises.

Distyl is led by proven leaders from top companies like Palantir and Apple. We are VC backed by Coatue, Dell Technologies Capital, leaders like Nat Friedman (Former CEO of Github) and Brad Gerstner (Founder and CEO of Altimeter), and board members of over a dozen F500s.

What We Are Looking For

As an AI Strategist, you will be the project lead for customer engagements. In collaboration with a technical lead, you'll drive a motivated team of engineers and researchers focused on solving our customers' most critical problems. Your mission is to own business outcomes, ensure that the project team creates value for the customer, and earn customer trust. You will be responsible for the entire customer engagement from start to finish.

In a typical engagement, you will begin by understanding customer problems and desired outcomes. With this context, you will embed yourself in the complex workflows of our customers, to identify opportunities where AI can solve pain points. After scoping a meaningful project, you will lead your team to ensure that we deliver a system with high quality and model accuracy. Because we care about driving real value, your engagement doesn't stop with delivery of the system - you are also responsible for driving user adoption and iterating to make sure this product is valuable to the end user.

This role requires a curious and analytical approach, the ability to identify valuable problems to solve, strong intuition for product development, and a deep commitment to customer success.

Key Responsibilities:
• Earn Customer Trust: Demonstrate customer empathy and be the face of Distyl, managing relationships from end-users to executive stakeholders.
• End-to-end Workflow & Outcome Ownership: Identify the most valuable problems to solve. Embed yourself in the customer's workflow to understand it better than the users themselves. Ensure high accuracy and reliability to achieve the desired outcomes. Take ownership and accountability for the success of the customer engagement.
• Leadership: You and a technical lead will be jointly responsible for leading a team to deliver results to the customer.
• Data Analysis: Navigate noisy enterprise data to identify how AI can create reliable outcomes despite real-world constraints.
• User Adoption: Onboard users to our enterprise applications and platform, ensuring they realize value.
• Product Feedback: Represent the customer's voice, surfacing pain points that drive future product improvements.

What We Require:
• Operational Experience: A proven record in managing complex projects or strategic leadership roles, with demonstrable experience in client-facing positions within AI or technology integration.
• Exceptional Communication Skills: Capable of earning customer trust and liaising effectively between clients and internal teams.
• User Empathy and Customer Focus: A deep sense of user empathy and a customer-obsessed approach, ensuring solutions are technically sound and aligned with customer needs.
• Thrive in Ambiguity: Ability to identify critical problems in complex situations, define outcomes, and create structure among competing priorities.
• AI Passion: A passion for AI and optimism about its potential to impact the world.
• Coding Experience: Proficiency in programming, scripting, or statistical packages (e.g., Python, R, Matlab, SQL).
• Travel: Ability to travel 25-75%, varying by team.

What We Offer:
• Competitive salary and benefits package, including equity options and healthcare.
• Be part of a mission-oriented company to create practical adoption during the biggest revolution in human productivity.
• Opportunity to work on cutting-edge AI technologies and make a real impact on the adoption of LLMs in the enterprise space.
• Collaborative and supportive work environment, with a strong focus on personal and professional growth.
• Exposure to a diverse range of real-world industries and projects, providing unique challenges and learning opportunities.

Interview Process:
• Screening Call: You'll be invited to a screening call and perform a business decomposition exercise.
• Team Meetings: Meet with members of the team to discuss your background, goals, and complete an analytical coding screen.
• Final Interview: Meet with our CEO.

Note: Distyl is a hybrid working environment and requires in office collaboration 3 days a week. We have offices in San Francisco, CA and New York, NY, and this role is available in either location.
"
AI Engineer,Capital One,"Guttenberg, NJ • via LazyApply",2025-01-08T20:49:46.381933,,,,,,,,,"100 California (61042), United States of America, San Francisco, CaliforniaAI EngineerOverview:

At Capital One, we are creating responsible and reliable AI systems, changing banking for good. For years, Capital One has been an industry leader in using machine learning to create real-time, personalized customer experiences. Our investments in technology infrastructure and world-class talent — alon
g with our deep experience in machine learning — position us to be at the forefront of enterprises leveraging AI. From informing customers about unusual charges to answering their questions in real time, our applications of AI & ML are bringing humanity and simplicity to banking. We are committed to continuing to build world-class applied science and engineering teams to deliver our industry leading capabilities with breakthrough product experiences and scalable, high-performance AI infrastructure. At Capital One, you will help bring the transformative power of emerging AI capabilities to reimagine how we serve our customers and businesses who have come to love the products and services we build.

Team Description:

The Intelligent Foundations and Experiences (IFX) team is at the center of bringing our vision for AI at Capital One to life. We work hand-in-hand with our partners across the company to advance the state of the art in science and AI engineering, and we build and deploy proprietary solutions that are central to our business and deliver value to millions of customers. Our AI models and platforms empower teams across Capital One to enhance their products with the transformative power of AI, in responsible and scalable ways for the highest leverage impact.

In this role, you will:

Partner with a cross-functional team of engineers, research scientists, technical program managers, and product managers to deliver AI-powered products that change how our associates work and how our customers interact with Capital One.

Design, develop, test, deploy, and support AI software components including foundation model training, large language model inference, similarity search, guardrails, model evaluation, experimentation, governance, and observability, etc.

Leverage a broad stack of Open Source and SaaS AI technologies such as AWS Ultraclusters, Huggingface, VectorDBs, Nemo Guardrails, PyTorch, and more.

Invent and introduce state-of-the-art LLM optimization techniques to improve the performance — scalability, cost, latency, throughput — of large scale production AI systems.

Contribute to the technical vision and the long term roadmap of foundational AI systems at Capital One.

The Ideal Candidate:

You love to build systems, take pride in the quality of your work, and also share our passion to do the right thing. You want to work on problems that will help change banking for good.

Passion for staying abreast of the latest research, and an ability to intuitively understand scientific publications and judiciously apply novel techniques in production.

You adapt quickly and thrive on bringing clarity to big, undefined problems. You love asking questions and digging deep to uncover the root of problems and can articulate your findings concisely with clarity. You have the courage to share new ideas even when they are unproven.

You are deeply Technical. You possess a strong foundation in engineering and mathematics, and your expertise in hardware, software, and AI enable you to see and exploit optimization opportunities that others miss.

Basic Qualifications:

Bachelor's degree in Computer Science, Engineering, or AI plus at least 2 years of experience developing AI and ML algorithms or technologies, or Master's degree

At least 2 years of experience programming with Python, Go, Scala, or Java

Preferred Qualifications:

2 years of experience deploying scalable and responsible AI solutions on cloud platforms (e.g. AWS, Google Cloud, Azure, or equivalent private cloud)

Experience developing, delivering, and supporting AI components

Experience developing AI and ML algorithms or technologies (e.g. LLM Inference, Similarity Search and VectorDBs, Guardrails, Memory) using Python, C++, C#, Java, or Golang

Master's degree in Computer Science, Computer Engineering, or relevant technical field

Experience developing and applying state-of-the-art techniques for optimizing training and inference software to improve hardware utilization, latency, throughput, and cost

Capital One will consider sponsoring a new qualified applicant for employment authorization for this position.

The minimum and maximum full-time annual salaries for this role are listed below, by location. Please note that this salary information is solely for candidates hired to perform work within one of these locations, and refers to the amount Capital One is willing to pay at the time of this posting. Salaries for part-time roles will be prorated based upon the agreed upon number of hours to be regularly worked.

New York City (Hybrid On-Site): $138,500 - $158,100 for AI EngineerSan Francisco and San Jose, California (Hybrid On-Site): $146,700 - $167,500 for AI EngineerCandidates hired to work in other locations will be subject to the pay range associated with that location, and the actual annualized salary amount offered to any candidate at the time of hire will be reflected solely in the candidate’s offer letter.

This role is also eligible to earn performance based incentive compensation, which may include cash bonus(es) and/or long term incentives (LTI). Incentives could be discretionary or non discretionary depending on the plan.Capital One offers a comprehensive, competitive, and inclusive set of health, financial and other benefits that support your total well-being. Learn more at the Capital One Careers website. Eligibility varies based on full or part-time status, exempt or non-exempt status, and management level.

This role is expected to accept applications for a minimum of 5 business days.No agencies please. Capital One is an equal opportunity employer committed to diversity and inclusion in the workplace. All qualified applicants will receive consideration for employment without regard to sex (including pregnancy, childbirth or related medical conditions), race, color, age, national origin, religion, disability, genetic information, marital status, sexual orientation, gender identity, gender reassignment, citizenship, immigration status, protected veteran status, or any other basis prohibited under applicable federal, state or local law. Capital One promotes a drug-free workplace. Capital One will consider for employment qualified applicants with a criminal history in a manner consistent with the requirements of applicable laws regarding criminal background inquiries, including, to the extent applicable, Article 23-A of the New York Correction Law; San Francisco, California Police Code Article 49, Sections 4901-4920; New York City’s Fair Chance Act; Philadelphia’s Fair Criminal Records Screening Act; and other applicable federal, state, and local laws and regulations regarding criminal background inquiries.If you have visited our website in search of information on employment opportunities or to apply for a position, and you require an accommodation, please contact Capital One Recruiting at 1-800-304-9102 or via email at RecruitingAccommodation@capitalone.com. All information you provide will be kept confidential and will be used only to the extent required to provide needed reasonable accommodations.

For technical support or questions about Capital One's recruiting process, please send an email to Careers@capitalone.com

Capital One does not provide, endorse nor guarantee and is not liable for third-party products, services, educational tools or other information available through this site.

Capital One Financial is made up of several different entities. Please note that any position posted in Canada is for Capital One Canada, any position posted in the United Kingdom is for Capital One Europe and any position posted in the Philippines is for Capital One Philippines Service Corp. (COPSSC).
"
Responsible Use of AI Data Scientist,MetLife,"Cary, NC • via Teal",2025-01-08T20:49:56.662116,"Master's degree in Statistics, Computer Science, Mathematics, Economics, or a related quantitative field
Strong foundation in quantitative analysis with an emphasis on predictive modeling and data science principles
3 - 5 years' experience working in a related field with demonstrated success
PhD in a quantitative discipline
Extensive knowledge of bias, fairness, and explainability in AI systems, with experience in conveying these concepts effectively to diverse audiences
Proven track record of effective communication and collaboration with technical teams, with the ability to bridge the gap between governance policies and technical implementation
Experience in facilitating change and fostering an understanding of ethical AI practices within a large global organization","Master's degree in Statistics, Computer Science, Mathematics, Economics, or a related quantitative field; Strong foundation in quantitative analysis with an emphasis on predictive modeling and data science principles; 3 - 5 years' experience working in a related field with demonstrated success; PhD in a quantitative discipline; Extensive knowledge of bias, fairness, and explainability in AI systems, with experience in conveying these concepts effectively to diverse audiences; Proven track record of effective communication and collaboration with technical teams, with the ability to bridge the gap between governance policies and technical implementation; Experience in facilitating change and fostering an understanding of ethical AI practices within a large global organization","Master's degree in Statistics, Computer Science, Mathematics, Economics, or a related quantitative field
Strong foundation in quantitative analysis with an emphasis on predictive modeling and data science principles
3 - 5 years' experience working in a related field with demonstrated success
PhD in a quantitative discipline
Extensive knowledge of bias, fairness, and explainability in AI systems, with experience in conveying these concepts effectively to diverse audiences
Proven track record of effective communication and collaboration with technical teams, with the ability to bridge the gap between governance policies and technical implementation
Experience in facilitating change and fostering an understanding of ethical AI practices within a large global organization","Master's degree in Statistics, Computer Science, Mathematics, Economics, or a related quantitative field; Strong foundation in quantitative analysis with an emphasis on predictive modeling and data science principles; 3 - 5 years' experience working in a related field with demonstrated success; PhD in a quantitative discipline; Extensive knowledge of bias, fairness, and explainability in AI systems, with experience in conveying these concepts effectively to diverse audiences; Proven track record of effective communication and collaboration with technical teams, with the ability to bridge the gap between governance policies and technical implementation; Experience in facilitating change and fostering an understanding of ethical AI practices within a large global organization","Comprehensive health plan including medical/prescription drug and vision, dental insurance, and no-cost short- and long-term disability
Company-paid life insurance and legal services
Retirement pension funded entirely by MetLife and 401(k) with employer matching
Group discounts on voluntary insurance products including auto and home, pet, critical illness, hospital indemnity, and accident insurance
Employee Assistance Program (EAP) and digital mental health programs
Parental leave and volunteer time off
Tuition assistance","Comprehensive health plan including medical/prescription drug and vision, dental insurance, and no-cost short- and long-term disability; Company-paid life insurance and legal services; Retirement pension funded entirely by MetLife and 401(k) with employer matching; Group discounts on voluntary insurance products including auto and home, pet, critical illness, hospital indemnity, and accident insurance; Employee Assistance Program (EAP) and digital mental health programs; Parental leave and volunteer time off; Tuition assistance","Comprehensive health plan including medical/prescription drug and vision, dental insurance, and no-cost short- and long-term disability
Company-paid life insurance and legal services
Retirement pension funded entirely by MetLife and 401(k) with employer matching
Group discounts on voluntary insurance products including auto and home, pet, critical illness, hospital indemnity, and accident insurance
Employee Assistance Program (EAP) and digital mental health programs
Parental leave and volunteer time off
Tuition assistance","Comprehensive health plan including medical/prescription drug and vision, dental insurance, and no-cost short- and long-term disability; Company-paid life insurance and legal services; Retirement pension funded entirely by MetLife and 401(k) with employer matching; Group discounts on voluntary insurance products including auto and home, pet, critical illness, hospital indemnity, and accident insurance; Employee Assistance Program (EAP) and digital mental health programs; Parental leave and volunteer time off; Tuition assistance","About the position

The Responsible Use of AI Data Scientist position is a unique opportunity within MetLife's Responsible Use of AI team, which is part of the Data Governance team in the Data and Analytics Organization under Global Technology Operations. This role is pivotal in ensuring the responsible implementation of AI technologies across the enterprise, particularly focusing on generative AI
. The successful candidate will engage with various stakeholders to identify and analyze potential risks associated with AI technologies, converting Responsible AI Standards into practical Ethical AI controls and implementation practices that are scalable. This involves consulting with stakeholders and creating standardized frameworks and templates for company-wide use. The role also requires formulating and periodically revising policies and practical guidelines for AI use case development. Staying informed of industry-wide insights and best practices in responsible AI policy and ethics is crucial to foresee risks and recognize obstacles in implementing MetLife's Responsible AI Standard. The Data Scientist will develop and execute policies and methodologies to address potential harms from generative AI, collaborating with privacy, security, model risk, data governance, and procurement teams. Utilizing technical expertise, the Data Scientist will foster cross-disciplinary partnerships to develop new tools and methods to mitigate risks and remove implementation barriers. Leading discussions and training sessions on predictive modeling, bias mitigation, fairness, and explainability in AI systems is essential to ensure these principles are understood and implemented within business and functional areas across the organization. The role also involves reviewing and evaluating AI use cases for adherence to company policies and ethical standards, providing feedback and guidance to AI teams on improving model transparency and accountability. Collaboration with various stakeholders to develop company-wide guidelines and best practices for responsible AI, focusing on the ethical use of predictive analytics, is a key responsibility. The Data Scientist will advocate for continuous improvement in the use and understanding of AI technologies, ensuring that all AI implementations align with industry standards and regulatory expectations. This position offers an exciting opportunity to impact the successful implementation of MetLife's AI Responsible AI policy and standard by providing the necessary subject matter expertise to guide AI implementation within the business, protecting the organization and its customers while maintaining and improving competitive advantage within the industry.

Responsibilities
• Engage with various stakeholders to identify and analyze potential risks associated with AI technologies, including generative AI.
,
• Convert Responsible AI Standards into practical Ethical AI controls and implementation practices that are scalable.
,
• Formulate and periodically revise policies and practical guidelines for AI use case development.
,
• Stay informed of industry-wide insights and best practices in responsible AI policy and ethics to foresee risks and recognize obstacles in implementing MetLife's Responsible AI Standard.
,
• Develop and execute policies and methodologies to address potential harms from generative AI in collaboration with the privacy, security, model risk, data governance, and procurement teams.
,
• Utilize technical expertise to foster cross-disciplinary partnerships to develop new tools and methods to mitigate risks and remove implementation barriers.
,
• Coordinate with community members within the responsible AI field to assimilate industry best practices and develop custom solutions that support effective Responsible AI implementations.
,
• Lead discussions and training sessions on the importance of predictive modeling, bias mitigation, fairness, and explainability in AI systems.
,
• Review and evaluate AI use cases for adherence to company policies and ethical standards, providing feedback and guidance to AI teams on improving model transparency and accountability.
,
• Collaborate with various stakeholders to develop company-wide guidelines and best practices for responsible AI, focusing on the ethical use of predictive analytics.
,
• Advocate for continuous improvement in the use and understanding of AI technologies.

Requirements
• Master's degree in Statistics, Computer Science, Mathematics, Economics, or a related quantitative field.
,
• Strong foundation in quantitative analysis with an emphasis on predictive modeling and data science principles.
,
• 3 - 5 years' experience working in a related field with demonstrated success.

Nice-to-haves
• PhD in a quantitative discipline.
,
• Extensive knowledge of bias, fairness, and explainability in AI systems, with experience in conveying these concepts effectively to diverse audiences.
,
• Proven track record of effective communication and collaboration with technical teams, with the ability to bridge the gap between governance policies and technical implementation.
,
• Experience in facilitating change and fostering an understanding of ethical AI practices within a large global organization.

Benefits
• Comprehensive health plan including medical/prescription drug and vision, dental insurance, and no-cost short- and long-term disability.
,
• Company-paid life insurance and legal services.
,
• Retirement pension funded entirely by MetLife and 401(k) with employer matching.
,
• Group discounts on voluntary insurance products including auto and home, pet, critical illness, hospital indemnity, and accident insurance.
,
• Employee Assistance Program (EAP) and digital mental health programs.
,
• Parental leave and volunteer time off.
,
• Tuition assistance.
"
ML Engineer — LLM Privacy,Dynamo AI,"New York, NY (+4 others) • via Lever",2025-01-08T20:50:03.984100,,,,,,,,,"At Dynamo AI, we believe that LLMs must be developed with safety, privacy, and real-world responsibility in mind. Our ML team comes from a culture of academic research driven to democratize AI advancements responsibly. By operating at the intersection of ML research and industry applications, our team empowers Fortune 500 companies’ adoption of frontier research for their next generation of LLM pr
oducts. Join us if you:

• Wish to work on the premier platform for private and personalized LLMs. We provide the fastest end to end solution to deploy research in the real world with our fast-paced team of ML Ph.D.’s and builders, free of Big Tech / academic bureaucracy and constraints.

• Are excited at the idea of democratizing state-of-the-art research on safe and responsible AI.

• Are motivated to work at a 2023 CB Insights Top 100 AI Startup and see your impact on end customers in the timeframe of weeks not years.

• Care about building a platform to empower fair, unbiased, and responsible development of LLMs and don’t accept the status quo of sacrificing user privacy for the sake of ML advancement.

Responsibilities
• Own an ML privacy vertical e.g. data leakage attacks, sensitive PII detection, and/or membership inference attacks.
• Collaborate with our engineering team to deliver real-world applications of your algorithms for our customers.
• Generate high quality synthetic training data, train LLMs, and conduct rigorous evaluation and benchmarking.

Qualifications
• Deep domain knowledge in privacy-preserving ML.
• Practical experience in techniques to attack or defend ML models in terms of privacy.
• Extensive experience in implementing multiple different types of LLM models and architectures in the real world. Comfortability with leading end-to-end projects.
• Adaptability and flexibility. In both the academic and startup world, a new finding in the community may necessitate an abrupt shift in focus. You must be able to learn, implement, and extend state-of-the-art research.
• Preferred: previous projects or research in LLM privacy.

Dynamo AI is committed to maintaining compliance with all applicable local and state laws regarding job listings and salary transparency. This includes adhering to specific regulations that mandate the disclosure of salary ranges in job postings or upon request during the hiring process. We strive to ensure our practices promote fairness, equity, and transparency for all candidates.

Salary for this position may vary based on several factors, including the candidate's experience, expertise, and the geographic location of the role. Compensation is determined to ensure competitiveness and equity, reflecting the cost of living in different regions and the specific skills and qualifications of the candidate.
"
"Lead Analyst, Trust & Safety, Responsible AI Testing",Google,"Seattle, WA • via Indeed",2025-01-08T20:50:14.073730,"Bachelor's degree or equivalent practical experience
10 years of experience in trust and safety, product policy, privacy and security, legal, compliance, risk management, intel, content moderation, red teaming, AI testing, adversarial testing, or similar
1 year of experience in people management, leading a team
Experience with machine learning or AI
Familiarity with SQL, Python or equivalent
Excellent problem-solving and critical thinking skills with attention to detail in an ever-changing environment
Ability to think strategically and identify emerging threats and vulnerabilities
They use technical know-how, excellent problem-solving skills, user insights, and proactive communication to protect users and our partners from abuse across Google products like Search, Maps, Gmail, and Google Ads
You will need to manage many stakeholders through effective relationship building, influence and communication skills","Bachelor's degree or equivalent practical experience; 10 years of experience in trust and safety, product policy, privacy and security, legal, compliance, risk management, intel, content moderation, red teaming, AI testing, adversarial testing, or similar; 1 year of experience in people management, leading a team; Experience with machine learning or AI; Familiarity with SQL, Python or equivalent; Excellent problem-solving and critical thinking skills with attention to detail in an ever-changing environment; Ability to think strategically and identify emerging threats and vulnerabilities; They use technical know-how, excellent problem-solving skills, user insights, and proactive communication to protect users and our partners from abuse across Google products like Search, Maps, Gmail, and Google Ads; You will need to manage many stakeholders through effective relationship building, influence and communication skills","Bachelor's degree or equivalent practical experience
10 years of experience in trust and safety, product policy, privacy and security, legal, compliance, risk management, intel, content moderation, red teaming, AI testing, adversarial testing, or similar
1 year of experience in people management, leading a team
Experience with machine learning or AI
Familiarity with SQL, Python or equivalent
Excellent problem-solving and critical thinking skills with attention to detail in an ever-changing environment
Ability to think strategically and identify emerging threats and vulnerabilities
They use technical know-how, excellent problem-solving skills, user insights, and proactive communication to protect users and our partners from abuse across Google products like Search, Maps, Gmail, and Google Ads
You will need to manage many stakeholders through effective relationship building, influence and communication skills","Bachelor's degree or equivalent practical experience; 10 years of experience in trust and safety, product policy, privacy and security, legal, compliance, risk management, intel, content moderation, red teaming, AI testing, adversarial testing, or similar; 1 year of experience in people management, leading a team; Experience with machine learning or AI; Familiarity with SQL, Python or equivalent; Excellent problem-solving and critical thinking skills with attention to detail in an ever-changing environment; Ability to think strategically and identify emerging threats and vulnerabilities; They use technical know-how, excellent problem-solving skills, user insights, and proactive communication to protect users and our partners from abuse across Google products like Search, Maps, Gmail, and Google Ads; You will need to manage many stakeholders through effective relationship building, influence and communication skills","The US base salary range for this full-time position is $156,000-$234,000 + bonus + equity + benefits
Our salary ranges are determined by role, level, and location
Within the range, individual pay is determined by work location and additional factors, including job-related skills, experience, and relevant education or training
Your recruiter can share more about the specific salary range for your preferred location during the hiring process","The US base salary range for this full-time position is $156,000-$234,000 + bonus + equity + benefits; Our salary ranges are determined by role, level, and location; Within the range, individual pay is determined by work location and additional factors, including job-related skills, experience, and relevant education or training; Your recruiter can share more about the specific salary range for your preferred location during the hiring process","The US base salary range for this full-time position is $156,000-$234,000 + bonus + equity + benefits
Our salary ranges are determined by role, level, and location
Within the range, individual pay is determined by work location and additional factors, including job-related skills, experience, and relevant education or training
Your recruiter can share more about the specific salary range for your preferred location during the hiring process","The US base salary range for this full-time position is $156,000-$234,000 + bonus + equity + benefits; Our salary ranges are determined by role, level, and location; Within the range, individual pay is determined by work location and additional factors, including job-related skills, experience, and relevant education or training; Your recruiter can share more about the specific salary range for your preferred location during the hiring process","Note: By applying to this position you will have an opportunity to share your preferred working location from the following: Washington D.C., DC, USA; Austin, TX, USA; Seattle, WA, USA.

Minimum qualifications:
• Bachelor's degree or equivalent practical experience.
• 10 years of experience in trust and safety, product policy, privacy and security, legal, compliance, risk management, intel, conten
t moderation, red teaming, AI testing, adversarial testing, or similar.
• 1 year of experience in people management, leading a team.
• Experience with machine learning or AI.

Preferred qualifications:
• Master's degree in a related field (e.g., computer science, information security, artificial intelligence).
• 3 years of experience in people management.
• Experience working with GenAI products.
• Excellent analytical skills with a focus on data analysis, using data in storytelling, and problem-solving. Familiarity with SQL, Python or equivalent.
• Excellent problem-solving and critical thinking skills with attention to detail in an ever-changing environment.
• Ability to think strategically and identify emerging threats and vulnerabilities.

About the job

Trust Safety team members are tasked with identifying and taking on the biggest problems that challenge the safety and integrity of our products. They use technical know-how, excellent problem-solving skills, user insights, and proactive communication to protect users and our partners from abuse across Google products like Search, Maps, Gmail, and Google Ads. On this team, youre a big-picture thinker and strategic team-player with a passion for doing what’s right. You work globally and cross-functionally with Google engineers and product managers to identify and fight abuse and fraud cases at Google speed - with urgency. And you take pride in knowing that every day you are working hard to promote trust in Google and ensuring the highest levels of user safety.
As a Manager and Senior Analyst on the TS Responsible AI Novel Testing Team, you will be an expert in developing structured ways to test Google’s GenAI products with new and previously-untested functionality against safety, neutrality and fairness standards. You will draw on expertise across testing operations, policy, and AI systems and will partner closely with the technical abuse-fighting experts in TS to understand launch requirements, develop and implement testing protocols. You will leverage robust data analysis to provide quantitative and qualitative actionable insights on potential risks for mitigation by TS and product teams define and implement risk mitigation strategies. You will need to manage many stakeholders through effective relationship building, influence and communication skills. Your ability to think strategically, collaborate, and execute quickly will be instrumental in shaping the future of AI development, ensuring that Googles AI products are safe, fair, and unbiased.
At Google we work hard to earn our users’ trust every day. Trust Safety is Google’s team of abuse fighting and user trust experts working daily to make the internet a safer place. We partner with teams across Google to deliver bold solutions in abuse areas such as malware, spam and account hijacking. A diverse team of Analysts, Policy Specialists, Engineers, and Program Managers, we work to reduce risk and fight abuse across all of Google’s products, protecting our users, advertisers, and publishers across the globe in over 40 languages.
The US base salary range for this full-time position is $156,000-$234,000 + bonus + equity + benefits. Our salary ranges are determined by role, level, and location. The range displayed on each job posting reflects the minimum and maximum target salaries for the position across all US locations. Within the range, individual pay is determined by work location and additional factors, including job-related skills, experience, and relevant education or training. Your recruiter can share more about the specific salary range for your preferred location during the hiring process.
Please note that the compensation details listed in US role postings reflect the base salary only, and do not include bonus, equity, or benefits. Learn more aboutbenefits at Google.

Responsibilities
• Lead structured pre-launch safety, neutrality and fairness testing, end to end, for Google’s GenAI products with new and previously-untested functionality.
• Develop and implement other RAI Testing strategic programs to improve testing approaches.
• Influence within the team and beyond, providing thought leadership and expertise in AI safety.
• Work with sensitive content or situations and may be exposed to graphic, controversial, and/or upsetting topics or content.

Google is proud to be an equal opportunity workplace and is an affirmative action employer. We are committed to equal employment opportunity regardless of race, color, ancestry, religion, sex, national origin, sexual orientation, age, citizenship, marital status, disability, gender identity or Veteran status. We also consider qualified applicants regardless of criminal histories, consistent with legal requirements. See alsoGoogle's EEO Policy andEEO is the Law. If you have a disability or special need that requires accommodation, please let us know by completing ourAccommodations for Applicants form.
"
"AI Research Scientist, Language - Generative AI",Meta,Anywhere • via ZipRecruiter,2025-01-08T20:50:24.481063,"We are looking for recognized experts in NLP or reinforcement learning; with experience in areas like LLM alignment; multilingual modeling; code generation; responsible AI; and model controllability
Minimum Qualifications Bachelor's degree in Computer Science, Computer Engineering, relevant technical field, or equivalent practical experience
A PhD in AI, computer science, or related technical fields
Experience holding an industry, faculty, or government researcher position
Publications in machine learning
Experience writing software and executing complex experiments involving large AI models and datasets
Must obtain work authorization in the country of employment at the time of hire, and maintain ongoing work authorization during employment
2+ year(s) of work experience in a university, industry, or government lab, in a role with primary emphasis on AI research
First author publications experience at peer-reviewed AI conferences (e.g., NeurIPS, CVPR, ICML, ICLR, ICCV, and ACL)
Experience developing and debugging in Python","We are looking for recognized experts in NLP or reinforcement learning; with experience in areas like LLM alignment; multilingual modeling; code generation; responsible AI; and model controllability; Minimum Qualifications Bachelor's degree in Computer Science, Computer Engineering, relevant technical field, or equivalent practical experience; A PhD in AI, computer science, or related technical fields; Experience holding an industry, faculty, or government researcher position; Publications in machine learning; Experience writing software and executing complex experiments involving large AI models and datasets; Must obtain work authorization in the country of employment at the time of hire, and maintain ongoing work authorization during employment; 2+ year(s) of work experience in a university, industry, or government lab, in a role with primary emphasis on AI research; First author publications experience at peer-reviewed AI conferences (e.g., NeurIPS, CVPR, ICML, ICLR, ICCV, and ACL); Experience developing and debugging in Python","We are looking for recognized experts in NLP or reinforcement learning; with experience in areas like LLM alignment; multilingual modeling; code generation; responsible AI; and model controllability
Minimum Qualifications Bachelor's degree in Computer Science, Computer Engineering, relevant technical field, or equivalent practical experience
A PhD in AI, computer science, or related technical fields
Experience holding an industry, faculty, or government researcher position
Publications in machine learning
Experience writing software and executing complex experiments involving large AI models and datasets
Must obtain work authorization in the country of employment at the time of hire, and maintain ongoing work authorization during employment
2+ year(s) of work experience in a university, industry, or government lab, in a role with primary emphasis on AI research
First author publications experience at peer-reviewed AI conferences (e.g., NeurIPS, CVPR, ICML, ICLR, ICCV, and ACL)
Experience developing and debugging in Python","We are looking for recognized experts in NLP or reinforcement learning; with experience in areas like LLM alignment; multilingual modeling; code generation; responsible AI; and model controllability; Minimum Qualifications Bachelor's degree in Computer Science, Computer Engineering, relevant technical field, or equivalent practical experience; A PhD in AI, computer science, or related technical fields; Experience holding an industry, faculty, or government researcher position; Publications in machine learning; Experience writing software and executing complex experiments involving large AI models and datasets; Must obtain work authorization in the country of employment at the time of hire, and maintain ongoing work authorization during employment; 2+ year(s) of work experience in a university, industry, or government lab, in a role with primary emphasis on AI research; First author publications experience at peer-reviewed AI conferences (e.g., NeurIPS, CVPR, ICML, ICLR, ICCV, and ACL); Experience developing and debugging in Python","$147,000/year to $208,000/year + bonus + equity + benefits Individual compensation is determined by skills, qualifications, experience, and location
Compensation details listed in this posting reflect the base hourly rate, monthly rate, or annual salary only, and do not include bonus, equity or sales incentives, if applicable
In addition to base compensation, Meta offers benefits","$147,000/year to $208,000/year + bonus + equity + benefits Individual compensation is determined by skills, qualifications, experience, and location; Compensation details listed in this posting reflect the base hourly rate, monthly rate, or annual salary only, and do not include bonus, equity or sales incentives, if applicable; In addition to base compensation, Meta offers benefits","$147,000/year to $208,000/year + bonus + equity + benefits Individual compensation is determined by skills, qualifications, experience, and location
Compensation details listed in this posting reflect the base hourly rate, monthly rate, or annual salary only, and do not include bonus, equity or sales incentives, if applicable
In addition to base compensation, Meta offers benefits","$147,000/year to $208,000/year + bonus + equity + benefits Individual compensation is determined by skills, qualifications, experience, and location; Compensation details listed in this posting reflect the base hourly rate, monthly rate, or annual salary only, and do not include bonus, equity or sales incentives, if applicable; In addition to base compensation, Meta offers benefits","Meta is seeking a Research Scientist to join our Llama Large Language Model (LLM) Research team. We are looking for recognized experts in NLP or reinforcement learning; with experience in areas like LLM alignment; multilingual modeling; code generation; responsible AI; and model controllability. The ideal candidate will have an interest in producing and applying new science to help us develop and
responsibly release large language models.

AI Research Scientist, Language - Generative AI Responsibilities Lead, collaborate, and execute on research that pushes forward the state of the art in large language model research. Directly contribute to experiments, including designing experimental details, writing reusable code, running evaluations, and organizing results. Work with a large and globally distributed team.

Contribute to publications and open-sourcing efforts. Help identify long-term ambitious research goals as well as intermediate milestones. Prioritize research that can be applied to Meta's product development.

Mentor other team members. Play a significant role in healthy cross-functional collaboration. Minimum Qualifications Bachelor's degree in Computer Science, Computer Engineering, relevant technical field, or equivalent practical experience.

A PhD in AI, computer science, or related technical fields. Experience holding an industry, faculty, or government researcher position. Publications in machine learning.

Experience writing software and executing complex experiments involving large AI models and datasets. Must obtain work authorization in the country of employment at the time of hire, and maintain ongoing work authorization during employment. Preferred Qualifications Direct experience in generative AI and LLM research.

2+ year(s) of work experience in a university, industry, or government lab, in a role with primary emphasis on AI research. First author publications experience at peer-reviewed AI conferences (e.g., NeurIPS, CVPR, ICML, ICLR, ICCV, and ACL). Experience developing and debugging in Python

For those who live in or expect to work from California if hired for this position, please click here for additional information. Locations About Meta Meta builds technologies that help people connect, find communities, and grow businesses. When Facebook launched in 2004, it changed the way people connect.

Apps like Messenger, Instagram and WhatsApp further empowered billions around the world. Now, Meta is moving beyond 2D screens toward immersive experiences like augmented and virtual reality to help build the next evolution in social technology. People who choose to build their careers by building with us at Meta help shape a future that will take us beyond what digital connection makes possible today-beyond the constraints of screens, the limits of distance, and even the rules of physics.

$147,000/year to $208,000/year + bonus + equity + benefits Individual compensation is determined by skills, qualifications, experience, and location. Compensation details listed in this posting reflect the base hourly rate, monthly rate, or annual salary only, and do not include bonus, equity or sales incentives, if applicable. In addition to base compensation, Meta offers benefits.

Learn more about benefits at Meta. Equal Employment Opportunity and Affirmative Action Meta is proud to be an Equal Employment Opportunity and Affirmative Action employer. We do not discriminate based upon race, religion, color, national origin, sex (including pregnancy, childbirth, reproductive health decisions, or related medical conditions), sexual orientation, gender identity, gender expression, age, status as a protected veteran, status as an individual with a disability, genetic information, political views or activity, or other applicable legally protected characteristics.

You may view our Equal Employment Opportunity notice here. Meta is committed to providing reasonable support (called accommodations) in our recruiting processes for candidates with disabilities, long term conditions, mental health conditions or sincerely held religious beliefs, or who are neurodivergent or require pregnancy-related support. If you need support, please reach out to accommodations-ext@meta.com.
"
Responsible AI Advisor Specialist,Accenture,"Overland Park, KS • via Ladders",2025-01-08T20:50:34.970233,"We are seeking experts who have a deep understanding of policy, standards and regulation of AI, and who can translate this into helping our clients establish their principles, policies, operating model, governance structures and controls for Responsible AI
Minimum of 5 years' experience in management consulting
Experience in government/legislative development bodies, regulators, standards bodies, in designing and implementing operating models and governance structures and controls in any of these areas, or multilateral collaborative groups
As a member of a corporate team focused on Responsible AI
As an academic focused not just on the theory but also on the practical application of Responsible AI
Minimum of 7 years' experience with Data and AI Regulation should include, but not limited to:
Experience in government/legislative development bodies, regulators, standards bodies, or multilateral collaborative groups
As a member of a corporate team focused on Responsible AI
As an academic focused not just on the theory but also on the practical application of Responsible AI
Minimum of 5 years relevant work experience using data science, machine learning, and business analytics to solve business problems
Bachelor's degree or equivalent (minimum 12 years) work experience
(If Associate's Degree, must have minimum 6 years work experience)
Data & AI regulations and Standards
Responsible AI
Generative AI Data Ethics
Consulting skills designing and implementing operating models, governance structures and controls
Published academic papers, white papers, or some form of thought leadership in the field of Responsible / Ethical AI, or closely related areas (advantageous)
Ability to lead project workstreams to completion
Ability to manage resources in a matrix organization
Applicants for employment in the US must have work authorization that does not now or in the future require sponsorship of a visa for employment authorization in the United States","We are seeking experts who have a deep understanding of policy, standards and regulation of AI, and who can translate this into helping our clients establish their principles, policies, operating model, governance structures and controls for Responsible AI; Minimum of 5 years' experience in management consulting; Experience in government/legislative development bodies, regulators, standards bodies, in designing and implementing operating models and governance structures and controls in any of these areas, or multilateral collaborative groups; As a member of a corporate team focused on Responsible AI; As an academic focused not just on the theory but also on the practical application of Responsible AI; Minimum of 7 years' experience with Data and AI Regulation should include, but not limited to:; Experience in government/legislative development bodies, regulators, standards bodies, or multilateral collaborative groups; As a member of a corporate team focused on Responsible AI; As an academic focused not just on the theory but also on the practical application of Responsible AI; Minimum of 5 years relevant work experience using data science, machine learning, and business analytics to solve business problems; Bachelor's degree or equivalent (minimum 12 years) work experience; (If Associate's Degree, must have minimum 6 years work experience); Data & AI regulations and Standards; Responsible AI; Generative AI Data Ethics; Consulting skills designing and implementing operating models, governance structures and controls; Published academic papers, white papers, or some form of thought leadership in the field of Responsible / Ethical AI, or closely related areas (advantageous); Ability to lead project workstreams to completion; Ability to manage resources in a matrix organization; Applicants for employment in the US must have work authorization that does not now or in the future require sponsorship of a visa for employment authorization in the United States","We are seeking experts who have a deep understanding of policy, standards and regulation of AI, and who can translate this into helping our clients establish their principles, policies, operating model, governance structures and controls for Responsible AI
Minimum of 5 years' experience in management consulting
Experience in government/legislative development bodies, regulators, standards bodies, in designing and implementing operating models and governance structures and controls in any of these areas, or multilateral collaborative groups
As a member of a corporate team focused on Responsible AI
As an academic focused not just on the theory but also on the practical application of Responsible AI
Minimum of 7 years' experience with Data and AI Regulation should include, but not limited to:
Experience in government/legislative development bodies, regulators, standards bodies, or multilateral collaborative groups
As a member of a corporate team focused on Responsible AI
As an academic focused not just on the theory but also on the practical application of Responsible AI
Minimum of 5 years relevant work experience using data science, machine learning, and business analytics to solve business problems
Bachelor's degree or equivalent (minimum 12 years) work experience
(If Associate's Degree, must have minimum 6 years work experience)
Data & AI regulations and Standards
Responsible AI
Generative AI Data Ethics
Consulting skills designing and implementing operating models, governance structures and controls
Published academic papers, white papers, or some form of thought leadership in the field of Responsible / Ethical AI, or closely related areas (advantageous)
Ability to lead project workstreams to completion
Ability to manage resources in a matrix organization
Applicants for employment in the US must have work authorization that does not now or in the future require sponsorship of a visa for employment authorization in the United States","We are seeking experts who have a deep understanding of policy, standards and regulation of AI, and who can translate this into helping our clients establish their principles, policies, operating model, governance structures and controls for Responsible AI; Minimum of 5 years' experience in management consulting; Experience in government/legislative development bodies, regulators, standards bodies, in designing and implementing operating models and governance structures and controls in any of these areas, or multilateral collaborative groups; As a member of a corporate team focused on Responsible AI; As an academic focused not just on the theory but also on the practical application of Responsible AI; Minimum of 7 years' experience with Data and AI Regulation should include, but not limited to:; Experience in government/legislative development bodies, regulators, standards bodies, or multilateral collaborative groups; As a member of a corporate team focused on Responsible AI; As an academic focused not just on the theory but also on the practical application of Responsible AI; Minimum of 5 years relevant work experience using data science, machine learning, and business analytics to solve business problems; Bachelor's degree or equivalent (minimum 12 years) work experience; (If Associate's Degree, must have minimum 6 years work experience); Data & AI regulations and Standards; Responsible AI; Generative AI Data Ethics; Consulting skills designing and implementing operating models, governance structures and controls; Published academic papers, white papers, or some form of thought leadership in the field of Responsible / Ethical AI, or closely related areas (advantageous); Ability to lead project workstreams to completion; Ability to manage resources in a matrix organization; Applicants for employment in the US must have work authorization that does not now or in the future require sponsorship of a visa for employment authorization in the United States","Compensation at Accenture varies depending on a wide array of factors, which may include but are not limited to the specific office location, role, skill set, and level of experience
Role Location Annual Salary Range
California $63,200 to $188,600
Colorado $63,200 to $163,000
New York $58,500 to $188,600","Compensation at Accenture varies depending on a wide array of factors, which may include but are not limited to the specific office location, role, skill set, and level of experience; Role Location Annual Salary Range; California $63,200 to $188,600; Colorado $63,200 to $163,000; New York $58,500 to $188,600","Compensation at Accenture varies depending on a wide array of factors, which may include but are not limited to the specific office location, role, skill set, and level of experience
Role Location Annual Salary Range
California $63,200 to $188,600
Colorado $63,200 to $163,000
New York $58,500 to $188,600","Compensation at Accenture varies depending on a wide array of factors, which may include but are not limited to the specific office location, role, skill set, and level of experience; Role Location Annual Salary Range; California $63,200 to $188,600; Colorado $63,200 to $163,000; New York $58,500 to $188,600","We Are:

Accenture's Global Responsible AI team within the Global Data & AI Practice. AI is becoming more pervasive, more powerful and more accessible. With these new opportunities come increased risks. We work with leading organizations to ensure AI is designed, built and deployed in a manner that engenders trust and adheres to laws, regulations and ethical norms. Our Responsible AI strategy will
enable us to embed responsibility into all of Accenture's data and AI activities. We're developing and deploying differentiated IP and Responsible AI solutions with our ecosystem partners. We'll be engaging regulators to help shape the policy agenda, conducting pioneering research with academia and offer training and resources to our clients through the Responsible AI Academy. The risks of AI are real and well- known. Let's help our clients turn those risks into opportunities.

You are:

We are seeking experts who have a deep understanding of policy, standards and regulation of AI, and who can translate this into helping our clients establish their principles, policies, operating model, governance structures and controls for Responsible AI. The ideal candidate will enjoy the breadth and pace of working with clients from different sectors and will also have the capability to step back and help Accenture shape and influence the development of AI standards and policies.

You'll learn, grow and advance in an innovative culture that thrives on shared success, diverse ways of thinking and enables boundaryless opportunities that can drive your career in new and exciting ways.

The work:

Engaging with prospective clients to help sell Responsible AI projects

Shaping and leading client projects for Responsible / Ethical AI with a focus on policy, standards and regulatory advisory, operating model, governance structures and controls
• Act as subject matter expert for Responsible AI within a data science / data transformation team
• Supporting client sales conversations and proposals
• Delivering client projects relating to Responsible AI
• Communicating and providing guidance to senior Accenture leadership and client teams

Assessing the latest developments in data and AI policy and standards
• Creating and maintaining an overview of the key developments in AI regulation
• Engaging with key stakeholders within the policy and regulatory space
• Presenting and positioning Accenture's point of view amongst clients and other key stakeholders
• Presenting and positioning Accenture's point of view amongst clients and other key stakeholders

Travel may be required for this role. The amount of travel will vary from 0 to 100% depending on business need and client requirements.

Here's what you need:

Minimum of 5 years' experience in management consulting. Consulting experience should include:
• Experience in government/legislative development bodies, regulators, standards bodies, in designing and implementing operating models and governance structures and controls in any of these areas, or multilateral collaborative groups
• As a member of a corporate team focused on Responsible AI
• As an academic focused not just on the theory but also on the practical application of Responsible AI

Minimum of 7 years' experience with Data and AI Regulation should include, but not limited to:
• Experience in government/legislative development bodies, regulators, standards bodies, or multilateral collaborative groups
• As a member of a corporate team focused on Responsible AI
• As an academic focused not just on the theory but also on the practical application of Responsible AI

Minimum of 5 years relevant work experience using data science, machine learning, and business analytics to solve business problems

Bachelor's degree or equivalent (minimum 12 years) work experience. (If Associate's Degree, must have minimum 6 years work experience)

Priority skills:
• Data & AI regulations and Standards
• Responsible AI
• Generative AI Data Ethics
• Stakeholder Management
• Consulting skills designing and implementing operating models, governance structures and controls

Bonus points if you have:
• Published academic papers, white papers, or some form of thought leadership in the field of Responsible / Ethical AI, or closely related areas (advantageous)
• Ability to lead project workstreams to completion
• Ability to manage resources in a matrix organization

Compensation at Accenture varies depending on a wide array of factors, which may include but are not limited to the specific office location, role, skill set, and level of experience. As required by local law, Accenture provides a reasonable range of compensation for roles that may be hired in California, Colorado, New York or Washington as set forth below.
We accept applications on an on-going basis and there is no fixed deadline to apply.

Information on benefits is here.

Role Location Annual Salary Range

California $63,200 to $188,600

Colorado $63,200 to $163,000

New York $58,500 to $188,600

Washington $67,300 to $173,500

#LI-NA

#LI-MP

What We Believe

We have an unwavering commitment to diversity with the aim that every one of our people has a full sense of belonging within our organization. As a business imperative, every person at Accenture has the responsibility to create and sustain an inclusive environment.

Inclusion and diversity are fundamental to our culture and core values. Our rich diversity makes us more innovative and more creative, which helps us better serve our clients and our communities. Read more here

Equal Employment Opportunity Statement

Accenture is an Equal Opportunity Employer. We believe that no one should be discriminated against because of their differences, such as age, disability, ethnicity, gender, gender identity and expression, religion, or sexual orientation.

All employment decisions shall be made without regard to age, race, creed, color, religion, sex, national origin, ancestry, disability status, veteran status, sexual orientation, gender identity or expression, genetic information, marital status, citizenship status or any other basis as protected by federal, state, or local law.

Accenture is committed to providing veteran employment opportunities to our service men and women.

For details, view a copy of the Accenture Equal Employment Opportunity and Affirmative Action Policy Statement

Requesting An Accommodation

Accenture is committed to providing equal employment opportunities for persons with disabilities or religious observances, including reasonable accommodation when needed. If you are hired by Accenture and require accommodation to perform the essential functions of your role, you will be asked to participate in our reasonable accommodation process. Accommodations made to facilitate the recruiting process are not a guarantee of future or continued accommodations once hired.

If you would like to be considered for employment opportunities with Accenture and have accommodation needs for a disability or religious observance, please call us toll free at [redacted], send us an email or speak with your recruiter.

Other Employment Statements

Applicants for employment in the US must have work authorization that does not now or in the future require sponsorship of a visa for employment authorization in the United States.

Candidates who are currently employed by a client of Accenture or an affiliated Accenture business may not be eligible for consideration.

Job candidates will not be obligated to disclose sealed or expunged records of conviction or arrest as part of the hiring process.

The Company will not discharge or in any other manner discriminate against employees or applicants because they have inquired about, discussed, or disclosed their own pay or the pay of another employee or applicant. Additionally, employees who have access to the compensation information of other employees or applicants as a part of their essential job functions cannot disclose the pay of other employees or applicants to individuals who do not otherwise have access to compensation information, unless the disclosure is (a) in response to a formal complaint or charge, (b) in furtherance of an investigation, proceeding, hearing, or action, including an investigation conducted by the employer, or (c) consistent with the Company's legal duty to furnish information.
"
"Director of Public Policy (WA), Office of Responsible AI",MICROSOFT,"Redmond, WA • via Adzuna",2025-01-08T20:50:42.308553,,,,,,,,,"Microsoft has an immediate opening for a Director of Public Policy to lead our public policy workstream in the Office of Responsible AI. Microsoft is committed to ensuring that we develop and deploy our AI technologies in ways that uphold our AI principles and warrant people’s trust. The Office of Responsible AI plays a leading role in this effort as part of Microsoft’s Corporate, External, and Le
gal Affairs (CELA) team. With a cross-company mandate, we establish internal policy to enact our responsible AI commitments, support the rollout of our responsible AI program, enable our community of Responsible AI Champs, manage the company’s governance system, and guide high impact engineering and customer projects. We also help to contribute to the conversation about the new laws, norms, and standards needed to advance responsible AI for the benefit of society at large. Responsibilities: Lead of Public Policy Workstream. Reporting to Microsoft’s Chief Responsible AI Officer, the Director of Public Policy will lead a high-performing team responsible for the company’s public policy workstream. The workstream is focused on designing and building the next generation of public policy positions and frameworks to ensure that effective regulatory guardrails are in place to secure the beneficial use of AI technologies. By combining your in-depth understanding of AI technologies and their sociotechnical implications with your knowledge of regulatory frameworks and public policy levers, you and your team will help Microsoft develop evidence-based positions that support the establishment of effective policy interventions, Collaborations with Research, Engineering, and Internal Policy Colleagues. Our responsible AI ecosystem at Microsoft combines policy and governance expertise with a commitment to research-led approaches that are engineered into the AI systems that we build. As such, our public policy work requires close coordination with our colleagues in Aether who provide scientific foresight on emerging issues and subject matter expertise on each of our AI principles. The Director of Public Policy will also work closely with our engineering teams to assess the impact of different policy positions and regulatory proposals and provide insight into emerging regulatory trends and developments to inform their planning cycles. Finally, you will collaborate closely with colleagues in the Office of Responsible AI’s Internal Policy team to bring insights from our internal policy development to the dialog on effective public policy measures and ensure that our internal practices are informed by emerging regulatory trends and developments, Collaborations with External Stakeholders. The development and adoption of effective public policy measures requires deep collaboration with stakeholders external to Microsoft, including representatives of civil society, academia, government, and industry. The Director of Public Policy builds and maintains strong, ongoing relationships with external stakeholders and proactively identifies opportunities to collaborate on effective regulatory safeguards, Trend Analysis and Coordination with Global Government Affairs Teams.  Working in close partnership with our Global Government Affairs teams around the world, the Director of Public Policy will ensure that public policy trends across geographies are identified in a timely way to help inform the Office of Responsible AI’s planning and prioritization processes. Leveraging the infrastructure maintained by our central coordination teams, you and your team will develop materials and training to equip and empower our Global Government Affairs colleagues in their local policy advocacy on responsible AI issues, Advocacy. The Director of Public Policy will be called upon to represent Microsoft externally on a range of issues at the intersection of responsible AI and regulation, which include participation in targeted working groups and initiatives. The successful candidate will spend time speaking in public fora. You will also be expected to contribute to publications, blogs, and whitepapers, People Management. The Director of Public Policy is an exemplary leader, who embodies our culture and values and delivers success through modeling, coaching, and caring. You have a track record of high ethical standards, unquestione integrity, and a steadfast commitment to advancing the company’s diversity and inclusion commitments. Required Qualifications: Bachelor's Degree in Public Policy, Public Administration, Law or a related field AND 4+ years’ experience of working in technology, highly-regulated fields such as finance or healthcare, or government on the development of new regulatory concepts and public policy positions to address complex and rapidly evolving issues at the intersection of technology, law, ethics, and society, OR 6+ years’ experience of working in technology, highly-regulated fields such as finance or healthcare, or government on the development of new regulatory concepts and public policy positions to address complex and rapidly evolving issues at the intersection of technology, law, ethics, and society; At least 3 years of people or team management experience with a track record of delivering success through empowerment and accountability by modeling, coaching, and caring. Additional Qualifications: Responsible AI Experience. Experience in the domain of responsible AI is valued highly Applicants should have a demonstrated ability to identify existing and emerging sociotechnical issues in the development and deployment of AI technologies and be able to design effective public policy strategies to address them, Regulatory Experience. Experience in crafting regulatory responses for new and emerging domains is valued highly. A deep knowledge of regulatory frameworks and public policy levers around the globe will be critical to success in this role, Stakeholder Engagement A proven track record of being able to engage and influence a variety of stakeholders, both within and outside Microsoft. Applicants should have a desire to work in a highly interdisciplinary environment that includes researchers and practitioners from computer science, statistics, social sciences, humanities, and other fields. At least 3 years of experience working in or with a large, matrixed organization, Communication Skills: Highly developed written and oral communication skills. Proven experience as an external presenter. Must be able to proactively advance company positions through high impact engagement in small and/or large group settings, Collaboration A strong record of being an effective team player dedicated to collective successes. The ability to promote cooperation and solve problems in a timely, creative, and professional manner, Agility The ability to navigate ambiguity and adapt to rapidly changing environments and demands, Growth Mindset: A strong record of experimentation, learning from both successes and failures.
"
Responsible AI Governance and Risk Leader,Ascensus,"Chicago, IL • via Trabajo.org",2025-01-08T20:50:52.476289,"Proven ability to work with interdisciplinary teams, including engineering, product development, compliance, and legal, to integrate AI governance frameworks effectively
Subject matter expertise in AI, and hands-on experience with operationalizing AI principles and frameworks to ensure they are embedded across the full AI lifecycle
Familiarity with handling AI-related operational incidents, including post-incident reviews and preventative strategy development
Ability to understand key technical concepts, such as model explainability, robustness, and bias, to guide teams effectively
Experience with change management, including ability to lead cultural shifts within an organization to drive implementation of AI principles and practices and ensure successful values-based communication campaigns
Experience designing and tracking key performance indicators (KPIs) for ethical AI initiatives to demonstrate progress and impact
Communicates effectively, verbally and in writing, with business leaders, clients, prospects, business partners, vendors, regulators, and others
Demonstrated integrity, values, principles, and work ethic
Holds a reputable certification in AI governance, data governance, or other related discipline, such as:
Certified Artificial Intelligence Practitioner (CAIP )
Certified Ethical Emerging Technologist (CEET )
Certified Information Privacy Professional (CIPP/US )
Certified in Risk and Information Systems Control (CRISC )","Proven ability to work with interdisciplinary teams, including engineering, product development, compliance, and legal, to integrate AI governance frameworks effectively; Subject matter expertise in AI, and hands-on experience with operationalizing AI principles and frameworks to ensure they are embedded across the full AI lifecycle; Familiarity with handling AI-related operational incidents, including post-incident reviews and preventative strategy development; Ability to understand key technical concepts, such as model explainability, robustness, and bias, to guide teams effectively; Experience with change management, including ability to lead cultural shifts within an organization to drive implementation of AI principles and practices and ensure successful values-based communication campaigns; Experience designing and tracking key performance indicators (KPIs) for ethical AI initiatives to demonstrate progress and impact; Communicates effectively, verbally and in writing, with business leaders, clients, prospects, business partners, vendors, regulators, and others; Demonstrated integrity, values, principles, and work ethic; Holds a reputable certification in AI governance, data governance, or other related discipline, such as:; Certified Artificial Intelligence Practitioner (CAIP ); Certified Ethical Emerging Technologist (CEET ); Certified Information Privacy Professional (CIPP/US ); Certified in Risk and Information Systems Control (CRISC )","Proven ability to work with interdisciplinary teams, including engineering, product development, compliance, and legal, to integrate AI governance frameworks effectively
Subject matter expertise in AI, and hands-on experience with operationalizing AI principles and frameworks to ensure they are embedded across the full AI lifecycle
Familiarity with handling AI-related operational incidents, including post-incident reviews and preventative strategy development
Ability to understand key technical concepts, such as model explainability, robustness, and bias, to guide teams effectively
Experience with change management, including ability to lead cultural shifts within an organization to drive implementation of AI principles and practices and ensure successful values-based communication campaigns
Experience designing and tracking key performance indicators (KPIs) for ethical AI initiatives to demonstrate progress and impact
Communicates effectively, verbally and in writing, with business leaders, clients, prospects, business partners, vendors, regulators, and others
Demonstrated integrity, values, principles, and work ethic
Holds a reputable certification in AI governance, data governance, or other related discipline, such as:
Certified Artificial Intelligence Practitioner (CAIP )
Certified Ethical Emerging Technologist (CEET )
Certified Information Privacy Professional (CIPP/US )
Certified in Risk and Information Systems Control (CRISC )","Proven ability to work with interdisciplinary teams, including engineering, product development, compliance, and legal, to integrate AI governance frameworks effectively; Subject matter expertise in AI, and hands-on experience with operationalizing AI principles and frameworks to ensure they are embedded across the full AI lifecycle; Familiarity with handling AI-related operational incidents, including post-incident reviews and preventative strategy development; Ability to understand key technical concepts, such as model explainability, robustness, and bias, to guide teams effectively; Experience with change management, including ability to lead cultural shifts within an organization to drive implementation of AI principles and practices and ensure successful values-based communication campaigns; Experience designing and tracking key performance indicators (KPIs) for ethical AI initiatives to demonstrate progress and impact; Communicates effectively, verbally and in writing, with business leaders, clients, prospects, business partners, vendors, regulators, and others; Demonstrated integrity, values, principles, and work ethic; Holds a reputable certification in AI governance, data governance, or other related discipline, such as:; Certified Artificial Intelligence Practitioner (CAIP ); Certified Ethical Emerging Technologist (CEET ); Certified Information Privacy Professional (CIPP/US ); Certified in Risk and Information Systems Control (CRISC )",,,,,"The Responsible AI Governance and Risk Leader is a critical member of Ascensus’ AI leadership team and responsible for establishing, overseeing, and enforcing the Responsible AI governance framework across Ascensus by ensuring that AI initiatives adhere to ethical standards, legal and regulatory requirements, enterprise risk management principles, and organizational values. This role owns central
coordination of AI policies, assists the company with assessing, measuring and mitigating risks related to AI, and promotes responsible AI practices to support transparency, accountability, and compliance.

Section 2: Job Functions, Essential Duties and Responsibilities
• Thought Leadership and Stakeholder Alignment : Responsible AI governance and risk leader subject matter expert across the organization. Interacts with key stakeholders including Ascensus senior leadership, clients, vendors, and regulators, and ensures alignment and achievement of key goals. Acts as a change agent and drives the organization’s AI evolution forward.
• Policies and Procedures: Leads the creation, implementation, and enforcement of Ascensus’s AI governance framework to ensure responsible use of AI across the company. Responsible for policies and procedures, materials for external stakeholders, and guidelines for internal stakeholders.
• AI Lifecycle Integration: Collaborate with business, product, and technical teams to ensure responsible AI best practices are embedded throughout the AI lifecycle.
• Risk Management: Partner with Risk, Compliance, IT, and Information Security to define AI-related risk dimensions and ensure alignment with the broader enterprise risk framework. Leads the AI Risk Committee and reports on AI governance to executive leadership. Proactively monitors high-risk use cases based on established risk protocols to guide mitigation strategies.
• Contract Negotiations: Represent Ascensus in contract negotiations with key stakeholders including sophisticated financial institutions, strategic partners, clients, and vendors. Partner with Legal, Service & Operations, and business leaders to ensure that Ascensus and its vendors comply with AI-related contract provisions.
• Compliance: Ensure that AI initiatives meet applicable legal and regulatory requirements. Partner with Legal, Risk Management, and Compliance to ensure compliance efforts with respect to audits and client reporting.
• Evolution and Strategy: Proactively evolves Ascensus’ AI governance model and strategy to comply with industry’s best practices. Establishes KPIs to continuously evaluate the effectiveness of responsible AI policies and governance, and updates policies and procedures as necessary.
• Culture: Supports Ascensus’s core values of People Matter, Quality First and Integrity Always in all actions on a day-to-day basis to show support of organizational culture.

Supervision
• N/A

Section 3: Experience, Skills, Knowledge Requirements
• Bachelor's degree with minimum of 3 years of risk and/or privacy experience or other relevant discipline preferred.
• Juris Doctor (JD) degree and work experience as an attorney is a plus.
• Proven ability to work with interdisciplinary teams, including engineering, product development, compliance, and legal, to integrate AI governance frameworks effectively.
• Subject matter expertise in AI, and hands-on experience with operationalizing AI principles and frameworks to ensure they are embedded across the full AI lifecycle.
• Familiarity with handling AI-related operational incidents, including post-incident reviews and preventative strategy development.
• Ability to understand key technical concepts, such as model explainability, robustness, and bias, to guide teams effectively.
• Experience with change management, including ability to lead cultural shifts within an organization to drive implementation of AI principles and practices and ensure successful values-based communication campaigns.
• Experience designing and tracking key performance indicators (KPIs) for ethical AI initiatives to demonstrate progress and impact.
• Communicates effectively, verbally and in writing, with business leaders, clients, prospects, business partners, vendors, regulators, and others.
• Demonstrated integrity, values, principles, and work ethic.
• Holds a reputable certification in AI governance, data governance, or other related discipline, such as:
• Certified Artificial Intelligence Practitioner (CAIP )
• Certified Ethical Emerging Technologist (CEET )
• Certified Information Privacy Professional (CIPP/US )
• Certified in Risk and Information Systems Control (CRISC )

We are proud to be an Equal Opportunity Employer.

Be aware of employment fraud. All email communications from Ascensus or its hiring managers originate from @ascensus.com or @futureplan.com email addresses. We will never ask you for payment or require you to purchase any equipment. If you are suspicious or unsure about the validity of a job posting, we strongly encourage you to apply directly through our website.
#J-18808-Ljbffr
"
AI Architect,United Wholesale Mortgage,"Pontiac, MI • via ZipRecruiter",2025-01-08T20:51:02.685765,"Graduate degree in Computer Science, AI, Machine Learning or related technical field
5+ years of experience in architecting AI products and leading development of innovative models and algorithms
Deep expertise in modern generative AI techniques including models like GANs, DALL-E, GPT-4, etc
Strong software design abilities and a solutions-first mindset leveraging AI capabilities
Excellent communication, leadership, and collaboration skills working cross-functionally
Ability to work 100% on-site in Pontiac, Michigan
Team members may be required to perform other or different job-related duties as requested by their team lead, subject to reasonable accommodation","Graduate degree in Computer Science, AI, Machine Learning or related technical field; 5+ years of experience in architecting AI products and leading development of innovative models and algorithms; Deep expertise in modern generative AI techniques including models like GANs, DALL-E, GPT-4, etc; Strong software design abilities and a solutions-first mindset leveraging AI capabilities; Excellent communication, leadership, and collaboration skills working cross-functionally; Ability to work 100% on-site in Pontiac, Michigan; Team members may be required to perform other or different job-related duties as requested by their team lead, subject to reasonable accommodation","Graduate degree in Computer Science, AI, Machine Learning or related technical field
5+ years of experience in architecting AI products and leading development of innovative models and algorithms
Deep expertise in modern generative AI techniques including models like GANs, DALL-E, GPT-4, etc
Strong software design abilities and a solutions-first mindset leveraging AI capabilities
Excellent communication, leadership, and collaboration skills working cross-functionally
Ability to work 100% on-site in Pontiac, Michigan
Team members may be required to perform other or different job-related duties as requested by their team lead, subject to reasonable accommodation","Graduate degree in Computer Science, AI, Machine Learning or related technical field; 5+ years of experience in architecting AI products and leading development of innovative models and algorithms; Deep expertise in modern generative AI techniques including models like GANs, DALL-E, GPT-4, etc; Strong software design abilities and a solutions-first mindset leveraging AI capabilities; Excellent communication, leadership, and collaboration skills working cross-functionally; Ability to work 100% on-site in Pontiac, Michigan; Team members may be required to perform other or different job-related duties as requested by their team lead, subject to reasonable accommodation","Paid Time Off (PTO) after just 30 days
Additional parental and maternity leave benefits after 12 months
Adoption reimbursement program
Paid volunteer hours
Paid training and career development
Medical, dental, vision and life insurance
401k with employer match
Mortgage discount and area business discounts
Free membership to our large, state-of-the-art fitness center, including exercise classes such as yoga and Zumba, various sports leagues and a full-size basketball court
Wellness area, including an in-house primary-care physician's office, full-time massage therapist and hair salon
Gourmet cafeteria featuring homemade breakfast and lunch
Convenience store featuring healthy grab-and-go snacks
In-house Starbucks and Dunkin
Indoor/outdoor cafe with Wi-Fi","Paid Time Off (PTO) after just 30 days; Additional parental and maternity leave benefits after 12 months; Adoption reimbursement program; Paid volunteer hours; Paid training and career development; Medical, dental, vision and life insurance; 401k with employer match; Mortgage discount and area business discounts; Free membership to our large, state-of-the-art fitness center, including exercise classes such as yoga and Zumba, various sports leagues and a full-size basketball court; Wellness area, including an in-house primary-care physician's office, full-time massage therapist and hair salon; Gourmet cafeteria featuring homemade breakfast and lunch; Convenience store featuring healthy grab-and-go snacks; In-house Starbucks and Dunkin; Indoor/outdoor cafe with Wi-Fi","Paid Time Off (PTO) after just 30 days
Additional parental and maternity leave benefits after 12 months
Adoption reimbursement program
Paid volunteer hours
Paid training and career development
Medical, dental, vision and life insurance
401k with employer match
Mortgage discount and area business discounts
Free membership to our large, state-of-the-art fitness center, including exercise classes such as yoga and Zumba, various sports leagues and a full-size basketball court
Wellness area, including an in-house primary-care physician's office, full-time massage therapist and hair salon
Gourmet cafeteria featuring homemade breakfast and lunch
Convenience store featuring healthy grab-and-go snacks
In-house Starbucks and Dunkin
Indoor/outdoor cafe with Wi-Fi","Paid Time Off (PTO) after just 30 days; Additional parental and maternity leave benefits after 12 months; Adoption reimbursement program; Paid volunteer hours; Paid training and career development; Medical, dental, vision and life insurance; 401k with employer match; Mortgage discount and area business discounts; Free membership to our large, state-of-the-art fitness center, including exercise classes such as yoga and Zumba, various sports leagues and a full-size basketball court; Wellness area, including an in-house primary-care physician's office, full-time massage therapist and hair salon; Gourmet cafeteria featuring homemade breakfast and lunch; Convenience store featuring healthy grab-and-go snacks; In-house Starbucks and Dunkin; Indoor/outdoor cafe with Wi-Fi","We are seeking an experienced AI architect to lead the design and development of new generative AI products. In this role, you will work with engineers and product managers to envision, architect, and execute the buildout of innovative applications of generative AI technology.

You will play a pivotal role in shaping the future of our company through innovative applications of generative AI techno
logies. You will be responsible for designing, implementing, and managing state-of the-art generative AI solutions tailored to our specific business needs.
WHAT WE NEED FROM YOU
• Graduate degree in Computer Science, AI, Machine Learning or related technical field
• 5+ years of experience in architecting AI products and leading development of innovative models and algorithms
• Deep expertise in modern generative AI techniques including models like GANs, DALL-E, GPT-4, etc.
• Strong software design abilities and a solutions-first mindset leveraging AI capabilities
• Excellent communication, leadership, and collaboration skills working cross-functionally
• Ability to work 100% on-site in Pontiac, Michigan
WHAT YOU WILL BE DOING
• Develop architecture for generative AI systems based on the latest research, technologies, and techniques in areas like natural language processing, text and image generation, and others
• Design solutions for complex AI product requirements and pipelines, with a focus on generative models and algorithms to produce sound outputs at scale
• Lead prototyping of new generative AI capabilities and product innovations areas such as content creation, creative tools, conversational AI, and personalization
• Guide software engineers to implement scalable, high-quality AI architecture and iterative, agile development of new features
• Monitor and evaluate AI systems and outputs, recommending improvements on issues like coherence, accuracy, fairness, and responsible AI practices
• Stay current on state-of-the-art AI and machine learning research and innovations that could advance product capabilities or performance
• Identifying opportunities for generative AI: collaborating with cross-functional teams to identify business challenges and opportunities where generative AI can create value.
THE PLACE & THE PERKS

Ready to join thousands of talented team members who are making the dream of home ownership possible for more Americans? It's all happening on UWM's campus, where our award-winning workplace packs plenty of perks and amenities that keep the atmosphere buzzing with energy and excitement.

It's no wonder that out of our six pillars, People Are Our Greatest Asset is number one. It's at the very heart of how we treat each other, our clients and our community. Whether it's providing elite client service or continuously striving to improve, our pillars provide a pathway to a more successful personal and professional life.

From the team member that holds a door open to the one that helps guide your career, you'll feel the encouragement and support on day one. No matter your race, creed, gender, age, sexual orientation and ethnicity, you'll be welcomed here. Accepted here. And empowered to Be You Here.

More reasons you'll love working here include:
• Paid Time Off (PTO) after just 30 days
• Additional parental and maternity leave benefits after 12 months
• Adoption reimbursement program
• Paid volunteer hours
• Paid training and career development
• Medical, dental, vision and life insurance
• 401k with employer match
• Mortgage discount and area business discounts
• Free membership to our large, state-of-the-art fitness center, including exercise classes such as yoga and Zumba, various sports leagues and a full-size basketball court
• Wellness area, including an in-house primary-care physician's office, full-time massage therapist and hair salon
• Gourmet cafeteria featuring homemade breakfast and lunch
• Convenience store featuring healthy grab-and-go snacks
• In-house Starbucks and Dunkin
• Indoor/outdoor cafe with Wi-Fi
DISCLAIMERAll the above duties and responsibilities are essential job functions subject to reasonable accommodation and change. All job requirements listed indicate the minimum level of knowledge, skills and/or ability deemed necessary to perform the job proficiently. Team members may be required to perform other or different job-related duties as requested by their team lead, subject to reasonable accommodation. This document does not create an employment contract, implied or otherwise. Employment with UWM is ""at-will."" UWM is an Equal Opportunity Employer. By selecting ""Apply for this job online"" you provide consent to UWM to record phone call conversations between you and UWM to be used for quality control purposes.Employment Type: OTHER
"
"AIML - Sr Engineering Program Manager, Responsible AI",Apple,"Westbury, NY • via Local Hire Board",2025-01-08T20:51:12.687594,"Provide clear, timely, and objective communication, including regular program status updates and critical issues as needed to the executive team.Coordinate:
Drive on-time delivery and deployment, identifying development and feasibility needs, establishing achievements for checkpoints and status updates
Minimum Qualifications8+ years of experience in project or program management shipping products driven by machine-learned systems to worldwide users
Have personally orchestrated the delivery of multiple significant client/server software products requiring large organizations (100+) to accomplish
Excellent project management skills including project structuring and managing multiple work streams interdependently
Detailed understanding of testing, build, and release processes for sophisticated software
Demonstrated skill of negotiating and distilling complex technical requirements from multiple partners into a coherent long-term platform roadmap
Demonstrated data-driven decision-making skills, including experience leading metrics-driven projects or programs
Superior group facilitation, interviewing, and influence skills
Ability to communicate abstract ideas clearly, and independently manage complex project objectives
Strong verbal and written communication skills, including negotiation, presentation, and influence
Ability to independently draft and present deliverables, recommendations, timelines, and communication strategies","Provide clear, timely, and objective communication, including regular program status updates and critical issues as needed to the executive team.Coordinate:; Drive on-time delivery and deployment, identifying development and feasibility needs, establishing achievements for checkpoints and status updates; Minimum Qualifications8+ years of experience in project or program management shipping products driven by machine-learned systems to worldwide users; Have personally orchestrated the delivery of multiple significant client/server software products requiring large organizations (100+) to accomplish; Excellent project management skills including project structuring and managing multiple work streams interdependently; Detailed understanding of testing, build, and release processes for sophisticated software; Demonstrated skill of negotiating and distilling complex technical requirements from multiple partners into a coherent long-term platform roadmap; Demonstrated data-driven decision-making skills, including experience leading metrics-driven projects or programs; Superior group facilitation, interviewing, and influence skills; Ability to communicate abstract ideas clearly, and independently manage complex project objectives; Strong verbal and written communication skills, including negotiation, presentation, and influence; Ability to independently draft and present deliverables, recommendations, timelines, and communication strategies","Provide clear, timely, and objective communication, including regular program status updates and critical issues as needed to the executive team.Coordinate:
Drive on-time delivery and deployment, identifying development and feasibility needs, establishing achievements for checkpoints and status updates
Minimum Qualifications8+ years of experience in project or program management shipping products driven by machine-learned systems to worldwide users
Have personally orchestrated the delivery of multiple significant client/server software products requiring large organizations (100+) to accomplish
Excellent project management skills including project structuring and managing multiple work streams interdependently
Detailed understanding of testing, build, and release processes for sophisticated software
Demonstrated skill of negotiating and distilling complex technical requirements from multiple partners into a coherent long-term platform roadmap
Demonstrated data-driven decision-making skills, including experience leading metrics-driven projects or programs
Superior group facilitation, interviewing, and influence skills
Ability to communicate abstract ideas clearly, and independently manage complex project objectives
Strong verbal and written communication skills, including negotiation, presentation, and influence
Ability to independently draft and present deliverables, recommendations, timelines, and communication strategies","Provide clear, timely, and objective communication, including regular program status updates and critical issues as needed to the executive team.Coordinate:; Drive on-time delivery and deployment, identifying development and feasibility needs, establishing achievements for checkpoints and status updates; Minimum Qualifications8+ years of experience in project or program management shipping products driven by machine-learned systems to worldwide users; Have personally orchestrated the delivery of multiple significant client/server software products requiring large organizations (100+) to accomplish; Excellent project management skills including project structuring and managing multiple work streams interdependently; Detailed understanding of testing, build, and release processes for sophisticated software; Demonstrated skill of negotiating and distilling complex technical requirements from multiple partners into a coherent long-term platform roadmap; Demonstrated data-driven decision-making skills, including experience leading metrics-driven projects or programs; Superior group facilitation, interviewing, and influence skills; Ability to communicate abstract ideas clearly, and independently manage complex project objectives; Strong verbal and written communication skills, including negotiation, presentation, and influence; Ability to independently draft and present deliverables, recommendations, timelines, and communication strategies","Education & ExperienceAdditional RequirementsPay & BenefitsAt Apple, base pay is one part of our total compensation package and is determined within a range
The base pay range for this role is between $165,500 and $293,800, and your base pay will depend on your skills, qualifications, experience, and location
Apple employees also have the opportunity to become an Apple shareholder through participation in Apple’s discretionary employee stock programs
You’ll also receive benefits including: Comprehensive medical and dental coverage, retirement benefits, a range of discounted products and free services, and reimbursement for certain educational expenses — including tuition
Additionally, this role might be eligible for discretionary bonuses or commission payments as well as relocation","Education & ExperienceAdditional RequirementsPay & BenefitsAt Apple, base pay is one part of our total compensation package and is determined within a range; The base pay range for this role is between $165,500 and $293,800, and your base pay will depend on your skills, qualifications, experience, and location; Apple employees also have the opportunity to become an Apple shareholder through participation in Apple’s discretionary employee stock programs; You’ll also receive benefits including: Comprehensive medical and dental coverage, retirement benefits, a range of discounted products and free services, and reimbursement for certain educational expenses — including tuition; Additionally, this role might be eligible for discretionary bonuses or commission payments as well as relocation","Education & ExperienceAdditional RequirementsPay & BenefitsAt Apple, base pay is one part of our total compensation package and is determined within a range
The base pay range for this role is between $165,500 and $293,800, and your base pay will depend on your skills, qualifications, experience, and location
Apple employees also have the opportunity to become an Apple shareholder through participation in Apple’s discretionary employee stock programs
You’ll also receive benefits including: Comprehensive medical and dental coverage, retirement benefits, a range of discounted products and free services, and reimbursement for certain educational expenses — including tuition
Additionally, this role might be eligible for discretionary bonuses or commission payments as well as relocation","Education & ExperienceAdditional RequirementsPay & BenefitsAt Apple, base pay is one part of our total compensation package and is determined within a range; The base pay range for this role is between $165,500 and $293,800, and your base pay will depend on your skills, qualifications, experience, and location; Apple employees also have the opportunity to become an Apple shareholder through participation in Apple’s discretionary employee stock programs; You’ll also receive benefits including: Comprehensive medical and dental coverage, retirement benefits, a range of discounted products and free services, and reimbursement for certain educational expenses — including tuition; Additionally, this role might be eligible for discretionary bonuses or commission payments as well as relocation","AIML - Sr Engineering Program Manager, Responsible AINew York City, New York, United StatesSoftware and ServicesApple is where individual imaginations gather together, committing to the values that lead to great work. Every new product we build, service we create, or Apple Store experience we deliver is the result of us making each other’s ideas stronger. It’s the diversity of our people and their
thinking that inspires the innovation that runs through everything we do. When we bring everybody in, we can do the best work of our lives. Here, you’ll do more than join something — you’ll add something. Are you passionate about empowering ground-breaking intelligent experiences? We’re looking for people like you! The AIML team is crafting groundbreaking technology, and we are looking for candidates with experience, passion, and a track record in shipping responsible technology and inclusive products. This role will support and implement AIML’s strategy to ensure the ethical and safe deployment of machine learning models. You will collaborate with cross-functional teams to develop and implement policies, standards, and processes that align with Apple’s values to implement a plan for the safety lifecycle of machine learning models. As the program manager in this space, you will play a key role in building a culture of technology responsibility, encouraging transparency, and mitigating risks associated with the development of machine learning models. The ideal candidate will have extraordinary program management skills with shipping ML products and the ability to influence across all levels of the organization.DescriptionYou will coordinate and drive early engagements on product architecture, feature definition, and program execution. This includes collaborating with all partner organizations relevant for a project. You will:Communicate:

Provide clear, timely, and objective communication, including regular program status updates and critical issues as needed to the executive team.Coordinate:

Coordinate discussions and break down complex issues into discussion topics to drive engineering and design alignment with support from the project team.Plan:

Create and manage project timelines with clear dependencies, critical path, and systematic methodology to communicate status. Manage risks and mitigations, and re-plan as events warrant.Execute:

Drive on-time delivery and deployment, identifying development and feasibility needs, establishing achievements for checkpoints and status updates.Problem solve:

Proactively identify issues and solutions, and marshal resources vital to attack and resolve. Coordinate with teams to identify issues, prioritize tasks, and track risks to schedule and product quality.Minimum Qualifications8+ years of experience in project or program management shipping products driven by machine-learned systems to worldwide users.Have personally orchestrated the delivery of multiple significant client/server software products requiring large organizations (100+) to accomplish.Excellent project management skills including project structuring and managing multiple work streams interdependently.Detailed understanding of testing, build, and release processes for sophisticated software.Demonstrated skill of negotiating and distilling complex technical requirements from multiple partners into a coherent long-term platform roadmap.Demonstrated data-driven decision-making skills, including experience leading metrics-driven projects or programs.Superior group facilitation, interviewing, and influence skills.Ability to communicate abstract ideas clearly, and independently manage complex project objectives.Strong verbal and written communication skills, including negotiation, presentation, and influence.Ability to independently draft and present deliverables, recommendations, timelines, and communication strategies.Key QualificationsPreferred QualificationsBS, MS, or PhD in computer science or engineering or other technical area, or experience in a related field.Education & ExperienceAdditional RequirementsPay & BenefitsAt Apple, base pay is one part of our total compensation package and is determined within a range. The base pay range for this role is between $165,500 and $293,800, and your base pay will depend on your skills, qualifications, experience, and location. Apple employees also have the opportunity to become an Apple shareholder through participation in Apple’s discretionary employee stock programs. You’ll also receive benefits including: Comprehensive medical and dental coverage, retirement benefits, a range of discounted products and free services, and reimbursement for certain educational expenses — including tuition. Additionally, this role might be eligible for discretionary bonuses or commission payments as well as relocation. Learn more about Apple Benefits.Apple is an equal opportunity employer that is committed to inclusion and diversity. We take affirmative action to ensure equal opportunity for all applicants without regard to race, color, religion, sex, sexual orientation, gender identity, national origin, disability, Veteran status, or other legally protected characteristics.

#J-18808-Ljbffr
"
Responsible AI - Technology Architecture Associate Manager,Accenture,"Lynnfield, MA • via Local Hire Board",2025-01-08T20:51:18.789051,,,,,,,,,
Responsible AI - Technology Architecture Associate Manager,Accenture,"Sterling, MA • via Local Hire Board",2025-01-08T20:51:23.766312,,,,,,,,,
"AIML - Machine Learning Engineer, Data and Evaluation for Responsible AI",Apple Inc.,"Mendenhall, MS • via Local Hire Board",2025-01-08T20:51:33.660647,"Minimum Qualifications:Proficiency in data science, machine learning, analytics, and programming with Python & Pandas; strong experience with one or more plotting & visualization libraries
Ability to collaborate with team members to prioritize competing projects, set and maintain a schedule for milestones and project completions, and communicate with all levels of team members
Strong skills for rigorous model quality metrics development; interpretation of experiments and evaluations; and presentation to executives.MS, or PhD in Computer Science, Linguistics, Computer Vision, or a similar science or technology field with a strong basis in scientific data collection, or BA/BS with 4+ years of relevant work experience
Prior scientific research and publication experience
Experience working with generative models for evaluation and/or product development, and up-to-date knowledge of common challenges and failures
Experience working with large language or image datasets, “dirty” data, and/or crowd-sourced data; experience resolving conflicts in annotated data and working with annotators
Curiosity about fairness and bias in generative AI systems, and a strong desire to help make the technology more equitable","Minimum Qualifications:Proficiency in data science, machine learning, analytics, and programming with Python & Pandas; strong experience with one or more plotting & visualization libraries; Ability to collaborate with team members to prioritize competing projects, set and maintain a schedule for milestones and project completions, and communicate with all levels of team members; Strong skills for rigorous model quality metrics development; interpretation of experiments and evaluations; and presentation to executives.MS, or PhD in Computer Science, Linguistics, Computer Vision, or a similar science or technology field with a strong basis in scientific data collection, or BA/BS with 4+ years of relevant work experience; Prior scientific research and publication experience; Experience working with generative models for evaluation and/or product development, and up-to-date knowledge of common challenges and failures; Experience working with large language or image datasets, “dirty” data, and/or crowd-sourced data; experience resolving conflicts in annotated data and working with annotators; Curiosity about fairness and bias in generative AI systems, and a strong desire to help make the technology more equitable","Minimum Qualifications:Proficiency in data science, machine learning, analytics, and programming with Python & Pandas; strong experience with one or more plotting & visualization libraries
Ability to collaborate with team members to prioritize competing projects, set and maintain a schedule for milestones and project completions, and communicate with all levels of team members
Strong skills for rigorous model quality metrics development; interpretation of experiments and evaluations; and presentation to executives.MS, or PhD in Computer Science, Linguistics, Computer Vision, or a similar science or technology field with a strong basis in scientific data collection, or BA/BS with 4+ years of relevant work experience
Prior scientific research and publication experience
Experience working with generative models for evaluation and/or product development, and up-to-date knowledge of common challenges and failures
Experience working with large language or image datasets, “dirty” data, and/or crowd-sourced data; experience resolving conflicts in annotated data and working with annotators
Curiosity about fairness and bias in generative AI systems, and a strong desire to help make the technology more equitable","Minimum Qualifications:Proficiency in data science, machine learning, analytics, and programming with Python & Pandas; strong experience with one or more plotting & visualization libraries; Ability to collaborate with team members to prioritize competing projects, set and maintain a schedule for milestones and project completions, and communicate with all levels of team members; Strong skills for rigorous model quality metrics development; interpretation of experiments and evaluations; and presentation to executives.MS, or PhD in Computer Science, Linguistics, Computer Vision, or a similar science or technology field with a strong basis in scientific data collection, or BA/BS with 4+ years of relevant work experience; Prior scientific research and publication experience; Experience working with generative models for evaluation and/or product development, and up-to-date knowledge of common challenges and failures; Experience working with large language or image datasets, “dirty” data, and/or crowd-sourced data; experience resolving conflicts in annotated data and working with annotators; Curiosity about fairness and bias in generative AI systems, and a strong desire to help make the technology more equitable",,,,,"AIML - Machine Learning Engineer, Data and Evaluation for Responsible AI

Would you like to play a part in building the next generation of generative AI applications at Apple? We’re looking for Machine Learning Engineers to work on ambitious projects that will impact the future of Apple, our products, and the broader world. This role is directed at assessing, quantifying, and improving the safety
and inclusivity of Apple’s Generative-AI powered features and products. In this role you’ll have the opportunity to tackle innovative problems in machine learning, particularly focused on large language models for text generation, diffusion models for image generation, and mixed model systems for multimodal applications. As a member of the Apple HCMI/Responsible AI group, you will be working on Apple's generative models that will power a wide array of new features, as well as longer term research in the generative AI space. Our team is currently interested in large generative models for vision and language, with particular interest on safety, robustness, explainability, and uncertainty in models.Description:Apple Intelligence is powered by thoughtful data sampling, creation, and curation; high quality, detailed annotations; and application of these data to evaluate and mitigate safety concerns of new generative AI features. This role heavily draws on applied data science, scientific investigation and interpretation, cross-functional communication and collaboration, and metrics reporting and presentation to stakeholders & decision-makers. Responsibilities include:Develop ML-based enhancements to red teaming, model evaluation, and other processes to improve the quality of Apple Intelligence’s user-facing products.Build and prototype analysis pipelines iteratively to provide insights at a large-scale.Identify data needs and work on creative solutions, scaling and expanding data coverage through human and synthetic generation methods.Coordinate project development, safety evaluation, and mitigation implementation timelines and execution with cross-functional collaborators.Distill project findings into recommendations for product engineering teams and safety policy development.Work with highly-sensitive content with exposure to offensive and controversial content.Minimum Qualifications:Proficiency in data science, machine learning, analytics, and programming with Python & Pandas; strong experience with one or more plotting & visualization libraries.Ability to collaborate with team members to prioritize competing projects, set and maintain a schedule for milestones and project completions, and communicate with all levels of team members.Strong skills for rigorous model quality metrics development; interpretation of experiments and evaluations; and presentation to executives.MS, or PhD in Computer Science, Linguistics, Computer Vision, or a similar science or technology field with a strong basis in scientific data collection, or BA/BS with 4+ years of relevant work experience.Preferred Qualifications:Experience working in the Responsible AI space.Prior scientific research and publication experience.Experience working with generative models for evaluation and/or product development, and up-to-date knowledge of common challenges and failures.Experience working with large language or image datasets, “dirty” data, and/or crowd-sourced data; experience resolving conflicts in annotated data and working with annotators.Curiosity about fairness and bias in generative AI systems, and a strong desire to help make the technology more equitable.Apple is an equal opportunity employer that is committed to inclusion and diversity. We take affirmative action to ensure equal opportunity for all applicants without regard to race, color, religion, sex, sexual orientation, gender identity, national origin, disability, Veteran status, or other legally protected characteristics. Learn more about your EEO rights as an applicant.

#J-18808-Ljbffr
"
Responsible AI - Technology Architecture Associate Manager,Accenture,"Groveland, MA • via Local Hire Board",2025-01-08T20:51:43.918651,"Architectural experience with cloud platforms (e.g., AWS, Azure, Google Cloud) and their AI services
Proficiency in AI and machine learning algorithms and frameworks (e.g., TensorFlow, PyTorch)
Strong programming skills in languages such as Python, R, Java, or C++
Experience with big data technologies (e.g., Hadoop, Spark) and/or database management systems
Specific technology domain experience in at least one of the following areas: software development, cloud computing, systems engineering, data & analytics
Proven track record in leading and delivering complex AI projects
Experience in implementing AI solutions in large-scale, enterprise environments
Bachelor’s degree in computer science, Artificial Intelligence, Data Science, or related technical fields or equivalent (minimum 12 years) work experience
(If associate’s degree, must have minimum 6 years work experience)
Strong leadership and team management skills
Excellent problem-solving and analytical abilities
Effective communication skills, capable of conveying complex AI concepts to diverse audiences
Commitment to ethical AI practices and continuous learning
Interest in Responsible AI areas such as knowledge of ethical AI principles, data privacy laws, and regulatory requirements
Ability to work under pressure and manage multiple projects simultaneously
Additional courses or training in areas related to responsible AI, ethics in technology, or similar fields are beneficial
Certifications in AI, machine learning, or related fields
Experience with Data & AI in specific domains (e.g., healthcare, finance, retail)
Familiarity with AI model explainability and interpretability tools
Understanding of MLOps, LLMOps, and DevOps practices, including CI/CD pipelines, for AI systems
Containerization capabilities such as Docker and Kubernetes
Linguistic proficiency (to a reasonable business level) in a language other than English
Applicants for employment in the US must have work authorization that does not now or in the future require sponsorship of a visa for employment authorization in the United States","Architectural experience with cloud platforms (e.g., AWS, Azure, Google Cloud) and their AI services; Proficiency in AI and machine learning algorithms and frameworks (e.g., TensorFlow, PyTorch); Strong programming skills in languages such as Python, R, Java, or C++; Experience with big data technologies (e.g., Hadoop, Spark) and/or database management systems; Specific technology domain experience in at least one of the following areas: software development, cloud computing, systems engineering, data & analytics; Proven track record in leading and delivering complex AI projects; Experience in implementing AI solutions in large-scale, enterprise environments; Bachelor’s degree in computer science, Artificial Intelligence, Data Science, or related technical fields or equivalent (minimum 12 years) work experience; (If associate’s degree, must have minimum 6 years work experience); Strong leadership and team management skills; Excellent problem-solving and analytical abilities; Effective communication skills, capable of conveying complex AI concepts to diverse audiences; Commitment to ethical AI practices and continuous learning; Interest in Responsible AI areas such as knowledge of ethical AI principles, data privacy laws, and regulatory requirements; Ability to work under pressure and manage multiple projects simultaneously; Additional courses or training in areas related to responsible AI, ethics in technology, or similar fields are beneficial; Certifications in AI, machine learning, or related fields; Experience with Data & AI in specific domains (e.g., healthcare, finance, retail); Familiarity with AI model explainability and interpretability tools; Understanding of MLOps, LLMOps, and DevOps practices, including CI/CD pipelines, for AI systems; Containerization capabilities such as Docker and Kubernetes; Linguistic proficiency (to a reasonable business level) in a language other than English; Applicants for employment in the US must have work authorization that does not now or in the future require sponsorship of a visa for employment authorization in the United States","Architectural experience with cloud platforms (e.g., AWS, Azure, Google Cloud) and their AI services
Proficiency in AI and machine learning algorithms and frameworks (e.g., TensorFlow, PyTorch)
Strong programming skills in languages such as Python, R, Java, or C++
Experience with big data technologies (e.g., Hadoop, Spark) and/or database management systems
Specific technology domain experience in at least one of the following areas: software development, cloud computing, systems engineering, data & analytics
Proven track record in leading and delivering complex AI projects
Experience in implementing AI solutions in large-scale, enterprise environments
Bachelor’s degree in computer science, Artificial Intelligence, Data Science, or related technical fields or equivalent (minimum 12 years) work experience
(If associate’s degree, must have minimum 6 years work experience)
Strong leadership and team management skills
Excellent problem-solving and analytical abilities
Effective communication skills, capable of conveying complex AI concepts to diverse audiences
Commitment to ethical AI practices and continuous learning
Interest in Responsible AI areas such as knowledge of ethical AI principles, data privacy laws, and regulatory requirements
Ability to work under pressure and manage multiple projects simultaneously
Additional courses or training in areas related to responsible AI, ethics in technology, or similar fields are beneficial
Certifications in AI, machine learning, or related fields
Experience with Data & AI in specific domains (e.g., healthcare, finance, retail)
Familiarity with AI model explainability and interpretability tools
Understanding of MLOps, LLMOps, and DevOps practices, including CI/CD pipelines, for AI systems
Containerization capabilities such as Docker and Kubernetes
Linguistic proficiency (to a reasonable business level) in a language other than English
Applicants for employment in the US must have work authorization that does not now or in the future require sponsorship of a visa for employment authorization in the United States","Architectural experience with cloud platforms (e.g., AWS, Azure, Google Cloud) and their AI services; Proficiency in AI and machine learning algorithms and frameworks (e.g., TensorFlow, PyTorch); Strong programming skills in languages such as Python, R, Java, or C++; Experience with big data technologies (e.g., Hadoop, Spark) and/or database management systems; Specific technology domain experience in at least one of the following areas: software development, cloud computing, systems engineering, data & analytics; Proven track record in leading and delivering complex AI projects; Experience in implementing AI solutions in large-scale, enterprise environments; Bachelor’s degree in computer science, Artificial Intelligence, Data Science, or related technical fields or equivalent (minimum 12 years) work experience; (If associate’s degree, must have minimum 6 years work experience); Strong leadership and team management skills; Excellent problem-solving and analytical abilities; Effective communication skills, capable of conveying complex AI concepts to diverse audiences; Commitment to ethical AI practices and continuous learning; Interest in Responsible AI areas such as knowledge of ethical AI principles, data privacy laws, and regulatory requirements; Ability to work under pressure and manage multiple projects simultaneously; Additional courses or training in areas related to responsible AI, ethics in technology, or similar fields are beneficial; Certifications in AI, machine learning, or related fields; Experience with Data & AI in specific domains (e.g., healthcare, finance, retail); Familiarity with AI model explainability and interpretability tools; Understanding of MLOps, LLMOps, and DevOps practices, including CI/CD pipelines, for AI systems; Containerization capabilities such as Docker and Kubernetes; Linguistic proficiency (to a reasonable business level) in a language other than English; Applicants for employment in the US must have work authorization that does not now or in the future require sponsorship of a visa for employment authorization in the United States","Compensation at Accenture varies depending on a wide array of factors, which may include but are not limited to the specific office location, role, skill set, and level of experience
Role Location Annual Salary Range
California $73,000 to $220,400
Colorado $73,000 to $190,400
Washington $77,700 to $202,700","Compensation at Accenture varies depending on a wide array of factors, which may include but are not limited to the specific office location, role, skill set, and level of experience; Role Location Annual Salary Range; California $73,000 to $220,400; Colorado $73,000 to $190,400; Washington $77,700 to $202,700","Compensation at Accenture varies depending on a wide array of factors, which may include but are not limited to the specific office location, role, skill set, and level of experience
Role Location Annual Salary Range
California $73,000 to $220,400
Colorado $73,000 to $190,400
Washington $77,700 to $202,700","Compensation at Accenture varies depending on a wide array of factors, which may include but are not limited to the specific office location, role, skill set, and level of experience; Role Location Annual Salary Range; California $73,000 to $220,400; Colorado $73,000 to $190,400; Washington $77,700 to $202,700","We are:

Accenture’s Global Responsible AI team within the Global Data & AI Practice. AI is becoming more pervasive, more powerful, and more accessible. With these new opportunities come increased risks. We work with leading organizations to ensure AI is designed, built, and deployed in a manner that engenders trust and adheres to laws, regulations, and ethical norms. Our Responsible AI strategy w
ill enable us to embed responsibility into all of Accenture’s data and AI activities. We’re developing and deploying differentiated IP and Responsible AI solutions with our ecosystem partners. We’ll be engaging regulators to help shape the policy agenda, conducting pioneering research with academia, and offering training and resources to our clients through the Responsible AI Academy. The risks of AI are real and well-known. Let’s help our clients turn those risks into opportunities.

You are:

We’re looking to grow our Responsible AI team, and if you’re experienced in Technology & Architecture with an interest in Responsible AI, we’d love to hear from you.

As a Responsible AI Technology & Architecture professional, you’ll be experienced in building state-of-the-art systems to solve difficult business challenges. Your designs will consider responsible aspects such as AI model Fairness, Transparency, Explainability, Robustness, Soundness, and Privacy.

You’ll bring diverse expertise in architecture, software development, and data engineering. You’ll be an outstanding technical specialist with the strong communication skills needed to liaise with your clients and your colleagues.

At the forefront of the industry, you’ll help make our Responsible AI vision a reality for clients looking to better serve their customers and operate always-on enterprises. We’re not just focused on increasing revenues – our technologies and innovations are making millions of lives easier and more comfortable. But above all, we’re doing this responsibly and inclusively – to make sure AI technology is used equitably and in a way that is both ethically and technically sound.

The work:

You’ll be a key player helping to deliver outstanding work for our Responsible AI clients. Some of the areas you’ll be working in include:

Leading the architecture and design of ethical AI systems, ensuring compliance with relevant regulations and organizational policies using the required tools and technologies. Supporting client sales conversations and proposal preparation.

Collaborating with cross-functional teams to design the integrations with existing data & AI platforms and workflows on cloud.

Designing and guiding the team on best practices and architectural guidelines for AI model development, testing, deployment, and monitoring; including helping define, build, and roll out our internal Responsible AI tools and assets.

Architecting the regular audits of AI systems to identify and mitigate biases, ensuring fairness and transparency.

Spearheading Responsible AI related technology thought leadership and PoV, staying abreast of emerging technologies.

Providing technical leadership and mentorship to AI development teams.

Facilitating communication between technical and non-technical stakeholders regarding AI projects and their impact.

Supporting the evaluation of third-party Responsible AI tools and frameworks.

Architecting and solutioning AI project lifecycle - from conception through to deployment and maintenance.

Travel may be required for this role. The amount of travel will vary from 0 to 100% depending on business need and client requirements.

Here’s What You Need:

Minimum of 4 years of experience in:

Architectural experience with cloud platforms (e.g., AWS, Azure, Google Cloud) and their AI services.

Proficiency in AI and machine learning algorithms and frameworks (e.g., TensorFlow, PyTorch).

Strong programming skills in languages such as Python, R, Java, or C++.

Experience with big data technologies (e.g., Hadoop, Spark) and/or database management systems.

Specific technology domain experience in at least one of the following areas: software development, cloud computing, systems engineering, data & analytics.

Proven track record in leading and delivering complex AI projects.

Experience in implementing AI solutions in large-scale, enterprise environments.

Bachelor’s degree in computer science, Artificial Intelligence, Data Science, or related technical fields or equivalent (minimum 12 years) work experience. (If associate’s degree, must have minimum 6 years work experience).

Professional Skills Requirements:

Strong leadership and team management skills.

Excellent problem-solving and analytical abilities.

Effective communication skills, capable of conveying complex AI concepts to diverse audiences.

Commitment to ethical AI practices and continuous learning. Interest in Responsible AI areas such as knowledge of ethical AI principles, data privacy laws, and regulatory requirements.

Ability to work under pressure and manage multiple projects simultaneously.

Bonus Points If You Have:

Additional courses or training in areas related to responsible AI, ethics in technology, or similar fields are beneficial.

Certifications in AI, machine learning, or related fields.

Experience with Data & AI in specific domains (e.g., healthcare, finance, retail).

Familiarity with AI model explainability and interpretability tools.

Understanding of MLOps, LLMOps, and DevOps practices, including CI/CD pipelines, for AI systems.

Containerization capabilities such as Docker and Kubernetes.

Linguistic proficiency (to a reasonable business level) in a language other than English.

Compensation at Accenture varies depending on a wide array of factors, which may include but are not limited to the specific office location, role, skill set, and level of experience. As required by local law, Accenture provides a reasonable range of compensation for roles that may be hired in California, Colorado, New York, or Washington as set forth below. We accept applications on an ongoing basis and there is no fixed deadline to apply.

Information on benefits is here. ( https://www.accenture.com/us-en/careers/local/total-rewards )

Role Location Annual Salary Range

California $73,000 to $220,400

Colorado $73,000 to $190,400

District of Columbia $77,700 to $202,700

New York $67,600 to $220,400

Maryland $67,600 to $176,300

Washington $77,700 to $202,700

What We Believe

We have an unwavering commitment to diversity with the aim that every one of our people has a full sense of belonging within our organization. As a business imperative, every person at Accenture has the responsibility to create and sustain an inclusive environment.

Inclusion and diversity are fundamental to our culture and core values. Our rich diversity makes us more innovative and more creative, which helps us better serve our clients and our communities. Read more here ( https://www.accenture.com/us-en/about/inclusion-diversity/us-workforce )

Equal Employment Opportunity Statement

Accenture is an Equal Opportunity Employer. We believe that no one should be discriminated against because of their differences, such as age, disability, ethnicity, gender, gender identity and expression, religion or sexual orientation.

All employment decisions shall be made without regard to age, race, creed, color, religion, sex, national origin, ancestry, disability status, veteran status, sexual orientation, gender identity or expression, genetic information, marital status, citizenship status, or any other basis as protected by federal, state, or local law.

Accenture is committed to providing veteran employment opportunities to our service men and women.

For details, view a copy of the Accenture Equal Employment Opportunity and Affirmative Action Policy Statement ( https://www.accenture.com/content/dam/accenture/final/accenture-com/docu... ).

Requesting An Accommodation

Accenture is committed to providing equal employment opportunities for persons with disabilities or religious observances, including reasonable accommodation when needed. If you are hired by Accenture and require accommodation to perform the essential functions of your role, you will be asked to participate in our reasonable accommodation process. Accommodations made to facilitate the recruiting process are not a guarantee of future or continued accommodations once hired.

If you would like to be considered for employment opportunities with Accenture and have accommodation needs for a disability or religious observance, please call us toll-free at 1 (877) 889-9009, send us an email ( https://www.accenture.com/us-en/about/contact-us ) or speak with your recruiter.

Other Employment Statements

Applicants for employment in the US must have work authorization that does not now or in the future require sponsorship of a visa for employment authorization in the United States.

Candidates who are currently employed by a client of Accenture or an affiliated Accenture business may not be eligible for consideration.

Job candidates will not be obligated to disclose sealed or expunged records of conviction or arrest as part of the hiring process.

The Company will not discharge or in any other manner discriminate against employees or applicants because they have inquired about, discussed, or disclosed their own pay or the pay of another employee or applicant. Additionally, employees who have access to the compensation information of other employees or applicants as a part of their essential job functions cannot disclose the pay of other employees or applicants to individuals who do not otherwise have access to compensation information, unless the disclosure is (a) in response to a formal complaint or charge, (b) in furtherance of an investigation, proceeding, hearing, or action, including an investigation conducted by the employer, or (c) consistent with the Company's legal duty to furnish information.

#J-18808-Ljbffr
"
Responsible AI - Technology Architecture Associate Manager,Accenture,"Wauconda, IL • via Local Hire Board",2025-01-08T20:51:48.821425,,,,,,,,,
Responsible AI - Technology Architecture Associate Manager,Accenture,"Justice, IL • via Local Hire Board",2025-01-08T20:51:53.856373,,,,,,,,,
AI Engineer - Principal Associate Level,Capital One,"Somerville, MA • via Local Hire Board",2025-01-08T20:52:04.076037,"You want to work on problems that will help change banking for good
Passion for staying abreast of the latest research, and an ability to intuitively understand scientific publications and judiciously apply novel techniques in production
You adapt quickly and thrive on bringing clarity to big, undefined problems
You love asking questions and digging deep to uncover the root of problems and can articulate your findings concisely with clarity
You have the courage to share new ideas even when they are unproven
You are deeply Technical
You possess a strong foundation in engineering and mathematics, and your expertise in hardware, software, and AI enable you to see and exploit optimization opportunities that others miss
You are a resilient trail blazer who can forge new paths to achieve business goals when the route is unknown
Basic Qualifications:Bachelor's degree in Computer Science, Engineering, or AI plus at least 3 years of experience developing AI and ML algorithms or technologies, or Master's degree
At least 3 years of experience programming with Python, Go, Scala, or Java
AWS, Google Cloud, Azure, or equivalent private cloud)
Experience developing, delivering, and supporting AI services
Experience developing AI and ML algorithms or technologies (e.g. LLM Inference, Similarity Search and VectorDBs, Guardrails, Memory) using Python, C++, C#, Java, or Golang
Master's degree in Computer Science, Computer Engineering, or relevant technical field
Experience developing and applying state-of-the-art techniques for optimizing training and inference software to improve hardware utilization, latency, throughput, and cost","You want to work on problems that will help change banking for good; Passion for staying abreast of the latest research, and an ability to intuitively understand scientific publications and judiciously apply novel techniques in production; You adapt quickly and thrive on bringing clarity to big, undefined problems; You love asking questions and digging deep to uncover the root of problems and can articulate your findings concisely with clarity; You have the courage to share new ideas even when they are unproven; You are deeply Technical; You possess a strong foundation in engineering and mathematics, and your expertise in hardware, software, and AI enable you to see and exploit optimization opportunities that others miss; You are a resilient trail blazer who can forge new paths to achieve business goals when the route is unknown; Basic Qualifications:Bachelor's degree in Computer Science, Engineering, or AI plus at least 3 years of experience developing AI and ML algorithms or technologies, or Master's degree; At least 3 years of experience programming with Python, Go, Scala, or Java; AWS, Google Cloud, Azure, or equivalent private cloud); Experience developing, delivering, and supporting AI services; Experience developing AI and ML algorithms or technologies (e.g. LLM Inference, Similarity Search and VectorDBs, Guardrails, Memory) using Python, C++, C#, Java, or Golang; Master's degree in Computer Science, Computer Engineering, or relevant technical field; Experience developing and applying state-of-the-art techniques for optimizing training and inference software to improve hardware utilization, latency, throughput, and cost","You want to work on problems that will help change banking for good
Passion for staying abreast of the latest research, and an ability to intuitively understand scientific publications and judiciously apply novel techniques in production
You adapt quickly and thrive on bringing clarity to big, undefined problems
You love asking questions and digging deep to uncover the root of problems and can articulate your findings concisely with clarity
You have the courage to share new ideas even when they are unproven
You are deeply Technical
You possess a strong foundation in engineering and mathematics, and your expertise in hardware, software, and AI enable you to see and exploit optimization opportunities that others miss
You are a resilient trail blazer who can forge new paths to achieve business goals when the route is unknown
Basic Qualifications:Bachelor's degree in Computer Science, Engineering, or AI plus at least 3 years of experience developing AI and ML algorithms or technologies, or Master's degree
At least 3 years of experience programming with Python, Go, Scala, or Java
AWS, Google Cloud, Azure, or equivalent private cloud)
Experience developing, delivering, and supporting AI services
Experience developing AI and ML algorithms or technologies (e.g. LLM Inference, Similarity Search and VectorDBs, Guardrails, Memory) using Python, C++, C#, Java, or Golang
Master's degree in Computer Science, Computer Engineering, or relevant technical field
Experience developing and applying state-of-the-art techniques for optimizing training and inference software to improve hardware utilization, latency, throughput, and cost","You want to work on problems that will help change banking for good; Passion for staying abreast of the latest research, and an ability to intuitively understand scientific publications and judiciously apply novel techniques in production; You adapt quickly and thrive on bringing clarity to big, undefined problems; You love asking questions and digging deep to uncover the root of problems and can articulate your findings concisely with clarity; You have the courage to share new ideas even when they are unproven; You are deeply Technical; You possess a strong foundation in engineering and mathematics, and your expertise in hardware, software, and AI enable you to see and exploit optimization opportunities that others miss; You are a resilient trail blazer who can forge new paths to achieve business goals when the route is unknown; Basic Qualifications:Bachelor's degree in Computer Science, Engineering, or AI plus at least 3 years of experience developing AI and ML algorithms or technologies, or Master's degree; At least 3 years of experience programming with Python, Go, Scala, or Java; AWS, Google Cloud, Azure, or equivalent private cloud); Experience developing, delivering, and supporting AI services; Experience developing AI and ML algorithms or technologies (e.g. LLM Inference, Similarity Search and VectorDBs, Guardrails, Memory) using Python, C++, C#, Java, or Golang; Master's degree in Computer Science, Computer Engineering, or relevant technical field; Experience developing and applying state-of-the-art techniques for optimizing training and inference software to improve hardware utilization, latency, throughput, and cost","Salaries for part-time roles will be prorated based upon the agreed upon number of hours to be regularly worked
New York City (Hybrid On-Site): $165,100 - $188,500 for Senior AI Engineer
Candidates hired to work in other locations will be subject to the pay range associated with that location, and the actual annualized salary amount offered to any candidate at the time of hire will be reflected solely in the candidate’s offer letter
This role is also eligible to earn performance based incentive compensation, which may include cash bonus(es) and/or long term incentives (LTI)
Incentives could be discretionary or non discretionary depending on the plan
Capital One offers a comprehensive, competitive, and inclusive set of health, financial and other benefits that support your total well-being","Salaries for part-time roles will be prorated based upon the agreed upon number of hours to be regularly worked; New York City (Hybrid On-Site): $165,100 - $188,500 for Senior AI Engineer; Candidates hired to work in other locations will be subject to the pay range associated with that location, and the actual annualized salary amount offered to any candidate at the time of hire will be reflected solely in the candidate’s offer letter; This role is also eligible to earn performance based incentive compensation, which may include cash bonus(es) and/or long term incentives (LTI); Incentives could be discretionary or non discretionary depending on the plan; Capital One offers a comprehensive, competitive, and inclusive set of health, financial and other benefits that support your total well-being","Salaries for part-time roles will be prorated based upon the agreed upon number of hours to be regularly worked
New York City (Hybrid On-Site): $165,100 - $188,500 for Senior AI Engineer
Candidates hired to work in other locations will be subject to the pay range associated with that location, and the actual annualized salary amount offered to any candidate at the time of hire will be reflected solely in the candidate’s offer letter
This role is also eligible to earn performance based incentive compensation, which may include cash bonus(es) and/or long term incentives (LTI)
Incentives could be discretionary or non discretionary depending on the plan
Capital One offers a comprehensive, competitive, and inclusive set of health, financial and other benefits that support your total well-being","Salaries for part-time roles will be prorated based upon the agreed upon number of hours to be regularly worked; New York City (Hybrid On-Site): $165,100 - $188,500 for Senior AI Engineer; Candidates hired to work in other locations will be subject to the pay range associated with that location, and the actual annualized salary amount offered to any candidate at the time of hire will be reflected solely in the candidate’s offer letter; This role is also eligible to earn performance based incentive compensation, which may include cash bonus(es) and/or long term incentives (LTI); Incentives could be discretionary or non discretionary depending on the plan; Capital One offers a comprehensive, competitive, and inclusive set of health, financial and other benefits that support your total well-being","130 5th Ave (22130), United States of America, New York, New York

AI Engineer - Principal Associate Level

Overview:

At Capital One, we are creating responsible and reliable AI systems, changing banking for good. For years, Capital One has been an industry leader in using machine learning to create real-time, personalized customer experiences. Our investments in technology infrastructure and wor
ld-class talent — along with our deep experience in machine learning — position us to be at the forefront of enterprises leveraging AI. From informing customers about unusual charges to answering their questions in real time, our applications of AI & ML are bringing humanity and simplicity to banking. We are committed to continuing to build world-class applied science and engineering teams to deliver our industry leading capabilities with breakthrough product experiences and scalable, high-performance AI infrastructure. At Capital One, you will help bring the transformative power of emerging AI capabilities to reimagine how we serve our customers and businesses who have come to love the products and services we build.

Team Description:

The Intelligent Foundations and Experiences (IFX) team is at the center of bringing our vision for AI at Capital One to life. We work hand-in-hand with our partners across the company to advance the state of the art in science and AI engineering, and we build and deploy proprietary solutions that are central to our business and deliver value to millions of customers.

Our AI models and platforms empower teams across Capital One to enhance their products with the transformative power of AI, in responsible and scalable ways for the highest leverage impact.

In this role, you will:

Partner with a cross-functional team of engineers, research scientists, technical program managers, and product managers to deliver AI-powered products that change how our associates work and how our customers interact with Capital One.

Design, develop, test, deploy, and support AI software components including foundation model training, large language model inference, similarity search, guardrails, model evaluation, experimentation, governance, and observability, etc.

Leverage a broad stack of Open Source and SaaS AI technologies such as AWS Ultraclusters, Huggingface, VectorDBs, Nemo Guardrails, PyTorch, and more.

Invent and introduce state-of-the-art LLM optimization techniques to improve the performance — scalability, cost, latency, throughput — of large scale production AI systems.

Contribute to the technical vision and the long term roadmap of foundational AI systems at Capital One.

The Ideal Candidate:You love to build systems, take pride in the quality of your work, and also share our passion to do the right thing. You want to work on problems that will help change banking for good.

Passion for staying abreast of the latest research, and an ability to intuitively understand scientific publications and judiciously apply novel techniques in production.

You adapt quickly and thrive on bringing clarity to big, undefined problems. You love asking questions and digging deep to uncover the root of problems and can articulate your findings concisely with clarity. You have the courage to share new ideas even when they are unproven.

You are deeply Technical. You possess a strong foundation in engineering and mathematics, and your expertise in hardware, software, and AI enable you to see and exploit optimization opportunities that others miss.

You are a resilient trail blazer who can forge new paths to achieve business goals when the route is unknown.

Basic Qualifications:Bachelor's degree in Computer Science, Engineering, or AI plus at least 3 years of experience developing AI and ML algorithms or technologies, or Master's degree

At least 3 years of experience programming with Python, Go, Scala, or Java

Preferred Qualifications:4 years of experience deploying scalable and responsible AI solutions on cloud platforms (e.g. AWS, Google Cloud, Azure, or equivalent private cloud)

Experience developing, delivering, and supporting AI services

Experience developing AI and ML algorithms or technologies (e.g. LLM Inference, Similarity Search and VectorDBs, Guardrails, Memory) using Python, C++, C#, Java, or Golang

Master's degree in Computer Science, Computer Engineering, or relevant technical field

Experience developing and applying state-of-the-art techniques for optimizing training and inference software to improve hardware utilization, latency, throughput, and cost

Capital One will consider sponsoring a new qualified applicant for employment authorization for this position.

The minimum and maximum full-time annual salaries for this role are listed below, by location. Please note that this salary information is solely for candidates hired to perform work within one of these locations, and refers to the amount Capital One is willing to pay at the time of this posting. Salaries for part-time roles will be prorated based upon the agreed upon number of hours to be regularly worked.

New York City (Hybrid On-Site): $165,100 - $188,500 for Senior AI Engineer

San Francisco and San Jose, California (Hybrid On-Site): $174,900 - $199,700 for Senior AI Engineer

Candidates hired to work in other locations will be subject to the pay range associated with that location, and the actual annualized salary amount offered to any candidate at the time of hire will be reflected solely in the candidate’s offer letter.

This role is also eligible to earn performance based incentive compensation, which may include cash bonus(es) and/or long term incentives (LTI). Incentives could be discretionary or non discretionary depending on the plan.Capital One offers a comprehensive, competitive, and inclusive set of health, financial and other benefits that support your total well-being. Learn more at the

Capital One Careers website

. Eligibility varies based on full or part-time status, exempt or non-exempt status, and management level.

This role is expected to accept applications for a minimum of 5 business days.

No agencies please.

Capital One is an equal opportunity employer committed to diversity and inclusion in the workplace. All qualified applicants will receive consideration for employment without regard to sex (including pregnancy, childbirth or related medical conditions), race, color, age, national origin, religion, disability, genetic information, marital status, sexual orientation, gender identity, gender reassignment, citizenship, immigration status, protected veteran status, or any other basis prohibited under applicable federal, state or local law. Capital One promotes a drug-free workplace.

Capital One will consider for employment qualified applicants with a criminal history in a manner consistent with the requirements of applicable laws regarding criminal background inquiries, including, to the extent applicable, Article 23-A of the New York Correction Law; San Francisco, California Police Code Article 49, Sections 4901-4920; New York City’s Fair Chance Act; Philadelphia’s Fair Criminal Records Screening Act; and other applicable federal, state, and local laws and regulations regarding criminal background inquiries.

If you have visited our website in search of information on employment opportunities or to apply for a position, and you require an accommodation, please contact Capital One Recruiting at 1-800-304-9102 or via email at

RecruitingAccommodation@capitalone.com

. All information you provide will be kept confidential and will be used only to the extent required to provide needed reasonable accommodations.

For technical support or questions about Capital One's recruiting process, please send an email to

Careers@capitalone.com

Capital One does not provide, endorse nor guarantee and is not liable for third-party products, services, educational tools or other information available through this site.

Capital One Financial is made up of several different entities. Please note that any position posted in Canada is for Capital One Canada, any position posted in the United Kingdom is for Capital One Europe and any position posted in the Philippines is for Capital One Philippines Service Corp. (COPSSC).
"
Responsible AI - Technology Architecture Associate Manager,Accenture,"Montebello, CA • via Local Hire Board",2025-01-08T20:52:14.442150,"Architectural experience with cloud platforms (e.g., AWS, Azure, Google Cloud) and their AI services
Proficiency in AI and machine learning algorithms and frameworks (e.g., TensorFlow, PyTorch)
Strong programming skills in languages such as Python, R, Java, or C++
Experience with big data technologies (e.g., Hadoop, Spark) and/or database management systems
Specific technology domain experience in at least one of the following areas: software development, cloud computing, systems engineering, data & analytics
Proven track record in leading and delivering complex AI projects
Experience in implementing AI solutions in large-scale, enterprise environments
Bachelor’s degree in computer science, Artificial Intelligence, Data Science, or related technical fields or equivalent (minimum 12 years) work experience
(If associate’s degree, must have minimum 6 years work experience)
Strong leadership and team management skills
Excellent problem-solving and analytical abilities
Effective communication skills, capable of conveying complex AI concepts to diverse audiences
Commitment to ethical AI practices and continuous learning
Interest in Responsible AI areas such as: Knowledge of ethical AI principles, data privacy laws, and regulatory requirements
Ability to work under pressure and manage multiple projects simultaneously
Additional courses or training in areas related to responsible AI, ethics in technology, or similar fields are beneficial
Certifications in AI, machine learning, or related fields
Experience with Data & AI in specific domains (e.g., healthcare, finance, retail)
Familiarity with AI model explainability and interpretability tools
Understanding of MLOps, LLMOps, and DevOps practices, including CI/CD pipelines, for AI systems
Containerization capabilities such as Docker and Kubernetes
Linguistic proficiency (to a reasonable business level) in a language other than English
Applicants for employment in the US must have work authorization that does not now or in the future require sponsorship of a visa for employment authorization in the United States","Architectural experience with cloud platforms (e.g., AWS, Azure, Google Cloud) and their AI services; Proficiency in AI and machine learning algorithms and frameworks (e.g., TensorFlow, PyTorch); Strong programming skills in languages such as Python, R, Java, or C++; Experience with big data technologies (e.g., Hadoop, Spark) and/or database management systems; Specific technology domain experience in at least one of the following areas: software development, cloud computing, systems engineering, data & analytics; Proven track record in leading and delivering complex AI projects; Experience in implementing AI solutions in large-scale, enterprise environments; Bachelor’s degree in computer science, Artificial Intelligence, Data Science, or related technical fields or equivalent (minimum 12 years) work experience; (If associate’s degree, must have minimum 6 years work experience); Strong leadership and team management skills; Excellent problem-solving and analytical abilities; Effective communication skills, capable of conveying complex AI concepts to diverse audiences; Commitment to ethical AI practices and continuous learning; Interest in Responsible AI areas such as: Knowledge of ethical AI principles, data privacy laws, and regulatory requirements; Ability to work under pressure and manage multiple projects simultaneously; Additional courses or training in areas related to responsible AI, ethics in technology, or similar fields are beneficial; Certifications in AI, machine learning, or related fields; Experience with Data & AI in specific domains (e.g., healthcare, finance, retail); Familiarity with AI model explainability and interpretability tools; Understanding of MLOps, LLMOps, and DevOps practices, including CI/CD pipelines, for AI systems; Containerization capabilities such as Docker and Kubernetes; Linguistic proficiency (to a reasonable business level) in a language other than English; Applicants for employment in the US must have work authorization that does not now or in the future require sponsorship of a visa for employment authorization in the United States","Architectural experience with cloud platforms (e.g., AWS, Azure, Google Cloud) and their AI services
Proficiency in AI and machine learning algorithms and frameworks (e.g., TensorFlow, PyTorch)
Strong programming skills in languages such as Python, R, Java, or C++
Experience with big data technologies (e.g., Hadoop, Spark) and/or database management systems
Specific technology domain experience in at least one of the following areas: software development, cloud computing, systems engineering, data & analytics
Proven track record in leading and delivering complex AI projects
Experience in implementing AI solutions in large-scale, enterprise environments
Bachelor’s degree in computer science, Artificial Intelligence, Data Science, or related technical fields or equivalent (minimum 12 years) work experience
(If associate’s degree, must have minimum 6 years work experience)
Strong leadership and team management skills
Excellent problem-solving and analytical abilities
Effective communication skills, capable of conveying complex AI concepts to diverse audiences
Commitment to ethical AI practices and continuous learning
Interest in Responsible AI areas such as: Knowledge of ethical AI principles, data privacy laws, and regulatory requirements
Ability to work under pressure and manage multiple projects simultaneously
Additional courses or training in areas related to responsible AI, ethics in technology, or similar fields are beneficial
Certifications in AI, machine learning, or related fields
Experience with Data & AI in specific domains (e.g., healthcare, finance, retail)
Familiarity with AI model explainability and interpretability tools
Understanding of MLOps, LLMOps, and DevOps practices, including CI/CD pipelines, for AI systems
Containerization capabilities such as Docker and Kubernetes
Linguistic proficiency (to a reasonable business level) in a language other than English
Applicants for employment in the US must have work authorization that does not now or in the future require sponsorship of a visa for employment authorization in the United States","Architectural experience with cloud platforms (e.g., AWS, Azure, Google Cloud) and their AI services; Proficiency in AI and machine learning algorithms and frameworks (e.g., TensorFlow, PyTorch); Strong programming skills in languages such as Python, R, Java, or C++; Experience with big data technologies (e.g., Hadoop, Spark) and/or database management systems; Specific technology domain experience in at least one of the following areas: software development, cloud computing, systems engineering, data & analytics; Proven track record in leading and delivering complex AI projects; Experience in implementing AI solutions in large-scale, enterprise environments; Bachelor’s degree in computer science, Artificial Intelligence, Data Science, or related technical fields or equivalent (minimum 12 years) work experience; (If associate’s degree, must have minimum 6 years work experience); Strong leadership and team management skills; Excellent problem-solving and analytical abilities; Effective communication skills, capable of conveying complex AI concepts to diverse audiences; Commitment to ethical AI practices and continuous learning; Interest in Responsible AI areas such as: Knowledge of ethical AI principles, data privacy laws, and regulatory requirements; Ability to work under pressure and manage multiple projects simultaneously; Additional courses or training in areas related to responsible AI, ethics in technology, or similar fields are beneficial; Certifications in AI, machine learning, or related fields; Experience with Data & AI in specific domains (e.g., healthcare, finance, retail); Familiarity with AI model explainability and interpretability tools; Understanding of MLOps, LLMOps, and DevOps practices, including CI/CD pipelines, for AI systems; Containerization capabilities such as Docker and Kubernetes; Linguistic proficiency (to a reasonable business level) in a language other than English; Applicants for employment in the US must have work authorization that does not now or in the future require sponsorship of a visa for employment authorization in the United States","Compensation at Accenture varies depending on a wide array of factors, which may include but are not limited to the specific office location, role, skill set, and level of experience
Role Location Annual Salary Range
California $73,000 to $220,400
Colorado $73,000 to $190,400
Washington $77,700 to $202,700","Compensation at Accenture varies depending on a wide array of factors, which may include but are not limited to the specific office location, role, skill set, and level of experience; Role Location Annual Salary Range; California $73,000 to $220,400; Colorado $73,000 to $190,400; Washington $77,700 to $202,700","Compensation at Accenture varies depending on a wide array of factors, which may include but are not limited to the specific office location, role, skill set, and level of experience
Role Location Annual Salary Range
California $73,000 to $220,400
Colorado $73,000 to $190,400
Washington $77,700 to $202,700","Compensation at Accenture varies depending on a wide array of factors, which may include but are not limited to the specific office location, role, skill set, and level of experience; Role Location Annual Salary Range; California $73,000 to $220,400; Colorado $73,000 to $190,400; Washington $77,700 to $202,700","We are:

Accenture’s Global Responsible AI team within the Global Data & AI Practice. AI is becoming more pervasive, more powerful, and more accessible. With these new opportunities come increased risks. We work with leading organizations to ensure AI is designed, built, and deployed in a manner that engenders trust and adheres to laws, regulations, and ethical norms. Our Responsible AI strategy w
ill enable us to embed responsibility into all of Accenture’s data and AI activities. We’re developing and deploying differentiated IP and Responsible AI solutions with our ecosystem partners. We’ll be engaging regulators to help shape the policy agenda, conducting pioneering research with academia, and offering training and resources to our clients through the Responsible AI Academy. The risks of AI are real and well-known. Let’s help our clients turn those risks into opportunities.

You are:

We’re looking to grow our Responsible AI team and if you’re experienced in Technology & Architecture with an interest in Responsible AI, we’d love to hear from you.

As a Responsible AI Technology & Architecture professional, you’ll be experienced in building state-of-the-art systems to solve difficult business challenges. Your designs will consider responsible aspects such as AI model Fairness, Transparency, Explainability, Robustness, Soundness, and Privacy.

You’ll bring diverse expertise in architecture, software development, and data engineering. You’ll be an outstanding technical specialist with the strong communication skills needed to liaise with your clients and your colleagues.

At the forefront of the industry, you’ll help make our Responsible AI vision a reality for clients looking to better serve their customers and operate always-on enterprises. We’re not just focused on increasing revenues – our technologies and innovations are making millions of lives easier and more comfortable. But above all, we’re doing this responsibly and inclusively – to make sure AI technology is used equitably and in a way that is both ethically and technically sound.

The work:

You’ll be a key player helping to deliver outstanding work for our Responsible AI clients. Some of the areas you’ll be working in include:

Leading the architecture and design of ethical AI systems, ensuring compliance with relevant regulations and organizational policies using the required tools and technologies. Supporting client sales conversations and proposal preparation.

Collaborating with cross-functional teams to design the integrations with existing data & AI platforms and workflows on cloud.

Designing and guiding the team on best practices and architectural guidelines for AI model development, testing, deployment, and monitoring; including helping define, build and roll out our internal Responsible AI tools and assets.

Architecting the regular audits of AI systems to identify and mitigate biases, ensuring fairness and transparency.

Spearheading Responsible AI-related technology thought leadership and PoV, staying abreast of emerging technologies.

Providing technical leadership and mentorship to AI development teams.

Facilitating communication between technical and non-technical stakeholders regarding AI projects and their impact.

Supporting the evaluation of third-party Responsible AI tools and frameworks.

Architecting and solutioning AI project lifecycle - from conception through to deployment and maintenance.

Travel may be required for this role. The amount of travel will vary from 0 to 100% depending on business need and client requirements.

Here’s What You Need:

Minimum of 4 years of experience in:

Architectural experience with cloud platforms (e.g., AWS, Azure, Google Cloud) and their AI services.

Proficiency in AI and machine learning algorithms and frameworks (e.g., TensorFlow, PyTorch).

Strong programming skills in languages such as Python, R, Java, or C++.

Experience with big data technologies (e.g., Hadoop, Spark) and/or database management systems.

Specific technology domain experience in at least one of the following areas: software development, cloud computing, systems engineering, data & analytics.

Proven track record in leading and delivering complex AI projects.

Experience in implementing AI solutions in large-scale, enterprise environments.

Bachelor’s degree in computer science, Artificial Intelligence, Data Science, or related technical fields or equivalent (minimum 12 years) work experience. (If associate’s degree, must have minimum 6 years work experience).

Professional Skills Requirements:

Strong leadership and team management skills.

Excellent problem-solving and analytical abilities.

Effective communication skills, capable of conveying complex AI concepts to diverse audiences.

Commitment to ethical AI practices and continuous learning. Interest in Responsible AI areas such as: Knowledge of ethical AI principles, data privacy laws, and regulatory requirements.

Ability to work under pressure and manage multiple projects simultaneously.

Bonus Points If You Have:

Additional courses or training in areas related to responsible AI, ethics in technology, or similar fields are beneficial.

Certifications in AI, machine learning, or related fields.

Experience with Data & AI in specific domains (e.g., healthcare, finance, retail).

Familiarity with AI model explainability and interpretability tools.

Understanding of MLOps, LLMOps, and DevOps practices, including CI/CD pipelines, for AI systems.

Containerization capabilities such as Docker and Kubernetes.

Linguistic proficiency (to a reasonable business level) in a language other than English.

Compensation at Accenture varies depending on a wide array of factors, which may include but are not limited to the specific office location, role, skill set, and level of experience. As required by local law, Accenture provides a reasonable range of compensation for roles that may be hired in California, Colorado, New York, or Washington as set forth below. We accept applications on an ongoing basis and there is no fixed deadline to apply.

Information on benefits is here. ( https://www.accenture.com/us-en/careers/local/total-rewards )

Role Location Annual Salary Range

California $73,000 to $220,400

Colorado $73,000 to $190,400

District of Columbia $77,700 to $202,700

New York $67,600 to $220,400

Maryland $67,600 to $176,300

Washington $77,700 to $202,700

What We Believe

We have an unwavering commitment to diversity with the aim that every one of our people has a full sense of belonging within our organization. As a business imperative, every person at Accenture has the responsibility to create and sustain an inclusive environment.

Inclusion and diversity are fundamental to our culture and core values. Our rich diversity makes us more innovative and more creative, which helps us better serve our clients and our communities. Read more here ( https://www.accenture.com/us-en/about/inclusion-diversity/us-workforce )

Equal Employment Opportunity Statement

Accenture is an Equal Opportunity Employer. We believe that no one should be discriminated against because of their differences, such as age, disability, ethnicity, gender, gender identity and expression, religion, or sexual orientation.

All employment decisions shall be made without regard to age, race, creed, color, religion, sex, national origin, ancestry, disability status, veteran status, sexual orientation, gender identity or expression, genetic information, marital status, citizenship status, or any other basis as protected by federal, state, or local law.

Accenture is committed to providing veteran employment opportunities to our service men and women.

For details, view a copy of the Accenture Equal Employment Opportunity and Affirmative Action Policy Statement ( https://www.accenture.com/content/dam/accenture/final/accenture-com/docu... ).

Requesting An Accommodation

Accenture is committed to providing equal employment opportunities for persons with disabilities or religious observances, including reasonable accommodation when needed. If you are hired by Accenture and require accommodation to perform the essential functions of your role, you will be asked to participate in our reasonable accommodation process. Accommodations made to facilitate the recruiting process are not a guarantee of future or continued accommodations once hired.

If you would like to be considered for employment opportunities with Accenture and have accommodation needs for a disability or religious observance, please call us toll-free at 1 (877) 889-9009, send us an email ( https://www.accenture.com/us-en/about/contact-us ) or speak with your recruiter.

Other Employment Statements

Applicants for employment in the US must have work authorization that does not now or in the future require sponsorship of a visa for employment authorization in the United States.

Candidates who are currently employed by a client of Accenture or an affiliated Accenture business may not be eligible for consideration.

Job candidates will not be obligated to disclose sealed or expunged records of conviction or arrest as part of the hiring process.

The Company will not discharge or in any other manner discriminate against employees or applicants because they have inquired about, discussed, or disclosed their own pay or the pay of another employee or applicant. Additionally, employees who have access to the compensation information of other employees or applicants as part of their essential job functions cannot disclose the pay of other employees or applicants to individuals who do not otherwise have access to compensation information, unless the disclosure is (a) in response to a formal complaint or charge, (b) in furtherance of an investigation, proceeding, hearing, or action, including an investigation conducted by the employer, or (c) consistent with the Company's legal duty to furnish information.

#J-18808-Ljbffr
"
Senior AI Engineer,Capital One,"Fitchburg, MA • via Local Hire Board",2025-01-08T20:52:24.717864,"You want to work on problems that will help change banking for good
Passion for staying abreast of the latest research, and an ability to intuitively understand scientific publications and judiciously apply novel techniques in production
You love asking questions and digging deep to uncover the root of problems and can articulate your findings concisely with clarity
You have the courage to share new ideas even when they are unproven
You are deeply Technical
You possess a strong foundation in engineering and mathematics, and your expertise in hardware, software, and AI enable you to see and exploit optimization opportunities that others miss
You are a resilient trail blazer who can forge new paths to achieve business goals when the route is unknown
Basic Qualifications:Bachelor's degree in Computer Science, Engineering, or AI plus at least 3 years of experience developing AI and ML algorithms or technologies, or Master's degree
At least 3 years of experience programming with Python, Go, Scala, or Java
AWS, Google Cloud, Azure, or equivalent private cloud)
Experience developing, delivering, and supporting AI services
Experience developing AI and ML algorithms or technologies (e.g. LLM Inference, Similarity Search and VectorDBs, Guardrails, Memory) using Python, C++, C#, Java, or Golang
Master's degree in Computer Science, Computer Engineering, or relevant technical field
Experience developing and applying state-of-the-art techniques for optimizing training and inference software to improve hardware utilization, latency, throughput, and cost","You want to work on problems that will help change banking for good; Passion for staying abreast of the latest research, and an ability to intuitively understand scientific publications and judiciously apply novel techniques in production; You love asking questions and digging deep to uncover the root of problems and can articulate your findings concisely with clarity; You have the courage to share new ideas even when they are unproven; You are deeply Technical; You possess a strong foundation in engineering and mathematics, and your expertise in hardware, software, and AI enable you to see and exploit optimization opportunities that others miss; You are a resilient trail blazer who can forge new paths to achieve business goals when the route is unknown; Basic Qualifications:Bachelor's degree in Computer Science, Engineering, or AI plus at least 3 years of experience developing AI and ML algorithms or technologies, or Master's degree; At least 3 years of experience programming with Python, Go, Scala, or Java; AWS, Google Cloud, Azure, or equivalent private cloud); Experience developing, delivering, and supporting AI services; Experience developing AI and ML algorithms or technologies (e.g. LLM Inference, Similarity Search and VectorDBs, Guardrails, Memory) using Python, C++, C#, Java, or Golang; Master's degree in Computer Science, Computer Engineering, or relevant technical field; Experience developing and applying state-of-the-art techniques for optimizing training and inference software to improve hardware utilization, latency, throughput, and cost","You want to work on problems that will help change banking for good
Passion for staying abreast of the latest research, and an ability to intuitively understand scientific publications and judiciously apply novel techniques in production
You love asking questions and digging deep to uncover the root of problems and can articulate your findings concisely with clarity
You have the courage to share new ideas even when they are unproven
You are deeply Technical
You possess a strong foundation in engineering and mathematics, and your expertise in hardware, software, and AI enable you to see and exploit optimization opportunities that others miss
You are a resilient trail blazer who can forge new paths to achieve business goals when the route is unknown
Basic Qualifications:Bachelor's degree in Computer Science, Engineering, or AI plus at least 3 years of experience developing AI and ML algorithms or technologies, or Master's degree
At least 3 years of experience programming with Python, Go, Scala, or Java
AWS, Google Cloud, Azure, or equivalent private cloud)
Experience developing, delivering, and supporting AI services
Experience developing AI and ML algorithms or technologies (e.g. LLM Inference, Similarity Search and VectorDBs, Guardrails, Memory) using Python, C++, C#, Java, or Golang
Master's degree in Computer Science, Computer Engineering, or relevant technical field
Experience developing and applying state-of-the-art techniques for optimizing training and inference software to improve hardware utilization, latency, throughput, and cost","You want to work on problems that will help change banking for good; Passion for staying abreast of the latest research, and an ability to intuitively understand scientific publications and judiciously apply novel techniques in production; You love asking questions and digging deep to uncover the root of problems and can articulate your findings concisely with clarity; You have the courage to share new ideas even when they are unproven; You are deeply Technical; You possess a strong foundation in engineering and mathematics, and your expertise in hardware, software, and AI enable you to see and exploit optimization opportunities that others miss; You are a resilient trail blazer who can forge new paths to achieve business goals when the route is unknown; Basic Qualifications:Bachelor's degree in Computer Science, Engineering, or AI plus at least 3 years of experience developing AI and ML algorithms or technologies, or Master's degree; At least 3 years of experience programming with Python, Go, Scala, or Java; AWS, Google Cloud, Azure, or equivalent private cloud); Experience developing, delivering, and supporting AI services; Experience developing AI and ML algorithms or technologies (e.g. LLM Inference, Similarity Search and VectorDBs, Guardrails, Memory) using Python, C++, C#, Java, or Golang; Master's degree in Computer Science, Computer Engineering, or relevant technical field; Experience developing and applying state-of-the-art techniques for optimizing training and inference software to improve hardware utilization, latency, throughput, and cost","Salaries for part-time roles will be prorated based upon the agreed upon number of hours to be regularly worked
New York City (Hybrid On-Site): $165,100 - $188,500 for Senior AI Engineer
Candidates hired to work in other locations will be subject to the pay range associated with that location, and the actual annualized salary amount offered to any candidate at the time of hire will be reflected solely in the candidate’s offer letter
This role is also eligible to earn performance based incentive compensation, which may include cash bonus(es) and/or long term incentives (LTI)
Incentives could be discretionary or non discretionary depending on the plan
Capital One offers a comprehensive, competitive, and inclusive set of health, financial and other benefits that support your total well-being","Salaries for part-time roles will be prorated based upon the agreed upon number of hours to be regularly worked; New York City (Hybrid On-Site): $165,100 - $188,500 for Senior AI Engineer; Candidates hired to work in other locations will be subject to the pay range associated with that location, and the actual annualized salary amount offered to any candidate at the time of hire will be reflected solely in the candidate’s offer letter; This role is also eligible to earn performance based incentive compensation, which may include cash bonus(es) and/or long term incentives (LTI); Incentives could be discretionary or non discretionary depending on the plan; Capital One offers a comprehensive, competitive, and inclusive set of health, financial and other benefits that support your total well-being","Salaries for part-time roles will be prorated based upon the agreed upon number of hours to be regularly worked
New York City (Hybrid On-Site): $165,100 - $188,500 for Senior AI Engineer
Candidates hired to work in other locations will be subject to the pay range associated with that location, and the actual annualized salary amount offered to any candidate at the time of hire will be reflected solely in the candidate’s offer letter
This role is also eligible to earn performance based incentive compensation, which may include cash bonus(es) and/or long term incentives (LTI)
Incentives could be discretionary or non discretionary depending on the plan
Capital One offers a comprehensive, competitive, and inclusive set of health, financial and other benefits that support your total well-being","Salaries for part-time roles will be prorated based upon the agreed upon number of hours to be regularly worked; New York City (Hybrid On-Site): $165,100 - $188,500 for Senior AI Engineer; Candidates hired to work in other locations will be subject to the pay range associated with that location, and the actual annualized salary amount offered to any candidate at the time of hire will be reflected solely in the candidate’s offer letter; This role is also eligible to earn performance based incentive compensation, which may include cash bonus(es) and/or long term incentives (LTI); Incentives could be discretionary or non discretionary depending on the plan; Capital One offers a comprehensive, competitive, and inclusive set of health, financial and other benefits that support your total well-being","130 5th Ave (22130), United States of America, New York, New York

Senior AI Engineer - Principal Associate

At Capital One, we are creating responsible and reliable AI systems, changing banking for good. For years, Capital One has been an industry leader in using machine learning to create real-time, personalized customer experiences. Our investments in technology infrastructure and world-class t
alent — along with our deep experience in machine learning — position us to be at the forefront of enterprises leveraging AI. From informing customers about unusual charges to answering their questions in real time, our applications of AI & ML are bringing humanity and simplicity to banking. We are committed to continuing to build world-class applied science and engineering teams to deliver our industry leading capabilities with breakthrough product experiences and scalable, high-performance AI infrastructure. At Capital One, you will help bring the transformative power of emerging AI capabilities to reimagine how we serve our customers and businesses who have come to love the products and services we build.

Team Description:

The Intelligent Foundations and Experiences (IFX) team is at the center of bringing our vision for AI at Capital One to life. We work hand-in-hand with our partners across the company to advance the state of the art in science and AI engineering, and we build and deploy proprietary solutions that are central to our business and deliver value to millions of customers.

Our AI models and platforms empower teams across Capital One to enhance their products with the transformative power of AI, in responsible and scalable ways for the highest leverage impact.

In this role, you will:Partner with a cross-functional team of engineers, research scientists, technical program managers, and product managers to deliver AI-powered products that change how our associates work and how our customers interact with Capital One.

Design, develop, test, deploy, and support AI software components including foundation model training, large language model inference, similarity search, guardrails, model evaluation, experimentation, governance, and observability, etc.

Leverage a broad stack of Open Source and SaaS AI technologies such as AWS Ultraclusters, Huggingface, VectorDBs, Nemo Guardrails, PyTorch, and more.

Invent and introduce state-of-the-art LLM optimization techniques to improve the performance — scalability, cost, latency, throughput — of large scale production AI systems.

Contribute to the technical vision and the long term roadmap of foundational AI systems at Capital One.

The Ideal Candidate:You love to build systems, take pride in the quality of your work, and also share our passion to do the right thing. You want to work on problems that will help change banking for good.

Passion for staying abreast of the latest research, and an ability to intuitively understand scientific publications and judiciously apply novel techniques in production.

You adapt quickly and thrive on bringing clarity to big, undefined problems. You love asking questions and digging deep to uncover the root of problems and can articulate your findings concisely with clarity. You have the courage to share new ideas even when they are unproven.

You are deeply Technical. You possess a strong foundation in engineering and mathematics, and your expertise in hardware, software, and AI enable you to see and exploit optimization opportunities that others miss.

You are a resilient trail blazer who can forge new paths to achieve business goals when the route is unknown.

Basic Qualifications:Bachelor's degree in Computer Science, Engineering, or AI plus at least 3 years of experience developing AI and ML algorithms or technologies, or Master's degree

At least 3 years of experience programming with Python, Go, Scala, or Java

Preferred Qualifications:4 years of experience deploying scalable and responsible AI solutions on cloud platforms (e.g. AWS, Google Cloud, Azure, or equivalent private cloud)

Experience developing, delivering, and supporting AI services

Experience developing AI and ML algorithms or technologies (e.g. LLM Inference, Similarity Search and VectorDBs, Guardrails, Memory) using Python, C++, C#, Java, or Golang

Master's degree in Computer Science, Computer Engineering, or relevant technical field

Experience developing and applying state-of-the-art techniques for optimizing training and inference software to improve hardware utilization, latency, throughput, and cost

Capital One will consider sponsoring a new qualified applicant for employment authorization for this position.

The minimum and maximum full-time annual salaries for this role are listed below, by location. Please note that this salary information is solely for candidates hired to perform work within one of these locations, and refers to the amount Capital One is willing to pay at the time of this posting. Salaries for part-time roles will be prorated based upon the agreed upon number of hours to be regularly worked.

New York City (Hybrid On-Site): $165,100 - $188,500 for Senior AI Engineer

San Francisco and San Jose, California (Hybrid On-Site): $174,900 - $199,700 for Senior AI Engineer

Candidates hired to work in other locations will be subject to the pay range associated with that location, and the actual annualized salary amount offered to any candidate at the time of hire will be reflected solely in the candidate’s offer letter.

This role is also eligible to earn performance based incentive compensation, which may include cash bonus(es) and/or long term incentives (LTI). Incentives could be discretionary or non discretionary depending on the plan.Capital One offers a comprehensive, competitive, and inclusive set of health, financial and other benefits that support your total well-being. Learn more at the

Capital One Careers website

. Eligibility varies based on full or part-time status, exempt or non-exempt status, and management level.

This role is expected to accept applications for a minimum of 5 business days.

No agencies please.

Capital One is an equal opportunity employer committed to diversity and inclusion in the workplace. All qualified applicants will receive consideration for employment without regard to sex (including pregnancy, childbirth or related medical conditions), race, color, age, national origin, religion, disability, genetic information, marital status, sexual orientation, gender identity, gender reassignment, citizenship, immigration status, protected veteran status, or any other basis prohibited under applicable federal, state or local law. Capital One promotes a drug-free workplace.

Capital One will consider for employment qualified applicants with a criminal history in a manner consistent with the requirements of applicable laws regarding criminal background inquiries, including, to the extent applicable, Article 23-A of the New York Correction Law; San Francisco, California Police Code Article 49, Sections 4901-4920; New York City’s Fair Chance Act; Philadelphia’s Fair Criminal Records Screening Act; and other applicable federal, state, and local laws and regulations regarding criminal background inquiries.

If you have visited our website in search of information on employment opportunities or to apply for a position, and you require an accommodation, please contact Capital One Recruiting at 1-800-304-9102 or via email at

RecruitingAccommodation@capitalone.com

. All information you provide will be kept confidential and will be used only to the extent required to provide needed reasonable accommodations.

For technical support or questions about Capital One's recruiting process, please send an email to

Careers@capitalone.com

Capital One does not provide, endorse nor guarantee and is not liable for third-party products, services, educational tools or other information available through this site.

Capital One Financial is made up of several different entities. Please note that any position posted in Canada is for Capital One Canada, any position posted in the United Kingdom is for Capital One Europe and any position posted in the Philippines is for Capital One Philippines Service Corp. (COPSSC).
"
Responsible AI - Technology Architecture Associate Manager,Accenture,"La Puente, CA • via Local Hire Board",2025-01-08T20:52:35.180166,"Architectural experience with cloud platforms (e.g., AWS, Azure, Google Cloud) and their AI services
Proficiency in AI and machine learning algorithms and frameworks (e.g., TensorFlow, PyTorch)
Strong programming skills in languages such as Python, R, Java, or C++
Experience with big data technologies (e.g., Hadoop, Spark) and/or database management systems
Specific technology domain experience in at least one of the following areas: software development, cloud computing, systems engineering, data & analytics
Proven track record in leading and delivering complex AI projects
Experience in implementing AI solutions in large-scale, enterprise environments
Bachelor’s degree in computer science, Artificial Intelligence, Data Science, or related technical fields or equivalent (minimum 12 years) work experience
(If associate’s degree, must have minimum 6 years work experience)
Strong leadership and team management skills
Excellent problem-solving and analytical abilities
Effective communication skills, capable of conveying complex AI concepts to diverse audiences
Commitment to ethical AI practices and continuous learning
Interest in Responsible AI areas such as: Knowledge of ethical AI principles, data privacy laws, and regulatory requirements
Ability to work under pressure and manage multiple projects simultaneously
Additional courses or training in areas related to responsible AI, ethics in technology, or similar fields are beneficial
Certifications in AI, machine learning, or related fields
Experience with Data & AI in specific domains (e.g., healthcare, finance, retail)
Familiarity with AI model explainability and interpretability tools
Understanding of MLOps, LLMOps, and DevOps practices, including CI/CD pipelines, for AI systems
Containerization capabilities such as Docker and Kubernetes
Linguistic proficiency (to a reasonable business level) in a language other than English
Applicants for employment in the US must have work authorization that does not now or in the future require sponsorship of a visa for employment authorization in the United States","Architectural experience with cloud platforms (e.g., AWS, Azure, Google Cloud) and their AI services; Proficiency in AI and machine learning algorithms and frameworks (e.g., TensorFlow, PyTorch); Strong programming skills in languages such as Python, R, Java, or C++; Experience with big data technologies (e.g., Hadoop, Spark) and/or database management systems; Specific technology domain experience in at least one of the following areas: software development, cloud computing, systems engineering, data & analytics; Proven track record in leading and delivering complex AI projects; Experience in implementing AI solutions in large-scale, enterprise environments; Bachelor’s degree in computer science, Artificial Intelligence, Data Science, or related technical fields or equivalent (minimum 12 years) work experience; (If associate’s degree, must have minimum 6 years work experience); Strong leadership and team management skills; Excellent problem-solving and analytical abilities; Effective communication skills, capable of conveying complex AI concepts to diverse audiences; Commitment to ethical AI practices and continuous learning; Interest in Responsible AI areas such as: Knowledge of ethical AI principles, data privacy laws, and regulatory requirements; Ability to work under pressure and manage multiple projects simultaneously; Additional courses or training in areas related to responsible AI, ethics in technology, or similar fields are beneficial; Certifications in AI, machine learning, or related fields; Experience with Data & AI in specific domains (e.g., healthcare, finance, retail); Familiarity with AI model explainability and interpretability tools; Understanding of MLOps, LLMOps, and DevOps practices, including CI/CD pipelines, for AI systems; Containerization capabilities such as Docker and Kubernetes; Linguistic proficiency (to a reasonable business level) in a language other than English; Applicants for employment in the US must have work authorization that does not now or in the future require sponsorship of a visa for employment authorization in the United States","Architectural experience with cloud platforms (e.g., AWS, Azure, Google Cloud) and their AI services
Proficiency in AI and machine learning algorithms and frameworks (e.g., TensorFlow, PyTorch)
Strong programming skills in languages such as Python, R, Java, or C++
Experience with big data technologies (e.g., Hadoop, Spark) and/or database management systems
Specific technology domain experience in at least one of the following areas: software development, cloud computing, systems engineering, data & analytics
Proven track record in leading and delivering complex AI projects
Experience in implementing AI solutions in large-scale, enterprise environments
Bachelor’s degree in computer science, Artificial Intelligence, Data Science, or related technical fields or equivalent (minimum 12 years) work experience
(If associate’s degree, must have minimum 6 years work experience)
Strong leadership and team management skills
Excellent problem-solving and analytical abilities
Effective communication skills, capable of conveying complex AI concepts to diverse audiences
Commitment to ethical AI practices and continuous learning
Interest in Responsible AI areas such as: Knowledge of ethical AI principles, data privacy laws, and regulatory requirements
Ability to work under pressure and manage multiple projects simultaneously
Additional courses or training in areas related to responsible AI, ethics in technology, or similar fields are beneficial
Certifications in AI, machine learning, or related fields
Experience with Data & AI in specific domains (e.g., healthcare, finance, retail)
Familiarity with AI model explainability and interpretability tools
Understanding of MLOps, LLMOps, and DevOps practices, including CI/CD pipelines, for AI systems
Containerization capabilities such as Docker and Kubernetes
Linguistic proficiency (to a reasonable business level) in a language other than English
Applicants for employment in the US must have work authorization that does not now or in the future require sponsorship of a visa for employment authorization in the United States","Architectural experience with cloud platforms (e.g., AWS, Azure, Google Cloud) and their AI services; Proficiency in AI and machine learning algorithms and frameworks (e.g., TensorFlow, PyTorch); Strong programming skills in languages such as Python, R, Java, or C++; Experience with big data technologies (e.g., Hadoop, Spark) and/or database management systems; Specific technology domain experience in at least one of the following areas: software development, cloud computing, systems engineering, data & analytics; Proven track record in leading and delivering complex AI projects; Experience in implementing AI solutions in large-scale, enterprise environments; Bachelor’s degree in computer science, Artificial Intelligence, Data Science, or related technical fields or equivalent (minimum 12 years) work experience; (If associate’s degree, must have minimum 6 years work experience); Strong leadership and team management skills; Excellent problem-solving and analytical abilities; Effective communication skills, capable of conveying complex AI concepts to diverse audiences; Commitment to ethical AI practices and continuous learning; Interest in Responsible AI areas such as: Knowledge of ethical AI principles, data privacy laws, and regulatory requirements; Ability to work under pressure and manage multiple projects simultaneously; Additional courses or training in areas related to responsible AI, ethics in technology, or similar fields are beneficial; Certifications in AI, machine learning, or related fields; Experience with Data & AI in specific domains (e.g., healthcare, finance, retail); Familiarity with AI model explainability and interpretability tools; Understanding of MLOps, LLMOps, and DevOps practices, including CI/CD pipelines, for AI systems; Containerization capabilities such as Docker and Kubernetes; Linguistic proficiency (to a reasonable business level) in a language other than English; Applicants for employment in the US must have work authorization that does not now or in the future require sponsorship of a visa for employment authorization in the United States","Compensation at Accenture varies depending on a wide array of factors, which may include but are not limited to the specific office location, role, skill set, and level of experience
Role Location Annual Salary Range
California $73,000 to $220,400
Colorado $73,000 to $190,400
Washington $77,700 to $202,700","Compensation at Accenture varies depending on a wide array of factors, which may include but are not limited to the specific office location, role, skill set, and level of experience; Role Location Annual Salary Range; California $73,000 to $220,400; Colorado $73,000 to $190,400; Washington $77,700 to $202,700","Compensation at Accenture varies depending on a wide array of factors, which may include but are not limited to the specific office location, role, skill set, and level of experience
Role Location Annual Salary Range
California $73,000 to $220,400
Colorado $73,000 to $190,400
Washington $77,700 to $202,700","Compensation at Accenture varies depending on a wide array of factors, which may include but are not limited to the specific office location, role, skill set, and level of experience; Role Location Annual Salary Range; California $73,000 to $220,400; Colorado $73,000 to $190,400; Washington $77,700 to $202,700","We are:

Accenture’s Global Responsible AI team within the Global Data & AI Practice. AI is becoming more pervasive, more powerful, and more accessible. With these new opportunities come increased risks. We work with leading organizations to ensure AI is designed, built, and deployed in a manner that engenders trust and adheres to laws, regulations, and ethical norms. Our Responsible AI strategy w
ill enable us to embed responsibility into all of Accenture’s data and AI activities. We’re developing and deploying differentiated IP and Responsible AI solutions with our ecosystem partners. We’ll be engaging regulators to help shape the policy agenda, conducting pioneering research with academia, and offering training and resources to our clients through the Responsible AI Academy. The risks of AI are real and well-known. Let’s help our clients turn those risks into opportunities.

You are:

We’re looking to grow our Responsible AI team and if you’re experienced in Technology & Architecture with an interest in Responsible AI, we’d love to hear from you.

As a Responsible AI Technology & Architecture professional, you’ll be experienced in building state-of-the-art systems to solve difficult business challenges. Your designs will consider responsible aspects such as AI model Fairness, Transparency, Explainability, Robustness, Soundness, and Privacy.

You’ll bring diverse expertise in architecture, software development, and data engineering. You’ll be an outstanding technical specialist with the strong communication skills needed to liaise with your clients and your colleagues.

At the forefront of the industry, you’ll help make our Responsible AI vision a reality for clients looking to better serve their customers and operate always-on enterprises. We’re not just focused on increasing revenues – our technologies and innovations are making millions of lives easier and more comfortable. But above all, we’re doing this responsibly and inclusively – to make sure AI technology is used equitably and in a way that is both ethically and technically sound.

The work:

You’ll be a key player helping to deliver outstanding work for our Responsible AI clients. Some of the areas you’ll be working in include:

Leading the architecture and design of ethical AI systems, ensuring compliance with relevant regulations and organizational policies using the required tools and technologies. Supporting client sales conversations and proposal preparation.

Collaborating with cross-functional teams to design the integrations with existing data & AI platforms and workflows on cloud.

Designing and guiding the team on best practices and architectural guidelines for AI model development, testing, deployment, and monitoring; including helping define, build and roll out our internal Responsible AI tools and assets.

Architecting the regular audits of AI systems to identify and mitigate biases, ensuring fairness and transparency.

Spearheading Responsible AI-related technology thought leadership and PoV, staying abreast of emerging technologies.

Providing technical leadership and mentorship to AI development teams.

Facilitating communication between technical and non-technical stakeholders regarding AI projects and their impact.

Supporting the evaluation of third-party Responsible AI tools and frameworks.

Architecting and solutioning AI project lifecycle - from conception through to deployment and maintenance.

Travel may be required for this role. The amount of travel will vary from 0 to 100% depending on business need and client requirements.

Here’s What You Need:

Minimum of 4 years of experience in:

Architectural experience with cloud platforms (e.g., AWS, Azure, Google Cloud) and their AI services.

Proficiency in AI and machine learning algorithms and frameworks (e.g., TensorFlow, PyTorch).

Strong programming skills in languages such as Python, R, Java, or C++.

Experience with big data technologies (e.g., Hadoop, Spark) and/or database management systems.

Specific technology domain experience in at least one of the following areas: software development, cloud computing, systems engineering, data & analytics.

Proven track record in leading and delivering complex AI projects.

Experience in implementing AI solutions in large-scale, enterprise environments.

Bachelor’s degree in computer science, Artificial Intelligence, Data Science, or related technical fields or equivalent (minimum 12 years) work experience. (If associate’s degree, must have minimum 6 years work experience).

Professional Skills Requirements:

Strong leadership and team management skills.

Excellent problem-solving and analytical abilities.

Effective communication skills, capable of conveying complex AI concepts to diverse audiences.

Commitment to ethical AI practices and continuous learning. Interest in Responsible AI areas such as: Knowledge of ethical AI principles, data privacy laws, and regulatory requirements.

Ability to work under pressure and manage multiple projects simultaneously.

Bonus Points If You Have:

Additional courses or training in areas related to responsible AI, ethics in technology, or similar fields are beneficial.

Certifications in AI, machine learning, or related fields.

Experience with Data & AI in specific domains (e.g., healthcare, finance, retail).

Familiarity with AI model explainability and interpretability tools.

Understanding of MLOps, LLMOps, and DevOps practices, including CI/CD pipelines, for AI systems.

Containerization capabilities such as Docker and Kubernetes.

Linguistic proficiency (to a reasonable business level) in a language other than English.

Compensation at Accenture varies depending on a wide array of factors, which may include but are not limited to the specific office location, role, skill set, and level of experience. As required by local law, Accenture provides a reasonable range of compensation for roles that may be hired in California, Colorado, New York, or Washington as set forth below. We accept applications on an ongoing basis and there is no fixed deadline to apply.

Information on benefits is here. ( https://www.accenture.com/us-en/careers/local/total-rewards )

Role Location Annual Salary Range

California $73,000 to $220,400

Colorado $73,000 to $190,400

District of Columbia $77,700 to $202,700

New York $67,600 to $220,400

Maryland $67,600 to $176,300

Washington $77,700 to $202,700

What We Believe

We have an unwavering commitment to diversity with the aim that every one of our people has a full sense of belonging within our organization. As a business imperative, every person at Accenture has the responsibility to create and sustain an inclusive environment.

Inclusion and diversity are fundamental to our culture and core values. Our rich diversity makes us more innovative and more creative, which helps us better serve our clients and our communities. Read more here ( https://www.accenture.com/us-en/about/inclusion-diversity/us-workforce )

Equal Employment Opportunity Statement

Accenture is an Equal Opportunity Employer. We believe that no one should be discriminated against because of their differences, such as age, disability, ethnicity, gender, gender identity and expression, religion, or sexual orientation.

All employment decisions shall be made without regard to age, race, creed, color, religion, sex, national origin, ancestry, disability status, veteran status, sexual orientation, gender identity or expression, genetic information, marital status, citizenship status, or any other basis as protected by federal, state, or local law.

Accenture is committed to providing veteran employment opportunities to our service men and women.

For details, view a copy of the Accenture Equal Employment Opportunity and Affirmative Action Policy Statement ( https://www.accenture.com/content/dam/accenture/final/accenture-com/docu... ).

Requesting An Accommodation

Accenture is committed to providing equal employment opportunities for persons with disabilities or religious observances, including reasonable accommodation when needed. If you are hired by Accenture and require accommodation to perform the essential functions of your role, you will be asked to participate in our reasonable accommodation process. Accommodations made to facilitate the recruiting process are not a guarantee of future or continued accommodations once hired.

If you would like to be considered for employment opportunities with Accenture and have accommodation needs for a disability or religious observance, please call us toll-free at 1 (877) 889-9009, send us an email ( https://www.accenture.com/us-en/about/contact-us ) or speak with your recruiter.

Other Employment Statements

Applicants for employment in the US must have work authorization that does not now or in the future require sponsorship of a visa for employment authorization in the United States.

Candidates who are currently employed by a client of Accenture or an affiliated Accenture business may not be eligible for consideration.

Job candidates will not be obligated to disclose sealed or expunged records of conviction or arrest as part of the hiring process.

The Company will not discharge or in any other manner discriminate against employees or applicants because they have inquired about, discussed, or disclosed their own pay or the pay of another employee or applicant. Additionally, employees who have access to the compensation information of other employees or applicants as part of their essential job functions cannot disclose the pay of other employees or applicants to individuals who do not otherwise have access to compensation information, unless the disclosure is (a) in response to a formal complaint or charge, (b) in furtherance of an investigation, proceeding, hearing, or action, including an investigation conducted by the employer, or (c) consistent with the Company's legal duty to furnish information.

#J-18808-Ljbffr
"
Responsible AI - Technology Architecture Associate Manager,Accenture,"Bensenville, IL • via Local Hire Board",2025-01-08T20:52:40.184710,,,,,,,,,
Responsible AI - Technology Architecture Associate Manager,Accenture,"Gilberts, IL • via Local Hire Board",2025-01-08T20:52:45.389486,,,,,,,,,
Responsible AI - Technology Architecture Associate Manager,Accenture,"South Gate, CA • via Local Hire Board",2025-01-08T20:52:50.343141,,,,,,,,,
Responsible AI - Technology Architecture Associate Manager,Accenture,"Cerritos, CA • via Local Hire Board",2025-01-08T20:52:55.165837,,,,,,,,,
Responsible AI - Technology Architecture Associate Manager,Accenture,"Batavia, IL • via Local Hire Board",2025-01-08T20:53:00.200886,,,,,,,,,
Responsible AI - Technology Architecture Associate Manager,Accenture,"Piedmont, CA • via Local Hire Board",2025-01-08T20:53:05.749642,,,,,,,,,
Responsible AI - Technology Architecture Associate Manager,Accenture,"Santa Cruz, California • via Local Hire Board",2025-01-08T20:53:11.283478,,,,,,,,,
Responsible AI - Technology Architecture Associate Manager,Accenture,"Napa, CA • via Local Hire Board",2025-01-08T20:53:16.766499,,,,,,,,,
Responsible AI - Technology Architecture Associate Manager,Accenture,"Garden Grove, CA • via Local Hire Board",2025-01-08T20:53:21.676138,,,,,,,,,
Responsible AI - Technology Architecture Associate Manager,Accenture,"San Anselmo, CA • via Local Hire Board",2025-01-08T20:53:26.551883,,,,,,,,,
Responsible AI - Technology Architecture Associate Manager,Accenture,"Redmond, WA • via Local Hire Board",2025-01-08T20:53:31.637423,,,,,,,,,
