Title,Company,Location,Timestamp,Job Highlights,Job Highlights Items,Qualifications,Qualifications Items,Benefits,Benefits Items,Responsibilities,Responsibilities Items,Job Description
PhD AI - Trust & Responsible AI Internship Summer 2025,LinkedIn,"Mountain View, CA • via LinkedIn",2025-01-08T13:30:53.081211,"Candidates must be currently enrolled in a PhD program, with an expected graduation date of December 2025 or later
Currently pursuing a PhD in computer science, statistics, mathematics, electrical engineering,
machine learning, or related technical field and returning to the program after the completion
Research experience in responsible AI, trust engineering, or fairness in machine learning
Experience in Python and experience with ML frameworks (e.g., PyTorch, TensorFlow) and
libraries for fairness (e.g., AI Fairness 360, FairLearn)
Experience with regulatory standards and ethical guidelines for AI (e.g., GDPR, fairness
C++, and R
Experience or desire to learn Hadoop, Pig, or other MapReduce paradigms
Experience with real-world applications of ethical AI and deploying models that address
fairness, bias, or trustworthiness
Hands-on experience building explainable AI models or interpretable ML systems
Knowledge of adversarial machine learning and privacy-preserving techniques (e.g., differential
privacy, federated learning)
Strong publication record in AI ethics, fairness, or trustworthy AI conferences (e.g., FAT*,
AIES, NeurIPS, ICML)
Excellent problem-solving skills and a passion for advancing responsible AI in a fast-paced,
collaborative environment
Excellent communication skills
Machine Learning and Deep Learning
Advanced Data Mining
Strategic thinking and problem-solving capabilities
Documents in alternate formats or read aloud to you
Having interviews in an accessible location
Being accompanied by a service dog
Having a sign language interpreter present for the interview","Candidates must be currently enrolled in a PhD program, with an expected graduation date of December 2025 or later; Currently pursuing a PhD in computer science, statistics, mathematics, electrical engineering,; machine learning, or related technical field and returning to the program after the completion; Research experience in responsible AI, trust engineering, or fairness in machine learning; Experience in Python and experience with ML frameworks (e.g., PyTorch, TensorFlow) and; libraries for fairness (e.g., AI Fairness 360, FairLearn); Experience with regulatory standards and ethical guidelines for AI (e.g., GDPR, fairness; C++, and R; Experience or desire to learn Hadoop, Pig, or other MapReduce paradigms; Experience with real-world applications of ethical AI and deploying models that address; fairness, bias, or trustworthiness; Hands-on experience building explainable AI models or interpretable ML systems; Knowledge of adversarial machine learning and privacy-preserving techniques (e.g., differential; privacy, federated learning); Strong publication record in AI ethics, fairness, or trustworthy AI conferences (e.g., FAT*,; AIES, NeurIPS, ICML); Excellent problem-solving skills and a passion for advancing responsible AI in a fast-paced,; collaborative environment; Excellent communication skills; Machine Learning and Deep Learning; Advanced Data Mining; Strategic thinking and problem-solving capabilities; Documents in alternate formats or read aloud to you; Having interviews in an accessible location; Being accompanied by a service dog; Having a sign language interpreter present for the interview","Candidates must be currently enrolled in a PhD program, with an expected graduation date of December 2025 or later
Currently pursuing a PhD in computer science, statistics, mathematics, electrical engineering,
machine learning, or related technical field and returning to the program after the completion
Research experience in responsible AI, trust engineering, or fairness in machine learning
Experience in Python and experience with ML frameworks (e.g., PyTorch, TensorFlow) and
libraries for fairness (e.g., AI Fairness 360, FairLearn)
Experience with regulatory standards and ethical guidelines for AI (e.g., GDPR, fairness
C++, and R
Experience or desire to learn Hadoop, Pig, or other MapReduce paradigms
Experience with real-world applications of ethical AI and deploying models that address
fairness, bias, or trustworthiness
Hands-on experience building explainable AI models or interpretable ML systems
Knowledge of adversarial machine learning and privacy-preserving techniques (e.g., differential
privacy, federated learning)
Strong publication record in AI ethics, fairness, or trustworthy AI conferences (e.g., FAT*,
AIES, NeurIPS, ICML)
Excellent problem-solving skills and a passion for advancing responsible AI in a fast-paced,
collaborative environment
Excellent communication skills
Machine Learning and Deep Learning
Advanced Data Mining
Strategic thinking and problem-solving capabilities
Documents in alternate formats or read aloud to you
Having interviews in an accessible location
Being accompanied by a service dog
Having a sign language interpreter present for the interview","Candidates must be currently enrolled in a PhD program, with an expected graduation date of December 2025 or later; Currently pursuing a PhD in computer science, statistics, mathematics, electrical engineering,; machine learning, or related technical field and returning to the program after the completion; Research experience in responsible AI, trust engineering, or fairness in machine learning; Experience in Python and experience with ML frameworks (e.g., PyTorch, TensorFlow) and; libraries for fairness (e.g., AI Fairness 360, FairLearn); Experience with regulatory standards and ethical guidelines for AI (e.g., GDPR, fairness; C++, and R; Experience or desire to learn Hadoop, Pig, or other MapReduce paradigms; Experience with real-world applications of ethical AI and deploying models that address; fairness, bias, or trustworthiness; Hands-on experience building explainable AI models or interpretable ML systems; Knowledge of adversarial machine learning and privacy-preserving techniques (e.g., differential; privacy, federated learning); Strong publication record in AI ethics, fairness, or trustworthy AI conferences (e.g., FAT*,; AIES, NeurIPS, ICML); Excellent problem-solving skills and a passion for advancing responsible AI in a fast-paced,; collaborative environment; Excellent communication skills; Machine Learning and Deep Learning; Advanced Data Mining; Strategic thinking and problem-solving capabilities; Documents in alternate formats or read aloud to you; Having interviews in an accessible location; Being accompanied by a service dog; Having a sign language interpreter present for the interview","Understanding of AI ethics, bias in machine learning, explainable AI, and privacy-preserving
The pay range for this role is $57 - $70 per hour
Actual compensation packages are based on several factors that are unique to each candidate, including but not limited to skill set, depth of experience, certifications, and specific work location
The total compensation package for this position may also include annual performance bonus, stock, benefits and/or other applicable incentive compensation plans","Understanding of AI ethics, bias in machine learning, explainable AI, and privacy-preserving; The pay range for this role is $57 - $70 per hour; Actual compensation packages are based on several factors that are unique to each candidate, including but not limited to skill set, depth of experience, certifications, and specific work location; The total compensation package for this position may also include annual performance bonus, stock, benefits and/or other applicable incentive compensation plans","Understanding of AI ethics, bias in machine learning, explainable AI, and privacy-preserving
The pay range for this role is $57 - $70 per hour
Actual compensation packages are based on several factors that are unique to each candidate, including but not limited to skill set, depth of experience, certifications, and specific work location
The total compensation package for this position may also include annual performance bonus, stock, benefits and/or other applicable incentive compensation plans","Understanding of AI ethics, bias in machine learning, explainable AI, and privacy-preserving; The pay range for this role is $57 - $70 per hour; Actual compensation packages are based on several factors that are unique to each candidate, including but not limited to skill set, depth of experience, certifications, and specific work location; The total compensation package for this position may also include annual performance bonus, stock, benefits and/or other applicable incentive compensation plans","LinkedIn was built to help professionals achieve more in their careers, and everyday millions of people use our products to make connections, discover opportunities, and gain insights. Our global reach means we get to make a direct impact on the world’s workforce in ways no other company can. We’re much more than a digital resume – we transform lives through innovative products and technology.

We
are looking for Artificial Intelligence interns to work on our massive semi-structured text, graph and user activity data sets. Join LinkedIn’s AI/ML team as a PhD intern focused on Responsible AI and Trust Engineering. In this role, you will help shape the future of AI by ensuring that LinkedIn’s AI systems are designed and deployed ethically, transparently, and fairly. You will work on cutting-edge AI models and tools that enhance trust and accountability, addressing critical challenges such as bias mitigation, fairness, privacy, and explainability. This internship offers a unique opportunity to conduct impactful research and develop responsible AI solutions that affect millions of LinkedIn users.

Candidates must be currently enrolled in a PhD program, with an expected graduation date of December 2025 or later.

At LinkedIn, we trust each other to do our best work where it works best for us and our teams. This role offers a hybrid work option, meaning you can both work from home and commute to a LinkedIn office, depending on what’s best for you and when it is important for your team to be together. Our internship roles will be based in Mountain View, CA; or other US office locations.

Our internships are 12 weeks in length and will have the option of two intern sessions:
• May 27th, 2025 - August 15th, 2025
• June 16th, 2025 - September 5th, 2025

Responsibilities:
•Conduct research on ethical AI, including fairness, transparency, bias detection, and mitigation
techniques in machine learning models.
•Design and implement scalable algorithms to enhance trust in LinkedIn’s AI systems, focusing
on fairness, explainability, and accountability.
•Collaborate with cross-functional teams to integrate responsible AI principles into LinkedIn’s
AI-driven products and services.
•Develop frameworks and tools for detecting, mitigating, and monitoring bias in machine
learning models, ensuring that LinkedIn’s recommendations and systems serve diverse and
global user bases fairly.
•Stay current with the latest research and best practices in responsible AI, contributing to
publications in top-tier AI ethics and ML conferences.
•Work in a highly collaborative environment with mentors, business experts and technologists
to conduct independent research and help deliver intuitive solutions to our products and
services

Basic Qualifications:
•Currently pursuing a PhD in computer science, statistics, mathematics, electrical engineering,
machine learning, or related technical field and returning to the program after the completion
of the internship
•Research experience in responsible AI, trust engineering, or fairness in machine learning.
•Experience in Python and experience with ML frameworks (e.g., PyTorch, TensorFlow) and
libraries for fairness (e.g., AI Fairness 360, FairLearn).
•Understanding of AI ethics, bias in machine learning, explainable AI, and privacy-preserving
techniques.
•Experience with regulatory standards and ethical guidelines for AI (e.g., GDPR, fairness
audits).

Preferred Qualifications:
•Solid understanding of common programming languages used in AI, such as Python, Java,
C++, and R
•Experience or desire to learn Hadoop, Pig, or other MapReduce paradigms
•Experience with real-world applications of ethical AI and deploying models that address
fairness, bias, or trustworthiness.
•Hands-on experience building explainable AI models or interpretable ML systems.
•Knowledge of adversarial machine learning and privacy-preserving techniques (e.g., differential
privacy, federated learning).
•Strong publication record in AI ethics, fairness, or trustworthy AI conferences (e.g., FAT*,
AIES, NeurIPS, ICML).
•Excellent problem-solving skills and a passion for advancing responsible AI in a fast-paced,
collaborative environment
•Excellent communication skills

Suggested Skills:

•Machine Learning and Deep Learning
• Advanced Data Mining
•Strategic thinking and problem-solving capabilities

LinkedIn is committed to fair and equitable compensation practices.

The pay range for this role is $57 - $70 per hour. Actual compensation packages are based on several factors that are unique to each candidate, including but not limited to skill set, depth of experience, certifications, and specific work location. This may be different in other locations due to differences in the cost of labor.

The total compensation package for this position may also include annual performance bonus, stock, benefits and/or other applicable incentive compensation plans. For more information, visit https://careers.linkedin.com/benefits.

Equal Opportunity Statement
LinkedIn is committed to diversity in its workforce and is proud to be an equal opportunity employer. LinkedIn considers qualified applicants without regard to race, color, religion, creed, gender, national origin, age, disability, veteran status, marital status, pregnancy, sex, gender expression or identity, sexual orientation, citizenship, or any other legally protected class. LinkedIn is an Affirmative Action and Equal Opportunity Employer as described in our equal opportunity statement here: https://microsoft.sharepoint.com/:b:/t/LinkedInGCI/EeE8sk7CTIdFmEp9ONzFOTEBM62TPrWLMHs4J1C_QxVTbg?e=5hfhpE. Please reference https://www.eeoc.gov/sites/default/files/2023-06/22-088_EEOC_KnowYourRights6.12ScreenRdr.pdf and https://www.dol.gov/ofccp/regs/compliance/posters/pdf/OFCCP_EEO_Supplement_Final_JRF_QA_508c.pdf for more information.

LinkedIn is committed to offering an inclusive and accessible experience for all job seekers, including individuals with disabilities. Our goal is to foster an inclusive and accessible workplace where everyone has the opportunity to be successful.

If you need a reasonable accommodation to search for a job opening, apply for a position, or participate in the interview process, connect with us at accommodations@linkedin.com and describe the specific accommodation requested for a disability-related limitation.

Reasonable accommodations are modifications or adjustments to the application or hiring process that would enable you to fully participate in that process. Examples of reasonable accommodations include but are not limited to:

-Documents in alternate formats or read aloud to you
-Having interviews in an accessible location
-Being accompanied by a service dog
-Having a sign language interpreter present for the interview

A request for an accommodation will be responded to within three business days. However, non-disability related requests, such as following up on an application, will not receive a response.

LinkedIn will not discharge or in any other manner discriminate against employees or applicants because they have inquired about, discussed, or disclosed their own pay or the pay of another employee or applicant. However, employees who have access to the compensation information of other employees or applicants as a part of their essential job functions cannot disclose the pay of other employees or applicants to individuals who do not otherwise have access to compensation information, unless the disclosure is (a) in response to a formal complaint or charge, (b) in furtherance of an investigation, proceeding, hearing, or action, including an investigation conducted by LinkedIn, or (c) consistent with LinkedIn's legal duty to furnish information.

Pay Transparency Policy Statement
As a federal contractor, LinkedIn follows the Pay Transparency and non-discrimination provisions described at this link: https://lnkd.in/paytransparency.

Global Data Privacy Notice for Job Candidates
This document provides transparency around the way in which LinkedIn handles personal data of employees and job applicants: https://lnkd.in/GlobalDataPrivacyNotice
"
Summer 2025 Intern - Salesforce AI Research,100-SFDC Inc.,Anywhere • via Workday,2025-01-08T13:31:00.096018,,,,,,,,,"To get the best candidate experience, please consider applying for a maximum of 3 roles within 12 months to ensure you are not duplicating efforts. About Futureforce University Recruiting Our Futureforce University Recruiting program is dedicated to attracting, retaining and cultivating talent. Our interns and new graduates work on real projects that affect how our business runs, giving them the o
pportunity to make a tangible impact on the future of our company. With offices all over the world, our recruits have the chance to collaborate and connect with fellow employees on a global scale. We offer job shadowing, mentorship programs, talent development courses, and much more. Job Category Fixed Term & Temporary Job Details About Salesforce We’re Salesforce, the Customer Company, inspiring the future of business with AI+ Data +CRM. Leading with our core values, we help companies across every industry blaze new trails and connect with customers in a whole new way. And, we empower you to be a Trailblazer, too — driving your performance and career growth, charting new paths, and improving the state of the world. If you believe in business as the greatest platform for change and in companies doing well and doing good – you’ve come to the right place. Salesforce AI Research advances AI techniques that pave the path for new AI research directions, innovative products and applications with a positive impact on society. Our team of researchers, engineers, product managers, and designers drive AI innovation across pure research, applied research, and new product incubation— all built on our powerful AI platform. We bring companies and customers together using AI that is explainable, transparent, and accountable. As part of our team you’ll learn unique skills, work with talented people, influence the industry standard for fair and ethical use of artificial intelligence and help us to shape the future of AI. Check out our website to learn more about the groundbreaking work of the Salesforce AI Research team https://www.salesforceairesearch.com Salesforce Research is looking for outstanding research interns. Ideal candidates have a strong background in one or more fields: Natural Language Processing Computer Vision Reinforcement Learning General Machine Learning Our research focus includes but is not limited to the following: AI Agents AI for Software Developers AI for Operations / Time Series Responsible & Trusted AI AI for Knowledge Management Mobile AI Multimodal AI Large Language/Action Modeling Human-AI Interaction Automatic Evaluation Candidates that have published in top-tier conferences or journals (e.g., NeurIPS, ICML, ICLR, ACL, EMNLP, CVPR, CHI) are preferred. As a research intern, you will: Work with a team of research scientists and engineers on a project that ideally leads to a submission to a top-tier conference Learn about exciting research and applications outside your expertise Focus on pure research that incorporates into your PhD focus area and contributes to the AI Community Attend conferences with our researchers to showcase your accepted papers Requirements: PhD/MS candidate in a relevant research area Excellent understanding of deep learning techniques, i.e., CNN, RNN, LSTM, GRU, GAN, attention models, and optimization methods Experience with one or more deep learning libraries and platforms, e.g. PyTorch, TensorFlow, Caffe, or Chainer Strong background in machine learning, natural language processing, computer vision, or reinforcement learning Strong algorithmic problem solving skills Programming experience in Python, Java, C/C++, Lua, or a similar language This internship is a minimum of 12 weeks. Accommodations If you require assistance due to a disability applying for open positions please submit a request via this Accommodations Request Form. Posting Statement At Salesforce we believe that the business of business is to improve the state of our world. Each of us has a responsibility to drive Equality in our communities and workplaces. We are committed to creating a workforce that reflects society through inclusive programs and initiatives such as equal pay, employee resource groups, inclusive benefits, and more. Learn more about Equality at www.equality.com and explore our company benefits at www.salesforcebenefits.com. Salesforce is an Equal Employment Opportunity and Affirmative Action Employer. Qualified applicants will receive consideration for employment without regard to race, color, religion, sex, sexual orientation, gender perception or identity, national origin, age, marital status, protected veteran status, or disability status. Salesforce does not accept unsolicited headhunter and agency resumes. Salesforce will not pay any third-party agency or company that does not have a signed agreement with Salesforce. ﻿Salesforce welcomes all. For California-based roles, the base salary hiring range for this position is $58 to $65. Compensation offered will be determined by factors such as location, level, job-related knowledge, skills, and experience. Certain roles may be eligible for incentive compensation, equity, benefits. More details about our company benefits can be found at the following link: https://www.salesforcebenefits.com. We're Salesforce, the Customer Company, inspiring the future of business with AI + Data + CRM. Leading with our core values, we help companies across every industry blaze new trails and connect with customers in a whole new way. And, we empower you to be a Trailblazer, too — driving your performance and career growth, charting new paths, and improving the state of the world. If you believe in business as the greatest platform for change and in companies doing well and doing good – you've come to the right place.
"
Summer 2025 Intern - Responsible AI & Technology Product Analyst,"Salesforce, Inc.","Seattle, WA • via Salesforce Careers",2025-01-08T13:31:09.749887,"Enrolled and working towards obtaining an undergraduate degree (BA/BS) in a relevant field such as but not limited to Computer Science, Data Science, Sociology, Global Studies, Informatics, Political Science, Human-Computer Interaction, or Ethics
Please note that in order to be eligible for an internship, we require that you be returning to school the following quarter/semester to work towards completing your degree
Must be attending a College or University in North America
Strong interest in Trust and Safety, AI Ethics, Product Management, Product Policy, Ethical Technology and a passion for addressing equity, diversity, and inclusion issues in AI development
Strong verbal and written communication skills with validated problem analysis and problem-solving skills
Intellectually curious, detail-oriented, and driven to make an impact on the business
Strong experience using Google Suite - Slides, Sheets, and Docs","Enrolled and working towards obtaining an undergraduate degree (BA/BS) in a relevant field such as but not limited to Computer Science, Data Science, Sociology, Global Studies, Informatics, Political Science, Human-Computer Interaction, or Ethics; Please note that in order to be eligible for an internship, we require that you be returning to school the following quarter/semester to work towards completing your degree; Must be attending a College or University in North America; Strong interest in Trust and Safety, AI Ethics, Product Management, Product Policy, Ethical Technology and a passion for addressing equity, diversity, and inclusion issues in AI development; Strong verbal and written communication skills with validated problem analysis and problem-solving skills; Intellectually curious, detail-oriented, and driven to make an impact on the business; Strong experience using Google Suite - Slides, Sheets, and Docs","Enrolled and working towards obtaining an undergraduate degree (BA/BS) in a relevant field such as but not limited to Computer Science, Data Science, Sociology, Global Studies, Informatics, Political Science, Human-Computer Interaction, or Ethics
Please note that in order to be eligible for an internship, we require that you be returning to school the following quarter/semester to work towards completing your degree
Must be attending a College or University in North America
Strong interest in Trust and Safety, AI Ethics, Product Management, Product Policy, Ethical Technology and a passion for addressing equity, diversity, and inclusion issues in AI development
Strong verbal and written communication skills with validated problem analysis and problem-solving skills
Intellectually curious, detail-oriented, and driven to make an impact on the business
Strong experience using Google Suite - Slides, Sheets, and Docs","Enrolled and working towards obtaining an undergraduate degree (BA/BS) in a relevant field such as but not limited to Computer Science, Data Science, Sociology, Global Studies, Informatics, Political Science, Human-Computer Interaction, or Ethics; Please note that in order to be eligible for an internship, we require that you be returning to school the following quarter/semester to work towards completing your degree; Must be attending a College or University in North America; Strong interest in Trust and Safety, AI Ethics, Product Management, Product Policy, Ethical Technology and a passion for addressing equity, diversity, and inclusion issues in AI development; Strong verbal and written communication skills with validated problem analysis and problem-solving skills; Intellectually curious, detail-oriented, and driven to make an impact on the business; Strong experience using Google Suite - Slides, Sheets, and Docs",,,,,"DEPARTMENT DESCRIPTION:
Salesforce's Office of Ethical and Humane Use is hiring a Futureforce intern to play a pivotal role in the development of product, technical, and business processes guiding the responsible development of artificial intelligence and other cutting-edge technologies.

ROLE DESCRIPTION:
Working together with the Director of Responsible AI & Tech and the entire Responsible AI &
Tech team, they will help deliver guidance, guardrails, and features that ensure AI and other Salesforce technology is designed, developed, and delivered in alignment with Salesforce’s ethical use and responsible AI principles.

ROLE RESPONSIBILITIES:
• Collaborate with cross-functional partners including product teams, engineering, AI research, legal, security, UX, research & insights, customer experience, and marketing to provide oversight and support the development of high-risk AI features
• Deliver recommendations for how negative consequences might be mitigated and drive prioritization of those mitigations
• Influence how teams create model and system cards (aka nutrition labels) for generative AI models (1st- or 3rd- party)
• Research and make recommendations for what should be included and creation of a standardized template or a model card / system card generator (tool)
• Please note that while your work will involve collaborating with technical stakeholders, this is not a software development role

MINIMUM QUALIFICATIONS:
• Enrolled and working towards obtaining an undergraduate degree (BA/BS) in a relevant field such as but not limited to Computer Science, Data Science, Sociology, Global Studies, Informatics, Political Science, Human-Computer Interaction, or Ethics
• Please note that in order to be eligible for an internship, we require that you be returning to school the following quarter/semester to work towards completing your degree
• Must be attending a College or University in North America
• Strong interest in Trust and Safety, AI Ethics, Product Management, Product Policy, Ethical Technology and a passion for addressing equity, diversity, and inclusion issues in AI development
• Strong verbal and written communication skills with validated problem analysis and problem-solving skills
• Intellectually curious, detail-oriented, and driven to make an impact on the business
• Strong experience using Google Suite - Slides, Sheets, and Docs

PREFERRED QUALIFICATIONS:
• Demonstrated project leadership skills with direct responsibility for leading projects from start to finish
• Experience analyzing ethical considerations or risks in technology development
• Ability to translate complex concepts and communicate actionable recommendations to a diverse audience of stakeholders
• Familiarity with AI and machine learning concepts
"
Customer Success Manager AI Intern – Entry Level Sales Program 2025,IBM Careers,United States • via Krb-Sjobs.brassring.com,2025-01-08T13:31:19.399716,"Confidence to contact and engage potential new customers and deliver an elevated experience
A desire to continually learn new technologies and how to apply their value in a client environment
Motivation to achieve technical objectives and high client satisfaction
Embrace curiosity and a growth mindset
You may work with any of the following technologies: Analytics, Artificial Intelligence, IT Automation, Cloud, Security, Sustainability
This position requires you to be in one of the following IBM offices: Atlanta GA, Boston MA, Chicago IL, Dallas TX, New York NY, Raleigh NC, San Francisco CA, and Washington DC
Readiness to travel, if needed","Confidence to contact and engage potential new customers and deliver an elevated experience; A desire to continually learn new technologies and how to apply their value in a client environment; Motivation to achieve technical objectives and high client satisfaction; Embrace curiosity and a growth mindset; You may work with any of the following technologies: Analytics, Artificial Intelligence, IT Automation, Cloud, Security, Sustainability; This position requires you to be in one of the following IBM offices: Atlanta GA, Boston MA, Chicago IL, Dallas TX, New York NY, Raleigh NC, San Francisco CA, and Washington DC; Readiness to travel, if needed","Confidence to contact and engage potential new customers and deliver an elevated experience
A desire to continually learn new technologies and how to apply their value in a client environment
Motivation to achieve technical objectives and high client satisfaction
Embrace curiosity and a growth mindset
You may work with any of the following technologies: Analytics, Artificial Intelligence, IT Automation, Cloud, Security, Sustainability
This position requires you to be in one of the following IBM offices: Atlanta GA, Boston MA, Chicago IL, Dallas TX, New York NY, Raleigh NC, San Francisco CA, and Washington DC
Readiness to travel, if needed","Confidence to contact and engage potential new customers and deliver an elevated experience; A desire to continually learn new technologies and how to apply their value in a client environment; Motivation to achieve technical objectives and high client satisfaction; Embrace curiosity and a growth mindset; You may work with any of the following technologies: Analytics, Artificial Intelligence, IT Automation, Cloud, Security, Sustainability; This position requires you to be in one of the following IBM offices: Atlanta GA, Boston MA, Chicago IL, Dallas TX, New York NY, Raleigh NC, San Francisco CA, and Washington DC; Readiness to travel, if needed",,,,,"A Customer Success Manager AI intern role in IBM has unique attributes. In addition to the people skills often associated with this position, this AI CSM intern role is specialized in data science, generative AI, and large language models. You will work closely with customers, product managers, and development teams to understand client business requirements and implement AI solutions that address
complex business challenges.

With a hands-on approach to coding, demonstrations and clear communication, you will be able to showcase IBM Ai solutions. You will design and articulate AI architectures compatible with a client’s technology stack via use-case identification, solution architecture design, and MVP (minimal viable product) builds.

With technical expertise and a consultative style, you'll quickly build credibility as a trusted advisor at all levels with customers and IBM colleagues. To drive expansion and renewal growth, you'll guide leading enterprise companies through AI approaches that realize the full value of expanding their adoption of watsonx.

Your primary responsibilities will include, but not be limited to:
• Understanding Client's Data and AI Challenges and Building Trust: Understand clients' primary Data and AI challenges and establish yourself as a trusted technical expert for their migration, deployment, and adoption of AI and Hybrid Cloud offerings.
• Facilitating Use Case Exploration and Business Framing: Lead use case exploration and business framing workshops, develop client value realization models.
• Developing AI Solutions: Using your Data and AI engineering skills to code/ build MVPs using python, open source frameworks, RedHat and IBM watsonx.
• Leading Persuasive Technical Conversations: Lead technical discussions that persuade clients to act based on their requirements and the value provided by IBM's solutions.
• Creating Post-Deployment Customer Success Plans: Develop customer success plans aimed at continually increasing active user adoption of IBM's products.
To be successful in this role, you will need:
• Confidence to contact and engage potential new customers and deliver an elevated experience.
• A desire to continually learn new technologies and how to apply their value in a client environment.
• Motivation to achieve technical objectives and high client satisfaction.
• Embrace curiosity and a growth mindset.
You may work with any of the following technologies: Analytics, Artificial Intelligence, IT Automation, Cloud, Security, Sustainability.

This position requires you to be in one of the following IBM offices: Atlanta GA, Boston MA, Chicago IL, Dallas TX, New York NY, Raleigh NC, San Francisco CA, and Washington DC.

Readiness to travel, if needed.

IBM will not be providing visa sponsorship for this position now or in the future. Therefore, in order to be considered for this position, you must have the ability to work without a need for current or future visa sponsorship.
"
Summer 2025 Intern - AI Scientist,"Salesforce, Inc.","Cambridge, MA (+1 other) • via Salesforce Careers",2025-01-08T13:31:29.186251,"We are looking for someone who gets a kick out of staying on top of the latest AI literature/tools/techniques and figuring out the best way to apply these for practical solutions
Fluent in prototyping AI solutions, testing machine learning models, and wrangling small/medium sized datasets
Pursuing a BS/MS/PhD in a quantitative discipline
Expertise in classical machine learning, deep learning, and large-language-models (LLMs)
Avid experimenter in all things LLMs and agent systems towards innovating how current AI solutions are build
Proficient in using Python scientific stack (e.g
Numpy, Pandas, PyTorch, SciPy, Jupyter)
Proficient in shell scripting, Unix/Linux command-line tools, working with cloud infrastructure (AWS)
Great communication skills: ability to discuss with scientists, engineers, designers, and product managers
Experience in building agent systems and shipping to production
Open-source machine learning code from one's paper, contributions to any projects, implementations of papers
Publications in any of {cvpr, iccv, eccv, neurips, iclr, icml, acl, emnlp, recsys, kdd}","We are looking for someone who gets a kick out of staying on top of the latest AI literature/tools/techniques and figuring out the best way to apply these for practical solutions; Fluent in prototyping AI solutions, testing machine learning models, and wrangling small/medium sized datasets; Pursuing a BS/MS/PhD in a quantitative discipline; Expertise in classical machine learning, deep learning, and large-language-models (LLMs); Avid experimenter in all things LLMs and agent systems towards innovating how current AI solutions are build; Proficient in using Python scientific stack (e.g; Numpy, Pandas, PyTorch, SciPy, Jupyter); Proficient in shell scripting, Unix/Linux command-line tools, working with cloud infrastructure (AWS); Great communication skills: ability to discuss with scientists, engineers, designers, and product managers; Experience in building agent systems and shipping to production; Open-source machine learning code from one's paper, contributions to any projects, implementations of papers; Publications in any of {cvpr, iccv, eccv, neurips, iclr, icml, acl, emnlp, recsys, kdd}","We are looking for someone who gets a kick out of staying on top of the latest AI literature/tools/techniques and figuring out the best way to apply these for practical solutions
Fluent in prototyping AI solutions, testing machine learning models, and wrangling small/medium sized datasets
Pursuing a BS/MS/PhD in a quantitative discipline
Expertise in classical machine learning, deep learning, and large-language-models (LLMs)
Avid experimenter in all things LLMs and agent systems towards innovating how current AI solutions are build
Proficient in using Python scientific stack (e.g
Numpy, Pandas, PyTorch, SciPy, Jupyter)
Proficient in shell scripting, Unix/Linux command-line tools, working with cloud infrastructure (AWS)
Great communication skills: ability to discuss with scientists, engineers, designers, and product managers
Experience in building agent systems and shipping to production
Open-source machine learning code from one's paper, contributions to any projects, implementations of papers
Publications in any of {cvpr, iccv, eccv, neurips, iclr, icml, acl, emnlp, recsys, kdd}","We are looking for someone who gets a kick out of staying on top of the latest AI literature/tools/techniques and figuring out the best way to apply these for practical solutions; Fluent in prototyping AI solutions, testing machine learning models, and wrangling small/medium sized datasets; Pursuing a BS/MS/PhD in a quantitative discipline; Expertise in classical machine learning, deep learning, and large-language-models (LLMs); Avid experimenter in all things LLMs and agent systems towards innovating how current AI solutions are build; Proficient in using Python scientific stack (e.g; Numpy, Pandas, PyTorch, SciPy, Jupyter); Proficient in shell scripting, Unix/Linux command-line tools, working with cloud infrastructure (AWS); Great communication skills: ability to discuss with scientists, engineers, designers, and product managers; Experience in building agent systems and shipping to production; Open-source machine learning code from one's paper, contributions to any projects, implementations of papers; Publications in any of {cvpr, iccv, eccv, neurips, iclr, icml, acl, emnlp, recsys, kdd}",,,,,"Salesforce is the global leader in Cloud-based (SaaS) solutions that enable the world’s premier brands to maintain a robust online presence with high ROI. We do that by providing a highly scalable, integrated cloud platform that allows our clients to rapidly launch and manage multiple e-commerce stores, initiate unique marketing campaigns, and drive customer traffic across a global footprint.

We
are looking for a top-notch AI scientist Intern to join the Agentforce org. Our team of applied AI scientists is tasked with building, optimizing, and innovating the Agentforce planner system. This means you will work on how to best utilize frontier foundational models for real-world use cases- including exploring innovative approaches to agent systems and taking on the complex challenge of building testing frameworks and test cases. You will research, design, and prototype, in close collaboration with engineering and product teams and learn from customer deployments.

We are looking for someone who gets a kick out of staying on top of the latest AI literature/tools/techniques and figuring out the best way to apply these for practical solutions. We encourage contribution to tools and knowledge sharing within the team, the company, and the industry.

Responsibilities
• Work with product management and leadership to translate business problems into applied science problems
• Research, prototype, and build demonstrations of AI ideas for quick validation and feedback
• Design and build AI systems to hit accuracy and performance metric targets
• Productize AI innovations in collaboration with engineering teams
• Educate engineering and product teams about AI science during collaboration
• Mentor and collaborate with other members of the team
• Share technical innovations with the team and across the company
• Create innovations and contribute to conferences and/or open-source tools

Qualifications
Must-Have
• Fluent in prototyping AI solutions, testing machine learning models, and wrangling small/medium sized datasets
• Pursuing a BS/MS/PhD in a quantitative discipline
• Expertise in classical machine learning, deep learning, and large-language-models (LLMs)
• Avid experimenter in all things LLMs and agent systems towards innovating how current AI solutions are build
• Proficient in using Python scientific stack (e.g. Numpy, Pandas, PyTorch, SciPy, Jupyter)
• Proficient in shell scripting, Unix/Linux command-line tools, working with cloud infrastructure (AWS)
• Great communication skills: ability to discuss with scientists, engineers, designers, and product managers

Nice to have
• Experience in building agent systems and shipping to production
• Open-source machine learning code from one's paper, contributions to any projects, implementations of papers
• Publications in any of {cvpr, iccv, eccv, neurips, iclr, icml, acl, emnlp, recsys, kdd}
"
AI Researcher - Ethical AI Solutions,LinkedIn,"Mountain View, CA • via BeBee",2025-01-08T13:31:38.907252,"Currently pursuing a PhD in computer science, statistics, mathematics, electrical engineering, machine learning, or related technical field
Research experience in responsible AI, trust engineering, or fairness in machine learning is required
Experience in Python and knowledge of ML frameworks (e.g., PyTorch, TensorFlow) and libraries for fairness (e.g., AI Fairness 360, FairLearn) is necessary","Currently pursuing a PhD in computer science, statistics, mathematics, electrical engineering, machine learning, or related technical field; Research experience in responsible AI, trust engineering, or fairness in machine learning is required; Experience in Python and knowledge of ML frameworks (e.g., PyTorch, TensorFlow) and libraries for fairness (e.g., AI Fairness 360, FairLearn) is necessary","Currently pursuing a PhD in computer science, statistics, mathematics, electrical engineering, machine learning, or related technical field
Research experience in responsible AI, trust engineering, or fairness in machine learning is required
Experience in Python and knowledge of ML frameworks (e.g., PyTorch, TensorFlow) and libraries for fairness (e.g., AI Fairness 360, FairLearn) is necessary","Currently pursuing a PhD in computer science, statistics, mathematics, electrical engineering, machine learning, or related technical field; Research experience in responsible AI, trust engineering, or fairness in machine learning is required; Experience in Python and knowledge of ML frameworks (e.g., PyTorch, TensorFlow) and libraries for fairness (e.g., AI Fairness 360, FairLearn) is necessary","Our internship offers a unique opportunity to conduct impactful research and develop responsible AI solutions that affect millions of LinkedIn users
You'll work in a highly collaborative environment with mentors, business experts, and technologists to conduct independent research and help deliver intuitive solutions to our products and services
The estimated salary for this role is $57-$70 per hour, based on industry standards and location
Your total compensation package may also include annual performance bonus, stock, benefits, and/or other applicable incentive compensation plans","Our internship offers a unique opportunity to conduct impactful research and develop responsible AI solutions that affect millions of LinkedIn users; You'll work in a highly collaborative environment with mentors, business experts, and technologists to conduct independent research and help deliver intuitive solutions to our products and services; The estimated salary for this role is $57-$70 per hour, based on industry standards and location; Your total compensation package may also include annual performance bonus, stock, benefits, and/or other applicable incentive compensation plans","Our internship offers a unique opportunity to conduct impactful research and develop responsible AI solutions that affect millions of LinkedIn users
You'll work in a highly collaborative environment with mentors, business experts, and technologists to conduct independent research and help deliver intuitive solutions to our products and services
The estimated salary for this role is $57-$70 per hour, based on industry standards and location
Your total compensation package may also include annual performance bonus, stock, benefits, and/or other applicable incentive compensation plans","Our internship offers a unique opportunity to conduct impactful research and develop responsible AI solutions that affect millions of LinkedIn users; You'll work in a highly collaborative environment with mentors, business experts, and technologists to conduct independent research and help deliver intuitive solutions to our products and services; The estimated salary for this role is $57-$70 per hour, based on industry standards and location; Your total compensation package may also include annual performance bonus, stock, benefits, and/or other applicable incentive compensation plans","Overview

We're looking for a PhD intern to join our AI/ML team at LinkedIn, focusing on Responsible AI and Trust Engineering. In this role, you will contribute to shaping the future of AI by ensuring that LinkedIn's AI systems are designed and deployed ethically, transparently, and fairly.

Responsibilities:
- Conduct research on fairness, transparency, bias detection, and mitigation techniques i
n machine learning models.
- Design and implement scalable algorithms to enhance trust in LinkedIn's AI systems, focusing on explainability, accountability, and fairness.
- Collaborate with cross-functional teams to integrate responsible AI principles into LinkedIn's AI-driven products and services.

Requirements:
- Currently pursuing a PhD in computer science, statistics, mathematics, electrical engineering, machine learning, or related technical field.
- Research experience in responsible AI, trust engineering, or fairness in machine learning is required.
- Experience in Python and knowledge of ML frameworks (e.g., PyTorch, TensorFlow) and libraries for fairness (e.g., AI Fairness 360, FairLearn) is necessary.

Preferred Qualifications:
- Solid understanding of common programming languages used in AI, such as Python, Java, C++, and R.
- Experience with real-world applications of ethical AI and deploying models that address fairness, bias, or trustworthiness is desired.

Benefits:
- Our internship offers a unique opportunity to conduct impactful research and develop responsible AI solutions that affect millions of LinkedIn users.
- You'll work in a highly collaborative environment with mentors, business experts, and technologists to conduct independent research and help deliver intuitive solutions to our products and services.

Compensation:
- The estimated salary for this role is $57-$70 per hour, based on industry standards and location. Your total compensation package may also include annual performance bonus, stock, benefits, and/or other applicable incentive compensation plans.
"
AI Solutions Intern,Educational Testing Service,"Albany, NY • via Educational Testing Service Jobs",2025-01-08T13:31:48.585273,"Education: Currently enrolled in a Bachelor’s degree program, graduating in 2026 or 2027
Field of Study: Computer Science, Data Science, or a related field
Proficiency with data visualization tools (e.g., Tableau, Power BI, or similar)
Strong analytical and problem-solving abilities.?
Excellent time management and organizational skills.?
Effective public speaking capabilities.?
Ability to work both independently and collaboratively within a team.?","Education: Currently enrolled in a Bachelor’s degree program, graduating in 2026 or 2027; Field of Study: Computer Science, Data Science, or a related field; Proficiency with data visualization tools (e.g., Tableau, Power BI, or similar); Strong analytical and problem-solving abilities.?; Excellent time management and organizational skills.?; Effective public speaking capabilities.?; Ability to work both independently and collaboratively within a team.?","Education: Currently enrolled in a Bachelor’s degree program, graduating in 2026 or 2027
Field of Study: Computer Science, Data Science, or a related field
Proficiency with data visualization tools (e.g., Tableau, Power BI, or similar)
Strong analytical and problem-solving abilities.?
Excellent time management and organizational skills.?
Effective public speaking capabilities.?
Ability to work both independently and collaboratively within a team.?","Education: Currently enrolled in a Bachelor’s degree program, graduating in 2026 or 2027; Field of Study: Computer Science, Data Science, or a related field; Proficiency with data visualization tools (e.g., Tableau, Power BI, or similar); Strong analytical and problem-solving abilities.?; Excellent time management and organizational skills.?; Effective public speaking capabilities.?; Ability to work both independently and collaboratively within a team.?","At the conclusion of the Internship, you will have the opportunity to present your project to IT leadership","At the conclusion of the Internship, you will have the opportunity to present your project to IT leadership","At the conclusion of the Internship, you will have the opportunity to present your project to IT leadership","At the conclusion of the Internship, you will have the opportunity to present your project to IT leadership","About ETS:

For more than 75 years, we have amplified products and services based rigorous research and our belief in the power of learning. Driven by our mission to advance quality and equity in education, ETS provides learning solutions, pioneering research and trusted assessments that help guide learners around the world on their path to new possibilities.

Our portfolio of trusted measures inc
lude TOEFL®, TOEIC®, GRE® and Praxis® . Along with research, development and innovation that explores new frontiers in learning and measurement our educational measurement solutions and research contribute to the development of new methods and tools, inform important dialogue with education policymakers, and shed light on critical issues and potential solutions - all with the aim of creating a world where all learners can improve their lives through education.

With new senior leadership at the helm, ETS aims to continue changing the lives of all learners as we expand our organization's global footprint. Our goal is to remain at the forefront of assessment and measurement efficacy within the education and ed tech space as it continues to grow and evolve.

The ETS Technology Division is focused on being the trusted partner for innovative technology experiences and platforms that enable growth across ETS. We are committed to delivering experience-led solutions while maintaining a strong customer focus and commercial flexibility. Our division emphasizes customer and employee experience, leveraging core services, AI capabilities, and API-driven solutions to achieve operational excellence and international scalability. We believe in building deep strategic partnerships and fostering internal knowledge and accountability while working as One ETS to drive technological innovation and growth.

The Technology Division has created an internship programforcollege students interested in pursuing a career in technology. This is a paid, 8-10 week-long, hybridinternship where interns will be expected to work 37–40-hour aweek.At the conclusion of the Internship, you will have the opportunity to present your project to IT leadership. Interns will receive training in a variety of IT-related activities and will be paired with a mentor who will help support their project work.

As the AI Solutions Intern, you will contribute to the design and implementation of the Value Delivery and Metrics Dashboard, an initiative to empower leadership, enhance organizational visibility, and foster collaboration. This dashboard will optimize the data pipeline, automate data integration, and provide real-time insights to drive informed decision-making.

Key Responsibilities:
• Implement a multi-source data integration system with interactive visualizations to support comprehensive analysis of AI projects across various dimensions.
• Develop a unified dashboard displaying technical, business, and project performance metrics in an intuitive and actionable format.
• Establish and maintain an automated data refresh mechanism to ensure accuracy, currency, and data security.
• Education: Currently enrolled in a Bachelor’s degree program, graduating in 2026 or 2027.
• Field of Study: Computer Science, Data Science, or a related field.
• Skills and Competencies:
• Proficiency with data visualization tools (e.g., Tableau, Power BI, or similar).
• Strong analytical and problem-solving abilities.?
• Excellent time management and organizational skills.?
• Effective public speaking capabilities.?
• Ability to work both independently and collaboratively within a team.?

ETS is mission driven and action oriented
• Diversity, equity, inclusion, and belonging is at the forefront of the ETS employee's daily work. To further foster an inclusive environment ETS is home to a wide variety of Affinity groups that celebrate the diversity of our talented employees.
• How about cultivating growth, innovation, and continuous transformation for the next generation of rising professionals as leaders? ETS offers multiple Business Resource Groups (BRG) for you!
• Are you passionate about volunteering and being active in your career and community? ETS offers our Center for Advocacy & Philanthropy (CAAP) where we encourage ETS employees to become active volunteers in their communities and schools through the ETS Cares Giving Campaign. Our employees can support any 501c3 or eligible charity of their choice.

ETS is an Equal Opportunity Employer comprised of people with different experiences, strengths, and backgrounds who share a passion for advancing quality and equity in education. We are dedicated to building teams that reflect the various backgrounds, experiences, and identities of those we serve. The Talent Acquisition team strives to ensure candidates enjoy a fair and equitable hiring process. We believe our differences empower us to be a better team, making better decisions and delivering better results.
"
Summer 2025 Intern - Salesforce AI Research,"Salesforce, Inc.","Palo Alto, CA • via Salesforce Careers",2025-01-08T13:31:58.344722,"Ideal candidates have a strong background in one or more fields:
Natural Language Processing
Computer Vision
Reinforcement Learning
General Machine Learning
PhD/MS candidate in a relevant research area
Excellent understanding of deep learning techniques, i.e., CNN, RNN, LSTM, GRU, GAN, attention models, and optimization methods
Experience with one or more deep learning libraries and platforms, e.g. PyTorch, TensorFlow, Caffe, or Chainer
Strong background in machine learning, natural language processing, computer vision, or reinforcement learning
Strong algorithmic problem solving skills
Programming experience in Python, Java, C/C++, Lua, or a similar language
This internship is a minimum of 12 weeks","Ideal candidates have a strong background in one or more fields:; Natural Language Processing; Computer Vision; Reinforcement Learning; General Machine Learning; PhD/MS candidate in a relevant research area; Excellent understanding of deep learning techniques, i.e., CNN, RNN, LSTM, GRU, GAN, attention models, and optimization methods; Experience with one or more deep learning libraries and platforms, e.g. PyTorch, TensorFlow, Caffe, or Chainer; Strong background in machine learning, natural language processing, computer vision, or reinforcement learning; Strong algorithmic problem solving skills; Programming experience in Python, Java, C/C++, Lua, or a similar language; This internship is a minimum of 12 weeks","Ideal candidates have a strong background in one or more fields:
Natural Language Processing
Computer Vision
Reinforcement Learning
General Machine Learning
PhD/MS candidate in a relevant research area
Excellent understanding of deep learning techniques, i.e., CNN, RNN, LSTM, GRU, GAN, attention models, and optimization methods
Experience with one or more deep learning libraries and platforms, e.g. PyTorch, TensorFlow, Caffe, or Chainer
Strong background in machine learning, natural language processing, computer vision, or reinforcement learning
Strong algorithmic problem solving skills
Programming experience in Python, Java, C/C++, Lua, or a similar language
This internship is a minimum of 12 weeks","Ideal candidates have a strong background in one or more fields:; Natural Language Processing; Computer Vision; Reinforcement Learning; General Machine Learning; PhD/MS candidate in a relevant research area; Excellent understanding of deep learning techniques, i.e., CNN, RNN, LSTM, GRU, GAN, attention models, and optimization methods; Experience with one or more deep learning libraries and platforms, e.g. PyTorch, TensorFlow, Caffe, or Chainer; Strong background in machine learning, natural language processing, computer vision, or reinforcement learning; Strong algorithmic problem solving skills; Programming experience in Python, Java, C/C++, Lua, or a similar language; This internship is a minimum of 12 weeks",,,,,"Salesforce AI Research advances AI techniques that pave the path for new AI research directions, innovative products and applications with a positive impact on society. Our team of researchers, engineers, product managers, and designers drive AI innovation across pure research, applied research, and new product incubation— all built on our powerful AI platform. We bring companies and customers tog
ether using AI that is explainable, transparent, and accountable.

As part of our team you’ll learn unique skills, work with talented people, influence the industry standard for fair and ethical use of artificial intelligence and help us to shape the future of AI.

Check out our website to learn more about the groundbreaking work of the Salesforce AI Research team https://www.salesforceairesearch.com

Salesforce Research is looking for outstanding research interns. Ideal candidates have a strong background in one or more fields:
• Natural Language Processing
• Computer Vision
• Reinforcement Learning
• General Machine Learning

Our research focus includes but is not limited to the following:
• AI Agents
• AI for Software Developers
• AI for Operations / Time Series
• Responsible & Trusted AI
• AI for Knowledge Management
• Mobile AI
• Multimodal AI
• Large Language/Action Modeling
• Human-AI Interaction
• Automatic Evaluation

Candidates that have published in top-tier conferences or journals (e.g., NeurIPS, ICML, ICLR, ACL, EMNLP, CVPR, CHI) are preferred.

As a research intern, you will:
• Work with a team of research scientists and engineers on a project that ideally leads to a submission to a top-tier conference
• Learn about exciting research and applications outside your expertise
• Focus on pure research that incorporates into your PhD focus area and contributes to the AI Community
• Attend conferences with our researchers to showcase your accepted papers

Requirements:
• PhD/MS candidate in a relevant research area
• Excellent understanding of deep learning techniques, i.e., CNN, RNN, LSTM, GRU, GAN, attention models, and optimization methods
• Experience with one or more deep learning libraries and platforms, e.g. PyTorch, TensorFlow, Caffe, or Chainer
• Strong background in machine learning, natural language processing, computer vision, or reinforcement learning
• Strong algorithmic problem solving skills
• Programming experience in Python, Java, C/C++, Lua, or a similar language

This internship is a minimum of 12 weeks.
"
Hewlett Packard Labs - AI Research Lab Research Associate Intern,HPE,"Fort Collins, CO (+1 other) • via Hewlett Packard Enterprise Jobs - Hewlett Packard Enterprise (HPE)",2025-01-08T13:32:08.020688,"Excellent software systems building skills are a significant plus
Enrolled in PhD studies in Computer Science or related area
Accountability, Accountability, Action Planning, Active Learning (Inactive), Active Listening, Bias, Business, Calendar Management, Coaching, Computer Literacy, Creativity, Critical Thinking, Design Thinking, Empathy, Follow-Through, Group Problem Solving, Growth Mindset, Intellectual Curiosity (Inactive), Long Term Planning, Managing Ambiguity, Office Administration, Policy and procedures, Recordkeeping, Risk Assessment, Software Development {+ 5 more}","Excellent software systems building skills are a significant plus; Enrolled in PhD studies in Computer Science or related area; Accountability, Accountability, Action Planning, Active Learning (Inactive), Active Listening, Bias, Business, Calendar Management, Coaching, Computer Literacy, Creativity, Critical Thinking, Design Thinking, Empathy, Follow-Through, Group Problem Solving, Growth Mindset, Intellectual Curiosity (Inactive), Long Term Planning, Managing Ambiguity, Office Administration, Policy and procedures, Recordkeeping, Risk Assessment, Software Development {+ 5 more}","Excellent software systems building skills are a significant plus
Enrolled in PhD studies in Computer Science or related area
Accountability, Accountability, Action Planning, Active Learning (Inactive), Active Listening, Bias, Business, Calendar Management, Coaching, Computer Literacy, Creativity, Critical Thinking, Design Thinking, Empathy, Follow-Through, Group Problem Solving, Growth Mindset, Intellectual Curiosity (Inactive), Long Term Planning, Managing Ambiguity, Office Administration, Policy and procedures, Recordkeeping, Risk Assessment, Software Development {+ 5 more}","Excellent software systems building skills are a significant plus; Enrolled in PhD studies in Computer Science or related area; Accountability, Accountability, Action Planning, Active Learning (Inactive), Active Listening, Bias, Business, Calendar Management, Coaching, Computer Literacy, Creativity, Critical Thinking, Design Thinking, Empathy, Follow-Through, Group Problem Solving, Growth Mindset, Intellectual Curiosity (Inactive), Long Term Planning, Managing Ambiguity, Office Administration, Policy and procedures, Recordkeeping, Risk Assessment, Software Development {+ 5 more}","Health & Wellbeing
We strive to provide our team members and their loved ones with a comprehensive suite of benefits that supports their physical, financial and emotional wellbeing
Personal & Professional Development
If this is a non-sales role, then the listed salary range reflects base salary only
Variable incentives may also be offered
USD Hourly: $41.11 - $93.15","Health & Wellbeing; We strive to provide our team members and their loved ones with a comprehensive suite of benefits that supports their physical, financial and emotional wellbeing; Personal & Professional Development; If this is a non-sales role, then the listed salary range reflects base salary only; Variable incentives may also be offered; USD Hourly: $41.11 - $93.15","Health & Wellbeing
We strive to provide our team members and their loved ones with a comprehensive suite of benefits that supports their physical, financial and emotional wellbeing
Personal & Professional Development
If this is a non-sales role, then the listed salary range reflects base salary only
Variable incentives may also be offered
USD Hourly: $41.11 - $93.15","Health & Wellbeing; We strive to provide our team members and their loved ones with a comprehensive suite of benefits that supports their physical, financial and emotional wellbeing; Personal & Professional Development; If this is a non-sales role, then the listed salary range reflects base salary only; Variable incentives may also be offered; USD Hourly: $41.11 - $93.15","Hewlett Packard Labs - AI Research Lab Research Associate Intern

This role has been designed as ‘’Onsite’ with an expectation that you will primarily work from an HPE office.

Who We Are:

Hewlett Packard Enterprise is the global edge-to-cloud company advancing the way people live and work. We help companies connect, protect, analyze, and act on their data and applications wherever they live, fro
m edge to cloud, so they can turn insights into outcomes at the speed required to thrive in today’s complex world. Our culture thrives on finding new and better ways to accelerate what’s next. We know diverse backgrounds are valued and succeed here. We have the flexibility to manage our work and personal needs. We make bold moves, together, and are a force for good. If you are looking to stretch and grow your career our culture will embrace you. Open up opportunities with HPE.

Job Description:

We are currently seeking highly qualified, self-motivated interns to accelerate research towards new applications, core methodologies and technologies in Artificial Intelligence at Hewlett Packard Labs.

Hewlett Packard Labs is an international research organization with its headquarters and largest facility located in Milpitas, California. As the central research organization for Hewlett Packard Enterprise (HPE), Hewlett Packard Labs' purpose is to deliver breakthrough technologies and technology advancements that provide a competitive advantage for the company, by investing in fundamental science and technology in areas of interest to HPE and getting the resulting technologies ready for adoption into new and existing markets.

The Artificial Intelligence Research Lab focuses on researching and developing technologies, architectures and software to develop cutting edge solutions in key areas of Deep Learning and Machine Learning, including Reinforcement Learning and Natural Language Processing. This is a unique opportunity to work at a start-up pace within a big company. We are looking for an entrepreneurial mind-set, and a deep passion to take a ML problem and conduct research and come up with a solution with a fast turnaround time. You will have an opportunity to work with Machine Learning experts who have made multiple successful products and will get guidance and coaching in different areas including software engineering, hardware optimizations, data pipelining and innovations from latest AI research to bring hardened Deep Learning solutions to the real world.

This is a growing team at HPE in which you will be building the software, and applications for Neural Networks and Machine Learning. It will also involve working with system programming, Deep Learning frameworks and models, GPU acceleration, Model optimization, real-time streaming data, distributed computing, and deployment.

We are seeking highly qualified candidates to come join one of our research teams as an intern with the possibility of longer-term co-innovation and collaboration. We are particularly interested in individuals with a background in computer systems, machine learning, deep learning, and statistics, with a good understanding of the current state of the art, major trends and opportunities, and a demonstrated track record in making things real in innovative ways. The ideal candidate combines this interest with a broad, entrepreneurial interest in creating the next generation of HPE’s products and technologies.

We expect all our researchers (including interns and post-docs) to provide thought leadership and technical influence both internally and externally to HPE, as well as take innovative ideas and make them real – contributing along the full range from initial novel ideas to design, development, implementation, evaluation, and technology transfer. The ideal candidate can thrive in an applied research environment, balancing significant technical and scientific contributions with the ability to bring such contributions to practice through innovative solutions that address the needs of our customers and partners. We expect the successful candidate to collaborate with Hewlett Packard Labs research teams as well as with external partners, and to work in alignment with HPE's broader innovation community. Excellent software systems building skills are a significant plus.

Role and Responsibilities
• Develop algorithms or advanced data layer capabilities for trustworthy Artificial Intelligence.
• Develop new software leveraging existing open-source technologies in one of four areas: i) the meta-data and data layer development for AI platforms including metadata and data tracking at scale for complex MLOps and hybrid AI-HPC pipelines and pipeline optimization, ii) intelligence to select, prioritize and optimize data for AI pipelines including active learning, advanced RAG data agents for generative AI, and trust evaluation of Large Language Models, iii) multi-modal foundation models for science, time series anomaly detection and other applications, and, iv) knowledge graph infused learning

Qualifications and Education Requirements
• Enrolled in PhD studies in Computer Science or related area

Preferred Skills
• Familiarity with AI Machine Learning and Deep Learning algorithms
• Strong programming skills and experience with Python, C++
• High proficiency in data structures and algorithms
• Outstanding analytical and problem-solving skills
• Experience in research or software development in Deep Learning and/or data layer technologies (storage systems, file systems, data management)
• Experience with Deep Learning model optimization - desired
• Experience with big data/ML/Deep Learning frameworks (e.g. Spark, Kafka, Tensorflow/ Pytorch) – desired
• Familiarity with tools and frameworks for DataOps and/or MLOps, AI pipelines and underlying data layer – desired
• Experience with Large Language Models and Generative AI - desired
• Research experience in AI for Science – a plus
• Demonstrated effective communication and collaboration skills
• Demonstrated ability to generate, frame, and carry out leadership research as shown, for example, by papers published in top-tier conferences or journals.

Additional Skills:

Accountability, Accountability, Action Planning, Active Learning (Inactive), Active Listening, Bias, Business, Calendar Management, Coaching, Computer Literacy, Creativity, Critical Thinking, Design Thinking, Empathy, Follow-Through, Group Problem Solving, Growth Mindset, Intellectual Curiosity (Inactive), Long Term Planning, Managing Ambiguity, Office Administration, Policy and procedures, Recordkeeping, Risk Assessment, Software Development {+ 5 more}

What We Can Offer You:

Health & Wellbeing

We strive to provide our team members and their loved ones with a comprehensive suite of benefits that supports their physical, financial and emotional wellbeing.

Personal & Professional Development

We also invest in your career because the better you are, the better we all are. We have specific programs catered to helping you reach any career goals you have — whether you want to become a knowledge expert in your field or apply your skills to another division.

Diversity, Inclusion & Belonging

We are unconditionally inclusive in the way we work and celebrate individual uniqueness. We know diverse backgrounds are valued and succeed here. We have the flexibility to manage our work and personal needs. We make bold moves, together, and are a force for good.

Let's Stay Connected:

Follow @HPECareers on Instagram to see the latest on people, culture and tech at HPE.

#unitedstates

#interns

Job:
Administration

Job Level:
N/A

States with Pay Range Requirement

The expected salary/wage range for a U.S.-based hire filling this position is provided below. Actual offer may vary from this range based upon geographic location, work experience, education/training, and/or skill level. If this is a sales role, then the listed salary range reflects combined base salary and target-level sales compensation pay. If this is a non-sales role, then the listed salary range reflects base salary only. Variable incentives may also be offered. Information about employee benefits offered can be found at https://myhperewards.com/main/new-hire-enrollment.html.

USD Hourly: $41.11 - $93.15

Estimated job application period closure is May 2025. While this is the expected application time frame, there are many factors which may result in a change. If this position is still open beyond the anticipated closure time frame, it is likely HPE is still actively recruiting for this role and all qualified and interested candidates are encouraged to apply.

HPE is an Equal Employment Opportunity/ Veterans/Disabled/LGBT and Affirmative Action employer. We are committed to diversity and building a team that represents a variety of backgrounds, perspectives, and skills. We do not discriminate and all decisions we make are made on the basis of qualifications, merit, and business need. Our goal is to be one global diverse team that is representative of our customers, in an inclusive environment where we can continue to innovate and grow together. Please click here: Equal Employment Opportunity.

Hewlett Packard Enterprise is EEO F/M/Protected Veteran/ Individual with Disabilities.

HPE will comply with all applicable laws related to employer use of arrest and conviction records, including laws requiring employers to consider for employment qualified applicants with criminal histories. .
"
Customer Success Manager AI Intern – Entry Level Sales Program 2025,IBM,"Brookhaven, GA • via Define Your Career With IBM | Careers - IBM",2025-01-08T13:32:17.904281,"'tell' we're looking for undergraduate and graduate students who want to combine their technical interests and education with the people skills needed to architect technical solutions, co-creating with customers, partners, and colleagues to solve technical and business challenges
Confidence to contact and engage potential new customers and deliver an elevated experience
A desire to continually learn new technologies and how to apply their value in a client environment
Motivation to achieve technical objectives and high client satisfaction
Embrace curiosity and a growth mindset
You may work with any of the following technologies: Analytics, Artificial Intelligence, IT Automation, Cloud, Security, Sustainability
This position requires you to be in one of the following IBM offices: Atlanta GA, Boston MA, Chicago IL, Dallas TX, New York NY, Raleigh NC, San Francisco CA, and Washington DC
Readiness to travel, if needed
Therefore, in order to be considered for this position, you must have the ability to work without a need for current or future visa sponsorship
Technical Education: Seeking B.S. or M.S. degree in Computer Science, Artificial Intelligence, Data Science, Engineering, Information Systems, or equivalent technical degree/experience
Programming Language: Experience with Python, notebooks
AI Skills: Experience in Machine Learning, Deep Learning, Large Language Models
Client Focused: Asks open-ended questions and understands needs to address business challenges
Tech Savvy: Conversant about technology, latest industry trends and how it is being applied to address business challenges
Team Player: Demonstrates team collaboration and can navigate different communication styles
Excellent Communication Skills: Possess verbal, written, and interpersonal skills that are engaging, compelling and influential
Self-Motivation and Problem-Solving Aptitude: A natural inclination toward self-motivation and initiative, in addition to the ability to navigate data and people to find answers and present solutions","'tell' we're looking for undergraduate and graduate students who want to combine their technical interests and education with the people skills needed to architect technical solutions, co-creating with customers, partners, and colleagues to solve technical and business challenges; Confidence to contact and engage potential new customers and deliver an elevated experience; A desire to continually learn new technologies and how to apply their value in a client environment; Motivation to achieve technical objectives and high client satisfaction; Embrace curiosity and a growth mindset; You may work with any of the following technologies: Analytics, Artificial Intelligence, IT Automation, Cloud, Security, Sustainability; This position requires you to be in one of the following IBM offices: Atlanta GA, Boston MA, Chicago IL, Dallas TX, New York NY, Raleigh NC, San Francisco CA, and Washington DC; Readiness to travel, if needed; Therefore, in order to be considered for this position, you must have the ability to work without a need for current or future visa sponsorship; Technical Education: Seeking B.S. or M.S. degree in Computer Science, Artificial Intelligence, Data Science, Engineering, Information Systems, or equivalent technical degree/experience; Programming Language: Experience with Python, notebooks; AI Skills: Experience in Machine Learning, Deep Learning, Large Language Models; Client Focused: Asks open-ended questions and understands needs to address business challenges; Tech Savvy: Conversant about technology, latest industry trends and how it is being applied to address business challenges; Team Player: Demonstrates team collaboration and can navigate different communication styles; Excellent Communication Skills: Possess verbal, written, and interpersonal skills that are engaging, compelling and influential; Self-Motivation and Problem-Solving Aptitude: A natural inclination toward self-motivation and initiative, in addition to the ability to navigate data and people to find answers and present solutions","'tell' we're looking for undergraduate and graduate students who want to combine their technical interests and education with the people skills needed to architect technical solutions, co-creating with customers, partners, and colleagues to solve technical and business challenges
Confidence to contact and engage potential new customers and deliver an elevated experience
A desire to continually learn new technologies and how to apply their value in a client environment
Motivation to achieve technical objectives and high client satisfaction
Embrace curiosity and a growth mindset
You may work with any of the following technologies: Analytics, Artificial Intelligence, IT Automation, Cloud, Security, Sustainability
This position requires you to be in one of the following IBM offices: Atlanta GA, Boston MA, Chicago IL, Dallas TX, New York NY, Raleigh NC, San Francisco CA, and Washington DC
Readiness to travel, if needed
Therefore, in order to be considered for this position, you must have the ability to work without a need for current or future visa sponsorship
Technical Education: Seeking B.S. or M.S. degree in Computer Science, Artificial Intelligence, Data Science, Engineering, Information Systems, or equivalent technical degree/experience
Programming Language: Experience with Python, notebooks
AI Skills: Experience in Machine Learning, Deep Learning, Large Language Models
Client Focused: Asks open-ended questions and understands needs to address business challenges
Tech Savvy: Conversant about technology, latest industry trends and how it is being applied to address business challenges
Team Player: Demonstrates team collaboration and can navigate different communication styles
Excellent Communication Skills: Possess verbal, written, and interpersonal skills that are engaging, compelling and influential
Self-Motivation and Problem-Solving Aptitude: A natural inclination toward self-motivation and initiative, in addition to the ability to navigate data and people to find answers and present solutions","'tell' we're looking for undergraduate and graduate students who want to combine their technical interests and education with the people skills needed to architect technical solutions, co-creating with customers, partners, and colleagues to solve technical and business challenges; Confidence to contact and engage potential new customers and deliver an elevated experience; A desire to continually learn new technologies and how to apply their value in a client environment; Motivation to achieve technical objectives and high client satisfaction; Embrace curiosity and a growth mindset; You may work with any of the following technologies: Analytics, Artificial Intelligence, IT Automation, Cloud, Security, Sustainability; This position requires you to be in one of the following IBM offices: Atlanta GA, Boston MA, Chicago IL, Dallas TX, New York NY, Raleigh NC, San Francisco CA, and Washington DC; Readiness to travel, if needed; Therefore, in order to be considered for this position, you must have the ability to work without a need for current or future visa sponsorship; Technical Education: Seeking B.S. or M.S. degree in Computer Science, Artificial Intelligence, Data Science, Engineering, Information Systems, or equivalent technical degree/experience; Programming Language: Experience with Python, notebooks; AI Skills: Experience in Machine Learning, Deep Learning, Large Language Models; Client Focused: Asks open-ended questions and understands needs to address business challenges; Tech Savvy: Conversant about technology, latest industry trends and how it is being applied to address business challenges; Team Player: Demonstrates team collaboration and can navigate different communication styles; Excellent Communication Skills: Possess verbal, written, and interpersonal skills that are engaging, compelling and influential; Self-Motivation and Problem-Solving Aptitude: A natural inclination toward self-motivation and initiative, in addition to the ability to navigate data and people to find answers and present solutions",,,,,"Introduction
A Customer Success Manager Intern (CSM) focused on Artificial Intelligence (AI) in IBM means a career where you're helping clients fully realize the value of their existing AI products, whilst growing their adoption of next-generation technologies from across IBM's wider portfolio.

This is a summer 2025 position. Preferring to 'show' vs. 'tell' we're looking for undergraduate and gra
duate students who want to combine their technical interests and education with the people skills needed to architect technical solutions, co-creating with customers, partners, and colleagues to solve technical and business challenges.

IBM’s Sales Internship Program culture will set you up for success, whilst ongoing development will continue to advance your career through its upward trajectory. Our sales environment is fast-paced and supportive. Always part of a team, you'll be surrounded by leaders and colleagues who are always willing to help and be helped – as you support pilots that compel clients to invest in IBM's products and services.

Your Role and Responsibilities
A Customer Success Manager AI intern role in IBM has unique attributes. In addition to the people skills often associated with this position, this AI CSM intern role is specialized in data science, generative AI, and large language models. You will work closely with customers, product managers, and development teams to understand client business requirements and implement AI solutions that address complex business challenges.

With a hands-on approach to coding, demonstrations and clear communication, you will be able to showcase IBM Ai solutions. You will design and articulate AI architectures compatible with a client’s technology stack via use-case identification, solution architecture design, and MVP (minimal viable product) builds.

With technical expertise and a consultative style, you'll quickly build credibility as a trusted advisor at all levels with customers and IBM colleagues. To drive expansion and renewal growth, you'll guide leading enterprise companies through AI approaches that realize the full value of expanding their adoption of watsonx.

Your primary responsibilities will include, but not be limited to:
• Understanding Client's Data and AI Challenges and Building Trust: Understand clients' primary Data and AI challenges and establish yourself as a trusted technical expert for their migration, deployment, and adoption of AI and Hybrid Cloud offerings.
• Facilitating Use Case Exploration and Business Framing: Lead use case exploration and business framing workshops, develop client value realization models.
• Developing AI Solutions: Using your Data and AI engineering skills to code/ build MVPs using python, open source frameworks, RedHat and IBM watsonx.
• Leading Persuasive Technical Conversations: Lead technical discussions that persuade clients to act based on their requirements and the value provided by IBM's solutions.
• Creating Post-Deployment Customer Success Plans: Develop customer success plans aimed at continually increasing active user adoption of IBM's products.
To be successful in this role, you will need:
• Confidence to contact and engage potential new customers and deliver an elevated experience.
• A desire to continually learn new technologies and how to apply their value in a client environment.
• Motivation to achieve technical objectives and high client satisfaction.
• Embrace curiosity and a growth mindset.
You may work with any of the following technologies: Analytics, Artificial Intelligence, IT Automation, Cloud, Security, Sustainability.

This position requires you to be in one of the following IBM offices: Atlanta GA, Boston MA, Chicago IL, Dallas TX, New York NY, Raleigh NC, San Francisco CA, and Washington DC.

Readiness to travel, if needed.

IBM will not be providing visa sponsorship for this position now or in the future. Therefore, in order to be considered for this position, you must have the ability to work without a need for current or future visa sponsorship.

Required Technical and Professional Expertise
• Technical Education: Seeking B.S. or M.S. degree in Computer Science, Artificial Intelligence, Data Science, Engineering, Information Systems, or equivalent technical degree/experience.
• Programming Language: Experience with Python, notebooks.
• AI Skills: Experience in Machine Learning, Deep Learning, Large Language Models.
• Client Focused: Asks open-ended questions and understands needs to address business challenges.
• Tech Savvy: Conversant about technology, latest industry trends and how it is being applied to address business challenges.
• Team Player: Demonstrates team collaboration and can navigate different communication styles.
• Excellent Communication Skills: Possess verbal, written, and interpersonal skills that are engaging, compelling and influential.
• Self-Motivation and Problem-Solving Aptitude: A natural inclination toward self-motivation and initiative, in addition to the ability to navigate data and people to find answers and present solutions.

Preferred Technical and Professional Expertise
• Familiarity with agile development methodologies.
• Knowledge of AI and data governance.
• Knowledge of generative AI architectures such as RAG, chatbots.
• Experience with RedHat OpenShift and Kubernetes.
"
AI Test Security Intern,Educational Testing Service,"Harrisburg, PA • via Educational Testing Service Jobs",2025-01-08T13:32:27.674685,"Education: Currently enrolled in a Bachelor’s degree program, graduating in 2026 or 2027
Field of Study: Computer Science, Machine Learning, Data Science, or a related discipline
Proficiency with AWS tools and services
Knowledge of programming languages, including Java, Python, and/or Angular
Strong analytical and problem-solving abilities
Excellent time management and organizational skills
Effective public speaking capabilities
Ability to work both independently and collaboratively within a team","Education: Currently enrolled in a Bachelor’s degree program, graduating in 2026 or 2027; Field of Study: Computer Science, Machine Learning, Data Science, or a related discipline; Proficiency with AWS tools and services; Knowledge of programming languages, including Java, Python, and/or Angular; Strong analytical and problem-solving abilities; Excellent time management and organizational skills; Effective public speaking capabilities; Ability to work both independently and collaboratively within a team","Education: Currently enrolled in a Bachelor’s degree program, graduating in 2026 or 2027
Field of Study: Computer Science, Machine Learning, Data Science, or a related discipline
Proficiency with AWS tools and services
Knowledge of programming languages, including Java, Python, and/or Angular
Strong analytical and problem-solving abilities
Excellent time management and organizational skills
Effective public speaking capabilities
Ability to work both independently and collaboratively within a team","Education: Currently enrolled in a Bachelor’s degree program, graduating in 2026 or 2027; Field of Study: Computer Science, Machine Learning, Data Science, or a related discipline; Proficiency with AWS tools and services; Knowledge of programming languages, including Java, Python, and/or Angular; Strong analytical and problem-solving abilities; Excellent time management and organizational skills; Effective public speaking capabilities; Ability to work both independently and collaboratively within a team","At the conclusion of the Internship, you will have the opportunity to present your project to IT leadership","At the conclusion of the Internship, you will have the opportunity to present your project to IT leadership","At the conclusion of the Internship, you will have the opportunity to present your project to IT leadership","At the conclusion of the Internship, you will have the opportunity to present your project to IT leadership","About ETS:

For more than 75 years, we have amplified products and services based rigorous research and our belief in the power of learning. Driven by our mission to advance quality and equity in education, ETS provides learning solutions, pioneering research and trusted assessments that help guide learners around the world on their path to new possibilities.

Our portfolio of trusted measures inc
lude TOEFL®, TOEIC®, GRE® and Praxis® . Along with research, development and innovation that explores new frontiers in learning and measurement our educational measurement solutions and research contribute to the development of new methods and tools, inform important dialogue with education policymakers, and shed light on critical issues and potential solutions - all with the aim of creating a world where all learners can improve their lives through education.

With new senior leadership at the helm, ETS aims to continue changing the lives of all learners as we expand our organization's global footprint. Our goal is to remain at the forefront of assessment and measurement efficacy within the education and ed tech space as it continues to grow and evolve.

The ETS Technology Division is focused on being the trusted partner for innovative technology experiences and platforms that enable growth across ETS. We are committed to delivering experience-led solutions while maintaining a strong customer focus and commercial flexibility. Our division emphasizes customer and employee experience, leveraging core services, AI capabilities, and API-driven solutions to achieve operational excellence and international scalability. We believe in building deep strategic partnerships and fostering internal knowledge and accountability while working as One ETS to drive technological innovation and growth.

The Technology Division has created an internship program for college students interested in pursuing a career in technology. This is a paid, 8- 10 week -long, hybrid internship where interns will be expected to work 37– 40-hour a week. At the conclusion of the Internship, you will have the opportunity to present your project to IT leadership. Interns will receive training in a variety of IT-related activities and will be paired with a mentor who will help support their project work.? ?

As the AI Test Security Intern, you'll be at the forefront of enhancing the security and integrity of ETS’s testing processes. Your work will directly contribute to reducing score cancellations after reporting, safeguarding ETS’s assessment products, and streamlining operations by eliminating manual processes that don't align with ETS’s mission. This is a unique opportunity to apply AI technologies to real-world challenges in test security.

Key Responsibilities:
• Develop an AI-enabled video playback system to efficiently identify and retrieve test-taker video footage.
• Build a visualization tool to detect when AI-generated content, such as ChatGPT responses, is used in test answers.
• Implement AI-powered room similarity detection to identify potential cheating rings and suspicious activities.
• Education: Currently enrolled in a Bachelor’s degree program, graduating in 2026 or 2027.
• Field of Study: Computer Science, Machine Learning, Data Science, or a related discipline.
• Skills and Competencies:
• Proficiency with AWS tools and services.
• Experience with computer vision techniques and generative AI models is preferred.
• Knowledge of programming languages, including Java, Python, and/or Angular.
• Strong analytical and problem-solving abilities.
• Excellent time management and organizational skills.
• Effective public speaking capabilities.
• Ability to work both independently and collaboratively within a team.

ETS is mission driven and action oriented
• Diversity, equity, inclusion, and belonging is at the forefront of the ETS employee's daily work. To further foster an inclusive environment ETS is home to a wide variety of Affinity groups that celebrate the diversity of our talented employees.
• How about cultivating growth, innovation, and continuous transformation for the next generation of rising professionals as leaders? ETS offers multiple Business Resource Groups (BRG) for you!
• Are you passionate about volunteering and being active in your career and community? ETS offers our Center for Advocacy & Philanthropy (CAAP) where we encourage ETS employees to become active volunteers in their communities and schools through the ETS Cares Giving Campaign. Our employees can support any 501c3 or eligible charity of their choice.

ETS is an Equal Opportunity Employer comprised of people with different experiences, strengths, and backgrounds who share a passion for advancing quality and equity in education. We are dedicated to building teams that reflect the various backgrounds, experiences, and identities of those we serve. The Talent Acquisition team strives to ensure candidates enjoy a fair and equitable hiring process. We believe our differences empower us to be a better team, making better decisions and delivering better results.
"
Applied AI Engineer / Services Intern,Quiq Inc,"Bozeman, MT • via Taro",2025-01-08T13:32:32.084425,,,,,,,,,"Applied AI Engineer / Services Intern at Quiq Inc, focusing on automating conversations and creating integrations for exceptional customer experiences.
"
AI/ML Product Management Analytics Intern,Teradata,"Albany, NY • via USNLX Ability Jobs - National Labor Exchange",2025-01-08T13:32:41.890869,"Must be enrolled in BS/MS/PhD degree program
With graduation dates between December 2025-June 2027
Experience in design, development, and implementation of advanced analytic solutions
Hands-on experience with analytical tools and platforms; SQL, R/Python
Ability to understand customer needs and market opportunities","Must be enrolled in BS/MS/PhD degree program; With graduation dates between December 2025-June 2027; Experience in design, development, and implementation of advanced analytic solutions; Hands-on experience with analytical tools and platforms; SQL, R/Python; Ability to understand customer needs and market opportunities","Must be enrolled in BS/MS/PhD degree program
With graduation dates between December 2025-June 2027
Experience in design, development, and implementation of advanced analytic solutions
Hands-on experience with analytical tools and platforms; SQL, R/Python
Ability to understand customer needs and market opportunities","Must be enrolled in BS/MS/PhD degree program; With graduation dates between December 2025-June 2027; Experience in design, development, and implementation of advanced analytic solutions; Hands-on experience with analytical tools and platforms; SQL, R/Python; Ability to understand customer needs and market opportunities","We offer a fast-paced, flexible, fun environment where you will have the opportunity to work on meaningful projects and face new challenges every day
Pay Rate: $29.00 - $44.00 - $50.00 Hourly
Pay Rate: 0.0000 - 0.0000 - 0.0000 Hourly
Starting pay for the successful applicant will depend on geographic location, internal equity, job-related knowledge, skills, and candidate experience","We offer a fast-paced, flexible, fun environment where you will have the opportunity to work on meaningful projects and face new challenges every day; Pay Rate: $29.00 - $44.00 - $50.00 Hourly; Pay Rate: 0.0000 - 0.0000 - 0.0000 Hourly; Starting pay for the successful applicant will depend on geographic location, internal equity, job-related knowledge, skills, and candidate experience","We offer a fast-paced, flexible, fun environment where you will have the opportunity to work on meaningful projects and face new challenges every day
Pay Rate: $29.00 - $44.00 - $50.00 Hourly
Pay Rate: 0.0000 - 0.0000 - 0.0000 Hourly
Starting pay for the successful applicant will depend on geographic location, internal equity, job-related knowledge, skills, and candidate experience","We offer a fast-paced, flexible, fun environment where you will have the opportunity to work on meaningful projects and face new challenges every day; Pay Rate: $29.00 - $44.00 - $50.00 Hourly; Pay Rate: 0.0000 - 0.0000 - 0.0000 Hourly; Starting pay for the successful applicant will depend on geographic location, internal equity, job-related knowledge, skills, and candidate experience","Our Company

At Teradata, we believe that people thrive when empowered with better information. That’s why we built the most complete cloud analytics and data platform for AI. By delivering harmonized data, trusted AI, and faster innovation, we uplift and empower our customers and our customers’ customers to make better, more confident decisions. The world’s top companies across every major indust
ry trust Teradata to improve business performance, enrich customer experiences, and fully integrate data across the enterprise.

Our Internship

Program Our summer internship program lasts 10-12 weeks beginning in May/June and ending in August/September. We offer a fast-paced, flexible, fun environment where you will have the opportunity to work on meaningful projects and face new challenges every day.

Location Our program is fully virtual. Interns must remain in the US for the duration of the internship..

What You'll Do

Intern opportunity with Teradata’s team of Product Managers leading the efforts to deliver industry leading analytic capabilities in the Teradata Vantage platform. This dynamic role has close interaction with customers, extensive knowledge of the overall analytic market, including both Teradata partner and competing solutions, using this knowledge to lead Teradata strategy and work closely with our engineering teams to deliver our analytic capabilities. Product Managers work closely with Teradata sales and professional services teams to help customers make the best decisions possible using Teradata software and advanced analytic techniques. This hands-on role develops demos and delivers training material for our customers and sales teams, and actively participates with prototypes and POCs for new features.

What Makes You a Qualified Candidate
• Must be enrolled in BS/MS/PhD degree program. With graduation dates between December 2025-June 2027.
• Data mining/Data Science, statistical modeling, econometrics, and quantitative analysis
• Experience in design, development, and implementation of advanced analytic solutions

What You'll Bring
• Hands-on experience with analytical tools and platforms; SQL, R/Python
• Ability to understand customer needs and market opportunities

Pay Rate: $29.00 - $44.00 - $50.00 Hourly

Why We Think You’ll Love Teradata

We prioritize a people-first culture because we know our people are at the very heart of our success. We embrace a flexible work model because we trust our people to make decisions about how, when, and where they work. We focus on well-being because we care about our people and their ability to thrive both personally and professionally. We are an anti-racist company because our dedication to Diversity, Equity, and Inclusion is more than a statement. It is a deep commitment to doing the work to foster an equitable environment that celebrates people for all of who they are.

#LI-SK1

Teradata invites all identities and backgrounds in the workplace. We work with deliberation and intent to ensure we are cultivating collaboration and inclusivity across our global organization.

We are proud to be an equal opportunity and affirmative action employer. We do not discriminate based upon race, color, ancestry, religion, creed, sex (including pregnancy, childbirth, breastfeeding, or related conditions), national origin, sexual orientation, age, citizenship, marital status, disability, medical condition, genetic information, gender identity or expression, military and veteran status, or any other legally protected status.
Pay Rate: 0.0000 - 0.0000 - 0.0000 Hourly
Starting pay for the successful applicant will depend on geographic location, internal equity, job-related knowledge, skills, and candidate experience. Learn more about Teradata’s competitive Total Rewards package at https://www.teradata.com/About-Us/Careers/Benefits
"
AI Test Security Intern,Educational Testing Service,"Boston, MA • via Educational Testing Service Jobs",2025-01-08T13:32:51.603598,"Education: Currently enrolled in a Bachelor’s degree program, graduating in 2026 or 2027
Field of Study: Computer Science, Machine Learning, Data Science, or a related discipline
Proficiency with AWS tools and services
Knowledge of programming languages, including Java, Python, and/or Angular
Strong analytical and problem-solving abilities
Excellent time management and organizational skills
Effective public speaking capabilities
Ability to work both independently and collaboratively within a team","Education: Currently enrolled in a Bachelor’s degree program, graduating in 2026 or 2027; Field of Study: Computer Science, Machine Learning, Data Science, or a related discipline; Proficiency with AWS tools and services; Knowledge of programming languages, including Java, Python, and/or Angular; Strong analytical and problem-solving abilities; Excellent time management and organizational skills; Effective public speaking capabilities; Ability to work both independently and collaboratively within a team","Education: Currently enrolled in a Bachelor’s degree program, graduating in 2026 or 2027
Field of Study: Computer Science, Machine Learning, Data Science, or a related discipline
Proficiency with AWS tools and services
Knowledge of programming languages, including Java, Python, and/or Angular
Strong analytical and problem-solving abilities
Excellent time management and organizational skills
Effective public speaking capabilities
Ability to work both independently and collaboratively within a team","Education: Currently enrolled in a Bachelor’s degree program, graduating in 2026 or 2027; Field of Study: Computer Science, Machine Learning, Data Science, or a related discipline; Proficiency with AWS tools and services; Knowledge of programming languages, including Java, Python, and/or Angular; Strong analytical and problem-solving abilities; Excellent time management and organizational skills; Effective public speaking capabilities; Ability to work both independently and collaboratively within a team","At the conclusion of the Internship, you will have the opportunity to present your project to IT leadership","At the conclusion of the Internship, you will have the opportunity to present your project to IT leadership","At the conclusion of the Internship, you will have the opportunity to present your project to IT leadership","At the conclusion of the Internship, you will have the opportunity to present your project to IT leadership","About ETS:

For more than 75 years, we have amplified products and services based rigorous research and our belief in the power of learning. Driven by our mission to advance quality and equity in education, ETS provides learning solutions, pioneering research and trusted assessments that help guide learners around the world on their path to new possibilities.

Our portfolio of trusted measures inc
lude TOEFL®, TOEIC®, GRE® and Praxis® . Along with research, development and innovation that explores new frontiers in learning and measurement our educational measurement solutions and research contribute to the development of new methods and tools, inform important dialogue with education policymakers, and shed light on critical issues and potential solutions - all with the aim of creating a world where all learners can improve their lives through education.

With new senior leadership at the helm, ETS aims to continue changing the lives of all learners as we expand our organization's global footprint. Our goal is to remain at the forefront of assessment and measurement efficacy within the education and ed tech space as it continues to grow and evolve.

The ETS Technology Division is focused on being the trusted partner for innovative technology experiences and platforms that enable growth across ETS. We are committed to delivering experience-led solutions while maintaining a strong customer focus and commercial flexibility. Our division emphasizes customer and employee experience, leveraging core services, AI capabilities, and API-driven solutions to achieve operational excellence and international scalability. We believe in building deep strategic partnerships and fostering internal knowledge and accountability while working as One ETS to drive technological innovation and growth.

The Technology Division has created an internship program for college students interested in pursuing a career in technology. This is a paid, 8- 10 week -long, hybrid internship where interns will be expected to work 37– 40-hour a week. At the conclusion of the Internship, you will have the opportunity to present your project to IT leadership. Interns will receive training in a variety of IT-related activities and will be paired with a mentor who will help support their project work.? ?

As the AI Test Security Intern, you'll be at the forefront of enhancing the security and integrity of ETS’s testing processes. Your work will directly contribute to reducing score cancellations after reporting, safeguarding ETS’s assessment products, and streamlining operations by eliminating manual processes that don't align with ETS’s mission. This is a unique opportunity to apply AI technologies to real-world challenges in test security.

Key Responsibilities:
• Develop an AI-enabled video playback system to efficiently identify and retrieve test-taker video footage.
• Build a visualization tool to detect when AI-generated content, such as ChatGPT responses, is used in test answers.
• Implement AI-powered room similarity detection to identify potential cheating rings and suspicious activities.
• Education: Currently enrolled in a Bachelor’s degree program, graduating in 2026 or 2027.
• Field of Study: Computer Science, Machine Learning, Data Science, or a related discipline.
• Skills and Competencies:
• Proficiency with AWS tools and services.
• Experience with computer vision techniques and generative AI models is preferred.
• Knowledge of programming languages, including Java, Python, and/or Angular.
• Strong analytical and problem-solving abilities.
• Excellent time management and organizational skills.
• Effective public speaking capabilities.
• Ability to work both independently and collaboratively within a team.

ETS is mission driven and action oriented
• Diversity, equity, inclusion, and belonging is at the forefront of the ETS employee's daily work. To further foster an inclusive environment ETS is home to a wide variety of Affinity groups that celebrate the diversity of our talented employees.
• How about cultivating growth, innovation, and continuous transformation for the next generation of rising professionals as leaders? ETS offers multiple Business Resource Groups (BRG) for you!
• Are you passionate about volunteering and being active in your career and community? ETS offers our Center for Advocacy & Philanthropy (CAAP) where we encourage ETS employees to become active volunteers in their communities and schools through the ETS Cares Giving Campaign. Our employees can support any 501c3 or eligible charity of their choice.

ETS is an Equal Opportunity Employer comprised of people with different experiences, strengths, and backgrounds who share a passion for advancing quality and equity in education. We are dedicated to building teams that reflect the various backgrounds, experiences, and identities of those we serve. The Talent Acquisition team strives to ensure candidates enjoy a fair and equitable hiring process. We believe our differences empower us to be a better team, making better decisions and delivering better results.
"
ML PhD Intern - LLMs & Generative AI,Truveta,"Seattle, WA • via Useparallel.com",2025-01-08T13:33:01.353184,"Candidates must be within 1 year of their graduation date from their PhD program
Currently pursuing a Ph.D. in Computer Science, Electrical Engineering, or a related field, with a focus on machine learning, natural language processing (NLP), Large Language Models (LLMs), multi-modal foundation models, and generative AI
Strong theoretical and practical background in NLP including experience with state-of-the-art architectures
Proficiency in deep learning frameworks (e.g., PyTorch, TensorFlow, etc.) and libraries commonly used in NLP and Generative AI
Solid programming skills in Python and the ability to write clean, efficient, and well-documented code
Excellent problem-solving and troubleshooting abilities, along with a strong analytical mindset and persistence in resolving problems
Strong communication skills and the ability to work effectively in a collaborative research environment","Candidates must be within 1 year of their graduation date from their PhD program; Currently pursuing a Ph.D. in Computer Science, Electrical Engineering, or a related field, with a focus on machine learning, natural language processing (NLP), Large Language Models (LLMs), multi-modal foundation models, and generative AI; Strong theoretical and practical background in NLP including experience with state-of-the-art architectures; Proficiency in deep learning frameworks (e.g., PyTorch, TensorFlow, etc.) and libraries commonly used in NLP and Generative AI; Solid programming skills in Python and the ability to write clean, efficient, and well-documented code; Excellent problem-solving and troubleshooting abilities, along with a strong analytical mindset and persistence in resolving problems; Strong communication skills and the ability to work effectively in a collaborative research environment","Candidates must be within 1 year of their graduation date from their PhD program
Currently pursuing a Ph.D. in Computer Science, Electrical Engineering, or a related field, with a focus on machine learning, natural language processing (NLP), Large Language Models (LLMs), multi-modal foundation models, and generative AI
Strong theoretical and practical background in NLP including experience with state-of-the-art architectures
Proficiency in deep learning frameworks (e.g., PyTorch, TensorFlow, etc.) and libraries commonly used in NLP and Generative AI
Solid programming skills in Python and the ability to write clean, efficient, and well-documented code
Excellent problem-solving and troubleshooting abilities, along with a strong analytical mindset and persistence in resolving problems
Strong communication skills and the ability to work effectively in a collaborative research environment","Candidates must be within 1 year of their graduation date from their PhD program; Currently pursuing a Ph.D. in Computer Science, Electrical Engineering, or a related field, with a focus on machine learning, natural language processing (NLP), Large Language Models (LLMs), multi-modal foundation models, and generative AI; Strong theoretical and practical background in NLP including experience with state-of-the-art architectures; Proficiency in deep learning frameworks (e.g., PyTorch, TensorFlow, etc.) and libraries commonly used in NLP and Generative AI; Solid programming skills in Python and the ability to write clean, efficient, and well-documented code; Excellent problem-solving and troubleshooting abilities, along with a strong analytical mindset and persistence in resolving problems; Strong communication skills and the ability to work effectively in a collaborative research environment","Competitive compensation
Company-issued laptop and equipment
Opportunities for future full-time positions
The hourly pay for this position is $45",Competitive compensation; Company-issued laptop and equipment; Opportunities for future full-time positions; The hourly pay for this position is $45,"Competitive compensation
Company-issued laptop and equipment
Opportunities for future full-time positions
The hourly pay for this position is $45",Competitive compensation; Company-issued laptop and equipment; Opportunities for future full-time positions; The hourly pay for this position is $45,"ML PhD Intern - LLMs & Generative AI

Truveta is the world’s first health provider led data platform with a vision of Saving Lives with Data. Our mission is to enable researchers to find cures faster, empower every clinician to be an expert, and help families make the most informed decisions about their care. Achieving Truveta’ s ambitious vision requires an incredible team of talented and inspire
d people with a special combination of health, software and big data experience who share our company values.

Our headquarters are in the greater Seattle area, but we celebrate and embrace a remote culture. Participation in the internship program requires that you are physically present in the United States for the duration of the internship.

Who We Need

We are seeking a highly motivated and talented Machine Learning PhD Intern to join our AI research team and contribute to our innovative projects in the field of Large Language Modeling (LLM) and clinical data analysis. Beyond core capabilities, we are seeking problem solvers, passionate and collaborative teammates, and those willing to roll up their sleeves while making a difference. If you are interested in the opportunity to pursue purposeful work, join a mission-driven team, and build a rewarding career while having fun, Truveta may be the perfect fit for you.

Internship Details

Our Research PhD Internship is designed for candidates who have finished their classes and are working only on research work to complete their PhD. Candidates must be within 1 year of their graduation date from their PhD program. Candidates are expected to demonstrate both independence in defining their research strategy within a domain as well as an ability to apply innovative solutions to our products. Our internships are designed to be a minimum of 10 weeks with the opportunity to extend beyond the initially agreed term based on the company’s needs and the candidate’s desires.

This Opportunity

We are looking for machine learning experts who can utilize applied science and software development skills in building our Foundation Models that help us address some of the hardest problems towards our vision of Saving Lives with Data. You will work in an exciting and fast-paced environment, collaborating closely with multiple teams across the company. You will work as part of an organization that brings together talent from diverse backgrounds including software engineering, big data, machine learning and AI, clinical informatics, and medicine making our team an exciting place to work. We value and encourage diversity in the belief that our differences make us and our products better.

In this role, you will:
• Collaborate with researchers and engineers to design, develop, and refine large language models and generative models for various applications.
• Utilize your expertise in machine learning and natural language processing to develop novel algorithms and methodologies for generative modeling tasks.
• Implement, train, and fine-tune LLM and GPT-like models on large-scale datasets to ensure optimal performance and accuracy.
• Stay up to date with the latest research advancements and techniques in the field of language modeling, generative modeling, and machine learning.
• Deliver the next generation of innovation in trustworthy healthcare.

Key Qualifications
• Currently pursuing a Ph.D. in Computer Science, Electrical Engineering, or a related field, with a focus on machine learning, natural language processing (NLP), Large Language Models (LLMs), multi-modal foundation models, and generative AI
• Strong theoretical and practical background in NLP including experience with state-of-the-art architectures
• Proficiency in deep learning frameworks (e.g., PyTorch, TensorFlow, etc.) and libraries commonly used in NLP and Generative AI
• Solid programming skills in Python and the ability to write clean, efficient, and well-documented code
• Excellent problem-solving and troubleshooting abilities, along with a strong analytical mindset and persistence in resolving problems
• Strong communication skills and the ability to work effectively in a collaborative research environment

Preferred Qualifications
• Experience with distributed parallel training, large-scale multi-modal foundation and generative models
• Familiarity with parameter-efficient tuning techniques, Reinforcement Learning from Human Feedback (RLHF), and prompt engineering techniques
• Familiarity with training multi-modal foundation models
• Familiarity with cloud-based infrastructure and experience deploying large-scale machine learning models in production environments
• A track record of publications and contributions to the machine learning and natural language processing communities

This internship opportunity offers a unique chance to work on state-of-the-art language models and contribute to transformative research with the vision of Saving Lives with Data. You will be part of a dynamic team of researchers and engineers who are passionate about pushing the boundaries of machine learning and natural language understanding in the healthcare domain. Join us and make a significant impact on the future of healthcare and patient well-being.

Why Truveta?

Be a part of building something special. Now is the perfect time to join Truveta. We have strong, established leadership with decades of success. We are well-funded. We are building a culture that prioritizes people and their passions across personal, professional and everything in between. Join us as we build an amazing company together.

We offer:
• Competitive compensation
• Company-issued laptop and equipment
• Opportunities for future full-time positions
• The hourly pay for this position is $45

Truveta is proud to be an Equal Employment Opportunity employer. We do not discriminate based upon race, religion, color, national origin, gender (including pregnancy, childbirth, or related medical conditions), sexual orientation, gender identity, gender expression, age, status as a protected veteran, status as an individual with a disability, or other applicable legally protected characteristics.
"
"Research Scientist Intern, Generative AI Trust and Safety",Trust A-tech,"Menlo Park, CA • via BeBee",2025-01-08T13:33:11.021810,"CURRENTLY HAS OR IS IN THE PROCESS OF OBTAINING A Ph.D
DEGREE IN COMPUTER SCIENCE, COMPUTER VISION, AUDIO PROCESSING, ARTIFICIAL INTELLIGENCE, GENERATIVE AI, OR RELEVANT TECHNICAL FIELD
MUST OBTAIN WORK AUTHORIZATION IN THE COUNTRY OF EMPLOYMENT AT THE TIME OF HIRE AND MAINTAIN ONGOING WORK AUTHORIZATION DURING EMPLOYMENT
RESEARCH EXPERIENCE IN MACHINE LEARNING, DEEP LEARNING, COMPUTER VISION AND/OR NATURAL LANGUAGE PROCESSING
EXPERIENCE WITH PYTHON, C++, C, JAVA OR OTHER RELATED LANGUAGES
EXPERIENCE WITH DEEP LEARNING FRAMEWORKS SUCH AS PYTORCH OR TENSORFLOW","CURRENTLY HAS OR IS IN THE PROCESS OF OBTAINING A Ph.D; DEGREE IN COMPUTER SCIENCE, COMPUTER VISION, AUDIO PROCESSING, ARTIFICIAL INTELLIGENCE, GENERATIVE AI, OR RELEVANT TECHNICAL FIELD; MUST OBTAIN WORK AUTHORIZATION IN THE COUNTRY OF EMPLOYMENT AT THE TIME OF HIRE AND MAINTAIN ONGOING WORK AUTHORIZATION DURING EMPLOYMENT; RESEARCH EXPERIENCE IN MACHINE LEARNING, DEEP LEARNING, COMPUTER VISION AND/OR NATURAL LANGUAGE PROCESSING; EXPERIENCE WITH PYTHON, C++, C, JAVA OR OTHER RELATED LANGUAGES; EXPERIENCE WITH DEEP LEARNING FRAMEWORKS SUCH AS PYTORCH OR TENSORFLOW","CURRENTLY HAS OR IS IN THE PROCESS OF OBTAINING A Ph.D
DEGREE IN COMPUTER SCIENCE, COMPUTER VISION, AUDIO PROCESSING, ARTIFICIAL INTELLIGENCE, GENERATIVE AI, OR RELEVANT TECHNICAL FIELD
MUST OBTAIN WORK AUTHORIZATION IN THE COUNTRY OF EMPLOYMENT AT THE TIME OF HIRE AND MAINTAIN ONGOING WORK AUTHORIZATION DURING EMPLOYMENT
RESEARCH EXPERIENCE IN MACHINE LEARNING, DEEP LEARNING, COMPUTER VISION AND/OR NATURAL LANGUAGE PROCESSING
EXPERIENCE WITH PYTHON, C++, C, JAVA OR OTHER RELATED LANGUAGES
EXPERIENCE WITH DEEP LEARNING FRAMEWORKS SUCH AS PYTORCH OR TENSORFLOW","CURRENTLY HAS OR IS IN THE PROCESS OF OBTAINING A Ph.D; DEGREE IN COMPUTER SCIENCE, COMPUTER VISION, AUDIO PROCESSING, ARTIFICIAL INTELLIGENCE, GENERATIVE AI, OR RELEVANT TECHNICAL FIELD; MUST OBTAIN WORK AUTHORIZATION IN THE COUNTRY OF EMPLOYMENT AT THE TIME OF HIRE AND MAINTAIN ONGOING WORK AUTHORIZATION DURING EMPLOYMENT; RESEARCH EXPERIENCE IN MACHINE LEARNING, DEEP LEARNING, COMPUTER VISION AND/OR NATURAL LANGUAGE PROCESSING; EXPERIENCE WITH PYTHON, C++, C, JAVA OR OTHER RELATED LANGUAGES; EXPERIENCE WITH DEEP LEARNING FRAMEWORKS SUCH AS PYTORCH OR TENSORFLOW","We offer a competitive salary range of $7,650/month to $11,333/month, plus benefits
Individual pay is determined by skills, qualifications, experience, and location
Compensation details listed in this posting reflect the base salary only, and do not include bonus, equity or sales incentives, if applicable","We offer a competitive salary range of $7,650/month to $11,333/month, plus benefits; Individual pay is determined by skills, qualifications, experience, and location; Compensation details listed in this posting reflect the base salary only, and do not include bonus, equity or sales incentives, if applicable","We offer a competitive salary range of $7,650/month to $11,333/month, plus benefits
Individual pay is determined by skills, qualifications, experience, and location
Compensation details listed in this posting reflect the base salary only, and do not include bonus, equity or sales incentives, if applicable","We offer a competitive salary range of $7,650/month to $11,333/month, plus benefits; Individual pay is determined by skills, qualifications, experience, and location; Compensation details listed in this posting reflect the base salary only, and do not include bonus, equity or sales incentives, if applicable","Meta Research Intern

We are seeking talented individuals to join our Generative AI efforts across modalities (text, images, video, audio, etc.). Our team is committed to advancing the field of artificial intelligence by making fundamental advances in technologies to help interact with and understand our world.
About Us

Meta was built to help people connect and share. With over a billion people u
sing our service and more than fifty offices around the globe, a career at Meta offers countless ways to make an impact in a fast growing organization.
Job Description

As a Research Scientist Intern, you will have the opportunity to develop novel state-of-the-art generative AI algorithms and corresponding systems, leveraging various deep learning techniques. You will also analyze and improve the safety and robustness of deployed algorithms based on the project, perform research to advance the science and technology of intelligent machines, collaborate with researchers and cross-functional partners, and disseminate research results.
Responsibilities
• Develop novel state-of-the-art generative AI algorithms and corresponding systems, leveraging various deep learning techniques.
• Help analyze and improve safety and robustness of corresponding deployed algorithms based on the project.
• Perform research to advance the science and technology of intelligent machines.
• Collaborate with researchers and cross-functional partners including communicating research plans, progress, and results.
• Disseminate research results.
• Publish research results and contribute to research that can be applied to Meta product development.
Requirements
• CURRENTLY HAS OR IS IN THE PROCESS OF OBTAINING A Ph.D. DEGREE IN COMPUTER SCIENCE, COMPUTER VISION, AUDIO PROCESSING, ARTIFICIAL INTELLIGENCE, GENERATIVE AI, OR RELEVANT TECHNICAL FIELD.
• MUST OBTAIN WORK AUTHORIZATION IN THE COUNTRY OF EMPLOYMENT AT THE TIME OF HIRE AND MAINTAIN ONGOING WORK AUTHORIZATION DURING EMPLOYMENT.
• RESEARCH EXPERIENCE IN MACHINE LEARNING, DEEP LEARNING, COMPUTER VISION AND/OR NATURAL LANGUAGE PROCESSING.
• EXPERIENCE WITH PYTHON, C++, C, JAVA OR OTHER RELATED LANGUAGES.
• EXPERIENCE WITH DEEP LEARNING FRAMEWORKS SUCH AS PYTORCH OR TENSORFLOW.
Benefits

We offer a competitive salary range of $7,650/month to $11,333/month, plus benefits. Individual pay is determined by skills, qualifications, experience, and location. Compensation details listed in this posting reflect the base salary only, and do not include bonus, equity or sales incentives, if applicable.
"
