Title,Company,Location,Timestamp,Job Highlights,Job Highlights Items,Qualifications,Qualifications Items,Benefits,Benefits Items,Responsibilities,Responsibilities Items,Job Description
Internship - Artificial Intelligence Business Analysis,Novo Nordisk,"Plainsboro Township, NJ • via BioSpace",2025-01-08T12:49:53.042476,"0% overnight travel required
Must be a current student enrolled or recently graduated (graduation date no earlier than May 2025) at/from an accredited college or university pursuing at least a bachelor’s degree
Conscientious self-starter with good organizational skills, project management skills and attention to detail
Ability to balance multiple projects and priorities, must be able to multi-task
Strong interpersonal communication and ability to collaborate with teams; must effectively operate independently, across functional lines, and with internal customers
Demonstrated personal initiative, self-motivation, flexibility, adaptability and willingness to learn
Proficient in Microsoft Office Tools including Word, Excel, PowerPoint, etc","0% overnight travel required; Must be a current student enrolled or recently graduated (graduation date no earlier than May 2025) at/from an accredited college or university pursuing at least a bachelor’s degree; Conscientious self-starter with good organizational skills, project management skills and attention to detail; Ability to balance multiple projects and priorities, must be able to multi-task; Strong interpersonal communication and ability to collaborate with teams; must effectively operate independently, across functional lines, and with internal customers; Demonstrated personal initiative, self-motivation, flexibility, adaptability and willingness to learn; Proficient in Microsoft Office Tools including Word, Excel, PowerPoint, etc","0% overnight travel required
Must be a current student enrolled or recently graduated (graduation date no earlier than May 2025) at/from an accredited college or university pursuing at least a bachelor’s degree
Conscientious self-starter with good organizational skills, project management skills and attention to detail
Ability to balance multiple projects and priorities, must be able to multi-task
Strong interpersonal communication and ability to collaborate with teams; must effectively operate independently, across functional lines, and with internal customers
Demonstrated personal initiative, self-motivation, flexibility, adaptability and willingness to learn
Proficient in Microsoft Office Tools including Word, Excel, PowerPoint, etc","0% overnight travel required; Must be a current student enrolled or recently graduated (graduation date no earlier than May 2025) at/from an accredited college or university pursuing at least a bachelor’s degree; Conscientious self-starter with good organizational skills, project management skills and attention to detail; Ability to balance multiple projects and priorities, must be able to multi-task; Strong interpersonal communication and ability to collaborate with teams; must effectively operate independently, across functional lines, and with internal customers; Demonstrated personal initiative, self-motivation, flexibility, adaptability and willingness to learn; Proficient in Microsoft Office Tools including Word, Excel, PowerPoint, etc","Our internship program also includes instructor led trainings, a leadership engagement series, and a guided mentorship program to offer professional and personal development","Our internship program also includes instructor led trainings, a leadership engagement series, and a guided mentorship program to offer professional and personal development","Our internship program also includes instructor led trainings, a leadership engagement series, and a guided mentorship program to offer professional and personal development","Our internship program also includes instructor led trainings, a leadership engagement series, and a guided mentorship program to offer professional and personal development","About the Department

The Finance, Insights & Enterprise Solutions department brings insights and intelligence to inform decision making & drives digitalization and business solutions to attain NNI goals. Finance, Insights & Enterprise Solutions works closely across the organization to guide enterprise-wide resource allocations, investment choices, drive core operations and develop insights to dri
ve growth and operational excellence across the value chain while innovating for future capabilities. Our focus on innovation ensures we're constantly building future capabilities. We're responsible for regulating accounting, upholding workplace safety, managing our supply chain and sampling, supporting technological and data innovation, insights and analytics, delivering patient support solutions, maintaining our facilities and assuring the integrity and completeness of all business transactions. At Novo Nordisk, you will have the opportunity to build a life-changing career in a global business environment. We encourage our employees to make the most of their talent, and we reward hard work and dedication with opportunities for continuous learning and personal development. Are you ready to maximize your potential with us?

The Program

At Novo Nordisk, interns will have the opportunity to work closely with experienced industry professionals and gain valuable, hands-on, full-time work experience. For ten weeks, interns will be immersed in the environment of a global pharmaceutical company and contribute to the line of business by providing sustainable and meaningful project work. Our internship program also includes instructor led trainings, a leadership engagement series, and a guided mentorship program to offer professional and personal development.

In addition to individual department responsibilities, interns will also participate in the program’s capstone event, the Innovation in Action Case Competition. Assigned to cross-functional teams, interns will work closely to develop an innovative and comprehensive solution to a business problem currently facing Novo Nordisk. At the conclusion of the program, teams will present their findings to a board of top Novo Nordisk officials representing the various lines of business.

Program Start: June 2nd, 2025

Program End: August 8th, 2025

Scope of Position

The individual will be reporting into the Associate Director of Business Applications. Within this internship role, the individual will have an opportunity to look deeper into AI initiatives. They will also get to perform a detail study on business value realization. In doing so, they will be discussing with data scientists on metrics to measure the success as well as connect with business to decide what value it brings to them and identity when to evolve the model.

Physical Requirements
• 0% overnight travel required.

Qualifications
• Must be a current student enrolled or recently graduated (graduation date no earlier than May 2025) at/from an accredited college or university pursuing at least a bachelor’s degree.
• A completed or in progress undergraduate, graduate, or doctoral degree in Artificial Intelligence, Business Analysis, or a related discipline preferred.
• Strong academic record with a preferred cumulative GPA of 3.0 or higher.
• Conscientious self-starter with good organizational skills, project management skills and attention to detail.
• Ability to balance multiple projects and priorities, must be able to multi-task.
• Strong interpersonal communication and ability to collaborate with teams; must effectively operate independently, across functional lines, and with internal customers.
• Demonstrated personal initiative, self-motivation, flexibility, adaptability and willingness to learn.
• Proficient in Microsoft Office Tools including Word, Excel, PowerPoint, etc.

We commit to an inclusive recruitment process and equality of opportunity for all our job applicants.

At Novo Nordisk we recognize that it is no longer good enough to aspire to be the best company in the world. We need to aspire to be the best company for the world and we know that this is only possible with talented employees with diverse perspectives, backgrounds and cultures. We are therefore committed to creating an inclusive culture that celebrates the diversity of our employees, the patients we serve and communities we operate in. Together, we’re life changing.

Novo Nordisk is an equal opportunity employer. Qualified applicants will receive consideration for employment without regard to race, ethnicity, color, religion, sex, gender identity, sexual orientation, national origin, disability, protected veteran status or any other characteristic protected by local, state or federal laws, rules or regulations.

If you are interested in applying to Novo Nordisk and need special assistance or an accommodation to apply, please call us at 1-855-411-5290. This contact is for accommodation requests only and cannot be used to inquire about the status of applications.
"
Intern - AI & Data Science,Valley National Bank,"Morristown, NJ • via ZipRecruiter",2025-01-08T12:50:03.157600,"Strong written and verbal communication skills
Excellent organizational and time management skills
Strong analytical and conceptual thinking
Motivated self-starter
Ability to work independently and as part of a team
Proficient in Microsoft Office Suite ( Word, Excel, PowerPoint)
Rising sophomore, junior, senior or graduate student
Currently enrolled in a College or University program","Strong written and verbal communication skills; Excellent organizational and time management skills; Strong analytical and conceptual thinking; Motivated self-starter; Ability to work independently and as part of a team; Proficient in Microsoft Office Suite ( Word, Excel, PowerPoint); Rising sophomore, junior, senior or graduate student; Currently enrolled in a College or University program","Strong written and verbal communication skills
Excellent organizational and time management skills
Strong analytical and conceptual thinking
Motivated self-starter
Ability to work independently and as part of a team
Proficient in Microsoft Office Suite ( Word, Excel, PowerPoint)
Rising sophomore, junior, senior or graduate student
Currently enrolled in a College or University program","Strong written and verbal communication skills; Excellent organizational and time management skills; Strong analytical and conceptual thinking; Motivated self-starter; Ability to work independently and as part of a team; Proficient in Microsoft Office Suite ( Word, Excel, PowerPoint); Rising sophomore, junior, senior or graduate student; Currently enrolled in a College or University program",,,,,"Job Overview

The Valley Intern Program (VIP) is a unique and challenging 9-week experience for diverse, talented and motivated students interested in gaining relevant experience in their specific area of study within the banking industry. As a Valley intern you will be part of a team and work on projects that enable you to gain real-world skills and experience -- integrating academic learning wit
h practical application. We offer the opportunity to develop the knowledge and skills necessary to grow professionally and contribute to the end results of the assigned projects.

Job Description

The Valley Intern Program (VIP) is a unique and challenging 9-week experience for diverse, talented and motivated students interested in gaining relevant experience in their specific area of study within the banking industry. As a Valley intern you will be part of a team and work on projects that enable you to gain real-world skills and experience -- integrating academic learning with practical application. We offer the opportunity to develop the knowledge and skills necessary to grow professionally and contribute to the end results of the assigned projects.

Responsibilities include but are not limited to:
• Support your manager in performing research and/or analysis on specific topics.
• Independently complete tasks that contribute to larger projects relevant to the assigned department.
• Participate in meetings and team discussions to gain insight and contribute to the team's goals or projects.
• Communicate with team members and other departments to coordinate work, gather information and develop final work products.
• Join team building activities to establish cross functional relationships within the Valley community.
• Participate in VIP Mentorship Program meetings with your mentor to enhance your business acumen, network with senior leaders and develop technical and professional skills.
• Document and report on progress and results of projects and tasks.
• Attend professional development sessions/classes.

Other Responsibilities:
• Participate in VIP (Valley Intern Program) hosted events,trainings and projects including
• Valley Week of Service, Culture Workshops and final project presentations.
• Complete other related duties as assigned by the respective manager.
• Follow Company policies and procedures.

Requirements

Required Skills:
• Strong written and verbal communication skills.
• Excellent organizational and time management skills.
• Strong analytical and conceptual thinking.
• Motivated self-starter.
• Ability to work independently and as part of a team.
• Proficient in Microsoft Office Suite ( Word, Excel, PowerPoint).

Required Experience:
• Rising sophomore, junior, senior or graduate student.
• Currently enrolled in a College or University program.
"
Machine Learning / AI Internships,Apple,United States • via Careers At Apple,2025-01-08T12:50:13.132563,"Working toward an undergraduate, graduate or doctoral degree in computer science, engineering, data science, applied mathematics, or equivalent
Proficiency conducting ethnographic or other situated studies of human interaction with or through interactive technologies
Experience crafting, conducting, analyzing, and interpreting experiments and investigations
Demonstrated expertise with proven publication or track record in at least one of the areas: statistics, econometrics, operations research, quantitative marketing, causal inference, time series analysis, stochastic modeling, optimization and decision making theory
Research-Focused internships: Currently pursuing a doctoral degree
Research experience in Machine Learning and a demonstrable record of publishing academic research in peer-reviewed venues","Working toward an undergraduate, graduate or doctoral degree in computer science, engineering, data science, applied mathematics, or equivalent; Proficiency conducting ethnographic or other situated studies of human interaction with or through interactive technologies; Experience crafting, conducting, analyzing, and interpreting experiments and investigations; Demonstrated expertise with proven publication or track record in at least one of the areas: statistics, econometrics, operations research, quantitative marketing, causal inference, time series analysis, stochastic modeling, optimization and decision making theory; Research-Focused internships: Currently pursuing a doctoral degree; Research experience in Machine Learning and a demonstrable record of publishing academic research in peer-reviewed venues","Working toward an undergraduate, graduate or doctoral degree in computer science, engineering, data science, applied mathematics, or equivalent
Proficiency conducting ethnographic or other situated studies of human interaction with or through interactive technologies
Experience crafting, conducting, analyzing, and interpreting experiments and investigations
Demonstrated expertise with proven publication or track record in at least one of the areas: statistics, econometrics, operations research, quantitative marketing, causal inference, time series analysis, stochastic modeling, optimization and decision making theory
Research-Focused internships: Currently pursuing a doctoral degree
Research experience in Machine Learning and a demonstrable record of publishing academic research in peer-reviewed venues","Working toward an undergraduate, graduate or doctoral degree in computer science, engineering, data science, applied mathematics, or equivalent; Proficiency conducting ethnographic or other situated studies of human interaction with or through interactive technologies; Experience crafting, conducting, analyzing, and interpreting experiments and investigations; Demonstrated expertise with proven publication or track record in at least one of the areas: statistics, econometrics, operations research, quantitative marketing, causal inference, time series analysis, stochastic modeling, optimization and decision making theory; Research-Focused internships: Currently pursuing a doctoral degree; Research experience in Machine Learning and a demonstrable record of publishing academic research in peer-reviewed venues",,,,,"Summary
Posted: Jun 7, 2024
Weekly Hours: 40
Role Number:200554363

Within Apple’s Artificial Intelligence and Machine Learning organization (AIML), you can take part in the ongoing revolution that machine learning plays in daily life. Apple’s fully-integrated hardware and software provide unique opportunities to deliver amazing experiences, all while prioritizing user privacy. We do work in all f
ields of Machine Learning, including, but not limited to, large language models, diffusion models and reinforcement learning, as well as other related areas such as accessibility, privacy, and fairness.
As an AIML intern, you will get to explore new methods, apply machine learning to solve ambitious problems, advance state-of-the art technology through research and publications, challenge existing metrics or protocols, and develop new theories that will impact the way we understand machine learning and the experiences it can enable. Come collaborate with some of the best in the business and help build the world's most innovative products and experiences.

Description

Description
In an AIML internship, you will collaborate with researchers, engineers, and program/project managers to tackle innovative challenges. You will also receive technical mentorship and guidance that allows you to learn new things every day, gain practical skills, build real world experience, develop a greater understanding of our industry, and form valuable connections.
Together, you and your team will partner to design and implement an innovative solution for a Machine Learning problem that is meaningful. At the end of your internship, you will have the opportunity to meet and present your work to AIML leadership. Where appropriate, you will have the opportunity to submit your work for publication at a suitable conference.

Minimum Qualifications

Minimum Qualifications
• Working toward an undergraduate, graduate or doctoral degree in computer science, engineering, data science, applied mathematics, or equivalent. Doctoral degree paths are preferred for research focused internships.
• At the end of the internship, you must return to school to continue your education or the internship must be the last requirement for you to graduate.

Key Qualifications

Key Qualifications

Preferred Qualifications

Preferred Qualifications
• It’s helpful if you meet one or more of the following qualifications, but it isn’t a requirement
• Proficiency with an object-oriented programming language, such as Python, Swift, Objective C or Java
• Experience with ML libraries, such as TensorFlow, PyTorch, CoreFlow, and Sklearn
• Practical knowledge related to building and adapting algorithms for machine learning, speech, multimodal sensing, and related areas
• Familiarity with crafting, prototyping, and evaluating interactive systems
• Excellent mathematical skills in linear algebra and statistics
• Ability to collaborate with others
• Problem solving skills
• Applied ML Engineering internships: Experience with integrating research prototypes into production applications. Proficiency conducting ethnographic or other situated studies of human interaction with or through interactive technologies. Experience crafting, conducting, analyzing, and interpreting experiments and investigations
• Demonstrated expertise with proven publication or track record in at least one of the areas: statistics, econometrics, operations research, quantitative marketing, causal inference, time series analysis, stochastic modeling, optimization and decision making theory
• Research-Focused internships: Currently pursuing a doctoral degree. Research experience in Machine Learning and a demonstrable record of publishing academic research in peer-reviewed venues

Education & Experience

Education & Experience

Additional Requirements

Additional Requirements

More
• This posting is not for a specific job opening and by submitting your resume you are expressing interest in being contacted about this type of role at Apple in the future.

More
• Apple is an equal opportunity employer that is committed to inclusion and diversity. We take affirmative action to ensure equal opportunity for all applicants without regard to race, color, religion, sex, sexual orientation, gender identity, national origin, disability, Veteran status, or other legally protected characteristics. Learn more about your EEO rights as an applicant.
"
AI Intern - Remote,Mayo Clinic,"Rochester, MN • via Mayo Clinic Careers",2025-01-08T12:50:23.006441,"Interns must pass a pre-employment drug test and criminal background check
The incumbent must be enrolled in a degree program from a college or university
Typically, this internship would occur after the student has taken most of the courses required by the degree program
Must have authorization to work and remain in the United States, without necessity for Mayo Clinic sponsorship now, or in the future (for example, be a U.S. citizen, national, or permanent resident, refugee or asylee)","Interns must pass a pre-employment drug test and criminal background check; The incumbent must be enrolled in a degree program from a college or university; Typically, this internship would occur after the student has taken most of the courses required by the degree program; Must have authorization to work and remain in the United States, without necessity for Mayo Clinic sponsorship now, or in the future (for example, be a U.S. citizen, national, or permanent resident, refugee or asylee)","Interns must pass a pre-employment drug test and criminal background check
The incumbent must be enrolled in a degree program from a college or university
Typically, this internship would occur after the student has taken most of the courses required by the degree program
Must have authorization to work and remain in the United States, without necessity for Mayo Clinic sponsorship now, or in the future (for example, be a U.S. citizen, national, or permanent resident, refugee or asylee)","Interns must pass a pre-employment drug test and criminal background check; The incumbent must be enrolled in a degree program from a college or university; Typically, this internship would occur after the student has taken most of the courses required by the degree program; Must have authorization to work and remain in the United States, without necessity for Mayo Clinic sponsorship now, or in the future (for example, be a U.S. citizen, national, or permanent resident, refugee or asylee)","This position has a predetermined rate of $15.60 per hour
Full Time
Hours/Pay Period
Monday - Friday, Normal Business Hours 100% Remote","This position has a predetermined rate of $15.60 per hour; Full Time; Hours/Pay Period; Monday - Friday, Normal Business Hours 100% Remote","This position has a predetermined rate of $15.60 per hour
Full Time
Hours/Pay Period
Monday - Friday, Normal Business Hours 100% Remote","This position has a predetermined rate of $15.60 per hour; Full Time; Hours/Pay Period; Monday - Friday, Normal Business Hours 100% Remote","Why Mayo Clinic

Mayo Clinic is top-ranked in more specialties than any other care provider according to U.S. News & World Report. As we work together to put the needs of the patient first, we are also dedicated to our employees, investing in competitive compensation and comprehensive benefit plans – to take care of you and your family, now and in the future. And with continuing education and adva
ncement opportunities at every turn, you can build a long, successful career with Mayo Clinic. You’ll thrive in an environment that supports innovation, is committed to ending racism and supporting diversity, equity and inclusion, and provides the resources you need to succeed.

Responsibilities

The primary purpose of the Undergraduate Internship is to provide an intern with relevant field experiences in their chosen field of study. One or more mentors will be assigned to the intern to provide instruction, guidance and to assess performance. The intern is responsible for observing the functions and processes of the assigned work unit. In addition, the intern may be given selected work assignments to reinforce the learning experience, to assess the performance levels and to provide benefit to the work unit. The intern will be responsible for completing all internship-related assignments and reports for both Mayo and the participating educational facility. The duration and timing of the internship will be arranged with the intern and the sponsoring educational facility. Placement in our internship program does not provide financial assistance with relocation, housing, or transportation. Interns must pass a pre-employment drug test and criminal background check.

Qualifications

The incumbent must be enrolled in a degree program from a college or university. Typically, this internship would occur after the student has taken most of the courses required by the degree program.
Must have authorization to work and remain in the United States, without necessity for Mayo Clinic sponsorship now, or in the future (for example, be a U.S. citizen, national, or permanent resident, refugee or asylee).

Exemption Status

Nonexempt

Compensation Detail

This position has a predetermined rate of $15.60 per hour.

Benefits Eligible

No

Schedule

Full Time

Hours/Pay Period

80

Schedule Details

Monday - Friday, Normal Business Hours 100% Remote. This position may work remotely from any location within the US. This vacancy is not eligible for sponsorship/ we will not sponsor or transfer visas for this position.

Weekend Schedule

Not applicable

International Assignment

No

Site Description

Just as our reputation has spread beyond our Minnesota roots, so have our locations. Today, our employees are located at our three major campuses in Phoenix/Scottsdale, Arizona, Jacksonville, Florida, Rochester, Minnesota, and at Mayo Clinic Health System campuses throughout Midwestern communities, and at our international locations. Each Mayo Clinic location is a special place where our employees thrive in both their work and personal lives. Learn more about what each unique Mayo Clinic campus has to offer, and where your best fit is.

Affirmative Action and Equal Opportunity Employer

As an Affirmative Action and Equal Opportunity Employer Mayo Clinic is committed to creating an inclusive environment that values the diversity of its employees and does not discriminate against any employee or candidate. Women, minorities, veterans, people from the LGBTQ communities and people with disabilities are strongly encouraged to apply to join our teams. Reasonable accommodations to access job openings or to apply for a job are available.

Recruiter

Julie Melton
"
2022 Summer Intern - Data Support and A.I. algorithm development,Abacus Service Corporation,"East Hanover, NJ • via ZipRecruiter",2025-01-08T12:50:33.270241,"Trained on AI/Client basic
Internship Topic: Data Support and A.I. algorithm development
High Scool Diploma
Languages: English Read Write Speak Attachments: Skills and Experience Skills: Required
ALGORITHM
ARTIFICIAL INTELLIGENCE
DATA SCIENCE
DATA SUPPORT
DRUG DISCOVERY
MODEL DESIGN",Trained on AI/Client basic; Internship Topic: Data Support and A.I. algorithm development; High Scool Diploma; Languages: English Read Write Speak Attachments: Skills and Experience Skills: Required; ALGORITHM; ARTIFICIAL INTELLIGENCE; DATA SCIENCE; DATA SUPPORT; DRUG DISCOVERY; MODEL DESIGN,"Trained on AI/Client basic
Internship Topic: Data Support and A.I. algorithm development
High Scool Diploma
Languages: English Read Write Speak Attachments: Skills and Experience Skills: Required
ALGORITHM
ARTIFICIAL INTELLIGENCE
DATA SCIENCE
DATA SUPPORT
DRUG DISCOVERY
MODEL DESIGN",Trained on AI/Client basic; Internship Topic: Data Support and A.I. algorithm development; High Scool Diploma; Languages: English Read Write Speak Attachments: Skills and Experience Skills: Required; ALGORITHM; ARTIFICIAL INTELLIGENCE; DATA SCIENCE; DATA SUPPORT; DRUG DISCOVERY; MODEL DESIGN,,,,,"epartment: 7DG1 : COE Analytics
Client Services Job Category: Intern/Co-Op Job Code: Job Title: 2022 Summer Intern - Data Support and A.I. algorithm development Keywords: Number of Positions: 1 Remaining Positions: 1 Duties:

Hours per week: 7 [Wednesday 8am-3pm]

Job Scope:

-Work under Client Sr Data Scientist to support AI algorithm development

-Learn how AI is used in a large Pharmaceutical c
ompany to accelerate business outcomes

-Learn the end-to-end AI/Client solution process, typically how it creates business value for life science

-Support the creation of AI models and utilization

-Learn about the various areas of the Pharmaceutical end to end value chain

Monthly Objective:

Month

Objective

Activities

April

-Understand scope of company

-Learn Al/Client basic and AL/Client solution creation process

-Understand how AI/Client can contribute to business value

-Take required new external orientation

-Overview of company and DS team

-Trained on AI/Client basic

-Understand ideas of how AI/Client be applied in different business area

-Shadow meeting and discussion

May

-Learn about Patient Service Support Programs

-Learn data flow and model design

-Support AI design and implementation process

-Sessions with Patient Services lead to understand solutions with new AI model being designed and developed

-Continue to evolve in real business needs discussion

-Support meeting presentations and team discussion

June

-Participate in Delivery demos

-Extend AI/Client development

-Participate in various system demos

-Continue to evolve library capability

-Create a basic AI model

Skills:

Internship Topic: Data Support and A.I. algorithm development

Client International AG is a Swiss multinational pharmaceutical company. It is one of the largest pharmaceutical companies in the world. Data science and artificial intelligence can extract and Client new knowledge from data, solving real-world problems from different perspectives. With tons of data, Client is actively committed to data science and AI to power its business to accelerate drug discovery, manufacturing, and health delivery for patients globally.
Education:

High Scool Diploma
Languages: English Read Write Speak Attachments: Skills and Experience Skills: Required
• ALGORITHM
• ARTIFICIAL INTELLIGENCE
• DATA SCIENCE
• DATA SUPPORT
• DRUG DISCOVERY
Additional
• LIFE SCIENCE
• MODEL DESIGN
Languages: English( Speak, Read, Write ) Minimum Degree Required: Also Preferred: Location Client Location Country: United States State/Province: New Jersey City: East Hanover Address: One Health Plaza Postal Code: 07936 Work Location Same as Client Location Other Client Location Work Completed Offsite Schedule Start Date: 04/04/2022 Hours Per Week: 40.00 Est. End Date: 06/17/2022 Hours Per Day: 8.00 Schedule Notes: Days Per Week: 5.00
"
Summer 2025 Content Design AI Internship,TMobile,"Herndon, VA • via T-Mobile Career",2025-01-08T12:50:43.849157,"Currently enrolled in a Graduate program in Communication Design, Communication and Media Studies, and/or English, with a focus on creative writing
Expected Graduation of Spring, Summer or Fall 2025
Experience in an agency or corporate environment, with formal content training
Strong grammar and editing abilities
Growth mindset, teamwork, learner, biased for action, critical thinker, collaborator, driven, flexible, thrives in fast-paced environments
At least 18 years of age
Legally authorized to work in the United States
Must have graduated within the last 12-months, OR be actively enrolled in a Bachelors or Graduate degree program
Employees of T-Mobile or Metro by T-Mobile are ineligible for Internships
At least 18 years of age
Legally authorized to work in the United States","Currently enrolled in a Graduate program in Communication Design, Communication and Media Studies, and/or English, with a focus on creative writing; Expected Graduation of Spring, Summer or Fall 2025; Experience in an agency or corporate environment, with formal content training; Strong grammar and editing abilities; Growth mindset, teamwork, learner, biased for action, critical thinker, collaborator, driven, flexible, thrives in fast-paced environments; At least 18 years of age; Legally authorized to work in the United States; Must have graduated within the last 12-months, OR be actively enrolled in a Bachelors or Graduate degree program; Employees of T-Mobile or Metro by T-Mobile are ineligible for Internships; At least 18 years of age; Legally authorized to work in the United States","Currently enrolled in a Graduate program in Communication Design, Communication and Media Studies, and/or English, with a focus on creative writing
Expected Graduation of Spring, Summer or Fall 2025
Experience in an agency or corporate environment, with formal content training
Strong grammar and editing abilities
Growth mindset, teamwork, learner, biased for action, critical thinker, collaborator, driven, flexible, thrives in fast-paced environments
At least 18 years of age
Legally authorized to work in the United States
Must have graduated within the last 12-months, OR be actively enrolled in a Bachelors or Graduate degree program
Employees of T-Mobile or Metro by T-Mobile are ineligible for Internships
At least 18 years of age
Legally authorized to work in the United States","Currently enrolled in a Graduate program in Communication Design, Communication and Media Studies, and/or English, with a focus on creative writing; Expected Graduation of Spring, Summer or Fall 2025; Experience in an agency or corporate environment, with formal content training; Strong grammar and editing abilities; Growth mindset, teamwork, learner, biased for action, critical thinker, collaborator, driven, flexible, thrives in fast-paced environments; At least 18 years of age; Legally authorized to work in the United States; Must have graduated within the last 12-months, OR be actively enrolled in a Bachelors or Graduate degree program; Employees of T-Mobile or Metro by T-Mobile are ineligible for Internships; At least 18 years of age; Legally authorized to work in the United States","You’ll contribute your creativity and outstanding ideas, while working alongside T-Mobile employees
Intern wages range from $20/hour to $40/hour
The successful candidate’s actual pay will be based on experience/location","You’ll contribute your creativity and outstanding ideas, while working alongside T-Mobile employees; Intern wages range from $20/hour to $40/hour; The successful candidate’s actual pay will be based on experience/location","You’ll contribute your creativity and outstanding ideas, while working alongside T-Mobile employees
Intern wages range from $20/hour to $40/hour
The successful candidate’s actual pay will be based on experience/location","You’ll contribute your creativity and outstanding ideas, while working alongside T-Mobile employees; Intern wages range from $20/hour to $40/hour; The successful candidate’s actual pay will be based on experience/location","T-Mobile is synonymous with innovation–and you could be part of the team that disrupted an entire industry! We reinvented customer service, brought real 5G to the nation, and now we’re shaping the future of technology in wireless and beyond. Our work is as exciting as it is rewarding, so consider the career opportunity below as your invitation to grow with us, make big things happen with us, above
all, #BEYOU with us. Together, we won’t stop!

Get hands-on experience, training—and a leg up on a bright future.

Learn. Achieve. Build a career.

T-Mobile is revolutionizing the wireless industry for millions of customers nationwide. Working here means rolling up your sleeves and redefining the status quo with a team that has your back every step of the way!

This is a 12-week paid learning experience during which you’ll be able to connect and network with other interns and leaders within the company. We invite you to come innovate with mentors who will challenge you to develop meaningful skills. You’ll contribute your creativity and outstanding ideas, while working alongside T-Mobile employees. We’ll give you hands-on projects and the chance to create an immediate impact.

What It’s Like

We are looking for a Content Design AI Intern for Product Experience Design & Innovation. We are a multidisciplinary team of designers, researchers, content strategists, and accessibility experts who work together to define and design end-to-end product experiences for our customers. Content designers at T-Mobile are not only experts in UX writing but are strategic thinkers who collaborate with partners on information architecture, content hierarchies, user research, content consistency and governance, and more.

What You’ll Do

In this role you will tap into your passion for machine learning and/or generative AI to help shape user experiences and content strategy to drive towards business and customer goals. You will partner with other content designers, designers, product managers, software engineers, and business partners, to integrate AI in the digital and Frontline experiences that T-Mobile creates for our customers, to improve our user experiences.

Key Responsibilities
• As the Content Design AI intern, you will seek out and apply machine learning, generative AI, and/or nature language processing practices to incorporate into content strategy for product experiences.
• You will help create artifacts for AI training, sample prompts, content modeling, content governance, and more.
• You are self-motivated, innovative, and are driven by your passion for AI.
• You will also be an integrated member of the content design team, attending and contributing to content critique sessions and other content design meetings and activities.

What It Takes
• Currently enrolled in a Graduate program in Communication Design, Communication and Media Studies, and/or English, with a focus on creative writing
• Expected Graduation of Spring, Summer or Fall 2025.
• Experience in an agency or corporate environment, with formal content training
• Strong grammar and editing abilities
• Previous experience in product, technology or digital function highly preferred
• Growth mindset, teamwork, learner, biased for action, critical thinker, collaborator, driven, flexible, thrives in fast-paced environments

Minimum Qualifications
• At least 18 years of age
• Legally authorized to work in the United States
• Must have graduated within the last 12-months, OR be actively enrolled in a Bachelors or Graduate degree program

Employees of T-Mobile or Metro by T-Mobile are ineligible for Internships

Employer does not sponsor work visas for this position. Note that this also applies to individuals who are students in F-1 status who desire sponsorship after they complete their education.

Relocation assistance may be provided to program participants who reside more than 50 miles from the internship location.

Intern wages range from $20/hour to $40/hour. The successful candidate’s actual pay will be based on experience/location.
• At least 18 years of age
• Legally authorized to work in the United States

Never stop growing!
As part of the T-Mobile team, you know the Un-carrier doesn’t have a corporate ladder–it’s more like a jungle gym of possibilities! We love helping our employees grow in their careers, because it’s that shared drive to aim high that drives our business and our culture forward. By applying for this career opportunity, you’re living our values while investing in your career growth–and we applaud it. You’re unstoppable!

T-Mobile USA, Inc. is an Equal Opportunity Employer. All decisions concerning the employment relationship will be made without regard to age, race, ethnicity, color, religion, creed, sex, sexual orientation, gender identity or expression, national origin, religious affiliation, marital status, citizenship status, veteran status, the presence of any physical or mental disability, or any other status or characteristic protected by federal, state, or local law. Discrimination, retaliation or harassment based upon any of these factors is wholly inconsistent with how we do business and will not be tolerated.

Talent comes in all forms at the Un-carrier. If you are an individual with a disability and need reasonable accommodation at any point in the application or interview process, please let us know by emailing ApplicantAccommodation@t-mobile.com or calling 1-844-873-9500. Please note, this contact channel is not a means to apply for or inquire about a position and we are unable to respond to non-accommodation related requests.
"
"Data Internship, AI/ML and Data Engineering",Coalition,"New York, NY • via Index Ventures",2025-01-08T12:50:54.195677,"Currently pursuing a Bachelor’s or Master’s degree in Computer Science, Computer Engineering, Statistics, Mathematics or related technical discipline
You are entering your 4th year at university or final year for an advanced degree
Strong familiarity with Python, and ability to code and iterate independently on top of data infrastructure tools like Jupyter notebooks, standard ML libraries, Spark, etc
Understanding of statistical modeling/machine learning/ data mining concepts, and a track record solving problems with these methods
Ability to apply statistical/machine learning techniques such as hypothesis testing, time series forecasting, linear and logistic regression, random forests, etc
Ability to participate in a full-time internship between June-August","Currently pursuing a Bachelor’s or Master’s degree in Computer Science, Computer Engineering, Statistics, Mathematics or related technical discipline; You are entering your 4th year at university or final year for an advanced degree; Strong familiarity with Python, and ability to code and iterate independently on top of data infrastructure tools like Jupyter notebooks, standard ML libraries, Spark, etc; Understanding of statistical modeling/machine learning/ data mining concepts, and a track record solving problems with these methods; Ability to apply statistical/machine learning techniques such as hypothesis testing, time series forecasting, linear and logistic regression, random forests, etc; Ability to participate in a full-time internship between June-August","Currently pursuing a Bachelor’s or Master’s degree in Computer Science, Computer Engineering, Statistics, Mathematics or related technical discipline
You are entering your 4th year at university or final year for an advanced degree
Strong familiarity with Python, and ability to code and iterate independently on top of data infrastructure tools like Jupyter notebooks, standard ML libraries, Spark, etc
Understanding of statistical modeling/machine learning/ data mining concepts, and a track record solving problems with these methods
Ability to apply statistical/machine learning techniques such as hypothesis testing, time series forecasting, linear and logistic regression, random forests, etc
Ability to participate in a full-time internship between June-August","Currently pursuing a Bachelor’s or Master’s degree in Computer Science, Computer Engineering, Statistics, Mathematics or related technical discipline; You are entering your 4th year at university or final year for an advanced degree; Strong familiarity with Python, and ability to code and iterate independently on top of data infrastructure tools like Jupyter notebooks, standard ML libraries, Spark, etc; Understanding of statistical modeling/machine learning/ data mining concepts, and a track record solving problems with these methods; Ability to apply statistical/machine learning techniques such as hypothesis testing, time series forecasting, linear and logistic regression, random forests, etc; Ability to participate in a full-time internship between June-August","Our compensation reflects the cost of labor across several US geographic markets
The US base salary for this position is $45/hour for the internship
Consistent with applicable laws, an employee's pay within this range is based on a number of factors, which include but are not limited to relevant education, skills, job-related knowledge, qualifications, work experience, credentials, and/or geographic location
Your recruiter can share more on target salary for your location during the interview process","Our compensation reflects the cost of labor across several US geographic markets; The US base salary for this position is $45/hour for the internship; Consistent with applicable laws, an employee's pay within this range is based on a number of factors, which include but are not limited to relevant education, skills, job-related knowledge, qualifications, work experience, credentials, and/or geographic location; Your recruiter can share more on target salary for your location during the interview process","Our compensation reflects the cost of labor across several US geographic markets
The US base salary for this position is $45/hour for the internship
Consistent with applicable laws, an employee's pay within this range is based on a number of factors, which include but are not limited to relevant education, skills, job-related knowledge, qualifications, work experience, credentials, and/or geographic location
Your recruiter can share more on target salary for your location during the interview process","Our compensation reflects the cost of labor across several US geographic markets; The US base salary for this position is $45/hour for the internship; Consistent with applicable laws, an employee's pay within this range is based on a number of factors, which include but are not limited to relevant education, skills, job-related knowledge, qualifications, work experience, credentials, and/or geographic location; Your recruiter can share more on target salary for your location during the interview process","About us

Coalition is the world's first Active Insurance provider designed to help prevent digital risk before it strikes. Founded in 2017, Coalition combines broad insurance coverage with a digital risk assessment and continuous security monitoring to help organizations protect themselves in today’s hyper-connected world.

Opportunities to make an impact with bold thinking are real - and happeni
ng daily.
About the role

Our Data team will be hiring three interns this summer, focusing on AI/ML and Data Engineering. These particular internship opportunities will be contributing to the vital efforts of our data team, helping define, model, and solve real-world, ambitious, insurance problems using various data-driven approaches.

Curious about the day in the life of an intern?
• Interns at Coalition will be able to work remotely thus giving you the flexibility of working in an environment of your choice
• Did I mention that our internships are paid and full-time?
• You will be paired with your very own mentor that will be your source of guidance and direction during your internship
• Duration: 10-14 weeks (ideally)
• An intern project will be decided between you and your mentor
• The ability to meet senior technical and business leaders across the company
• At the end of your internship, you will have the ability to showcase your completed project and reflect on your time at Coalition
• You will gain some exceptional experience in a fast-paced, fun and inclusive environment
• PLUS...there could be potential for post-internship career opportunities

We believe in saying “yes” when it comes to venturing into the ever-changing world of tech. Your fellow teammates are right there with you. All of our individual successes contribute to the larger success of the company. One for all and all for one!

It’s that time. Let’s take a closer look at the role responsibilities and qualifications.
Responsibilities

AI / Machine Learning
• Identify predictors and causes of business related problems, implement novel approaches related to forecasting/prediction, and present written business recommendations.
• Design and implement tools and frameworks to be used across various machine learning and data science teams
• A strong desire to help build components of our Machine Learning platform that will be used by internal and external Coalition customers.
• Solicit and incorporate feedback on your work from your mentor, other user researchers, and multi-functional team members

Data Engineering
• Identify predictors and causes of business related problems, implement novel approaches related to forecasting/prediction, and present written business recommendations.
• Ability to use data to identify gaps/problems in our customer’s journey and propose potential solutions
• Lead the design and delivery of data models, reporting systems, data automation systems, dashboards and performance metrics that support key product decisions
• Ability to analyze disparate data sources and synthesize into a narrative of what is happening in the data
Skills and Qualifications
• Currently pursuing a Bachelor’s or Master’s degree in Computer Science, Computer Engineering, Statistics, Mathematics or related technical discipline
• You are entering your 4th year at university or final year for an advanced degree
• Strong familiarity with Python, and ability to code and iterate independently on top of data infrastructure tools like Jupyter notebooks, standard ML libraries, Spark, etc.
• Understanding of statistical modeling/machine learning/ data mining concepts, and a track record solving problems with these methods.
• Ability to apply statistical/machine learning techniques such as hypothesis testing, time series forecasting, linear and logistic regression, random forests, etc.
• Ability to participate in a full-time internship between June-August
Compensation

Our compensation reflects the cost of labor across several US geographic markets. The US base salary for this position is $45/hour for the internship. Consistent with applicable laws, an employee's pay within this range is based on a number of factors, which include but are not limited to relevant education, skills, job-related knowledge, qualifications, work experience, credentials, and/or geographic location. Your recruiter can share more on target salary for your location during the interview process. Coalition, Inc. reserves the right to modify this range as needed.
Why Coalition?

We’re a remote-first, mission-driven team committed to building a more inclusive culture with people of all different backgrounds. We trust our team members to take responsibility, share ownership, and put in the work to help us in our pursuit to solve digital risk.

Coalition’s exceptional growth stems from its ability to address real-world problems for organizations of all sizes and remain true to our founding values of character, humility, responsibility, purpose, authenticity, and inclusion.

We’re always looking for collaborative, inquisitive individuals to join #OurCoalition.

Visit our Newsroom >
Privacy Notice

Coalition is committed to protecting your privacy. We want you to understand what personal information we collect and how we use it. We also want you to understand your options regarding our collection, use, and disclosure of such information and your ability to access and correct such information. As the leading provider of active insurance, Coalition is required to adhere to certain local regulations, including U.S. federal and state laws that protect your information and our use and disclosure of it.

Information submitted, collected, and processed as part of your application is subject to Coalition's Privacy Policy.
Anti-Discrimination Notice

Coalition is proud to be an Equal Opportunity employer. It is our policy to provide equal opportunity to all individuals seeking employment without regard to race, color, religion, religious creed, national origin, age, sex, marital status, ancestry, physical or mental disability, military or veteran status, gender, gender identity, gender expression, sexual orientation, medical condition, genetic information, or any other protected category under federal, state, or local law. We also prohibit harassment or discrimination of applicants based on the above-protected categories. This policy covers all aspects of employment, including but not limited to, recruitment, selection, training, promotion, transfer, compensation, demotion, and termination of employment.
Accommodations

Coalition complies with US federal and state disability laws. Our policy is to provide reasonable accommodations to qualified individuals with disabilities, including applicants and employees unless the accommodation imposes an undue hardship. Contact us by emailing candidateaccommodations@coalitioninc.com if you require reasonable accommodation to complete this application, interview, pre-employment testing, or participating in the employee selection process.

We consider qualified applicants, regardless of criminal histories, consistent with legal requirements.

To all recruitment agencies: Coalition does not accept unsolicited agency resumes. Do not forward resumes to our email alias, employees, or other physical or virtual organization locations. Coalition is not responsible for any fees related to unsolicited resumes.
"
PhD AI - Trust & Responsible AI Internship Summer 2025,LinkedIn,"Mountain View, CA • via LinkedIn",2025-01-08T12:51:04.595225,"Candidates must be currently enrolled in a PhD program, with an expected graduation date of December 2025 or later
Currently pursuing a PhD in computer science, statistics, mathematics, electrical engineering,
machine learning, or related technical field and returning to the program after the completion
Research experience in responsible AI, trust engineering, or fairness in machine learning
Experience in Python and experience with ML frameworks (e.g., PyTorch, TensorFlow) and
libraries for fairness (e.g., AI Fairness 360, FairLearn)
Experience with regulatory standards and ethical guidelines for AI (e.g., GDPR, fairness
C++, and R
Experience or desire to learn Hadoop, Pig, or other MapReduce paradigms
Experience with real-world applications of ethical AI and deploying models that address
fairness, bias, or trustworthiness
Hands-on experience building explainable AI models or interpretable ML systems
Knowledge of adversarial machine learning and privacy-preserving techniques (e.g., differential
privacy, federated learning)
Strong publication record in AI ethics, fairness, or trustworthy AI conferences (e.g., FAT*,
AIES, NeurIPS, ICML)
Excellent problem-solving skills and a passion for advancing responsible AI in a fast-paced,
collaborative environment
Excellent communication skills
Machine Learning and Deep Learning
Advanced Data Mining
Strategic thinking and problem-solving capabilities
Documents in alternate formats or read aloud to you
Having interviews in an accessible location
Being accompanied by a service dog
Having a sign language interpreter present for the interview","Candidates must be currently enrolled in a PhD program, with an expected graduation date of December 2025 or later; Currently pursuing a PhD in computer science, statistics, mathematics, electrical engineering,; machine learning, or related technical field and returning to the program after the completion; Research experience in responsible AI, trust engineering, or fairness in machine learning; Experience in Python and experience with ML frameworks (e.g., PyTorch, TensorFlow) and; libraries for fairness (e.g., AI Fairness 360, FairLearn); Experience with regulatory standards and ethical guidelines for AI (e.g., GDPR, fairness; C++, and R; Experience or desire to learn Hadoop, Pig, or other MapReduce paradigms; Experience with real-world applications of ethical AI and deploying models that address; fairness, bias, or trustworthiness; Hands-on experience building explainable AI models or interpretable ML systems; Knowledge of adversarial machine learning and privacy-preserving techniques (e.g., differential; privacy, federated learning); Strong publication record in AI ethics, fairness, or trustworthy AI conferences (e.g., FAT*,; AIES, NeurIPS, ICML); Excellent problem-solving skills and a passion for advancing responsible AI in a fast-paced,; collaborative environment; Excellent communication skills; Machine Learning and Deep Learning; Advanced Data Mining; Strategic thinking and problem-solving capabilities; Documents in alternate formats or read aloud to you; Having interviews in an accessible location; Being accompanied by a service dog; Having a sign language interpreter present for the interview","Candidates must be currently enrolled in a PhD program, with an expected graduation date of December 2025 or later
Currently pursuing a PhD in computer science, statistics, mathematics, electrical engineering,
machine learning, or related technical field and returning to the program after the completion
Research experience in responsible AI, trust engineering, or fairness in machine learning
Experience in Python and experience with ML frameworks (e.g., PyTorch, TensorFlow) and
libraries for fairness (e.g., AI Fairness 360, FairLearn)
Experience with regulatory standards and ethical guidelines for AI (e.g., GDPR, fairness
C++, and R
Experience or desire to learn Hadoop, Pig, or other MapReduce paradigms
Experience with real-world applications of ethical AI and deploying models that address
fairness, bias, or trustworthiness
Hands-on experience building explainable AI models or interpretable ML systems
Knowledge of adversarial machine learning and privacy-preserving techniques (e.g., differential
privacy, federated learning)
Strong publication record in AI ethics, fairness, or trustworthy AI conferences (e.g., FAT*,
AIES, NeurIPS, ICML)
Excellent problem-solving skills and a passion for advancing responsible AI in a fast-paced,
collaborative environment
Excellent communication skills
Machine Learning and Deep Learning
Advanced Data Mining
Strategic thinking and problem-solving capabilities
Documents in alternate formats or read aloud to you
Having interviews in an accessible location
Being accompanied by a service dog
Having a sign language interpreter present for the interview","Candidates must be currently enrolled in a PhD program, with an expected graduation date of December 2025 or later; Currently pursuing a PhD in computer science, statistics, mathematics, electrical engineering,; machine learning, or related technical field and returning to the program after the completion; Research experience in responsible AI, trust engineering, or fairness in machine learning; Experience in Python and experience with ML frameworks (e.g., PyTorch, TensorFlow) and; libraries for fairness (e.g., AI Fairness 360, FairLearn); Experience with regulatory standards and ethical guidelines for AI (e.g., GDPR, fairness; C++, and R; Experience or desire to learn Hadoop, Pig, or other MapReduce paradigms; Experience with real-world applications of ethical AI and deploying models that address; fairness, bias, or trustworthiness; Hands-on experience building explainable AI models or interpretable ML systems; Knowledge of adversarial machine learning and privacy-preserving techniques (e.g., differential; privacy, federated learning); Strong publication record in AI ethics, fairness, or trustworthy AI conferences (e.g., FAT*,; AIES, NeurIPS, ICML); Excellent problem-solving skills and a passion for advancing responsible AI in a fast-paced,; collaborative environment; Excellent communication skills; Machine Learning and Deep Learning; Advanced Data Mining; Strategic thinking and problem-solving capabilities; Documents in alternate formats or read aloud to you; Having interviews in an accessible location; Being accompanied by a service dog; Having a sign language interpreter present for the interview","Understanding of AI ethics, bias in machine learning, explainable AI, and privacy-preserving
The pay range for this role is $57 - $70 per hour
Actual compensation packages are based on several factors that are unique to each candidate, including but not limited to skill set, depth of experience, certifications, and specific work location
The total compensation package for this position may also include annual performance bonus, stock, benefits and/or other applicable incentive compensation plans","Understanding of AI ethics, bias in machine learning, explainable AI, and privacy-preserving; The pay range for this role is $57 - $70 per hour; Actual compensation packages are based on several factors that are unique to each candidate, including but not limited to skill set, depth of experience, certifications, and specific work location; The total compensation package for this position may also include annual performance bonus, stock, benefits and/or other applicable incentive compensation plans","Understanding of AI ethics, bias in machine learning, explainable AI, and privacy-preserving
The pay range for this role is $57 - $70 per hour
Actual compensation packages are based on several factors that are unique to each candidate, including but not limited to skill set, depth of experience, certifications, and specific work location
The total compensation package for this position may also include annual performance bonus, stock, benefits and/or other applicable incentive compensation plans","Understanding of AI ethics, bias in machine learning, explainable AI, and privacy-preserving; The pay range for this role is $57 - $70 per hour; Actual compensation packages are based on several factors that are unique to each candidate, including but not limited to skill set, depth of experience, certifications, and specific work location; The total compensation package for this position may also include annual performance bonus, stock, benefits and/or other applicable incentive compensation plans","LinkedIn was built to help professionals achieve more in their careers, and everyday millions of people use our products to make connections, discover opportunities, and gain insights. Our global reach means we get to make a direct impact on the world’s workforce in ways no other company can. We’re much more than a digital resume – we transform lives through innovative products and technology.

We
are looking for Artificial Intelligence interns to work on our massive semi-structured text, graph and user activity data sets. Join LinkedIn’s AI/ML team as a PhD intern focused on Responsible AI and Trust Engineering. In this role, you will help shape the future of AI by ensuring that LinkedIn’s AI systems are designed and deployed ethically, transparently, and fairly. You will work on cutting-edge AI models and tools that enhance trust and accountability, addressing critical challenges such as bias mitigation, fairness, privacy, and explainability. This internship offers a unique opportunity to conduct impactful research and develop responsible AI solutions that affect millions of LinkedIn users.

Candidates must be currently enrolled in a PhD program, with an expected graduation date of December 2025 or later.

At LinkedIn, we trust each other to do our best work where it works best for us and our teams. This role offers a hybrid work option, meaning you can both work from home and commute to a LinkedIn office, depending on what’s best for you and when it is important for your team to be together. Our internship roles will be based in Mountain View, CA; or other US office locations.

Our internships are 12 weeks in length and will have the option of two intern sessions:
• May 27th, 2025 - August 15th, 2025
• June 16th, 2025 - September 5th, 2025

Responsibilities:
•Conduct research on ethical AI, including fairness, transparency, bias detection, and mitigation
techniques in machine learning models.
•Design and implement scalable algorithms to enhance trust in LinkedIn’s AI systems, focusing
on fairness, explainability, and accountability.
•Collaborate with cross-functional teams to integrate responsible AI principles into LinkedIn’s
AI-driven products and services.
•Develop frameworks and tools for detecting, mitigating, and monitoring bias in machine
learning models, ensuring that LinkedIn’s recommendations and systems serve diverse and
global user bases fairly.
•Stay current with the latest research and best practices in responsible AI, contributing to
publications in top-tier AI ethics and ML conferences.
•Work in a highly collaborative environment with mentors, business experts and technologists
to conduct independent research and help deliver intuitive solutions to our products and
services

Basic Qualifications:
•Currently pursuing a PhD in computer science, statistics, mathematics, electrical engineering,
machine learning, or related technical field and returning to the program after the completion
of the internship
•Research experience in responsible AI, trust engineering, or fairness in machine learning.
•Experience in Python and experience with ML frameworks (e.g., PyTorch, TensorFlow) and
libraries for fairness (e.g., AI Fairness 360, FairLearn).
•Understanding of AI ethics, bias in machine learning, explainable AI, and privacy-preserving
techniques.
•Experience with regulatory standards and ethical guidelines for AI (e.g., GDPR, fairness
audits).

Preferred Qualifications:
•Solid understanding of common programming languages used in AI, such as Python, Java,
C++, and R
•Experience or desire to learn Hadoop, Pig, or other MapReduce paradigms
•Experience with real-world applications of ethical AI and deploying models that address
fairness, bias, or trustworthiness.
•Hands-on experience building explainable AI models or interpretable ML systems.
•Knowledge of adversarial machine learning and privacy-preserving techniques (e.g., differential
privacy, federated learning).
•Strong publication record in AI ethics, fairness, or trustworthy AI conferences (e.g., FAT*,
AIES, NeurIPS, ICML).
•Excellent problem-solving skills and a passion for advancing responsible AI in a fast-paced,
collaborative environment
•Excellent communication skills

Suggested Skills:

•Machine Learning and Deep Learning
• Advanced Data Mining
•Strategic thinking and problem-solving capabilities

LinkedIn is committed to fair and equitable compensation practices.

The pay range for this role is $57 - $70 per hour. Actual compensation packages are based on several factors that are unique to each candidate, including but not limited to skill set, depth of experience, certifications, and specific work location. This may be different in other locations due to differences in the cost of labor.

The total compensation package for this position may also include annual performance bonus, stock, benefits and/or other applicable incentive compensation plans. For more information, visit https://careers.linkedin.com/benefits.

Equal Opportunity Statement
LinkedIn is committed to diversity in its workforce and is proud to be an equal opportunity employer. LinkedIn considers qualified applicants without regard to race, color, religion, creed, gender, national origin, age, disability, veteran status, marital status, pregnancy, sex, gender expression or identity, sexual orientation, citizenship, or any other legally protected class. LinkedIn is an Affirmative Action and Equal Opportunity Employer as described in our equal opportunity statement here: https://microsoft.sharepoint.com/:b:/t/LinkedInGCI/EeE8sk7CTIdFmEp9ONzFOTEBM62TPrWLMHs4J1C_QxVTbg?e=5hfhpE. Please reference https://www.eeoc.gov/sites/default/files/2023-06/22-088_EEOC_KnowYourRights6.12ScreenRdr.pdf and https://www.dol.gov/ofccp/regs/compliance/posters/pdf/OFCCP_EEO_Supplement_Final_JRF_QA_508c.pdf for more information.

LinkedIn is committed to offering an inclusive and accessible experience for all job seekers, including individuals with disabilities. Our goal is to foster an inclusive and accessible workplace where everyone has the opportunity to be successful.

If you need a reasonable accommodation to search for a job opening, apply for a position, or participate in the interview process, connect with us at accommodations@linkedin.com and describe the specific accommodation requested for a disability-related limitation.

Reasonable accommodations are modifications or adjustments to the application or hiring process that would enable you to fully participate in that process. Examples of reasonable accommodations include but are not limited to:

-Documents in alternate formats or read aloud to you
-Having interviews in an accessible location
-Being accompanied by a service dog
-Having a sign language interpreter present for the interview

A request for an accommodation will be responded to within three business days. However, non-disability related requests, such as following up on an application, will not receive a response.

LinkedIn will not discharge or in any other manner discriminate against employees or applicants because they have inquired about, discussed, or disclosed their own pay or the pay of another employee or applicant. However, employees who have access to the compensation information of other employees or applicants as a part of their essential job functions cannot disclose the pay of other employees or applicants to individuals who do not otherwise have access to compensation information, unless the disclosure is (a) in response to a formal complaint or charge, (b) in furtherance of an investigation, proceeding, hearing, or action, including an investigation conducted by LinkedIn, or (c) consistent with LinkedIn's legal duty to furnish information.

Pay Transparency Policy Statement
As a federal contractor, LinkedIn follows the Pay Transparency and non-discrimination provisions described at this link: https://lnkd.in/paytransparency.

Global Data Privacy Notice for Job Candidates
This document provides transparency around the way in which LinkedIn handles personal data of employees and job applicants: https://lnkd.in/GlobalDataPrivacyNotice
"
Path AI Dx Memphis Intern,Quest Diagnostics,"Secaucus, NJ • via Quest Diagnostics",2025-01-08T12:51:14.673601,Required Work Experience:,Required Work Experience:,Required Work Experience:,Required Work Experience:,,,,,"Position is used in various departments on an as needed and as approved basis within the region and business.  Duties will vary depending on the department and function the position is assigned to.  Employees will discuss with their leader the scope and duties of the job once their internship starts.

Key Responsibilities:
• Literature Review and Research Support:

- Conduct comprehensive reviews
of current medical research papers and articles related to pathology and oncology.

- Summarize key findings and provide insights to support ongoing research projects.

- Assist in the preparation of research manuscripts, presentations, and reports.
• Digital Modeling and Data Analysis:

- Collaborate with the research team to develop and refine digital models used in pathology and oncology studies.

- Utilize software tools and programming languages (e.g., Python, MATLAB) to analyze research data.

- Assist in the interpretation of data and the generation of visualizations to support research findings.
• Marketing and Outreach:

- Work with the marketing team to develop content for research publications, website updates, and social media channels.

- Assist in the creation and distribution of marketing materials, including newsletters, brochures, and flyers.

- Help organize and promote seminars, webinars, and other events related to pathology and oncology research.
• Administrative Support:

- Provide general administrative support to the research team, including scheduling meetings, maintaining records, and managing correspondence.

- Assist in the coordination of research activities and project timelines.

- Participate in team meetings and contribute to discussions on research progress and strategies.

QUALIFICATIONS

Required Work Experience:

Preferred Work Experience:

Physical and Mental Requirements:

Knowledge:

Skills:

EDUCATION

LICENSECERTIFICATIONS

Equal Opportunity Employer: Race/Color/Sex/Sexual Orientation/Gender Identity/Religion/National Origin/Disability/Vets
"
AI/ML Data Scientist Intern,Intuitive Surgical,"Sunnyvale, CA • via Intuitive Surgical Careers",2025-01-08T12:51:24.657957,"As an AI/ML Data Science Summer Intern, you will assist in exploring and applying basic machine learning techniques to real-world business challenges, including the deployment of Generative AI technologies
This role offers an opportunity to gain hands-on experience in the cutting-edge field of AI and ML, contributing to the integration of Generative AI technologies in practical applications
The internship is designed to provide a platform for learning, experimentation, and contribution to ongoing projects under the guidance of experienced data scientists
Support data exploration and preprocessing activities
Participate in the development and implementation of basic machine learning models under supervision
Collaborate with team members to integrate machine learning models and Generative AI technologies into business applications
Assist in the monitoring and maintenance of deployed ML models
Document and present findings and progress in regular team meetings","As an AI/ML Data Science Summer Intern, you will assist in exploring and applying basic machine learning techniques to real-world business challenges, including the deployment of Generative AI technologies; This role offers an opportunity to gain hands-on experience in the cutting-edge field of AI and ML, contributing to the integration of Generative AI technologies in practical applications; The internship is designed to provide a platform for learning, experimentation, and contribution to ongoing projects under the guidance of experienced data scientists; Support data exploration and preprocessing activities; Participate in the development and implementation of basic machine learning models under supervision; Collaborate with team members to integrate machine learning models and Generative AI technologies into business applications; Assist in the monitoring and maintenance of deployed ML models; Document and present findings and progress in regular team meetings",,,,,,,"Job Description

Primary Function of Position
As an AI/ML Data Science Summer Intern, you will assist in exploring and applying basic machine learning techniques to real-world business challenges, including the deployment of Generative AI technologies. This role offers an opportunity to gain hands-on experience in the cutting-edge field of AI and ML, contributing to the integration of Generative A
I technologies in practical applications. The internship is designed to provide a platform for learning, experimentation, and contribution to ongoing projects under the guidance of experienced data scientists.

Essential Job Duties
• Support data exploration and preprocessing activities.
• Participate in the development and implementation of basic machine learning models under supervision.
• Collaborate with team members to integrate machine learning models and Generative AI technologies into business applications.
• Assist in the monitoring and maintenance of deployed ML models.
• Document and present findings and progress in regular team meetings.
"
Summer 2025 Intern - Salesforce AI Research,100-SFDC Inc.,Anywhere • via Workday,2025-01-08T12:51:31.987142,,,,,,,,,"To get the best candidate experience, please consider applying for a maximum of 3 roles within 12 months to ensure you are not duplicating efforts. About Futureforce University Recruiting Our Futureforce University Recruiting program is dedicated to attracting, retaining and cultivating talent. Our interns and new graduates work on real projects that affect how our business runs, giving them the o
pportunity to make a tangible impact on the future of our company. With offices all over the world, our recruits have the chance to collaborate and connect with fellow employees on a global scale. We offer job shadowing, mentorship programs, talent development courses, and much more. Job Category Fixed Term & Temporary Job Details About Salesforce We’re Salesforce, the Customer Company, inspiring the future of business with AI+ Data +CRM. Leading with our core values, we help companies across every industry blaze new trails and connect with customers in a whole new way. And, we empower you to be a Trailblazer, too — driving your performance and career growth, charting new paths, and improving the state of the world. If you believe in business as the greatest platform for change and in companies doing well and doing good – you’ve come to the right place. Salesforce AI Research advances AI techniques that pave the path for new AI research directions, innovative products and applications with a positive impact on society. Our team of researchers, engineers, product managers, and designers drive AI innovation across pure research, applied research, and new product incubation— all built on our powerful AI platform. We bring companies and customers together using AI that is explainable, transparent, and accountable. As part of our team you’ll learn unique skills, work with talented people, influence the industry standard for fair and ethical use of artificial intelligence and help us to shape the future of AI. Check out our website to learn more about the groundbreaking work of the Salesforce AI Research team https://www.salesforceairesearch.com Salesforce Research is looking for outstanding research interns. Ideal candidates have a strong background in one or more fields: Natural Language Processing Computer Vision Reinforcement Learning General Machine Learning Our research focus includes but is not limited to the following: AI Agents AI for Software Developers AI for Operations / Time Series Responsible & Trusted AI AI for Knowledge Management Mobile AI Multimodal AI Large Language/Action Modeling Human-AI Interaction Automatic Evaluation Candidates that have published in top-tier conferences or journals (e.g., NeurIPS, ICML, ICLR, ACL, EMNLP, CVPR, CHI) are preferred. As a research intern, you will: Work with a team of research scientists and engineers on a project that ideally leads to a submission to a top-tier conference Learn about exciting research and applications outside your expertise Focus on pure research that incorporates into your PhD focus area and contributes to the AI Community Attend conferences with our researchers to showcase your accepted papers Requirements: PhD/MS candidate in a relevant research area Excellent understanding of deep learning techniques, i.e., CNN, RNN, LSTM, GRU, GAN, attention models, and optimization methods Experience with one or more deep learning libraries and platforms, e.g. PyTorch, TensorFlow, Caffe, or Chainer Strong background in machine learning, natural language processing, computer vision, or reinforcement learning Strong algorithmic problem solving skills Programming experience in Python, Java, C/C++, Lua, or a similar language This internship is a minimum of 12 weeks. Accommodations If you require assistance due to a disability applying for open positions please submit a request via this Accommodations Request Form. Posting Statement At Salesforce we believe that the business of business is to improve the state of our world. Each of us has a responsibility to drive Equality in our communities and workplaces. We are committed to creating a workforce that reflects society through inclusive programs and initiatives such as equal pay, employee resource groups, inclusive benefits, and more. Learn more about Equality at www.equality.com and explore our company benefits at www.salesforcebenefits.com. Salesforce is an Equal Employment Opportunity and Affirmative Action Employer. Qualified applicants will receive consideration for employment without regard to race, color, religion, sex, sexual orientation, gender perception or identity, national origin, age, marital status, protected veteran status, or disability status. Salesforce does not accept unsolicited headhunter and agency resumes. Salesforce will not pay any third-party agency or company that does not have a signed agreement with Salesforce. ﻿Salesforce welcomes all. For California-based roles, the base salary hiring range for this position is $58 to $65. Compensation offered will be determined by factors such as location, level, job-related knowledge, skills, and experience. Certain roles may be eligible for incentive compensation, equity, benefits. More details about our company benefits can be found at the following link: https://www.salesforcebenefits.com. We're Salesforce, the Customer Company, inspiring the future of business with AI + Data + CRM. Leading with our core values, we help companies across every industry blaze new trails and connect with customers in a whole new way. And, we empower you to be a Trailblazer, too — driving your performance and career growth, charting new paths, and improving the state of the world. If you believe in business as the greatest platform for change and in companies doing well and doing good – you've come to the right place.
"
"Machine Learning Engineer Internship, AI Energy Score",Hugging Face,"New York, NY • via Taro",2025-01-08T12:51:39.149038,Machine Learning Engineer Internship focused on analyzing and improving energy efficiency of AI models through the AI Energy Score project,Machine Learning Engineer Internship focused on analyzing and improving energy efficiency of AI models through the AI Energy Score project,,,,,,,"Machine Learning Engineer Internship focused on analyzing and improving energy efficiency of AI models through the AI Energy Score project.
"
2025 Intern - Machine Learning Engineer,Adobe,"New York, NY (+5 others) • via Adobe Careers",2025-01-08T12:51:49.293378,"Currently enrolled full time and pursuing a Master’s or PhD degree in Computer Science, Computer Engineering; or equivalent experience required with an expected graduation date of December 2025 – June 2026
Good understanding of statistical modeling, machine learning, deep learning, or data analytics concepts
Proficient in one or more programming languages such as Python, Java and C
Familiar with one or more machine learning or statistical modeling tools such as R, Matlab and scikit learn
Strong analytical and quantitative problem-solving ability
Excellent communication, relationship skills and a team player
Ability to participate in a full-time internship between May-September","Currently enrolled full time and pursuing a Master’s or PhD degree in Computer Science, Computer Engineering; or equivalent experience required with an expected graduation date of December 2025 – June 2026; Good understanding of statistical modeling, machine learning, deep learning, or data analytics concepts; Proficient in one or more programming languages such as Python, Java and C; Familiar with one or more machine learning or statistical modeling tools such as R, Matlab and scikit learn; Strong analytical and quantitative problem-solving ability; Excellent communication, relationship skills and a team player; Ability to participate in a full-time internship between May-September","Currently enrolled full time and pursuing a Master’s or PhD degree in Computer Science, Computer Engineering; or equivalent experience required with an expected graduation date of December 2025 – June 2026
Good understanding of statistical modeling, machine learning, deep learning, or data analytics concepts
Proficient in one or more programming languages such as Python, Java and C
Familiar with one or more machine learning or statistical modeling tools such as R, Matlab and scikit learn
Strong analytical and quantitative problem-solving ability
Excellent communication, relationship skills and a team player
Ability to participate in a full-time internship between May-September","Currently enrolled full time and pursuing a Master’s or PhD degree in Computer Science, Computer Engineering; or equivalent experience required with an expected graduation date of December 2025 – June 2026; Good understanding of statistical modeling, machine learning, deep learning, or data analytics concepts; Proficient in one or more programming languages such as Python, Java and C; Familiar with one or more machine learning or statistical modeling tools such as R, Matlab and scikit learn; Strong analytical and quantitative problem-solving ability; Excellent communication, relationship skills and a team player; Ability to participate in a full-time internship between May-September","The U.S. pay range for this position is $45.00 -- $55.00 hourly
Your recruiter can share more about the specific pay rate for your job location during the hiring process",The U.S. pay range for this position is $45.00 -- $55.00 hourly; Your recruiter can share more about the specific pay rate for your job location during the hiring process,"The U.S. pay range for this position is $45.00 -- $55.00 hourly
Your recruiter can share more about the specific pay rate for your job location during the hiring process",The U.S. pay range for this position is $45.00 -- $55.00 hourly; Your recruiter can share more about the specific pay rate for your job location during the hiring process,"Our Company

Changing the world through digital experiences is what Adobe’s all about. We give everyone—from emerging artists to global brands—everything they need to design and deliver exceptional digital experiences! We’re passionate about empowering people to create beautiful and powerful images, videos, and apps, and transform how companies interact with customers across every screen.

We’re o
n a mission to hire the very best and are committed to creating exceptional employee experiences where everyone is respected and has access to equal opportunity. We realize that new ideas can come from everywhere in the organization, and we know the next big idea could be yours!

The Opportunity

Adobe is looking for a Machine Learning intern who will apply AI and machine learning techniques to big-data problems to help Adobe better understand, lead and optimize the experience of its customers.

By using predictive models, experimental design methods, and optimization techniques, the candidate will be working on the research and development of exciting projects like real-time online media optimization, sales operation analytics, customer churn scoring and management, customer understanding, product recommendation and customer lifetime value prediction.

All 2025 Adobe interns will be co-located hybrid. This means that interns will work between their assigned office and home. Interns will be based in the office where their manager and/or team are located, where they will get the most support to ensure collaboration and the best employee experience. Managers and their organization will determine the frequency they need to go into the office to meet priorities.

What You’ll Do
• Develop predictive models on large-scale datasets to address various business problems with statistical modeling, machine learning, and analytics techniques.
• Develop and implement scalable, efficient, and interpretable modeling algorithms that can work with large-scale data in production systems
• Collaborate with product management and engineering groups to develop new products and features.

What You Need to Succeed
• Currently enrolled full time and pursuing a Master’s or PhD degree in Computer Science, Computer Engineering; or equivalent experience required with an expected graduation date of December 2025 – June 2026
• Good understanding of statistical modeling, machine learning, deep learning, or data analytics concepts.
• Proficient in one or more programming languages such as Python, Java and C
• Familiar with one or more machine learning or statistical modeling tools such as R, Matlab and scikit learn
• Strong analytical and quantitative problem-solving ability.
• Excellent communication, relationship skills and a team player
• Ability to participate in a full-time internship between May-September

Our compensation reflects the cost of labor across several  U.S. geographic markets, and we pay differently based on those defined markets. The U.S. pay range for this position is $45.00 -- $55.00 hourly. Your recruiter can share more about the specific pay rate for your job location during the hiring process.

Adobe will consider qualified applicants with arrest or conviction records for employment in accordance with state and local laws and “fair chance” ordinances.

Adobe is proud to be an Equal Employment Opportunity and affirmative action employer. We do not discriminate based on gender, race or color, ethnicity or national origin, age, disability, religion, sexual orientation, gender identity or expression, veteran status, or any other applicable characteristics protected by law. Learn more.

Adobe aims to make Adobe.com accessible to any and all users. If you have a disability or special need that requires accommodation to navigate our website or complete the application process, email accommodations@adobe.com or call (408) 536-3015.

Adobe values a free and open marketplace for all employees and has policies in place to ensure that we do not enter into illegal agreements with other companies to not recruit or hire each other’s employees.
"
Artificial Intelligence Intern,CAI,Anywhere • via Indeed,2025-01-08T12:51:59.248555,"Pursuing a degree in Computer Science, Artificial Intelligence, or Math
Current Junior with a 3.5 GPA or higher
Interested in learning about all types of automation from machine learning, integration through API’s and artificial intelligence
Experience with all phases of the Software Development Lifecycle (SDLC) including best practices in using agile tools to build and support automations from inception through implementation and ongoing support
Strong experience with an object-oriented programming language such as C++, C#, or Java
Desire to continuously learn in a team environment
Excellent written and verbal communication skills
Ability to safely and successfully perform the essential job functions consistent with the ADA and other federal, state, and local standards
Sedentary work that involves sitting or remaining stationary most of the time with occasional need to move around the office to attend meetings, etc
Ability to conduct repetitive tasks on a computer, utilizing a mouse, keyboard, and monitor
#DNP","Pursuing a degree in Computer Science, Artificial Intelligence, or Math; Current Junior with a 3.5 GPA or higher; Interested in learning about all types of automation from machine learning, integration through API’s and artificial intelligence; Experience with all phases of the Software Development Lifecycle (SDLC) including best practices in using agile tools to build and support automations from inception through implementation and ongoing support; Strong experience with an object-oriented programming language such as C++, C#, or Java; Desire to continuously learn in a team environment; Excellent written and verbal communication skills; Ability to safely and successfully perform the essential job functions consistent with the ADA and other federal, state, and local standards; Sedentary work that involves sitting or remaining stationary most of the time with occasional need to move around the office to attend meetings, etc; Ability to conduct repetitive tasks on a computer, utilizing a mouse, keyboard, and monitor; #DNP","Pursuing a degree in Computer Science, Artificial Intelligence, or Math
Current Junior with a 3.5 GPA or higher
Interested in learning about all types of automation from machine learning, integration through API’s and artificial intelligence
Experience with all phases of the Software Development Lifecycle (SDLC) including best practices in using agile tools to build and support automations from inception through implementation and ongoing support
Strong experience with an object-oriented programming language such as C++, C#, or Java
Desire to continuously learn in a team environment
Excellent written and verbal communication skills
Ability to safely and successfully perform the essential job functions consistent with the ADA and other federal, state, and local standards
Sedentary work that involves sitting or remaining stationary most of the time with occasional need to move around the office to attend meetings, etc
Ability to conduct repetitive tasks on a computer, utilizing a mouse, keyboard, and monitor
#DNP","Pursuing a degree in Computer Science, Artificial Intelligence, or Math; Current Junior with a 3.5 GPA or higher; Interested in learning about all types of automation from machine learning, integration through API’s and artificial intelligence; Experience with all phases of the Software Development Lifecycle (SDLC) including best practices in using agile tools to build and support automations from inception through implementation and ongoing support; Strong experience with an object-oriented programming language such as C++, C#, or Java; Desire to continuously learn in a team environment; Excellent written and verbal communication skills; Ability to safely and successfully perform the essential job functions consistent with the ADA and other federal, state, and local standards; Sedentary work that involves sitting or remaining stationary most of the time with occasional need to move around the office to attend meetings, etc; Ability to conduct repetitive tasks on a computer, utilizing a mouse, keyboard, and monitor; #DNP",,,,,"Job ID Number R3989
Employment Type Full time
Worksite Flexibility Remote
Job Summary As an Artificial Intelligence Intern, you will participate in all aspects of the software development, develop and troubleshoot bugs, and suggest improvements.
Job Description

We are looking for an AI Intern . This position is a full-time, internship role and is remote . The internship dates are June 2, 2025 to
August 1, 2025.

What You’ll Do

Our AI Interns participate in all aspects of the software development lifecycle, from design to testing to deployment

Work on Ad Hoc Projects

Develop, troubleshoot bugs and document findings

Suggest improvements

What You'll Need

Required

Pursuing a degree in Computer Science, Artificial Intelligence, or Math

Current Junior with a 3.5 GPA or higher

Interested in learning about all types of automation from machine learning, integration through API’s and artificial intelligence

Experience with all phases of the Software Development Lifecycle (SDLC) including best practices in using agile tools to build and support automations from inception through implementation and ongoing support

Strong experience with an object-oriented programming language such as C++, C#, or Java

Desire to continuously learn in a team environment

Excellent written and verbal communication skills

Physical Demands

Ability to safely and successfully perform the essential job functions consistent with the ADA and other federal, state, and local standards

Sedentary work that involves sitting or remaining stationary most of the time with occasional need to move around the office to attend meetings, etc.

Ability to conduct repetitive tasks on a computer, utilizing a mouse, keyboard, and monitor

#DNP
Reasonable Accommodation Statement
If you require a reasonable accommodation in completing this application, interviewing, completing any pre-employment testing, or otherwise participating in the employment selection process, please direct your inquiries to application.accommodations@cai.io or (888) 824 – 8111.

Equal Employment Opportunity Policy Statement
It is the policy of CAI not to discriminate against any employee or applicant due to race, color, religion, sex, sexual orientation, gender identity, national origin, age, marital status, genetic information, disability or being a protected veteran. It is also the policy of CAI to take affirmative action to employ and to advance in employment, all persons regardless of race, color, religion, sex, sexual orientation, gender identity, national origin, age, marital status, genetic information, disability or being a protected veteran, and to base all employment decisions only on valid job requirements. This policy shall apply to all employment actions, including but not limited to recruitment, hiring, upgrading, promotion, transfer, demotion, layoff, recall, termination, rates of pay or other forms of compensation and selection for training, including apprenticeship, at all levels of employment. Employees and applicants of CAI will not be subject to harassment due to race, color, religion, sex, sexual orientation, gender identity, national origin, age, marital status, genetic information, disability or being a protected veteran. Additionally, retaliation, including intimidation, threats, or coercion, because an employee or applicant has objected to discrimination, engaged or may engage in filing a complaint, assisted in a review, investigation, or hearing or have otherwise sought to obtain their legal rights under any Federal, State, or local EEO law is prohibited.
"
Summer 2025 Intern - AI Scientist,"Salesforce, Inc.","Cambridge, MA (+1 other) • via Salesforce Careers",2025-01-08T12:52:09.354619,"We are looking for someone who gets a kick out of staying on top of the latest AI literature/tools/techniques and figuring out the best way to apply these for practical solutions
Fluent in prototyping AI solutions, testing machine learning models, and wrangling small/medium sized datasets
Pursuing a BS/MS/PhD in a quantitative discipline
Expertise in classical machine learning, deep learning, and large-language-models (LLMs)
Avid experimenter in all things LLMs and agent systems towards innovating how current AI solutions are build
Proficient in using Python scientific stack (e.g
Numpy, Pandas, PyTorch, SciPy, Jupyter)
Proficient in shell scripting, Unix/Linux command-line tools, working with cloud infrastructure (AWS)
Great communication skills: ability to discuss with scientists, engineers, designers, and product managers
Experience in building agent systems and shipping to production
Open-source machine learning code from one's paper, contributions to any projects, implementations of papers
Publications in any of {cvpr, iccv, eccv, neurips, iclr, icml, acl, emnlp, recsys, kdd}","We are looking for someone who gets a kick out of staying on top of the latest AI literature/tools/techniques and figuring out the best way to apply these for practical solutions; Fluent in prototyping AI solutions, testing machine learning models, and wrangling small/medium sized datasets; Pursuing a BS/MS/PhD in a quantitative discipline; Expertise in classical machine learning, deep learning, and large-language-models (LLMs); Avid experimenter in all things LLMs and agent systems towards innovating how current AI solutions are build; Proficient in using Python scientific stack (e.g; Numpy, Pandas, PyTorch, SciPy, Jupyter); Proficient in shell scripting, Unix/Linux command-line tools, working with cloud infrastructure (AWS); Great communication skills: ability to discuss with scientists, engineers, designers, and product managers; Experience in building agent systems and shipping to production; Open-source machine learning code from one's paper, contributions to any projects, implementations of papers; Publications in any of {cvpr, iccv, eccv, neurips, iclr, icml, acl, emnlp, recsys, kdd}","We are looking for someone who gets a kick out of staying on top of the latest AI literature/tools/techniques and figuring out the best way to apply these for practical solutions
Fluent in prototyping AI solutions, testing machine learning models, and wrangling small/medium sized datasets
Pursuing a BS/MS/PhD in a quantitative discipline
Expertise in classical machine learning, deep learning, and large-language-models (LLMs)
Avid experimenter in all things LLMs and agent systems towards innovating how current AI solutions are build
Proficient in using Python scientific stack (e.g
Numpy, Pandas, PyTorch, SciPy, Jupyter)
Proficient in shell scripting, Unix/Linux command-line tools, working with cloud infrastructure (AWS)
Great communication skills: ability to discuss with scientists, engineers, designers, and product managers
Experience in building agent systems and shipping to production
Open-source machine learning code from one's paper, contributions to any projects, implementations of papers
Publications in any of {cvpr, iccv, eccv, neurips, iclr, icml, acl, emnlp, recsys, kdd}","We are looking for someone who gets a kick out of staying on top of the latest AI literature/tools/techniques and figuring out the best way to apply these for practical solutions; Fluent in prototyping AI solutions, testing machine learning models, and wrangling small/medium sized datasets; Pursuing a BS/MS/PhD in a quantitative discipline; Expertise in classical machine learning, deep learning, and large-language-models (LLMs); Avid experimenter in all things LLMs and agent systems towards innovating how current AI solutions are build; Proficient in using Python scientific stack (e.g; Numpy, Pandas, PyTorch, SciPy, Jupyter); Proficient in shell scripting, Unix/Linux command-line tools, working with cloud infrastructure (AWS); Great communication skills: ability to discuss with scientists, engineers, designers, and product managers; Experience in building agent systems and shipping to production; Open-source machine learning code from one's paper, contributions to any projects, implementations of papers; Publications in any of {cvpr, iccv, eccv, neurips, iclr, icml, acl, emnlp, recsys, kdd}",,,,,"Salesforce is the global leader in Cloud-based (SaaS) solutions that enable the world’s premier brands to maintain a robust online presence with high ROI. We do that by providing a highly scalable, integrated cloud platform that allows our clients to rapidly launch and manage multiple e-commerce stores, initiate unique marketing campaigns, and drive customer traffic across a global footprint.

We
are looking for a top-notch AI scientist Intern to join the Agentforce org. Our team of applied AI scientists is tasked with building, optimizing, and innovating the Agentforce planner system. This means you will work on how to best utilize frontier foundational models for real-world use cases- including exploring innovative approaches to agent systems and taking on the complex challenge of building testing frameworks and test cases. You will research, design, and prototype, in close collaboration with engineering and product teams and learn from customer deployments.

We are looking for someone who gets a kick out of staying on top of the latest AI literature/tools/techniques and figuring out the best way to apply these for practical solutions. We encourage contribution to tools and knowledge sharing within the team, the company, and the industry.

Responsibilities
• Work with product management and leadership to translate business problems into applied science problems
• Research, prototype, and build demonstrations of AI ideas for quick validation and feedback
• Design and build AI systems to hit accuracy and performance metric targets
• Productize AI innovations in collaboration with engineering teams
• Educate engineering and product teams about AI science during collaboration
• Mentor and collaborate with other members of the team
• Share technical innovations with the team and across the company
• Create innovations and contribute to conferences and/or open-source tools

Qualifications
Must-Have
• Fluent in prototyping AI solutions, testing machine learning models, and wrangling small/medium sized datasets
• Pursuing a BS/MS/PhD in a quantitative discipline
• Expertise in classical machine learning, deep learning, and large-language-models (LLMs)
• Avid experimenter in all things LLMs and agent systems towards innovating how current AI solutions are build
• Proficient in using Python scientific stack (e.g. Numpy, Pandas, PyTorch, SciPy, Jupyter)
• Proficient in shell scripting, Unix/Linux command-line tools, working with cloud infrastructure (AWS)
• Great communication skills: ability to discuss with scientists, engineers, designers, and product managers

Nice to have
• Experience in building agent systems and shipping to production
• Open-source machine learning code from one's paper, contributions to any projects, implementations of papers
• Publications in any of {cvpr, iccv, eccv, neurips, iclr, icml, acl, emnlp, recsys, kdd}
"
"Summer 2025, Intern: AI Assurance (Ph.D. students)",RTX,Anywhere • via LinkedIn,2025-01-08T12:52:19.475723,"Currently pursuing a Ph.D. in Mathematics, Computer Science, or a related Engineering discipline
Candidates must not graduate prior August 2025
2+ years of Ph.D. level research experience in an intersection of the following areas: cyber-physical systems, control theory, machine learning, and formal methods
1+ years of experience in the areas of linear/nonlinear systems, formal contracts and neural control barrier certificates
1+ years of experience training ML pipelines for neural barrier certificates
ML software and coding experience in Python, and familiarity with ML frameworks like PyTorch
1+ years of experience working with Mathematical modeling tools such as MATLAB/Simulink, Julia, etc
Must be authorized to work in the U.S. without sponsorship now or in the future
Three to Four years of PhD level research experience in combination of the following topics: cyber-physical systems, control theory, machine learning, and formal methods
Publication record in top venues like NeurIPs, ICLR, CAV, ICCAD, CDC, ECAI, EMSOFT, etc
Experience applying control barrier certificates to real-world problems
Ability to set research direction and work independently
Experience with flight simulators e.g
X-plane, aircraft engine and flight dynamics","Currently pursuing a Ph.D. in Mathematics, Computer Science, or a related Engineering discipline; Candidates must not graduate prior August 2025; 2+ years of Ph.D. level research experience in an intersection of the following areas: cyber-physical systems, control theory, machine learning, and formal methods; 1+ years of experience in the areas of linear/nonlinear systems, formal contracts and neural control barrier certificates; 1+ years of experience training ML pipelines for neural barrier certificates; ML software and coding experience in Python, and familiarity with ML frameworks like PyTorch; 1+ years of experience working with Mathematical modeling tools such as MATLAB/Simulink, Julia, etc; Must be authorized to work in the U.S. without sponsorship now or in the future; Three to Four years of PhD level research experience in combination of the following topics: cyber-physical systems, control theory, machine learning, and formal methods; Publication record in top venues like NeurIPs, ICLR, CAV, ICCAD, CDC, ECAI, EMSOFT, etc; Experience applying control barrier certificates to real-world problems; Ability to set research direction and work independently; Experience with flight simulators e.g; X-plane, aircraft engine and flight dynamics","Currently pursuing a Ph.D. in Mathematics, Computer Science, or a related Engineering discipline
Candidates must not graduate prior August 2025
2+ years of Ph.D. level research experience in an intersection of the following areas: cyber-physical systems, control theory, machine learning, and formal methods
1+ years of experience in the areas of linear/nonlinear systems, formal contracts and neural control barrier certificates
1+ years of experience training ML pipelines for neural barrier certificates
ML software and coding experience in Python, and familiarity with ML frameworks like PyTorch
1+ years of experience working with Mathematical modeling tools such as MATLAB/Simulink, Julia, etc
Must be authorized to work in the U.S. without sponsorship now or in the future
Three to Four years of PhD level research experience in combination of the following topics: cyber-physical systems, control theory, machine learning, and formal methods
Publication record in top venues like NeurIPs, ICLR, CAV, ICCAD, CDC, ECAI, EMSOFT, etc
Experience applying control barrier certificates to real-world problems
Ability to set research direction and work independently
Experience with flight simulators e.g
X-plane, aircraft engine and flight dynamics","Currently pursuing a Ph.D. in Mathematics, Computer Science, or a related Engineering discipline; Candidates must not graduate prior August 2025; 2+ years of Ph.D. level research experience in an intersection of the following areas: cyber-physical systems, control theory, machine learning, and formal methods; 1+ years of experience in the areas of linear/nonlinear systems, formal contracts and neural control barrier certificates; 1+ years of experience training ML pipelines for neural barrier certificates; ML software and coding experience in Python, and familiarity with ML frameworks like PyTorch; 1+ years of experience working with Mathematical modeling tools such as MATLAB/Simulink, Julia, etc; Must be authorized to work in the U.S. without sponsorship now or in the future; Three to Four years of PhD level research experience in combination of the following topics: cyber-physical systems, control theory, machine learning, and formal methods; Publication record in top venues like NeurIPs, ICLR, CAV, ICCAD, CDC, ECAI, EMSOFT, etc; Experience applying control barrier certificates to real-world problems; Ability to set research direction and work independently; Experience with flight simulators e.g; X-plane, aircraft engine and flight dynamics","Ratio of time working onsite will be determined in partnership with your leader
The salary range for this role is 37,000 USD - 82,000 USD
The salary range provided is a good faith estimate representative of all experience levels
Hired applicants may be eligible for benefits, including but not limited to, medical, dental, vision, life insurance, short-term disability, long-term disability, 401(k) match, flexible spending accounts, flexible work schedules, employee assistance program, Employee Scholar Program, parental leave, paid time off, and holidays
Specific benefits are dependent upon the specific business unit as well as whether or not the position is covered by a collective-bargaining agreement
Hired applicants may be eligible for annual short-term and/or long-term incentive compensation programs depending on the level of the position and whether or not it is covered by a collective-bargaining agreement
Payments under these annual programs are not guaranteed and are dependent upon a variety of factors including, but not limited to, individual performance, business unit performance, and/or the company’s performance","Ratio of time working onsite will be determined in partnership with your leader; The salary range for this role is 37,000 USD - 82,000 USD; The salary range provided is a good faith estimate representative of all experience levels; Hired applicants may be eligible for benefits, including but not limited to, medical, dental, vision, life insurance, short-term disability, long-term disability, 401(k) match, flexible spending accounts, flexible work schedules, employee assistance program, Employee Scholar Program, parental leave, paid time off, and holidays; Specific benefits are dependent upon the specific business unit as well as whether or not the position is covered by a collective-bargaining agreement; Hired applicants may be eligible for annual short-term and/or long-term incentive compensation programs depending on the level of the position and whether or not it is covered by a collective-bargaining agreement; Payments under these annual programs are not guaranteed and are dependent upon a variety of factors including, but not limited to, individual performance, business unit performance, and/or the company’s performance","Ratio of time working onsite will be determined in partnership with your leader
The salary range for this role is 37,000 USD - 82,000 USD
The salary range provided is a good faith estimate representative of all experience levels
Hired applicants may be eligible for benefits, including but not limited to, medical, dental, vision, life insurance, short-term disability, long-term disability, 401(k) match, flexible spending accounts, flexible work schedules, employee assistance program, Employee Scholar Program, parental leave, paid time off, and holidays
Specific benefits are dependent upon the specific business unit as well as whether or not the position is covered by a collective-bargaining agreement
Hired applicants may be eligible for annual short-term and/or long-term incentive compensation programs depending on the level of the position and whether or not it is covered by a collective-bargaining agreement
Payments under these annual programs are not guaranteed and are dependent upon a variety of factors including, but not limited to, individual performance, business unit performance, and/or the company’s performance","Ratio of time working onsite will be determined in partnership with your leader; The salary range for this role is 37,000 USD - 82,000 USD; The salary range provided is a good faith estimate representative of all experience levels; Hired applicants may be eligible for benefits, including but not limited to, medical, dental, vision, life insurance, short-term disability, long-term disability, 401(k) match, flexible spending accounts, flexible work schedules, employee assistance program, Employee Scholar Program, parental leave, paid time off, and holidays; Specific benefits are dependent upon the specific business unit as well as whether or not the position is covered by a collective-bargaining agreement; Hired applicants may be eligible for annual short-term and/or long-term incentive compensation programs depending on the level of the position and whether or not it is covered by a collective-bargaining agreement; Payments under these annual programs are not guaranteed and are dependent upon a variety of factors including, but not limited to, individual performance, business unit performance, and/or the company’s performance","Date Posted:

2025-01-02

Country:

United States of America

Location:

UT13: RC-CT - Corp 411 Silver Lane, East Hartford, CT, 06108 USA

Position Role Type:

Remote

RTX Corporation is an Aerospace and Defense company that provides advanced systems and services for commercial, military and government customers worldwide. It comprises three industry-leading businesses – Collins Aerospace Systems,
Pratt & Whitney, and Raytheon. Its 185,000 employees enable the company to operate at the edge of known science as they imagine and deliver solutions that push the boundaries in quantum physics, electric propulsion, directed energy, hypersonics, avionics and cybersecurity. The company, formed in 2020 through the combination of Raytheon Company and the United Technologies Corporation aerospace businesses, is headquartered in Arlington, VA.

To realize our full potential, RTX is committed to creating a company where all employees are respected, valued and supported in the pursuit of their goals. We know companies that embrace diversity in all its forms not only deliver stronger business results, but also become a force for good, fueling stronger business performance and greater opportunity for employees, partners, investors and communities to succeed.

The following position is to join our RTX Technology Research Center (RTRC), AI Systems Engineering team as an intern:

For more than 90 years the RTRC has operated as a multidisciplinary group of experts collaborating on groundbreaking innovations. Our team includes some of the world’s leading scientists, researchers and engineers working to anticipate the discoveries destined to change everything, and they transform that research into the solutions and products that help our businesses shape the future of aerospace and defense. Our unique talent, experience and resources allow us to deliver rapid responses to critical, time-sensitive challenges and develop breakthroughs for a safer, more connected world.

The AI Systems Engineering team researches and develops solutions using model-based systems engineering, formal methods, planning, decision making, controls, machine learning, anomaly detection, computer vision, and failure analysis techniques for a variety of high impact real world problems in the aerospace, manufacturing, and defense industries.

We are looking for an AI Assurance intern to help develop neuro-barrier certificates- based V&V techniques for AI-enabled systems.

What You Will Do
• Research and develop techniques for learning neuro-barrier certificates for AI-enabled systems.
• Communicate research findings through presentations, written publications, and support publication in top conferences.
• Collaborate with a focused team on graph neural networks, causal discovery, hardware accelerators, formal methods, model-based design, and deploying AI in safety-critical aerospace and defense systems, gaining exposure to broad AI/ML applications.

What You Will Learn
• Learn about broad areas of AI/ML applications in aerospace and defense within RTX.
• Exposure to industry-standard development processes and tools for executing research projects.
• Improve hands-on technical skills on large-scale data processing and AI/ML development.

Qualifications You Must Have
• Currently pursuing a Ph.D. in Mathematics, Computer Science, or a related Engineering discipline. Candidates must not graduate prior August 2025. Please submit a copy of your academic transcripts with your application.
• 2+ years of Ph.D. level research experience in an intersection of the following areas: cyber-physical systems, control theory, machine learning, and formal methods.
• 1+ years of experience in the areas of linear/nonlinear systems, formal contracts and neural control barrier certificates.
• 1+ years of experience training ML pipelines for neural barrier certificates.
• ML software and coding experience in Python, and familiarity with ML frameworks like PyTorch.
• 1+ years of experience working with Mathematical modeling tools such as MATLAB/Simulink, Julia, etc.
• Must be authorized to work in the U.S. without sponsorship now or in the future. RTX will not offer sponsorship for this position.

Qualifications We Prefer
• Three to Four years of PhD level research experience in combination of the following topics: cyber-physical systems, control theory, machine learning, and formal methods.
• Publication record in top venues like NeurIPs, ICLR, CAV, ICCAD, CDC, ECAI, EMSOFT, etc.
• Experience applying control barrier certificates to real-world problems.
• Ability to set research direction and work independently.
• Experience with flight simulators e.g. X-plane, aircraft engine and flight dynamics.

Learn More & Apply Now!

Location: This position is in East Hartford, CT and is a hybrid role.

Please consider the following role type definition as you apply for this role:

Hybrid: Employees who are working in Hybrid roles will work regularly both onsite and offsite. Ratio of time working onsite will be determined in partnership with your leader.

The salary range for this role is 37,000 USD - 82,000 USD. The salary range provided is a good faith estimate representative of all experience levels. RTX considers several factors when extending an offer, including but not limited to, the role, function and associated responsibilities, a candidate’s work experience, location, education/training, and key skills.

Hired applicants may be eligible for benefits, including but not limited to, medical, dental, vision, life insurance, short-term disability, long-term disability, 401(k) match, flexible spending accounts, flexible work schedules, employee assistance program, Employee Scholar Program, parental leave, paid time off, and holidays. Specific benefits are dependent upon the specific business unit as well as whether or not the position is covered by a collective-bargaining agreement.

Hired applicants may be eligible for annual short-term and/or long-term incentive compensation programs depending on the level of the position and whether or not it is covered by a collective-bargaining agreement. Payments under these annual programs are not guaranteed and are dependent upon a variety of factors including, but not limited to, individual performance, business unit performance, and/or the company’s performance.

This role is a U.S.-based role. If the successful candidate resides in a U.S. territory, the appropriate pay structure and benefits will apply.

RTX anticipates the application window closing approximately 40 days from the date the notice was posted. However, factors such as candidate flow and business necessity may require RTX to shorten or extend the application window.

RTX is An Equal Opportunity/Affirmative Action Employer. All qualified applicants will receive consideration for employment without regard to race, color, religion, sex, sexual orientation, gender identity, national origin, disability or veteran status, age or any other federally protected class.

Privacy Policy and Terms:

Click on this link to read the Policy and Terms
"
"Research Scientist Intern, AI Systems Machine Learning (PhD)",Meta,"New York, NY • via Indeed",2025-01-08T12:52:29.570321,"Currently has or is in the process of obtaining a Ph.D. degree in Machine Learning, Systems, Artificial Intelligence, or relevant technical field
Must obtain work authorization in the country of employment at the time of hire and maintain ongoing work authorization during employment
Research experience in systems, computer architectures, compiler and programming languages, machine learning, and artificial intelligence
Experience with Python, C++, C, Lua or other related languages and with PyTorch framework
Experience working and communicating cross functionally in a team environment
Meta participates in the E-Verify program in certain locations, as required by law","Currently has or is in the process of obtaining a Ph.D. degree in Machine Learning, Systems, Artificial Intelligence, or relevant technical field; Must obtain work authorization in the country of employment at the time of hire and maintain ongoing work authorization during employment; Research experience in systems, computer architectures, compiler and programming languages, machine learning, and artificial intelligence; Experience with Python, C++, C, Lua or other related languages and with PyTorch framework; Experience working and communicating cross functionally in a team environment; Meta participates in the E-Verify program in certain locations, as required by law","Currently has or is in the process of obtaining a Ph.D. degree in Machine Learning, Systems, Artificial Intelligence, or relevant technical field
Must obtain work authorization in the country of employment at the time of hire and maintain ongoing work authorization during employment
Research experience in systems, computer architectures, compiler and programming languages, machine learning, and artificial intelligence
Experience with Python, C++, C, Lua or other related languages and with PyTorch framework
Experience working and communicating cross functionally in a team environment
Meta participates in the E-Verify program in certain locations, as required by law","Currently has or is in the process of obtaining a Ph.D. degree in Machine Learning, Systems, Artificial Intelligence, or relevant technical field; Must obtain work authorization in the country of employment at the time of hire and maintain ongoing work authorization during employment; Research experience in systems, computer architectures, compiler and programming languages, machine learning, and artificial intelligence; Experience with Python, C++, C, Lua or other related languages and with PyTorch framework; Experience working and communicating cross functionally in a team environment; Meta participates in the E-Verify program in certain locations, as required by law","$7,800/month to $11,293/month + benefits
Individual compensation is determined by skills, qualifications, experience, and location
Compensation details listed in this posting reflect the base hourly rate, monthly rate, or annual salary only, and do not include bonus, equity or sales incentives, if applicable
In addition to base compensation, Meta offers benefits","$7,800/month to $11,293/month + benefits; Individual compensation is determined by skills, qualifications, experience, and location; Compensation details listed in this posting reflect the base hourly rate, monthly rate, or annual salary only, and do not include bonus, equity or sales incentives, if applicable; In addition to base compensation, Meta offers benefits","$7,800/month to $11,293/month + benefits
Individual compensation is determined by skills, qualifications, experience, and location
Compensation details listed in this posting reflect the base hourly rate, monthly rate, or annual salary only, and do not include bonus, equity or sales incentives, if applicable
In addition to base compensation, Meta offers benefits","$7,800/month to $11,293/month + benefits; Individual compensation is determined by skills, qualifications, experience, and location; Compensation details listed in this posting reflect the base hourly rate, monthly rate, or annual salary only, and do not include bonus, equity or sales incentives, if applicable; In addition to base compensation, Meta offers benefits","Meta was built to help people connect and share, and over the last decade our tools have played a critical part in changing how people around the world communicate with one another. With over a billion people using the service and more than fifty offices around the globe, a career at Meta offers countless ways to make an impact in a fast growing organization.Meta is seeking Research Interns to joi
n Fundamental AI Research (FAIR). We are committed to advancing the field of artificial intelligence by making fundamental advances in technologies to help interact with and understand our world. We are seeking individuals passionate in solving systems challenges in areas such as deep learning, computer vision, audio and speech processing, natural language processing, machine learning. Our interns have an opportunity to make core algorithmic advances and apply their ideas at an unprecedented scale.The mission of Meta FAIR's SysML research is to advance the state of AI through open science innovations. We explore, design, and build AI systems and infrastructures at scale to enable cutting-edge AI technologies.Our internships are twelve (12) to sixteen (16), or twenty-four (24) weeks long and we have various start dates throughout the year.

Research Scientist Intern, AI Systems Machine Learning (PhD) Responsibilities:
• Perform state of the art research to advance the science and technology of machine learning systems.
• Perform research that enables learning the semantics of data (images, video, text, audio, and other modalities).
• Devise better data-driven models of AI system design and optimization.
• Contribute research that leads to innovations in: scalable machine learning systems, resource-efficient AI data and algorithm scaling and neural network architectures, memory and energy-efficient AI systems, environmentally-sustainable AI system and hardware designs.
• Collaborate with researchers and cross-functional partners including communicating research plans, progress, and results.
• Publish research results and contribute to research that impacts Meta product development.

Minimum Qualifications:
• Currently has or is in the process of obtaining a Ph.D. degree in Machine Learning, Systems, Artificial Intelligence, or relevant technical field.
• Must obtain work authorization in the country of employment at the time of hire and maintain ongoing work authorization during employment.
• Research experience in systems, computer architectures, compiler and programming languages, machine learning, and artificial intelligence.
• Experience with Python, C++, C, Lua or other related languages and with PyTorch framework.

Preferred Qualifications:
• Intent to return to the degree program after the completion of the internship/co-op.
• Proven track record of achieving significant results as demonstrated by grants, fellowships, patents, as well as first-authored publications at leading workshops or conferences such as NeurIPS, ICML, ICLR, MLSys, ISCA, ASPLOS, CGO, PLDI, PACT, HPCA, MICRO, or similar.
• Experience developing and optimizing systems for at-scale machine learning execution.
• Experience in real-system implementations.
• Experience devising data-driven models and real-system experiments and design implementation for AI system optimization.
• Experience with large machine learning model training and inference acceleration for distributed systems.
• Experience with scalable machine learning systems, resource-efficient AI data and algorithm scaling, or neural network architectures.
• Experience with memory and energy-efficient AI systems, environmentally-sustainable AI system designs, or AI-driven system optimization.
• Experience solving analytical problems using quantitative approaches.
• Ability to manipulate and analyze complex, large scale, high-dimensionality data from varying sources.
• Experience in utilizing theoretical and empirical research to solve problems.
• Experience building systems based on machine learning and/or deep learning methods.
• Demonstrated software engineer experience via an internship, work experience, coding competitions, or widely used contributions in open source repositories (e.g. GitHub).
• Experience working and communicating cross functionally in a team environment.

About Meta:

Meta builds technologies that help people connect, find communities, and grow businesses. When Facebook launched in 2004, it changed the way people connect. Apps like Messenger, Instagram and WhatsApp further empowered billions around the world. Now, Meta is moving beyond 2D screens toward immersive experiences like augmented and virtual reality to help build the next evolution in social technology. People who choose to build their careers by building with us at Meta help shape a future that will take us beyond what digital connection makes possible today—beyond the constraints of screens, the limits of distance, and even the rules of physics.

Meta is proud to be an Equal Employment Opportunity and Affirmative Action employer. We do not discriminate based upon race, religion, color, national origin, sex (including pregnancy, childbirth, or related medical conditions), sexual orientation, gender, gender identity, gender expression, transgender status, sexual stereotypes, age, status as a protected veteran, status as an individual with a disability, or other applicable legally protected characteristics. We also consider qualified applicants with criminal histories, consistent with applicable federal, state and local law. Meta participates in the E-Verify program in certain locations, as required by law. Please note that Meta may leverage artificial intelligence and machine learning technologies in connection with applications for employment.

Meta is committed to providing reasonable accommodations for candidates with disabilities in our recruiting process. If you need any assistance or accommodations due to a disability, please let us know at accommodations-ext@fb.com.

$7,800/month to $11,293/month + benefits

Individual compensation is determined by skills, qualifications, experience, and location. Compensation details listed in this posting reflect the base hourly rate, monthly rate, or annual salary only, and do not include bonus, equity or sales incentives, if applicable. In addition to base compensation, Meta offers benefits. Learn more about benefits at Meta.
"
AI Science Intern,GE HEALTHCARE,Anywhere • via GE HealthCare Jobs,2025-01-08T12:52:39.450013,"Currently enrolled in a PhD or master degree in computer science or related areas, or entering into a PhD program in the fall of 2025
Experience in one area of computer science (e.g., Natural Language Understanding, Computer Vision, Machine Learning, Deep Learning, Algorithmic Foundations of Optimization
Experience with one or more general purpose programming languages (e.g., Python, Java, C/C++, etc.)
In depth experience with Spark/Hadoop and either PyTorch/Tensorflow
Experience creating production environment data analytics and applications
Legal authorization to work in the U.S. is required
While GEHC does not currently require U.S. employees to be vaccinated against COVID-19, some GEHC customers have vaccination mandates that may apply to certain GEHC employees","Currently enrolled in a PhD or master degree in computer science or related areas, or entering into a PhD program in the fall of 2025; Experience in one area of computer science (e.g., Natural Language Understanding, Computer Vision, Machine Learning, Deep Learning, Algorithmic Foundations of Optimization; Experience with one or more general purpose programming languages (e.g., Python, Java, C/C++, etc.); In depth experience with Spark/Hadoop and either PyTorch/Tensorflow; Experience creating production environment data analytics and applications; Legal authorization to work in the U.S. is required; While GEHC does not currently require U.S. employees to be vaccinated against COVID-19, some GEHC customers have vaccination mandates that may apply to certain GEHC employees","Currently enrolled in a PhD or master degree in computer science or related areas, or entering into a PhD program in the fall of 2025
Experience in one area of computer science (e.g., Natural Language Understanding, Computer Vision, Machine Learning, Deep Learning, Algorithmic Foundations of Optimization
Experience with one or more general purpose programming languages (e.g., Python, Java, C/C++, etc.)
In depth experience with Spark/Hadoop and either PyTorch/Tensorflow
Experience creating production environment data analytics and applications
Legal authorization to work in the U.S. is required
While GEHC does not currently require U.S. employees to be vaccinated against COVID-19, some GEHC customers have vaccination mandates that may apply to certain GEHC employees","Currently enrolled in a PhD or master degree in computer science or related areas, or entering into a PhD program in the fall of 2025; Experience in one area of computer science (e.g., Natural Language Understanding, Computer Vision, Machine Learning, Deep Learning, Algorithmic Foundations of Optimization; Experience with one or more general purpose programming languages (e.g., Python, Java, C/C++, etc.); In depth experience with Spark/Hadoop and either PyTorch/Tensorflow; Experience creating production environment data analytics and applications; Legal authorization to work in the U.S. is required; While GEHC does not currently require U.S. employees to be vaccinated against COVID-19, some GEHC customers have vaccination mandates that may apply to certain GEHC employees","Mentorship & Career Growth
The pay rate for this position is $45-60/hr
Compensation Grade",Mentorship & Career Growth; The pay rate for this position is $45-60/hr; Compensation Grade,"Mentorship & Career Growth
The pay rate for this position is $45-60/hr
Compensation Grade",Mentorship & Career Growth; The pay rate for this position is $45-60/hr; Compensation Grade,"Job Description Summary
We're looking for PhD students who are active in AI/ML areas and are passionate about developing next generation AI technologies that will have profound impact on medicine and healthcare. You will be working with top researchers and domain experts in the field of AI for health to develop new deep learning (e.g., vision foundational models, large language model) solutions an
d to prepare research publications for leading AI venues. During recent years, our researchers have published on leading AI venues including NeurIPS, ICML, ICLR, AAAI, KDD, CVPR, EMNLP, ACL, etc. Our ambitious AI for medicine and healthcare research agenda include but are not limited to:

•Medical imaging foundation models across diverse imaging types, diseases, organs, etc.
•Multi-modal medical imaging analysis and report generation
•LLMs for clinical efficiencies
•Multimodal phenotyping for accurate disease diagnosis, subtyping, and progression modeling, as well as patient retrieval, trial matching, and health monitoring
•Responsible AI (e.g., interpretable models, trustworthiness, fairness, etc)
•Multimodal EMR generation

At GE HealthCare, we are committed to bringing AI and cloud-based solutions for our customers: all aspects of intelligent computing services across the cloud and. Sitting within the centralized Science & Technology organization, our AI org is harnessing the power of AI to make healthcare more precise, more personalized, and more accessible for everyone. From driving the overall clinical research and patient-centric innovation strategy to delivering new digital and machine learning capabilities - we’re committed to leading digital transformation, improving outcomes for patients and providers, and creating a world where healthcare has no limits.

As an AI research intern at GEHC, you get to work on the most cutting-edge and exciting projects. You will have access to petabytes of data, state of the art computing resources, and professional support from domain experts.

Job Description
• Key responsibilities:
• Working with large-scale datasets, design and develop novel machine learning algorithms particularly in LLM to provide automation of clinical tasks using one or more of medical images, electronic medical records, waveforms, and clinical reports.
• Demonstrating algorithms to meet accuracy requirements on general subject population through statistical analyses and error estimation.
• Building prototypes to enable development of high-performance AI algorithms in scalable, product-ready code.
• Initiating/proposing unique and promising deep learning capabilities, developing new and innovative algorithms and technologies, pursuing patents and research publications where appropriate.
• Researching and evaluating emerging technology, industry, and market trends to assist in product development and/or operational support activities.

Basic Qualifications:
• Currently enrolled in a PhD or master degree in computer science or related areas, or entering into a PhD program in the fall of 2025
• Experience in one area of computer science (e.g., Natural Language Understanding, Computer Vision, Machine Learning, Deep Learning, Algorithmic Foundations of Optimization.
• Experience with one or more general purpose programming languages (e.g., Python, Java, C/C++, etc.) In depth experience with Spark/Hadoop and either PyTorch/Tensorflow.
• Experience creating production environment data analytics and applications.

Preferred Qualifications:
• Extensive experience with handling noisy real world medical and patient data.
• Experience working with large scale AI training.

Eligibility Requirements
• Legal authorization to work in the U.S. is required. GE may agree to sponsor an individual for an employment visa now or in the future if there is a shortage of individuals with particular skills.
• While GEHC does not currently require U.S. employees to be vaccinated against COVID-19, some GEHC customers have vaccination mandates that may apply to certain GEHC employees.

About Team

GE Healthcare teams are based in the US (San Ramon, Seattle), France, Israel (Tel Aviv), and India (Bangalore). This gives us several core overlap hours for shared meetings.

Mentorship & Career Growth

We maintain diverse leadership perspectives and backgrounds across technology and beyond. Our employees are excited to share their experiences and mentor more junior scientists. Team members are highly encouraged to set up mentorship relationships with seasoned scientists, not only in our team, but also across the broader GE Healthcare population.

The pay rate for this position is $45-60/hr.

Inclusive Team Culture

Here at GEHC, we embrace our differences. We are committed to furthering our culture of inclusion. We have many employee-led affinity groups, innovative benefit offerings, and encourage ongoing learning experiences. We expect all employees to live and breathe our behaviors: to act with humility and build trust; lead with transparency; deliver with focus, and drive ownership – always with unyielding integrity.

About Us

At GE HealthCare (NASDAQ: GEHC), we see possibilities through innovation. We’re partnering with our customers to fulfill healthcare’s greatest potential through groundbreaking medical technology, intelligent devices, and care solutions. Better tools enabling better patient care. Together, we are not only building a healthier future but living our purpose to create a world where healthcare has no limits.

GE HealthCare offers a great work environment, professional development, challenging careers, and competitive compensation. GE is an Equal Opportunity Employer. Employment decisions are made without regard to race, color, religion, national or ethnic origin, sex, sexual orientation, gender identity or expression, age, disability, protected veteran status or other characteristics protected by law.

Attachments

Additional Job Description

Additional Information

Compensation Grade

OTHSAL

GE HealthCare offers a great work environment, professional development, challenging careers, and competitive compensation. GE HealthCare is an Equal Opportunities Employer. Employment decisions are made without regard to race, color, religion, national or ethnic origin, sex, sexual orientation, gender identity or expression, age, disability, protected veteran status or other characteristics protected by law.

GE HealthCare will only employ those who are legally authorized to work in the United States for this opening.

While GE HealthCare does not currently require U.S. employees to be vaccinated against COVID-19, some GE HealthCare customers have vaccination mandates that may apply to certain GE HealthCare employees.

Relocation Assistance Provided: No

Application Deadline: January 06, 2025
"
Comcast AI Research Intern,TPX,"MIDDLE CITY WEST, PA • via Comcast Careers",2025-01-08T12:52:49.358336,"Are you eager to apply your expertise in training large language models to real-world problems?
Do you thrive on challenges and aspire to make a tangible impact on customer experiences?
If you're passionate about driving real-world impact and thrive in a dynamic, collaborative environment and have experience in at least one or more of the following areas – Semantic Parsing for Natural Language Understanding (NLU), Aligning LLMs for task-oriented dialogue/Conversational Agents, Evaluation with and for LLMs – we invite you to bring your expertise to our team!
Returning to degree-program (for at least a semester) after the completion of the summer internship (meaning, student must be returning to school for Fall 2025 semester before graduating)
Available to work 40 hours per week over the course of the summer program- June 2 through August 15, 2025
Authorized to work in the United States with no current or future sponsorship needs
Available to report in-person to the work location on the job posting (unless virtual offering)
0-2 Years","Are you eager to apply your expertise in training large language models to real-world problems?; Do you thrive on challenges and aspire to make a tangible impact on customer experiences?; If you're passionate about driving real-world impact and thrive in a dynamic, collaborative environment and have experience in at least one or more of the following areas – Semantic Parsing for Natural Language Understanding (NLU), Aligning LLMs for task-oriented dialogue/Conversational Agents, Evaluation with and for LLMs – we invite you to bring your expertise to our team!; Returning to degree-program (for at least a semester) after the completion of the summer internship (meaning, student must be returning to school for Fall 2025 semester before graduating); Available to work 40 hours per week over the course of the summer program- June 2 through August 15, 2025; Authorized to work in the United States with no current or future sponsorship needs; Available to report in-person to the work location on the job posting (unless virtual offering); 0-2 Years","Are you eager to apply your expertise in training large language models to real-world problems?
Do you thrive on challenges and aspire to make a tangible impact on customer experiences?
If you're passionate about driving real-world impact and thrive in a dynamic, collaborative environment and have experience in at least one or more of the following areas – Semantic Parsing for Natural Language Understanding (NLU), Aligning LLMs for task-oriented dialogue/Conversational Agents, Evaluation with and for LLMs – we invite you to bring your expertise to our team!
Returning to degree-program (for at least a semester) after the completion of the summer internship (meaning, student must be returning to school for Fall 2025 semester before graduating)
Available to work 40 hours per week over the course of the summer program- June 2 through August 15, 2025
Authorized to work in the United States with no current or future sponsorship needs
Available to report in-person to the work location on the job posting (unless virtual offering)
0-2 Years","Are you eager to apply your expertise in training large language models to real-world problems?; Do you thrive on challenges and aspire to make a tangible impact on customer experiences?; If you're passionate about driving real-world impact and thrive in a dynamic, collaborative environment and have experience in at least one or more of the following areas – Semantic Parsing for Natural Language Understanding (NLU), Aligning LLMs for task-oriented dialogue/Conversational Agents, Evaluation with and for LLMs – we invite you to bring your expertise to our team!; Returning to degree-program (for at least a semester) after the completion of the summer internship (meaning, student must be returning to school for Fall 2025 semester before graduating); Available to work 40 hours per week over the course of the summer program- June 2 through August 15, 2025; Authorized to work in the United States with no current or future sponsorship needs; Available to report in-person to the work location on the job posting (unless virtual offering); 0-2 Years","Base Pay: $55.00
Most sales positions are eligible for a Commission under the terms of an applicable plan, while most non-sales positions are eligible for a Bonus
Additionally, Comcast provides best-in-class Benefits to eligible employees","Base Pay: $55.00; Most sales positions are eligible for a Commission under the terms of an applicable plan, while most non-sales positions are eligible for a Bonus; Additionally, Comcast provides best-in-class Benefits to eligible employees","Base Pay: $55.00
Most sales positions are eligible for a Commission under the terms of an applicable plan, while most non-sales positions are eligible for a Bonus
Additionally, Comcast provides best-in-class Benefits to eligible employees","Base Pay: $55.00; Most sales positions are eligible for a Commission under the terms of an applicable plan, while most non-sales positions are eligible for a Bonus; Additionally, Comcast provides best-in-class Benefits to eligible employees","Make your mark at Comcast -- a Fortune 30 global media and technology company. From the connectivity and platforms we provide, to the content and experiences we create, we reach hundreds of millions of customers, viewers, and guests worldwide. Become part of our award-winning technology team that turns big ideas into cutting-edge products, platforms, and solutions that our customers love. We creat
e space to innovate, and we recognize, reward, and invest in your ideas, while ensuring you can proudly bring your authentic self to the workplace. Join us. You’ll do the best work of your career right here at Comcast. (In most cases, Comcast prefers to have employees on-site collaborating unless the team has been designated as virtual due to the nature of their work. If a position is listed with both office locations and virtual offerings, Comcast may be willing to consider candidates who live greater than 100 miles from the office for the remote option.)

Job Summary

Job Description

Program Overview

Discover opportunities designed to set your career in motion! The Comcast internship/co-op program will help you cultivate meaningful relationships, develop strong interpersonal and business skills, gain exposure to the day-to-day operations of a Fortune 40 media and technology company, and receive mentorship opportunities to expand your professional network.

This program immerses students into the daily operation of a contemporary media and technology company while working side-by-side with Comcast’s top innovators. The student becomes an integral part of the Comcast team working on creative, innovative, and thought-provoking projects within various business units.

Organization & Team Overview

Comcast AI Technologies team is an innovative research group within Comcast’s Technology & Product organization with offices in Washington DC and Philadelphia. We do groundbreaking research to support the development of novel Artificial Intelligence and Machine Learning based products for Comcast’s millions of consumers.



We feature an informal, open atmosphere, and cultivate a start-up culture with the backing of a Fortune 50 company. To better serve our community, we believe the diversity of our team should reflect the diversity of our customers.

Role Description

Are you interested in pushing the boundaries of conversational AI and shaping the future of customer interactions? Are you eager to apply your expertise in training large language models to real-world problems? Do you thrive on challenges and aspire to make a tangible impact on customer experiences? If you're passionate about driving real-world impact and thrive in a dynamic, collaborative environment and have experience in at least one or more of the following areas – Semantic Parsing for Natural Language Understanding (NLU), Aligning LLMs for task-oriented dialogue/Conversational Agents, Evaluation with and for LLMs – we invite you to bring your expertise to our team!

We are seeking a talented researcher to join our team in tackling applied challenges within the realm of training large language models and enhancing conversational AI. You will be part of a team focused on the development, training, and testing of large-scale models, emphasizing latency, quality, safety, and cost reduction.

The expected output of an internship is a proof-of-concept implementation leading to both impactful production-level deployments and a scientific publication and/or a patent application.

Job Responsibilities

Responsibilities include but are not limited to:
• Develop algorithms for generating diverse and contextually appropriate dialogues to improve conversational agents.
• Investigate methods for generating coherent multi-turn conversations to enhance the naturalness of conversational agents.
• Create simulated evaluators or judges to provide feedback on conversational bot performance.
• Develop ML methods to identify and collect high-quality training data for conversational agents.
• Explore techniques for dynamically adapting data collection strategies based on model feedback and performance metrics.
• Other duties and responsibilities as assigned.

Preferred Skills
• Enrolled in a university PhD program (strong MSc students are also welcome to apply), with 2+ years research experience in NLP and/or Information Retrieval
• Good programming and software development skills
• Comfortable working in an interdisciplinary, team-oriented, applied research environment.
• Preferred Majors: Computer Science

Minimum Qualifications and Eligibility Requirements
• Returning to degree-program (for at least a semester) after the completion of the summer internship (meaning, student must be returning to school for Fall 2025 semester before graduating)
• Available to work 40 hours per week over the course of the summer program- June 2 through August 15, 2025
• Authorized to work in the United States with no current or future sponsorship needs
• Available to report in-person to the work location on the job posting (unless virtual offering)
• Comcast is an Affirmative Action/EEO employer M/F/D/V

Comcast is proud to be an equal opportunity workplace. We will consider all qualified applicants for employment without regard to race, color, religion, age, sex, sexual orientation, gender identity, national origin, disability, veteran status, genetic information, or any other basis protected by applicable law. Comcast will consider for employment qualified applicants with criminal histories in a manner consistent with the requirements of applicable law, including the Los Angeles Fair Chance Initiative for Hiring Ordinance and the San Francisco Fair Chance Ordinance.

Salary:

Base Pay: $55.00

The application window is 30 days from the date job is posted, unless the number of applicants requires it to close sooner or later.

The application window is 30 days from the date job is posted, unless the number of applicants requires it to close sooner or later.

Base pay is one part of the Total Rewards that Comcast provides to compensate and recognize employees for their work. Most sales positions are eligible for a Commission under the terms of an applicable plan, while most non-sales positions are eligible for a Bonus. Additionally, Comcast provides best-in-class Benefits to eligible employees. We believe that benefits should connect you to the support you need when it matters most, and should help you care for those who matter most. That’s why we provide an array of options, expert guidance and always-on tools, that are personalized to meet the needs of your reality – to help support you physically, financially and emotionally through the big milestones and in your everyday life. Please visit the compensation and benefits summary on our careers site for more details.

Relevant Work Experience

0-2 Years
"
Autonomous AI-Powered Red Teaming for Enhanced Cybersecurity,Zintellect,United States • via Zintellect,2025-01-08T12:52:59.439326,"Stealthy approach: The red agent operates covertly, using advanced techniques to evade detection while identifying and exploiting vulnerabilities
This framework will be designed to simulate various attack scenarios, including network vulnerabilities, phishing attacks and unauthorized device identification
This research will push the boundaries of current AI-powered red agent technology by developing a novel framework that can adapt to evolving attack scenarios and learn from experience
This will ultimately enable the development of more sophisticated and effective cybersecurity testing and evaluation methods for blue teams","Stealthy approach: The red agent operates covertly, using advanced techniques to evade detection while identifying and exploiting vulnerabilities; This framework will be designed to simulate various attack scenarios, including network vulnerabilities, phishing attacks and unauthorized device identification; This research will push the boundaries of current AI-powered red agent technology by developing a novel framework that can adapt to evolving attack scenarios and learn from experience; This will ultimately enable the development of more sophisticated and effective cybersecurity testing and evaluation methods for blue teams","Stealthy approach: The red agent operates covertly, using advanced techniques to evade detection while identifying and exploiting vulnerabilities
This framework will be designed to simulate various attack scenarios, including network vulnerabilities, phishing attacks and unauthorized device identification
This research will push the boundaries of current AI-powered red agent technology by developing a novel framework that can adapt to evolving attack scenarios and learn from experience
This will ultimately enable the development of more sophisticated and effective cybersecurity testing and evaluation methods for blue teams","Stealthy approach: The red agent operates covertly, using advanced techniques to evade detection while identifying and exploiting vulnerabilities; This framework will be designed to simulate various attack scenarios, including network vulnerabilities, phishing attacks and unauthorized device identification; This research will push the boundaries of current AI-powered red agent technology by developing a novel framework that can adapt to evolving attack scenarios and learn from experience; This will ultimately enable the development of more sophisticated and effective cybersecurity testing and evaluation methods for blue teams",,,,,"Research Topic Description, including Problem Statement:

In some government and national infrastructure facilities, isolated computer networks exist due to legacy systems or high sensitivity levels. These critical systems must be defended against from cyber-attacks from hostile actors, necessitating rigorous testing of blue cybersecurity teams’ response to potential network breaches and identific
ation of vulnerabilities introduced by the configuration changes or new equipment. While penetration testing can identify existing vulnerabilities and assess blue team response, this research focuses on developing autonomous AI-powered red agents that can comprehensively test entire cybersecurity systems and detect vulnerabilities. To accelerate testing, AI-driven automation of red agent testing is proposed, which may also involve competition with AI-powered autonomous blue agents.

The research question: How can autonomous AI-powered red agents be designed to effectively identify vulnerabilities in isolated computer networks, simulate real-world attack scenarios, and enhance the overall cybersecurity posture of critical facilities?

Example Approaches:

There are two approaches outlined that should be considered:
• Stealthy approach: The red agent operates covertly, using advanced techniques to evade detection while identifying and exploiting vulnerabilities.
• Rapid exploitation approach: The red agent takes a more overt approach, rapidly identifying zero-day vulnerabilities and exploiting them quickly, simulating a real-world attack scenario

The proposed approach may involve the development of a hybrid AI framework that combines traditional cybersecurity techniques with generative AI and machine learning algorithms. This framework will be designed to simulate various attack scenarios, including network vulnerabilities, phishing attacks and unauthorized device identification.

This research will push the boundaries of current AI-powered red agent technology by developing a novel framework that can adapt to evolving attack scenarios and learn from experience. This will ultimately enable the development of more sophisticated and effective cybersecurity testing and evaluation methods for blue teams.

Key Words: Artificial intelligence (AI), Machine learning (ML), Deep learning (DL), cybersecurity, red teaming, penetration testing, vulnerability assessment, zero-day exploits, autonomous systems, cyber threat intelligence, network security, endpoint security, advanced persistent threats (APTs), Security information and event management (SIEM), intrusion detection systems (IDS), intruder prevention systems (IPS), security orchestration automation and response (SOAR), threat hunting, cybersecurity analytics, generative adversarial networks (GANs).
"
"2025 Summer Intern, LLM and Generative AI - (BRAID - DELTA Lab)",Genentech,"South San Francisco, CA • via Careers At Genentech",2025-01-08T12:53:09.463598,"Required Education: Must be pursuing a PhD (enrolled student)
Required Majors: Computer science, Stat, and EE with a core focus on machine learning, artificial intelligence, computational theory, or related
Enrolled in a PhD program where your core focus is on machine learning, artificial intelligence, computational theory, or a related field
Proven publication record in top ML conferences (e.g., NeurIPS, ICML, ICLR)
Strong expertise in Generative AI and LLMs
Advanced programming skills in frameworks such as PyTorch, TensorFlow, or JAX
Excellent communication and teamwork skills","Required Education: Must be pursuing a PhD (enrolled student); Required Majors: Computer science, Stat, and EE with a core focus on machine learning, artificial intelligence, computational theory, or related; Enrolled in a PhD program where your core focus is on machine learning, artificial intelligence, computational theory, or a related field; Proven publication record in top ML conferences (e.g., NeurIPS, ICML, ICLR); Strong expertise in Generative AI and LLMs; Advanced programming skills in frameworks such as PyTorch, TensorFlow, or JAX; Excellent communication and teamwork skills","Required Education: Must be pursuing a PhD (enrolled student)
Required Majors: Computer science, Stat, and EE with a core focus on machine learning, artificial intelligence, computational theory, or related
Enrolled in a PhD program where your core focus is on machine learning, artificial intelligence, computational theory, or a related field
Proven publication record in top ML conferences (e.g., NeurIPS, ICML, ICLR)
Strong expertise in Generative AI and LLMs
Advanced programming skills in frameworks such as PyTorch, TensorFlow, or JAX
Excellent communication and teamwork skills","Required Education: Must be pursuing a PhD (enrolled student); Required Majors: Computer science, Stat, and EE with a core focus on machine learning, artificial intelligence, computational theory, or related; Enrolled in a PhD program where your core focus is on machine learning, artificial intelligence, computational theory, or a related field; Proven publication record in top ML conferences (e.g., NeurIPS, ICML, ICLR); Strong expertise in Generative AI and LLMs; Advanced programming skills in frameworks such as PyTorch, TensorFlow, or JAX; Excellent communication and teamwork skills","Intensive 12-week full-time (40 hours per week) paid internship
Program start dates are in May 19 or June 2
A stipend, based on location, will be provided to help alleviate costs associated with the internship
Ownership of challenging and impactful business-critical projects
The expected salary range for this position based on the primary location of California is $45-$50 hourly
Actual pay will be determined based on experience, qualifications, geographic location, and other job-related factors permitted by law
This position also qualifies for paid holiday time off benefits","Intensive 12-week full-time (40 hours per week) paid internship; Program start dates are in May 19 or June 2; A stipend, based on location, will be provided to help alleviate costs associated with the internship; Ownership of challenging and impactful business-critical projects; The expected salary range for this position based on the primary location of California is $45-$50 hourly; Actual pay will be determined based on experience, qualifications, geographic location, and other job-related factors permitted by law; This position also qualifies for paid holiday time off benefits","Intensive 12-week full-time (40 hours per week) paid internship
Program start dates are in May 19 or June 2
A stipend, based on location, will be provided to help alleviate costs associated with the internship
Ownership of challenging and impactful business-critical projects
The expected salary range for this position based on the primary location of California is $45-$50 hourly
Actual pay will be determined based on experience, qualifications, geographic location, and other job-related factors permitted by law
This position also qualifies for paid holiday time off benefits","Intensive 12-week full-time (40 hours per week) paid internship; Program start dates are in May 19 or June 2; A stipend, based on location, will be provided to help alleviate costs associated with the internship; Ownership of challenging and impactful business-critical projects; The expected salary range for this position based on the primary location of California is $45-$50 hourly; Actual pay will be determined based on experience, qualifications, geographic location, and other job-related factors permitted by law; This position also qualifies for paid holiday time off benefits","The Position

Department Summary

Genentech, a biotechnology leader, seeks an outstanding machine learning intern to contribute to cutting-edge research at the Deep-Learning Theory and Algorithms (DELTA) lab within the Biology Research | AI Development (BRAID) department. Our lab is dedicated to advancing machine-learning research to support drug discovery efforts, focusing on foundational models,
LLMs, and generative AI, particularly in the realms of Agentic AI, multi-modal settings, instructional tuning, and knowledge retrieval. We are committed to driving innovation through cutting-edge ML methods with real-world impact in drug discovery.

This internship position is on-site in South San Francisco.

The Opportunity
• Research, design, and implement novel cutting-edge research in AI with applications to drug discovery.
• Drive research on (large-scale) generative AI methods for scientific challenges.
• Collaborate closely with cross-functional teams across gRED to tackle complex problems.
• Contribute to and lead publications, presenting results at internal and external scientific conferences, and making code and workflows open source

Program Highlights
• Intensive 12-week full-time (40 hours per week) paid internship.
• Program start dates are in May 19 or June 2
• A stipend, based on location, will be provided to help alleviate costs associated with the internship.
• Ownership of challenging and impactful business-critical projects.
• Work alongside our collaborative research team of machine learning scientists, computational biologists, and chemists.

Who You Are (Required)

Required Education: Must be pursuing a PhD (enrolled student).

Required Majors: Computer science, Stat, and EE with a core focus on machine learning, artificial intelligence, computational theory, or related.

Required Skills:
• Enrolled in a PhD program where your core focus is on machine learning, artificial intelligence, computational theory, or a related field.
• Proven publication record in top ML conferences (e.g., NeurIPS, ICML, ICLR).
• Strong expertise in Generative AI and LLMs.
• Advanced programming skills in frameworks such as PyTorch, TensorFlow, or JAX.
• Excellent communication and teamwork skills.

Preferred Knowledge, Skills, and Qualifications
• Familiarity with AI agents, fine-tuning methods (e.g., SFT, RLHF, RL with experimental feedback), prompt engineering, and LLM calibration techniques.
• Familiarity with ML topics such as uncertainty quantification, conformal prediction, or offline RL.
• Experience in developing and applying Generative models for scientific applications.
• Knowledge of biological domains such as sequence design, perturbation biology, or target discovery.

Relocation benefits are not available for this job posting.

The expected salary range for this position based on the primary location of California is $45-$50 hourly. Actual pay will be determined based on experience, qualifications, geographic location, and other job-related factors permitted by law. This position also qualifies for paid holiday time off benefits.

#GNE-R&D-Interns-2025

Genentech is an equal opportunity employer, and we embrace the increasingly diverse world around us. Genentech prohibits unlawful discrimination based on race, color, religion, gender, sexual orientation, gender identity or expression, national origin or ancestry, age, disability, marital status and veteran status.
"
AI - Research Intern,Curai,Anywhere • via Indeed,2025-01-08T12:53:19.578789,"A self-starter and have a growth mindset
Enjoy tackling complex problems in a scientific and data-driven way
Thrive in ambiguity and love tackling complex problems
Are collaborative and appreciate working with people with diverse expertise
PhD or second year Masters (by research) candidate in machine learning or related fields
Publications at top-tier conferences
Experience in machine learning frameworks PyTorch and/or TensorFlow
Exposure to applications of ML/NLP in healthcare is valued but not required",A self-starter and have a growth mindset; Enjoy tackling complex problems in a scientific and data-driven way; Thrive in ambiguity and love tackling complex problems; Are collaborative and appreciate working with people with diverse expertise; PhD or second year Masters (by research) candidate in machine learning or related fields; Publications at top-tier conferences; Experience in machine learning frameworks PyTorch and/or TensorFlow; Exposure to applications of ML/NLP in healthcare is valued but not required,"A self-starter and have a growth mindset
Enjoy tackling complex problems in a scientific and data-driven way
Thrive in ambiguity and love tackling complex problems
Are collaborative and appreciate working with people with diverse expertise
PhD or second year Masters (by research) candidate in machine learning or related fields
Publications at top-tier conferences
Experience in machine learning frameworks PyTorch and/or TensorFlow
Exposure to applications of ML/NLP in healthcare is valued but not required",A self-starter and have a growth mindset; Enjoy tackling complex problems in a scientific and data-driven way; Thrive in ambiguity and love tackling complex problems; Are collaborative and appreciate working with people with diverse expertise; PhD or second year Masters (by research) candidate in machine learning or related fields; Publications at top-tier conferences; Experience in machine learning frameworks PyTorch and/or TensorFlow; Exposure to applications of ML/NLP in healthcare is valued but not required,"Culture: Mission-driven talent with great colleagues committed to living our values, collaborating, and driving performance
Pay: Paid internship
Wellness: flexible working hours and remote working options","Culture: Mission-driven talent with great colleagues committed to living our values, collaborating, and driving performance; Pay: Paid internship; Wellness: flexible working hours and remote working options","Culture: Mission-driven talent with great colleagues committed to living our values, collaborating, and driving performance
Pay: Paid internship
Wellness: flexible working hours and remote working options","Culture: Mission-driven talent with great colleagues committed to living our values, collaborating, and driving performance; Pay: Paid internship; Wellness: flexible working hours and remote working options","Curai Health is an AI-powered virtual clinic on a mission to improve access to care at scale. As the pioneer in deploying machine learning into clinical workflows, Curai Health enables its dedicated, specially trained clinicians to deliver primary care to more people at a fraction of the cost. Easy-to-use and convenient, Curai Health partners with insurers and health systems to keep patients engag
ed in their care over time, improving health outcomes and reducing costs.

Our company is remote-first and we consider candidates across the United States. Our corporate office is located in San Francisco.

AI Research at Curai

We are seeking an AI research intern to join our AI team. The AI team is responsible for Curai’s AI/automation technology. Our research interns are mentored 1:1 by experienced researchers on solving real problems using real data. Past internships have resulted in publications in top-tier conferences. Internships are fully remote, can start any time of next year, and typically last 12 weeks, though we are always open to collaboration beyond the internship.

Who You Are
• A self-starter and have a growth mindset. This internship will provide you with a wealth of learning opportunities, and we are looking for someone excited to take full advantage of them.
• Enjoy tackling complex problems in a scientific and data-driven way
• Thrive in ambiguity and love tackling complex problems
• Are collaborative and appreciate working with people with diverse expertise

What You’ll Do

Advance the state-of-the-art in machine learning applied to primary healthcare with research, often, leading to publication in a top-tier conference.

What You’ll Need
• PhD or second year Masters (by research) candidate in machine learning or related fields.
• Publications at top-tier conferences.
• Experience in machine learning frameworks PyTorch and/or TensorFlow.
• Exposure to applications of ML/NLP in healthcare is valued but not required.

Our interview process typically involves an initial call to meet your future manager and a technical phone call with two future teammates. These interviews are set up in such a way as to allow you to learn more about us (mission, product, company culture, and vision) and for us to know more about you (your superpowers and strengths). We tailor our interview process to your background and interests.

What We Offer

Culture: Mission-driven talent with great colleagues committed to living our values, collaborating, and driving performance

Pay: Paid internship

Wellness: flexible working hours and remote working options

Curai Health is a startup with a small but world-class team from high-tech companies, AI researchers, and practicing physicians to team members from non-traditional career paths and backgrounds. We also have research partnerships with leading universities across the country and access to medical data that facilitates research in this space. We are a highly collaborative, data-driven team, focused on delivering our mission with funding from top-tier Silicon Valley investors, including Morningside, General Catalyst, and Khosla Ventures.

At Curai Health, we are highly committed to building a diverse and inclusive environment. In keeping with our beliefs and values, no employee or applicant will face discrimination or harassment based on race, color, ancestry, national origin, religion, age, gender, marital domestic partner status, sexual orientation, gender identity, disability status, or veteran status. To promote an equitable and bias-free workplace, we set competitive compensation packages for each position and do not negotiate on our offers. We are looking for mission-driven teammates, who embody our core values, and appreciate our transparent approach.

Beware of job scam fraudsters! Our company uses @curai.com email addresses exclusively. We do not conduct interviews via text or instant message and we do not ask candidates to download software, to purchase equipment through us, or to provide sensitive personally identifiable information such as bank account or social security numbers. If you have been contacted by someone claiming to be from Curai from a different domain about a job offer, please report it as potential job fraud to law enforcement and contact us at jobs@curai.com.
"
Co-op for EP Oncology and AI,"Johnson & Johnson Services, Inc.",United States • via Johnson & Johnson Careers,2025-01-08T12:53:29.541416,"The EP Oncology and Artificial Intelligence (AI) co-op position supports the Oncology Portfolio and Compound Development Teams (CDTs) and is dedicated to maximizing the value of the portfolio through the execution of clinical development programs and, in particular, provides active medical and scientific contribution to cross-functional clinical teams to support successful completion of clinical projects and deliverables that enable worldwide registrations for new indications, enhancements to the label and compliance with regulatory commitments for products both in the market and in development
The co-op also participates the EP-AI project with the objective to automate literature search, analysis and reporting writing by using the latest AI technologies, such as large language models
Work with the Clinical Leaders and CDTs in the execution of specific tasks and projects in oncology related to clinical studies and strategic activities conducted for the portfolio
Work in concert with the Clinical Leaders on clinical trial concept and protocol development, execute clinical studies for post-approval commitments and new indications
Be actively involved in creation of Clinical Study Reports, publication of clinical research findings and presentations to relevant Health Authorities, advisory committees, and review meetings
Participate in EP-AI project by evaluating related the latest technologies and contributing to the progress of the project","The EP Oncology and Artificial Intelligence (AI) co-op position supports the Oncology Portfolio and Compound Development Teams (CDTs) and is dedicated to maximizing the value of the portfolio through the execution of clinical development programs and, in particular, provides active medical and scientific contribution to cross-functional clinical teams to support successful completion of clinical projects and deliverables that enable worldwide registrations for new indications, enhancements to the label and compliance with regulatory commitments for products both in the market and in development; The co-op also participates the EP-AI project with the objective to automate literature search, analysis and reporting writing by using the latest AI technologies, such as large language models; Work with the Clinical Leaders and CDTs in the execution of specific tasks and projects in oncology related to clinical studies and strategic activities conducted for the portfolio; Work in concert with the Clinical Leaders on clinical trial concept and protocol development, execute clinical studies for post-approval commitments and new indications; Be actively involved in creation of Clinical Study Reports, publication of clinical research findings and presentations to relevant Health Authorities, advisory committees, and review meetings; Participate in EP-AI project by evaluating related the latest technologies and contributing to the progress of the project",,,,,,,"Job Description:Janssen R&D, LLC is recruiting for an Established Products Oncologyand Artificial Intelligence co-op, located in Titusville, NJ. Established Products (EP) is a functional area within the Office of Chief Medical Officer and responsible for the late lifecycle management and optimization of a variety of products across a diverse group of therapeutic areas, such as oncology, immunology
and neuroscience. The EP Oncology and Artificial Intelligence (AI) co-op position supports the Oncology Portfolio and Compound Development Teams (CDTs) and is dedicated to maximizing the value of the portfolio through the execution of clinical development programs and, in particular, provides active medical and scientific contribution to cross-functional clinical teams to support successful completion of clinical projects and deliverables that enable worldwide registrations for new indications, enhancements to the label and compliance with regulatory commitments for products both in the market and in development. The co-op also participates the EP-AI project with the objective to automate literature search, analysis and reporting writing by using the latest AI technologies, such as large language models. Key Responsibilities:
• Work with the Clinical Leaders and CDTs in the execution of specific tasks and projects in oncology related to clinical studies and strategic activities conducted for the portfolio.
• Work in concert with the Clinical Leaders on clinical trial concept and protocol development, execute clinical studies for post-approval commitments and new indications.
• Be actively involved in creation of Clinical Study Reports, publication of clinical research findings and presentations to relevant Health Authorities, advisory committees, and review meetings.
• Participate in EP-AI project by evaluating related the latest technologies and contributing to the progress of the project
"
Summer Intern – Advanced analytics and AI,Siemens,"Peachtree Corners, GA • via Jobs At Siemens",2025-01-08T12:53:39.594710,"Undergraduate or graduate students in computer science or related field with a focus on Advanced analytics and AI
Demonstrated proficiency working knowledge in programming languages such as Python and SQL
Preferably on practical Advanced analytics and AI use cases
Understanding of machine learning algorithms and/or large language models (i.e
scikit-learn, TensorFlow, PyTorch), with the ability to implement the same
Good understanding of data visualization tools (i.e. Tableau) and data wrangling (i.e Knime)
Understanding of prediction model evaluation and validation techniques
Proficiency in feature engineering and selection
Basic understanding of version control systems, Snowflake, and large language models
Exposure to sprint planning, stand-ups, and other Agile practices
Ability to work effectively with multinational and diverse group and demonstrate leadership skills
Capacity to efficiently manage, prioritize & communicate a variety of concurrent activities
Located within 50 miles of Peachtree corners, GA
Able to work 40 hours per week from May to August in a hybrid mode (atleast 2 days on site, 3 days remote per week)
Legally authorized to work in the US now and in the future without sponsorship","Undergraduate or graduate students in computer science or related field with a focus on Advanced analytics and AI; Demonstrated proficiency working knowledge in programming languages such as Python and SQL; Preferably on practical Advanced analytics and AI use cases; Understanding of machine learning algorithms and/or large language models (i.e; scikit-learn, TensorFlow, PyTorch), with the ability to implement the same; Good understanding of data visualization tools (i.e. Tableau) and data wrangling (i.e Knime); Understanding of prediction model evaluation and validation techniques; Proficiency in feature engineering and selection; Basic understanding of version control systems, Snowflake, and large language models; Exposure to sprint planning, stand-ups, and other Agile practices; Ability to work effectively with multinational and diverse group and demonstrate leadership skills; Capacity to efficiently manage, prioritize & communicate a variety of concurrent activities; Located within 50 miles of Peachtree corners, GA; Able to work 40 hours per week from May to August in a hybrid mode (atleast 2 days on site, 3 days remote per week); Legally authorized to work in the US now and in the future without sponsorship","Undergraduate or graduate students in computer science or related field with a focus on Advanced analytics and AI
Demonstrated proficiency working knowledge in programming languages such as Python and SQL
Preferably on practical Advanced analytics and AI use cases
Understanding of machine learning algorithms and/or large language models (i.e
scikit-learn, TensorFlow, PyTorch), with the ability to implement the same
Good understanding of data visualization tools (i.e. Tableau) and data wrangling (i.e Knime)
Understanding of prediction model evaluation and validation techniques
Proficiency in feature engineering and selection
Basic understanding of version control systems, Snowflake, and large language models
Exposure to sprint planning, stand-ups, and other Agile practices
Ability to work effectively with multinational and diverse group and demonstrate leadership skills
Capacity to efficiently manage, prioritize & communicate a variety of concurrent activities
Located within 50 miles of Peachtree corners, GA
Able to work 40 hours per week from May to August in a hybrid mode (atleast 2 days on site, 3 days remote per week)
Legally authorized to work in the US now and in the future without sponsorship","Undergraduate or graduate students in computer science or related field with a focus on Advanced analytics and AI; Demonstrated proficiency working knowledge in programming languages such as Python and SQL; Preferably on practical Advanced analytics and AI use cases; Understanding of machine learning algorithms and/or large language models (i.e; scikit-learn, TensorFlow, PyTorch), with the ability to implement the same; Good understanding of data visualization tools (i.e. Tableau) and data wrangling (i.e Knime); Understanding of prediction model evaluation and validation techniques; Proficiency in feature engineering and selection; Basic understanding of version control systems, Snowflake, and large language models; Exposure to sprint planning, stand-ups, and other Agile practices; Ability to work effectively with multinational and diverse group and demonstrate leadership skills; Capacity to efficiently manage, prioritize & communicate a variety of concurrent activities; Located within 50 miles of Peachtree corners, GA; Able to work 40 hours per week from May to August in a hybrid mode (atleast 2 days on site, 3 days remote per week); Legally authorized to work in the US now and in the future without sponsorship","Siemens offers a variety of health and wellness benefits to our employees
The pay range for this position is $49,350 - $84,600 prorated for May-August
The actual wage offered may be lower or higher depending on budget and candidate experience, knowledge, skills, qualifications and premium geographic location
Siemens follows Executive Order 11246, including the Pay Transparency Nondiscrimination Provision","Siemens offers a variety of health and wellness benefits to our employees; The pay range for this position is $49,350 - $84,600 prorated for May-August; The actual wage offered may be lower or higher depending on budget and candidate experience, knowledge, skills, qualifications and premium geographic location; Siemens follows Executive Order 11246, including the Pay Transparency Nondiscrimination Provision","Siemens offers a variety of health and wellness benefits to our employees
The pay range for this position is $49,350 - $84,600 prorated for May-August
The actual wage offered may be lower or higher depending on budget and candidate experience, knowledge, skills, qualifications and premium geographic location
Siemens follows Executive Order 11246, including the Pay Transparency Nondiscrimination Provision","Siemens offers a variety of health and wellness benefits to our employees; The pay range for this position is $49,350 - $84,600 prorated for May-August; The actual wage offered may be lower or higher depending on budget and candidate experience, knowledge, skills, qualifications and premium geographic location; Siemens follows Executive Order 11246, including the Pay Transparency Nondiscrimination Provision","Summer Intern – Advanced Analytics and AI

Here at Siemens, we take pride in enabling sustainable progress through technology. We do this through empowering customers by combining the real and digital worlds. Improving how we live, work, and move today and for the next generation! We know that the only way a business thrive is if our people are thriving. That’s why we always put our people first.
Our global, diverse team would be happy to support you and challenge you to grow in new ways. Who knows where our shared journey will take you?

Siemens - Smart Infrastructure - Electrical Products organization is seeking qualified candidates for its trailblazing Digital Transformation Program and progress advanced analytics and AI use cases beginning in May 2025. This opportunity is based in Peachtree Corners, GA office.

We are looking for an Advanced Analytics and AI summer Intern. This position will be based in Peachtree Corners, GA.

You’ll make an impact by:
• Understand business use case requirements and build frameworks for machine learning and/or GenAI projects to solve business problems.
• Write SQL and Python programs to support with data engineering and machine learning use cases.
• Interface with business stakeholders, IT architects and developers to review requirements, code, test outcomes and the developed dashboards.
• Work on visualization tools such as Tableau to create user friendly dashboards and analyze data.
• Document activities in a structured manner for sustainability and reducing
• Work with business subject matter experts (SME) to better understand the Siemens processes and use cases.
• Identify areas for improvement and be proactive in implementing automation wherever possible.
• Document wok and publish in Internal SharePoint site and wiki site.

You’ll win us over by having the following qualifications:

Basic Qualifications:
• Undergraduate or graduate students in computer science or related field with a focus on Advanced analytics and AI
• Demonstrated proficiency working knowledge in programming languages such as Python and SQL. Preferably on practical Advanced analytics and AI use cases.
• Understanding of machine learning algorithms and/or large language models (i.e. scikit-learn, TensorFlow, PyTorch), with the ability to implement the same.
• Good understanding of data visualization tools (i.e. Tableau) and data wrangling (i.e Knime).
• Understanding of prediction model evaluation and validation techniques. Proficiency in feature engineering and selection.
• Basic understanding of version control systems, Snowflake, and large language models.
• Exposure to sprint planning, stand-ups, and other Agile practices.
• Ability to work effectively with multinational and diverse group and demonstrate leadership skills.
• Capacity to efficiently manage, prioritize & communicate a variety of concurrent activities.
• Located within 50 miles of Peachtree corners, GA.
• Able to work 40 hours per week from May to August in a hybrid mode (atleast 2 days on site, 3 days remote per week).
• Legally authorized to work in the US now and in the future without sponsorship.

You’ll benefit from:
• Siemens offers a variety of health and wellness benefits to our employees. Details regarding our benefits can be found here: https://www.benefitsquickstart.com/siemens/index.html
• The pay range for this position is $49,350 - $84,600 prorated for May-August. The actual wage offered may be lower or higher depending on budget and candidate experience, knowledge, skills, qualifications and premium geographic location.

Create a better #TomorrowWithUs

About Siemens:

We are a global technology company focused on industry, infrastructure, transport, and healthcare. From more resource-efficient factories, resilient supply chains, and smarter buildings and grids, to sustainable transportation as well as advanced healthcare, we create technology with purpose adding real value for customers.

Our Commitment to Diversity, Equity, and Inclusion:

We value your unique identity and perspective. We are fully committed to providing equitable opportunities and building a workplace that reflects the diversity of society. Come bring your authentic self and create a better tomorrow with us. Learn more about our commitment to DEI here.

Protecting the environment, conserving our natural resources, fostering the health and performance of our people as well as safeguarding their working conditions are core to our social and business commitment at Siemens. They are an integral part of our Business Conduct Guidelines and our corporate strategy.

Equal Employment Opportunity Statement
Siemens is an Equal Opportunity and Affirmative Action Employer encouraging diversity in the workplace. All qualified applicants will receive consideration for employment without regard to their race, color, creed, religion, national origin, citizenship status, ancestry, sex, age, physical or mental disability unrelated to ability, marital status, family responsibilities, pregnancy, genetic information, sexual orientation, gender expression, gender identity, transgender, sex stereotyping, order of protection status, protected veteran or military status, or an unfavorable discharge from military service, and other categories protected by federal, state or local law.

Reasonable Accommodations
If you require a reasonable accommodation in completing a job application, interviewing, completing any pre-employment testing, or otherwise participating in the employee selection process, please fill out the accommodations form by clicking on this link Accommodation for disability form. If you’re unable to complete the form, you can reach out to our AskHR team for support at 1-866-743-6367. Please note our AskHR representatives do not have visibility of application or interview status.

EEO is the Law
Applicants and employees are protected under Federal law from discrimination. To learn more, Click here.

Pay Transparency Non-Discrimination Provision
Siemens follows Executive Order 11246, including the Pay Transparency Nondiscrimination Provision. To learn more, Click here.

California Privacy Notice
California residents have the right to receive additional notices about their personal information. To learn more, click here.
"
2025 Intern - AI/ML Applied Research Scientist,Adobe,"Seattle, WA • via Adobe Careers",2025-01-08T12:53:50.021605,"All interns must live in the same state, country, and within commuting distance of their assigned Adobe office so they can be on-site as needed
Currently enrolled full-time in a Ph.D. program in fields such as Computer Science, Computer Engineering, Electrical Engineering, or an equivalent field
In the final stages of completing your Ph.D
A minimum of 3 years of experience in deep learning, generative models, and image synthesis
A strong publication track record
Demonstrated experience in effectively communicating research to both peers and the public
Proven ability to work collaboratively in teams
Proficiency in Python and typical machine learning development toolkits
Availability for a full-time internship from May to September","All interns must live in the same state, country, and within commuting distance of their assigned Adobe office so they can be on-site as needed; Currently enrolled full-time in a Ph.D. program in fields such as Computer Science, Computer Engineering, Electrical Engineering, or an equivalent field; In the final stages of completing your Ph.D; A minimum of 3 years of experience in deep learning, generative models, and image synthesis; A strong publication track record; Demonstrated experience in effectively communicating research to both peers and the public; Proven ability to work collaboratively in teams; Proficiency in Python and typical machine learning development toolkits; Availability for a full-time internship from May to September","All interns must live in the same state, country, and within commuting distance of their assigned Adobe office so they can be on-site as needed
Currently enrolled full-time in a Ph.D. program in fields such as Computer Science, Computer Engineering, Electrical Engineering, or an equivalent field
In the final stages of completing your Ph.D
A minimum of 3 years of experience in deep learning, generative models, and image synthesis
A strong publication track record
Demonstrated experience in effectively communicating research to both peers and the public
Proven ability to work collaboratively in teams
Proficiency in Python and typical machine learning development toolkits
Availability for a full-time internship from May to September","All interns must live in the same state, country, and within commuting distance of their assigned Adobe office so they can be on-site as needed; Currently enrolled full-time in a Ph.D. program in fields such as Computer Science, Computer Engineering, Electrical Engineering, or an equivalent field; In the final stages of completing your Ph.D; A minimum of 3 years of experience in deep learning, generative models, and image synthesis; A strong publication track record; Demonstrated experience in effectively communicating research to both peers and the public; Proven ability to work collaboratively in teams; Proficiency in Python and typical machine learning development toolkits; Availability for a full-time internship from May to September","Our compensation reflects the cost of labor across several  U.S. geographic markets, and we pay differently based on those defined markets
The U.S. pay range for this position is $45.00 -- $61.00 hourly
Your recruiter can share more about the specific pay rate for your job location during the hiring process","Our compensation reflects the cost of labor across several  U.S. geographic markets, and we pay differently based on those defined markets; The U.S. pay range for this position is $45.00 -- $61.00 hourly; Your recruiter can share more about the specific pay rate for your job location during the hiring process","Our compensation reflects the cost of labor across several  U.S. geographic markets, and we pay differently based on those defined markets
The U.S. pay range for this position is $45.00 -- $61.00 hourly
Your recruiter can share more about the specific pay rate for your job location during the hiring process","Our compensation reflects the cost of labor across several  U.S. geographic markets, and we pay differently based on those defined markets; The U.S. pay range for this position is $45.00 -- $61.00 hourly; Your recruiter can share more about the specific pay rate for your job location during the hiring process","Our Company

Changing the world through digital experiences is what Adobe’s all about. We give everyone—from emerging artists to global brands—everything they need to design and deliver exceptional digital experiences! We’re passionate about empowering people to create beautiful and powerful images, videos, and apps, and transform how companies interact with customers across every screen.

We’re o
n a mission to hire the very best and are committed to creating exceptional employee experiences where everyone is respected and has access to equal opportunity. We realize that new ideas can come from everywhere in the organization, and we know the next big idea could be yours!

The Opportunity

Adobe seeks a highly motivated Machine Learning researcher to enhance customer experiences through AI and generative technologies. This presents an exciting internship opportunity within the Adobe Digital Imaging applied research organization in Seattle. You'll collaborate with a team of accomplished researchers, boasting decades of publication records and credited with pioneering technologies featured in Adobe products such as Photoshop, Lightroom, After Effects, and Illustrator. From the inception of research to product integration, you'll play a pivotal role focused on generative AI. Join us in reshaping the future of generative AI and customer experiences at Adobe!

All 2024 Adobe interns will be ‘co-located hybrid. This means that interns will be assigned to an Adobe office location, but in-office schedules will be flexible and determined by team. All interns must live in the same state, country, and within commuting distance of their assigned Adobe office so they can be on-site as needed.

What You’ll Do
• Foster collaboration on projects across various teams.
• Engage in regular meetings with mentors and collaborators to ensure progress updates.
• Dedicate efforts to achieving results-oriented research goals, identifying, and celebrating intermediate milestones.
• Strive for the publication of research findings.
• Contribute to research with practical applications for Adobe products.

What You Need to Succeed
• Currently enrolled full-time in a Ph.D. program in fields such as Computer Science, Computer Engineering, Electrical Engineering, or an equivalent field.
• In the final stages of completing your Ph.D.
• A minimum of 3 years of experience in deep learning, generative models, and image synthesis.
• A strong publication track record.
• Demonstrated experience in effectively communicating research to both peers and the public.
• Proven ability to work collaboratively in teams.
• Proficiency in Python and typical machine learning development toolkits.
• Availability for a full-time internship from May to September.

Our compensation reflects the cost of labor across several  U.S. geographic markets, and we pay differently based on those defined markets. The U.S. pay range for this position is $45.00 -- $61.00 hourly. Your recruiter can share more about the specific pay rate for your job location during the hiring process.

Adobe is proud to be an Equal Employment Opportunity and affirmative action employer. We do not discriminate based on gender, race or color, ethnicity or national origin, age, disability, religion, sexual orientation, gender identity or expression, veteran status, or any other applicable characteristics protected by law. Learn more.

Adobe aims to make Adobe.com accessible to any and all users. If you have a disability or special need that requires accommodation to navigate our website or complete the application process, email accommodations@adobe.com or call (408) 536-3015.

Adobe values a free and open marketplace for all employees and has policies in place to ensure that we do not enter into illegal agreements with other companies to not recruit or hire each other’s employees.
"
Utility of Synthetically Generated Data for Training or Testing AI/ML Systems,Zintellect,United States • via Zintellect,2025-01-08T12:53:59.970052,"(Scenario 2 problem statement) A model pre-trained on publicly or commercially available data has been submitted for evaluation against an operational requirement that represents a similar task
NB: ‘real’ as used above, means a dataset that contains true data (non-synthetic) that has been mocked-up or manipulated to provide an accurate representation of operational data","(Scenario 2 problem statement) A model pre-trained on publicly or commercially available data has been submitted for evaluation against an operational requirement that represents a similar task; NB: ‘real’ as used above, means a dataset that contains true data (non-synthetic) that has been mocked-up or manipulated to provide an accurate representation of operational data","(Scenario 2 problem statement) A model pre-trained on publicly or commercially available data has been submitted for evaluation against an operational requirement that represents a similar task
NB: ‘real’ as used above, means a dataset that contains true data (non-synthetic) that has been mocked-up or manipulated to provide an accurate representation of operational data","(Scenario 2 problem statement) A model pre-trained on publicly or commercially available data has been submitted for evaluation against an operational requirement that represents a similar task; NB: ‘real’ as used above, means a dataset that contains true data (non-synthetic) that has been mocked-up or manipulated to provide an accurate representation of operational data",,,,,"Research Topic Description, including Problem Statement:

How feasible is the use of synthetic data, in place of rare domain specific data, to train or evaluate ML models? What are the associated risks, benefits and explainability considerations? (I’m using video/imagery systems as an example, but the topic under investigation could cover any physically or digitally collected data or data-sets.)
(Scenario 1 problem statement) It is currently difficult to train novel ML models on data that is sufficiently representative of their final use case, when not much domain specific data is readily available. Specifically: large public data sets tend not to exist for the specific scenarios that are of interest, operational data cannot be made available and/or is insufficient in quantity, production, curation and labelling of ‘real’ data to cover all variants of scenarios can be extremely costly, complex and time-consuming (eg. i-Lids).

(Scenario 2 problem statement) A model pre-trained on publicly or commercially available data has been submitted for evaluation against an operational requirement that represents a similar task. Insufficient domain specific data exists with which to evaluate the capability thoroughly, as it has generated in an uncommon manner.

Questions to be answered:

With advancements in the ability to generate increasingly realistic synthetic data (e.g. by Game Engines in the video example), what is the possibility and utility of generating representative synthetic data to allow training of AI systems used to detect and/or identify specific content, or otherwise enrich live or large operational data feeds?

If we only have access to small amounts of real data with which to test a pre-trained AI, is it possible to synthetically extend the data to a suitably sized test set?

Can the synthetic data be generated with suitable detail to embed the desired information for later extraction?

Are AI’s that have been trained this way subject to any biases in response?

Can the efficacy, accuracy or other performance metrics of AI’s trained on synthetic data be relied upon when the same systems are then given ‘live’ data? And if not, is there a predictable performance adjustment that can be applied?

How does ‘explainability’ work with AI’s trained on synthetically generated data?

What are the ethical considerations around the use of AI/ML systems trained on, or tested against synthetic data?

Example Approaches:
• Scenario 1: Create two ‘real’ datasets and one synthetic dataset, that mimic a true data type of interest. Train two instances of an AI, one on the synthetic and the other on the first real data set. Test both AI instances on the 2nd ‘real’ dataset and compare performance.
• Scenario 2: Make a short ‘real’ dataset. Make a larger ‘real’ data set. Synthetically extend short ‘real’ dataset. Test pre-trained AI to ensure responses are similar to both

NB: ‘real’ as used above, means a dataset that contains true data (non-synthetic) that has been mocked-up or manipulated to provide an accurate representation of operational data.

Key Words: synthetic, training, evaluation, testing, AI, ML
"
AI Engineer Intern,HPE,"Spring, TX • via Hewlett Packard Enterprise Jobs",2025-01-08T12:54:10.105356,"Currently pursuing a Bachelor’s or Master’s degree in Computer Science, Data Science, Machine Learning, or a related field
Familiarity with machine learning and deep learning frameworks such as TensorFlow, PyTorch, or Scikit-Learn
Experience with programming languages such as Python, R, or Java
Basic understanding of data preprocessing, feature engineering, and model evaluation techniques
Strong analytical skills and a passion for solving complex problems
Excellent communication and collaboration skills, with a willingness to learn in a fast-paced environment
Accountability, Accountability, Action Planning, Active Learning (Inactive), Active Listening, Bias, Business, Calendar Management, Coaching, Computer Literacy, Creativity, Critical Thinking, Design Thinking, Empathy, Follow-Through, Group Problem Solving, Growth Mindset, Intellectual Curiosity (Inactive), Long Term Planning, Managing Ambiguity, Office Administration, Policy and procedures, Recordkeeping, Risk Assessment, Service And Support Planning {+ 6 more}","Currently pursuing a Bachelor’s or Master’s degree in Computer Science, Data Science, Machine Learning, or a related field; Familiarity with machine learning and deep learning frameworks such as TensorFlow, PyTorch, or Scikit-Learn; Experience with programming languages such as Python, R, or Java; Basic understanding of data preprocessing, feature engineering, and model evaluation techniques; Strong analytical skills and a passion for solving complex problems; Excellent communication and collaboration skills, with a willingness to learn in a fast-paced environment; Accountability, Accountability, Action Planning, Active Learning (Inactive), Active Listening, Bias, Business, Calendar Management, Coaching, Computer Literacy, Creativity, Critical Thinking, Design Thinking, Empathy, Follow-Through, Group Problem Solving, Growth Mindset, Intellectual Curiosity (Inactive), Long Term Planning, Managing Ambiguity, Office Administration, Policy and procedures, Recordkeeping, Risk Assessment, Service And Support Planning {+ 6 more}","Currently pursuing a Bachelor’s or Master’s degree in Computer Science, Data Science, Machine Learning, or a related field
Familiarity with machine learning and deep learning frameworks such as TensorFlow, PyTorch, or Scikit-Learn
Experience with programming languages such as Python, R, or Java
Basic understanding of data preprocessing, feature engineering, and model evaluation techniques
Strong analytical skills and a passion for solving complex problems
Excellent communication and collaboration skills, with a willingness to learn in a fast-paced environment
Accountability, Accountability, Action Planning, Active Learning (Inactive), Active Listening, Bias, Business, Calendar Management, Coaching, Computer Literacy, Creativity, Critical Thinking, Design Thinking, Empathy, Follow-Through, Group Problem Solving, Growth Mindset, Intellectual Curiosity (Inactive), Long Term Planning, Managing Ambiguity, Office Administration, Policy and procedures, Recordkeeping, Risk Assessment, Service And Support Planning {+ 6 more}","Currently pursuing a Bachelor’s or Master’s degree in Computer Science, Data Science, Machine Learning, or a related field; Familiarity with machine learning and deep learning frameworks such as TensorFlow, PyTorch, or Scikit-Learn; Experience with programming languages such as Python, R, or Java; Basic understanding of data preprocessing, feature engineering, and model evaluation techniques; Strong analytical skills and a passion for solving complex problems; Excellent communication and collaboration skills, with a willingness to learn in a fast-paced environment; Accountability, Accountability, Action Planning, Active Learning (Inactive), Active Listening, Bias, Business, Calendar Management, Coaching, Computer Literacy, Creativity, Critical Thinking, Design Thinking, Empathy, Follow-Through, Group Problem Solving, Growth Mindset, Intellectual Curiosity (Inactive), Long Term Planning, Managing Ambiguity, Office Administration, Policy and procedures, Recordkeeping, Risk Assessment, Service And Support Planning {+ 6 more}","Hands-on experience with real-world AI projects and the latest AI technologies
Mentorship and guidance from industry experts
Opportunity to grow and potentially transition to a full-time role based on performance
Health & Wellbeing
We strive to provide our team members and their loved ones with a comprehensive suite of benefits that supports their physical, financial and emotional wellbeing
Personal & Professional Development
If this is a non-sales role, then the listed salary range reflects base salary only
Variable incentives may also be offered
Information about employee benefits offered can be found at https://myhperewards.com/main/new-hire-enrollment.html
USD Hourly: $28.75 - $35.00","Hands-on experience with real-world AI projects and the latest AI technologies; Mentorship and guidance from industry experts; Opportunity to grow and potentially transition to a full-time role based on performance; Health & Wellbeing; We strive to provide our team members and their loved ones with a comprehensive suite of benefits that supports their physical, financial and emotional wellbeing; Personal & Professional Development; If this is a non-sales role, then the listed salary range reflects base salary only; Variable incentives may also be offered; Information about employee benefits offered can be found at https://myhperewards.com/main/new-hire-enrollment.html; USD Hourly: $28.75 - $35.00","Hands-on experience with real-world AI projects and the latest AI technologies
Mentorship and guidance from industry experts
Opportunity to grow and potentially transition to a full-time role based on performance
Health & Wellbeing
We strive to provide our team members and their loved ones with a comprehensive suite of benefits that supports their physical, financial and emotional wellbeing
Personal & Professional Development
If this is a non-sales role, then the listed salary range reflects base salary only
Variable incentives may also be offered
Information about employee benefits offered can be found at https://myhperewards.com/main/new-hire-enrollment.html
USD Hourly: $28.75 - $35.00","Hands-on experience with real-world AI projects and the latest AI technologies; Mentorship and guidance from industry experts; Opportunity to grow and potentially transition to a full-time role based on performance; Health & Wellbeing; We strive to provide our team members and their loved ones with a comprehensive suite of benefits that supports their physical, financial and emotional wellbeing; Personal & Professional Development; If this is a non-sales role, then the listed salary range reflects base salary only; Variable incentives may also be offered; Information about employee benefits offered can be found at https://myhperewards.com/main/new-hire-enrollment.html; USD Hourly: $28.75 - $35.00","AI Engineer Intern

This role has been designed as ‘Hybrid’ with an expectation that you will work on average 2-3 days per week from an HPE office.

Who We Are:

Hewlett Packard Enterprise is the global edge-to-cloud company advancing the way people live and work. We help companies connect, protect, analyze, and act on their data and applications wherever they live, from edge to cloud, so they can
turn insights into outcomes at the speed required to thrive in today’s complex world. Our culture thrives on finding new and better ways to accelerate what’s next. We know diverse backgrounds are valued and succeed here. We have the flexibility to manage our work and personal needs. We make bold moves, together, and are a force for good. If you are looking to stretch and grow your career our culture will embrace you. Open up opportunities with HPE.

Job Description:

Job Summary: We are seeking a highly motivated and detail-oriented AI Engineer Intern to join our team. In this role, you will work closely with our AI and Machine Learning experts to support the development and implementation of cutting-edge AI models and solutions. This internship provides a hands-on learning experience in AI technologies, data science, and software engineering, with opportunities to contribute to real-world projects and develop valuable skills in the AI field.

Responsibilities:
• Assist in designing, developing, and testing AI models for a variety of applications, such as natural language processing, computer vision, and recommendation systems.
• Collaborate with cross-functional teams to understand project requirements and contribute to data collection, preprocessing, and data exploration.
• Support the deployment and monitoring of machine learning models in production environments, ensuring model performance and accuracy.
• Research and implement best practices for model training, optimization, and evaluation to enhance performance and efficiency.
• Perform exploratory data analysis and generate insights to inform model design and improvements.
• Document code, methodologies, and findings, enabling easy transfer of knowledge and insights to team members.
• Stay updated on advancements in AI, machine learning algorithms, and relevant technologies, and share knowledge with the team.

Requirements:
• Currently pursuing a Bachelor’s or Master’s degree in Computer Science, Data Science, Machine Learning, or a related field.
• Familiarity with machine learning and deep learning frameworks such as TensorFlow, PyTorch, or Scikit-Learn.
• Experience with programming languages such as Python, R, or Java.
• Basic understanding of data preprocessing, feature engineering, and model evaluation techniques.
• Strong analytical skills and a passion for solving complex problems.
• Excellent communication and collaboration skills, with a willingness to learn in a fast-paced environment.

Preferred Qualifications:
• Experience with cloud platforms like AWS, Google Cloud, or Azure.
• Familiarity with big data tools like Hadoop or Spark.
• Prior experience with SQL or NoSQL databases.
• Understanding of AI model deployment and MLOps principles.

Benefits:
• Hands-on experience with real-world AI projects and the latest AI technologies.
• Mentorship and guidance from industry experts.
• Opportunity to grow and potentially transition to a full-time role based on performance.

Additional Skills:

Accountability, Accountability, Action Planning, Active Learning (Inactive), Active Listening, Bias, Business, Calendar Management, Coaching, Computer Literacy, Creativity, Critical Thinking, Design Thinking, Empathy, Follow-Through, Group Problem Solving, Growth Mindset, Intellectual Curiosity (Inactive), Long Term Planning, Managing Ambiguity, Office Administration, Policy and procedures, Recordkeeping, Risk Assessment, Service And Support Planning {+ 6 more}

What We Can Offer You:

Health & Wellbeing

We strive to provide our team members and their loved ones with a comprehensive suite of benefits that supports their physical, financial and emotional wellbeing.

Personal & Professional Development

We also invest in your career because the better you are, the better we all are. We have specific programs catered to helping you reach any career goals you have — whether you want to become a knowledge expert in your field or apply your skills to another division.

Diversity, Inclusion & Belonging

We are unconditionally inclusive in the way we work and celebrate individual uniqueness. We know diverse backgrounds are valued and succeed here. We have the flexibility to manage our work and personal needs. We make bold moves, together, and are a force for good.

Let's Stay Connected:

Follow @HPECareers on Instagram to see the latest on people, culture and tech at HPE.

Job:
Administration

Job Level:
N/A

States with Pay Range Requirement

The expected salary/wage range for a U.S.-based hire filling this position is provided below. Actual offer may vary from this range based upon geographic location, work experience, education/training, and/or skill level. If this is a sales role, then the listed salary range reflects combined base salary and target-level sales compensation pay. If this is a non-sales role, then the listed salary range reflects base salary only. Variable incentives may also be offered. Information about employee benefits offered can be found at https://myhperewards.com/main/new-hire-enrollment.html.

USD Hourly: $28.75 - $35.00

HPE is an Equal Employment Opportunity/ Veterans/Disabled/LGBT and Affirmative Action employer. We are committed to diversity and building a team that represents a variety of backgrounds, perspectives, and skills. We do not discriminate and all decisions we make are made on the basis of qualifications, merit, and business need. Our goal is to be one global diverse team that is representative of our customers, in an inclusive environment where we can continue to innovate and grow together. Please click here: Equal Employment Opportunity.

Hewlett Packard Enterprise is EEO F/M/Protected Veteran/ Individual with Disabilities.

HPE will comply with all applicable laws related to employer use of arrest and conviction records, including laws requiring employers to consider for employment qualified applicants with criminal histories. .
"
AI-ML Research Sr. Intern,Thermo Fisher Scientific,"Sunnyvale, CA • via Thermo Fisher Scientific Jobs",2025-01-08T12:54:20.246604,"Keys to Success
Equivalent experience will be considered
Proven experience in conducting research in AI-ML
Familiarity with data analysis and machine learning algorithms, particularly in the context of scientific research
Strong problem-solving skills and the ability to think critically and creatively
Knowledge, Skills, Abilities
In-depth knowledge of AI-ML concepts and techniques
Proficiency in programming languages such as Python or R, with experience in developing AI-ML models
Excellent communication and collaboration skills, with the ability to work effectively in a team environment
Physical Requirements / Work Environment
As an AI-ML Research Sr
This role involves extensive computer work and may require occasional lifting of equipment","Keys to Success; Equivalent experience will be considered; Proven experience in conducting research in AI-ML; Familiarity with data analysis and machine learning algorithms, particularly in the context of scientific research; Strong problem-solving skills and the ability to think critically and creatively; Knowledge, Skills, Abilities; In-depth knowledge of AI-ML concepts and techniques; Proficiency in programming languages such as Python or R, with experience in developing AI-ML models; Excellent communication and collaboration skills, with the ability to work effectively in a team environment; Physical Requirements / Work Environment; As an AI-ML Research Sr; This role involves extensive computer work and may require occasional lifting of equipment","Keys to Success
Equivalent experience will be considered
Proven experience in conducting research in AI-ML
Familiarity with data analysis and machine learning algorithms, particularly in the context of scientific research
Strong problem-solving skills and the ability to think critically and creatively
Knowledge, Skills, Abilities
In-depth knowledge of AI-ML concepts and techniques
Proficiency in programming languages such as Python or R, with experience in developing AI-ML models
Excellent communication and collaboration skills, with the ability to work effectively in a team environment
Physical Requirements / Work Environment
As an AI-ML Research Sr
This role involves extensive computer work and may require occasional lifting of equipment","Keys to Success; Equivalent experience will be considered; Proven experience in conducting research in AI-ML; Familiarity with data analysis and machine learning algorithms, particularly in the context of scientific research; Strong problem-solving skills and the ability to think critically and creatively; Knowledge, Skills, Abilities; In-depth knowledge of AI-ML concepts and techniques; Proficiency in programming languages such as Python or R, with experience in developing AI-ML models; Excellent communication and collaboration skills, with the ability to work effectively in a team environment; Physical Requirements / Work Environment; As an AI-ML Research Sr; This role involves extensive computer work and may require occasional lifting of equipment","We offer healthcare coverage and a comprehensive range of employee benefits
The hourly pay range estimated for this position based in California is $25.25–$38.50
This position may also be eligible to receive a variable annual bonus based on company, team, and/or individual performance results in accordance with company policy
We offer a comprehensive Total Rewards package that our U.S. colleagues and their families can count on, which includes:
A choice of national medical and dental plans, and a national vision plan, including health incentive programs
Employee assistance and family support programs, including commuter benefits and tuition reimbursement
At least 120 hours paid time off (PTO), 10 paid holidays annually, paid parental leave (3 weeks for bonding and 8 weeks for caregiver leave), accident and life insurance, and short- and long-term disability in accordance with company policy
Retirement and savings programs, such as our competitive 401(k) U.S. retirement savings plan
Employees’ Stock Purchase Plan (ESPP) offers eligible colleagues the opportunity to purchase company stock at a discount
For more information on our benefits, please visit: https://jobs.thermofisher.com/global/en/total-rewards","We offer healthcare coverage and a comprehensive range of employee benefits; The hourly pay range estimated for this position based in California is $25.25–$38.50; This position may also be eligible to receive a variable annual bonus based on company, team, and/or individual performance results in accordance with company policy; We offer a comprehensive Total Rewards package that our U.S. colleagues and their families can count on, which includes:; A choice of national medical and dental plans, and a national vision plan, including health incentive programs; Employee assistance and family support programs, including commuter benefits and tuition reimbursement; At least 120 hours paid time off (PTO), 10 paid holidays annually, paid parental leave (3 weeks for bonding and 8 weeks for caregiver leave), accident and life insurance, and short- and long-term disability in accordance with company policy; Retirement and savings programs, such as our competitive 401(k) U.S. retirement savings plan; Employees’ Stock Purchase Plan (ESPP) offers eligible colleagues the opportunity to purchase company stock at a discount; For more information on our benefits, please visit: https://jobs.thermofisher.com/global/en/total-rewards","We offer healthcare coverage and a comprehensive range of employee benefits
The hourly pay range estimated for this position based in California is $25.25–$38.50
This position may also be eligible to receive a variable annual bonus based on company, team, and/or individual performance results in accordance with company policy
We offer a comprehensive Total Rewards package that our U.S. colleagues and their families can count on, which includes:
A choice of national medical and dental plans, and a national vision plan, including health incentive programs
Employee assistance and family support programs, including commuter benefits and tuition reimbursement
At least 120 hours paid time off (PTO), 10 paid holidays annually, paid parental leave (3 weeks for bonding and 8 weeks for caregiver leave), accident and life insurance, and short- and long-term disability in accordance with company policy
Retirement and savings programs, such as our competitive 401(k) U.S. retirement savings plan
Employees’ Stock Purchase Plan (ESPP) offers eligible colleagues the opportunity to purchase company stock at a discount
For more information on our benefits, please visit: https://jobs.thermofisher.com/global/en/total-rewards","We offer healthcare coverage and a comprehensive range of employee benefits; The hourly pay range estimated for this position based in California is $25.25–$38.50; This position may also be eligible to receive a variable annual bonus based on company, team, and/or individual performance results in accordance with company policy; We offer a comprehensive Total Rewards package that our U.S. colleagues and their families can count on, which includes:; A choice of national medical and dental plans, and a national vision plan, including health incentive programs; Employee assistance and family support programs, including commuter benefits and tuition reimbursement; At least 120 hours paid time off (PTO), 10 paid holidays annually, paid parental leave (3 weeks for bonding and 8 weeks for caregiver leave), accident and life insurance, and short- and long-term disability in accordance with company policy; Retirement and savings programs, such as our competitive 401(k) U.S. retirement savings plan; Employees’ Stock Purchase Plan (ESPP) offers eligible colleagues the opportunity to purchase company stock at a discount; For more information on our benefits, please visit: https://jobs.thermofisher.com/global/en/total-rewards","Work Schedule
Standard (Mon-Fri)

Environmental Conditions
Office

Job Description

Do you have a passion for innovative ideas and groundbreaking discoveries? With over $1 billion invested annually in R&D, at Thermo Fisher Scientific you’ll help solve some of the world’s toughest challenges, from giving cancer patients hope, ensuring safe drinking water and helping law enforcement tackle cases thr
ough forensics. We empower our teams to put science into meaningful action and give our R&D colleagues the autonomy, resources and tools they need to take science a step beyond.

Location/Division Specific Information

Join our team in Sunnyvale, CA, USA, at Thermo Fisher Scientific Inc. As a global leader in serving science, we are dedicated to making a difference in the world through our groundbreaking discoveries and innovative ideas.

Discover Impactful Work

At Thermo Fisher Scientific, you will have the opportunity to work on projects that have a significant impact on society. Our research in AI-ML is driving advancements in various fields, from healthcare to environmental protection.

A day in the Life
• Work closely with a team of highly skilled researchers to develop advanced AI-ML solutions with a focus on Ion Chromatography. Collaborate with experts in the field to determine project objectives and targets.
• Conduct experiments and analyze data to identify patterns and trends, contributing to the development of innovative technologies, specifically in the field of Ion Chromatography.
• Collaborate closely with teams from different departments to define project objectives and targets, ensuring successful implementation of AI-ML solutions.

Keys to Success

To excel in this role, you should have:

Education
• Master's degree or above in Computer Science, Engineering, or a related field preferred. Equivalent experience will be considered.

Experience
• Proven experience in conducting research in AI-ML.
• Familiarity with data analysis and machine learning algorithms, particularly in the context of scientific research.
• Strong problem-solving skills and the ability to think critically and creatively.

Knowledge, Skills, Abilities
• In-depth knowledge of AI-ML concepts and techniques.
• Proficiency in programming languages such as Python or R, with experience in developing AI-ML models.
• Excellent communication and collaboration skills, with the ability to work effectively in a team environment.

Physical Requirements / Work Environment

As an AI-ML Research Sr. Intern, you will work in a dynamic and collaborative environment. This role involves extensive computer work and may require occasional lifting of equipment.

Benefits

We offer healthcare coverage and a comprehensive range of employee benefits. At Thermo Fisher Scientific, we are committed to your career development and offer outstanding prospects for growth. Join our world-class team and be part of our journey to make the world healthier, cleaner, and safer.

Compensation and Benefits
The hourly pay range estimated for this position based in California is $25.25–$38.50.

This position may also be eligible to receive a variable annual bonus based on company, team, and/or individual performance results in accordance with company policy. We offer a comprehensive Total Rewards package that our U.S. colleagues and their families can count on, which includes:
• A choice of national medical and dental plans, and a national vision plan, including health incentive programs
• Employee assistance and family support programs, including commuter benefits and tuition reimbursement
• At least 120 hours paid time off (PTO), 10 paid holidays annually, paid parental leave (3 weeks for bonding and 8 weeks for caregiver leave), accident and life insurance, and short- and long-term disability in accordance with company policy
• Retirement and savings programs, such as our competitive 401(k) U.S. retirement savings plan
• Employees’ Stock Purchase Plan (ESPP) offers eligible colleagues the opportunity to purchase company stock at a discount

For more information on our benefits, please visit: https://jobs.thermofisher.com/global/en/total-rewards
"
AI Internship and Full-Time,Open Access Technology Intl,"Minneapolis, MN • via Teal",2025-01-08T12:54:30.350270,"Currently enrolled in a Master's program in Artificial Intelligence, Machine Learning, Computer Science, Data Science, or a closely related field (e.g., Robotics, Computational Linguistics)
Alternatively, be a Ph.D. student in a relevant field
Strong foundation in machine learning concepts, including algorithms (e.g., deep learning, reinforcement learning) and statistical methods
Proficiency in multiple programming languages commonly used in AI, such as Python, C++, and R
Familiarity with version control systems like Git
Experience conducting independent research or working on AI-related projects
(For Ph.D. students) A strong publication record demonstrating research experience
(For Master's students) Experience conducting independent research or working on AI-related projects
Excellent analytical and problem-solving skills with the ability to tackle complex problems
Strong communication skills to present research findings and collaborate effectively within a team
Ability to work independently and manage time effectively
A passion for research and development in the field of AI and a strong interest in the power sector
Be part of a dynamic and collaborative research team working on a critical global challenge","Currently enrolled in a Master's program in Artificial Intelligence, Machine Learning, Computer Science, Data Science, or a closely related field (e.g., Robotics, Computational Linguistics); Alternatively, be a Ph.D. student in a relevant field; Strong foundation in machine learning concepts, including algorithms (e.g., deep learning, reinforcement learning) and statistical methods; Proficiency in multiple programming languages commonly used in AI, such as Python, C++, and R; Familiarity with version control systems like Git; Experience conducting independent research or working on AI-related projects; (For Ph.D. students) A strong publication record demonstrating research experience; (For Master's students) Experience conducting independent research or working on AI-related projects; Excellent analytical and problem-solving skills with the ability to tackle complex problems; Strong communication skills to present research findings and collaborate effectively within a team; Ability to work independently and manage time effectively; A passion for research and development in the field of AI and a strong interest in the power sector; Be part of a dynamic and collaborative research team working on a critical global challenge","Currently enrolled in a Master's program in Artificial Intelligence, Machine Learning, Computer Science, Data Science, or a closely related field (e.g., Robotics, Computational Linguistics)
Alternatively, be a Ph.D. student in a relevant field
Strong foundation in machine learning concepts, including algorithms (e.g., deep learning, reinforcement learning) and statistical methods
Proficiency in multiple programming languages commonly used in AI, such as Python, C++, and R
Familiarity with version control systems like Git
Experience conducting independent research or working on AI-related projects
(For Ph.D. students) A strong publication record demonstrating research experience
(For Master's students) Experience conducting independent research or working on AI-related projects
Excellent analytical and problem-solving skills with the ability to tackle complex problems
Strong communication skills to present research findings and collaborate effectively within a team
Ability to work independently and manage time effectively
A passion for research and development in the field of AI and a strong interest in the power sector
Be part of a dynamic and collaborative research team working on a critical global challenge","Currently enrolled in a Master's program in Artificial Intelligence, Machine Learning, Computer Science, Data Science, or a closely related field (e.g., Robotics, Computational Linguistics); Alternatively, be a Ph.D. student in a relevant field; Strong foundation in machine learning concepts, including algorithms (e.g., deep learning, reinforcement learning) and statistical methods; Proficiency in multiple programming languages commonly used in AI, such as Python, C++, and R; Familiarity with version control systems like Git; Experience conducting independent research or working on AI-related projects; (For Ph.D. students) A strong publication record demonstrating research experience; (For Master's students) Experience conducting independent research or working on AI-related projects; Excellent analytical and problem-solving skills with the ability to tackle complex problems; Strong communication skills to present research findings and collaborate effectively within a team; Ability to work independently and manage time effectively; A passion for research and development in the field of AI and a strong interest in the power sector; Be part of a dynamic and collaborative research team working on a critical global challenge","Gain valuable experience working on real-world AI projects with a significant impact on the future of power systems
Work alongside leading experts in AI and the energy sector
Potential for co-authorship on research publications (depending on contribution)
Opportunity to develop your research skills and expertise in a rapidly evolving field",Gain valuable experience working on real-world AI projects with a significant impact on the future of power systems; Work alongside leading experts in AI and the energy sector; Potential for co-authorship on research publications (depending on contribution); Opportunity to develop your research skills and expertise in a rapidly evolving field,"Gain valuable experience working on real-world AI projects with a significant impact on the future of power systems
Work alongside leading experts in AI and the energy sector
Potential for co-authorship on research publications (depending on contribution)
Opportunity to develop your research skills and expertise in a rapidly evolving field",Gain valuable experience working on real-world AI projects with a significant impact on the future of power systems; Work alongside leading experts in AI and the energy sector; Potential for co-authorship on research publications (depending on contribution); Opportunity to develop your research skills and expertise in a rapidly evolving field,"About the position

Open Access Technology International (OATI) is seeking highly motivated individuals to join our team of AI researchers focused on power systems. This is a fantastic opportunity for Master's and Ph.D. students to gain practical experience working on real-world AI applications alongside leading experts in the energy sector. Our team is tackling critical challenges in electric pow
er system operations using Artificial Intelligence. As an intern or full-time researcher, you will conduct research on specific AI problems critical to power system operations, leveraging OATI's vast datasets spanning decades. This includes tasks such as forecasting load, wholesale electricity market prices, renewable energy generation, and optimizing grid reliability, resiliency, and stability. You will also engage in signature analysis and anomaly detection. Your role will involve developing and implementing machine learning models using popular frameworks like TensorFlow and PyTorch to analyze and extract meaningful insights from power system data. You will participate in the full research cycle, which includes literature review, data exploration, experimentation, analysis, and presentation of findings. Collaboration with other researchers, engineers, and data scientists will be essential, as well as staying up-to-date on the latest advancements in AI and power systems research. Additionally, you will contribute to the development and documentation of technical code.

Responsibilities
• Conduct research on specific AI problems critical to power system operations, leveraging OATI's vast datasets spanning decades.
,
• Develop and implement machine learning models using popular frameworks (e.g., TensorFlow, PyTorch) to analyze and extract meaningful insights from power system data.
,
• Participate in the full research cycle, including literature review, data exploration, experimentation, analysis, and presentation of findings.
,
• Collaborate effectively with other researchers, engineers, and data scientists.
,
• Stay up-to-date on the latest advancements in AI and power systems research.
,
• Contribute to the development and documentation of technical code.

Requirements
• Currently enrolled in a Master's program in Artificial Intelligence, Machine Learning, Computer Science, Data Science, or a closely related field (e.g., Robotics, Computational Linguistics). Alternatively, be a Ph.D. student in a relevant field.
,
• Strong foundation in machine learning concepts, including algorithms (e.g., deep learning, reinforcement learning) and statistical methods.
,
• Proficiency in multiple programming languages commonly used in AI, such as Python, C++, and R.
,
• Experience with popular AI frameworks (e.g., TensorFlow, PyTorch, scikit-learn) is a plus.
,
• Familiarity with version control systems like Git.
,
• Familiarity with SQL and No-SQL database engines is a plus.
,
• Experience conducting independent research or working on AI-related projects.
,
• (For Ph.D. students) A strong publication record demonstrating research experience.
,
• (For Master's students) Experience conducting independent research or working on AI-related projects.
,
• Excellent analytical and problem-solving skills with the ability to tackle complex problems.
,
• Strong communication skills to present research findings and collaborate effectively within a team.
,
• Ability to work independently and manage time effectively.
,
• A passion for research and development in the field of AI and a strong interest in the power sector.

Nice-to-haves

Benefits
• Gain valuable experience working on real-world AI projects with a significant impact on the future of power systems.
,
• Work alongside leading experts in AI and the energy sector.
,
• Potential for co-authorship on research publications (depending on contribution).
,
• Opportunity to develop your research skills and expertise in a rapidly evolving field.
,
• Be part of a dynamic and collaborative research team working on a critical global challenge.
"
FDA Artificial Intelligence and Machine Learning for Precision Medicine Fellowship,Zintellect,"Silver Spring, MD • via Zintellect",2025-01-08T12:54:40.709597,"Non-U.S. citizen applicants should refer to the Guidelines for Non-U.S. Citizens Details page of the program website for information about the valid immigration statuses that are acceptable for program participation
Proof of health insurance is required for participation in this program
OPM can complete a background investigation only for individuals, including non-US Citizens, who have resided in the US for a total of three of the past five years
FDA requires ORISE participants to read and sign their FDA Education and Training Agreement within 30 days of his/her start date, setting forth the conditions and expectations for his/her educational appointment at the agency","Non-U.S. citizen applicants should refer to the Guidelines for Non-U.S. Citizens Details page of the program website for information about the valid immigration statuses that are acceptable for program participation; Proof of health insurance is required for participation in this program; OPM can complete a background investigation only for individuals, including non-US Citizens, who have resided in the US for a total of three of the past five years; FDA requires ORISE participants to read and sign their FDA Education and Training Agreement within 30 days of his/her start date, setting forth the conditions and expectations for his/her educational appointment at the agency","Non-U.S. citizen applicants should refer to the Guidelines for Non-U.S. Citizens Details page of the program website for information about the valid immigration statuses that are acceptable for program participation
Proof of health insurance is required for participation in this program
OPM can complete a background investigation only for individuals, including non-US Citizens, who have resided in the US for a total of three of the past five years
FDA requires ORISE participants to read and sign their FDA Education and Training Agreement within 30 days of his/her start date, setting forth the conditions and expectations for his/her educational appointment at the agency","Non-U.S. citizen applicants should refer to the Guidelines for Non-U.S. Citizens Details page of the program website for information about the valid immigration statuses that are acceptable for program participation; Proof of health insurance is required for participation in this program; OPM can complete a background investigation only for individuals, including non-US Citizens, who have resided in the US for a total of three of the past five years; FDA requires ORISE participants to read and sign their FDA Education and Training Agreement within 30 days of his/her start date, setting forth the conditions and expectations for his/her educational appointment at the agency","Appointment Length: The appointment will initially be for one year, but may be renewed upon recommendation of FDA and is contingent on the availability of funds
The participant will receive a monthly stipend commensurate with educational level and experience","Appointment Length: The appointment will initially be for one year, but may be renewed upon recommendation of FDA and is contingent on the availability of funds; The participant will receive a monthly stipend commensurate with educational level and experience","Appointment Length: The appointment will initially be for one year, but may be renewed upon recommendation of FDA and is contingent on the availability of funds
The participant will receive a monthly stipend commensurate with educational level and experience","Appointment Length: The appointment will initially be for one year, but may be renewed upon recommendation of FDA and is contingent on the availability of funds; The participant will receive a monthly stipend commensurate with educational level and experience","• Applications will be reviewed on a rolling-basis.

FDA Office and Location: Multiple research opportunities are available in the Office of Translational Sciences (OTS)/ Office of Clinical Pharmacology (OCP), Center for Drug Evaluation and Research (CDER) at the U.S. Food and Drug Administration (FDA) located in Silver Spring, Maryland.

The Center for Drug Evaluation and Research (CDER) performs
an essential public health task by making sure that safe and effective drugs are available to improve the health of people in the United States. As part of the U.S. Food and Drug Administration (FDA), CDER regulates over-the-counter and prescription drugs, including biological therapeutics and generic drugs. This work covers more than just medicines.

Research Project: The same drug given at the same dose can result in different clinical outcomes in different patients. All kinds of intrinsic and extrinsic factors can have an impact on the clinical outcome after treatment. This project will use machine learning to predict clinical outcomes based on baseline patient factors, and therefore help to find the right drug at the right dose for each patient.

Learning Objectives: Under the guidance of the mentor, the participant will learn regulatory framework, methodology, and approaches for drug evaluation. The participant will also learn methods and approaches for data analyses of clinical trials datasets.

Anticipated Appointment Start Date: 2024/2025. Start date is flexible and will depend on a variety of factors.

Appointment Length: The appointment will initially be for one year, but may be renewed upon recommendation of FDA and is contingent on the availability of funds.

Level of Participation: The appointment is full time.

Citizenship Requirements: This opportunity is available to U.S. citizens, Lawful Permanent Residents (LPR), and foreign nationals. Non-U.S. citizen applicants should refer to the Guidelines for Non-U.S. Citizens Details page of the program website for information about the valid immigration statuses that are acceptable for program participation.

This program, administered by ORAU through its contract with the U.S. Department of Energy to manage the Oak Ridge Institute for Science and Education, was established through an interagency agreement between DOE and FDA. The participant will receive a monthly stipend commensurate with educational level and experience. Proof of health insurance is required for participation in this program. Participants do not become employees of FDA, DOE or the program administrator, and there are no employment-related benefits.

Completion of a successful background investigation by the Office of Personnel Management is required for an applicant to be on-boarded at FDA. OPM can complete a background investigation only for individuals, including non-US Citizens, who have resided in the US for a total of three of the past five years.

FDA Ethics Requirements

If an ORISE Fellow, to include their spouse and minor children, reports what is identified as a Significantly Regulated Organization (SRO) or prohibited investment fund financial interest in any amount, or a relationship with an SRO, except for spousal employment with an SRO, and the individual will not voluntarily divest the financial interest or terminate the relationship, then the individual is not placed at FDA. For additional requirements, see FDA Ethics for Nonemployee Scientists.

FDA requires ORISE participants to read and sign their FDA Education and Training Agreement within 30 days of his/her start date, setting forth the conditions and expectations for his/her educational appointment at the agency. This agreement covers such topics as the following:
• Non-employee nature of the ORISE appointment;
• Prohibition on ORISE Fellows performing inherently governmental functions;
• Obligation of ORISE Fellows to convey all necessary rights to the FDA regarding intellectual property conceived or first reduced to practice during their fellowship;
• The fact that research materials and laboratory notebooks are the property of the FDA;
• ORISE fellow’s obligation to protect and not to further disclose or use non-public information.
"
Customer Success Manager AI Intern – Entry Level Sales Program 2025,IBM Careers,United States • via Krb-Sjobs.brassring.com,2025-01-08T12:54:51.058622,"Confidence to contact and engage potential new customers and deliver an elevated experience
A desire to continually learn new technologies and how to apply their value in a client environment
Motivation to achieve technical objectives and high client satisfaction
Embrace curiosity and a growth mindset
You may work with any of the following technologies: Analytics, Artificial Intelligence, IT Automation, Cloud, Security, Sustainability
This position requires you to be in one of the following IBM offices: Atlanta GA, Boston MA, Chicago IL, Dallas TX, New York NY, Raleigh NC, San Francisco CA, and Washington DC
Readiness to travel, if needed","Confidence to contact and engage potential new customers and deliver an elevated experience; A desire to continually learn new technologies and how to apply their value in a client environment; Motivation to achieve technical objectives and high client satisfaction; Embrace curiosity and a growth mindset; You may work with any of the following technologies: Analytics, Artificial Intelligence, IT Automation, Cloud, Security, Sustainability; This position requires you to be in one of the following IBM offices: Atlanta GA, Boston MA, Chicago IL, Dallas TX, New York NY, Raleigh NC, San Francisco CA, and Washington DC; Readiness to travel, if needed","Confidence to contact and engage potential new customers and deliver an elevated experience
A desire to continually learn new technologies and how to apply their value in a client environment
Motivation to achieve technical objectives and high client satisfaction
Embrace curiosity and a growth mindset
You may work with any of the following technologies: Analytics, Artificial Intelligence, IT Automation, Cloud, Security, Sustainability
This position requires you to be in one of the following IBM offices: Atlanta GA, Boston MA, Chicago IL, Dallas TX, New York NY, Raleigh NC, San Francisco CA, and Washington DC
Readiness to travel, if needed","Confidence to contact and engage potential new customers and deliver an elevated experience; A desire to continually learn new technologies and how to apply their value in a client environment; Motivation to achieve technical objectives and high client satisfaction; Embrace curiosity and a growth mindset; You may work with any of the following technologies: Analytics, Artificial Intelligence, IT Automation, Cloud, Security, Sustainability; This position requires you to be in one of the following IBM offices: Atlanta GA, Boston MA, Chicago IL, Dallas TX, New York NY, Raleigh NC, San Francisco CA, and Washington DC; Readiness to travel, if needed",,,,,"A Customer Success Manager AI intern role in IBM has unique attributes. In addition to the people skills often associated with this position, this AI CSM intern role is specialized in data science, generative AI, and large language models. You will work closely with customers, product managers, and development teams to understand client business requirements and implement AI solutions that address
complex business challenges.

With a hands-on approach to coding, demonstrations and clear communication, you will be able to showcase IBM Ai solutions. You will design and articulate AI architectures compatible with a client’s technology stack via use-case identification, solution architecture design, and MVP (minimal viable product) builds.

With technical expertise and a consultative style, you'll quickly build credibility as a trusted advisor at all levels with customers and IBM colleagues. To drive expansion and renewal growth, you'll guide leading enterprise companies through AI approaches that realize the full value of expanding their adoption of watsonx.

Your primary responsibilities will include, but not be limited to:
• Understanding Client's Data and AI Challenges and Building Trust: Understand clients' primary Data and AI challenges and establish yourself as a trusted technical expert for their migration, deployment, and adoption of AI and Hybrid Cloud offerings.
• Facilitating Use Case Exploration and Business Framing: Lead use case exploration and business framing workshops, develop client value realization models.
• Developing AI Solutions: Using your Data and AI engineering skills to code/ build MVPs using python, open source frameworks, RedHat and IBM watsonx.
• Leading Persuasive Technical Conversations: Lead technical discussions that persuade clients to act based on their requirements and the value provided by IBM's solutions.
• Creating Post-Deployment Customer Success Plans: Develop customer success plans aimed at continually increasing active user adoption of IBM's products.
To be successful in this role, you will need:
• Confidence to contact and engage potential new customers and deliver an elevated experience.
• A desire to continually learn new technologies and how to apply their value in a client environment.
• Motivation to achieve technical objectives and high client satisfaction.
• Embrace curiosity and a growth mindset.
You may work with any of the following technologies: Analytics, Artificial Intelligence, IT Automation, Cloud, Security, Sustainability.

This position requires you to be in one of the following IBM offices: Atlanta GA, Boston MA, Chicago IL, Dallas TX, New York NY, Raleigh NC, San Francisco CA, and Washington DC.

Readiness to travel, if needed.

IBM will not be providing visa sponsorship for this position now or in the future. Therefore, in order to be considered for this position, you must have the ability to work without a need for current or future visa sponsorship.
"
"AI/ML Intern - Clinical Language Models - ClinBert, Meera ClinicalTrialLink",Meera Therapuetics,Anywhere • via Indeed,2025-01-08T12:55:01.135749,"Pursuing or recently completed a degree in Data Science, Computer Science, or a related field
Strong proficiency in Python and machine learning frameworks (TensorFlow, PyTorch, AWS tools)
Experience with data standardization algorithms, predictive modeling, clustering, etc.
Strong interest in AI applications in healthcare
Excellent problem-solving and analytical skills
Ability to work independently and as part of a team","Pursuing or recently completed a degree in Data Science, Computer Science, or a related field; Strong proficiency in Python and machine learning frameworks (TensorFlow, PyTorch, AWS tools); Experience with data standardization algorithms, predictive modeling, clustering, etc.; Strong interest in AI applications in healthcare; Excellent problem-solving and analytical skills; Ability to work independently and as part of a team","Pursuing or recently completed a degree in Data Science, Computer Science, or a related field
Strong proficiency in Python and machine learning frameworks (TensorFlow, PyTorch, AWS tools)
Experience with data standardization algorithms, predictive modeling, clustering, etc.
Strong interest in AI applications in healthcare
Excellent problem-solving and analytical skills
Ability to work independently and as part of a team","Pursuing or recently completed a degree in Data Science, Computer Science, or a related field; Strong proficiency in Python and machine learning frameworks (TensorFlow, PyTorch, AWS tools); Experience with data standardization algorithms, predictive modeling, clustering, etc.; Strong interest in AI applications in healthcare; Excellent problem-solving and analytical skills; Ability to work independently and as part of a team",,,,,"Role Summary:

As an AI/ML Intern, you'll contribute to the development of ClinBert, an innovative AI chatbot revolutionizing clinical trial access. You'll work alongside a team of experts to design, test, and refine NLP models for healthcare. This role offers hands-on experience in deploying AI solutions for real-world medical challenges and the potential to participate in an NSF SBIR Phase I gra
nt.

Key Responsibilities:
• Pursuing or recently completed a degree in Data Science, Computer Science, or a related field
• Strong proficiency in Python and machine learning frameworks (TensorFlow, PyTorch, AWS tools)
• Familiarity with NLP techniques and chatbot frameworks
• Experience with data standardization algorithms, predictive modeling, clustering, etc..
• Strong interest in AI applications in healthcare
• Excellent problem-solving and analytical skills
• Ability to work independently and as part of a team

Preferred Qualifications:
• Experience with healthcare data and regulations
• Knowledge of cloud computing platforms (AWS, GCP, Azure)
• Publication record in relevant fields

This role offers a unique opportunity to work on cutting-edge AI research and contribute to improving patient outcomes. Join our team and make a real impact on healthcare!To

Apply:
Please email your CV to dr.hassamal@neuropsychinstitute.org.

Job Type: Contract

Work Location: Remote
"
2025 Intern - AI/ML Applied Research Scientist,Adobe,"San Jose, CA • via Adobe Careers",2025-01-08T12:55:11.357102,"We are looking for someone who has a diligent demeanor, invites constructive discussion, naturally strives to be a good teammate, and always works with a bias towards action
Currently enrolled full time and pursuing a PhD degree in machine learning, AI, computer science, statistics; or equivalent experience required
Experience and demonstrable knowledge of Visual Foundation Models (Transformers, Diffusions) Multimodal Language Model (Text to Image, Image to Text), encompassing their evaluation metrics, challenges in productization, and familiarity with common frameworks and methodologies
Be able to evaluate, improve, or develop advance machine learning algorithms for complex use cases
Experience working in teams
Knowledge in a programming language (Python, PyTorch, TensorFlow, etc)
Familiar with the ML development lifecycle – data acquisition and annotation, ML model design and implementation, ML model evaluation and deployment
Excellent verbal and written communication skills; can effectively articulate complex ideas and influence others through well-reasoned explanations
Ability to participate in a full-time internship between May-September","We are looking for someone who has a diligent demeanor, invites constructive discussion, naturally strives to be a good teammate, and always works with a bias towards action; Currently enrolled full time and pursuing a PhD degree in machine learning, AI, computer science, statistics; or equivalent experience required; Experience and demonstrable knowledge of Visual Foundation Models (Transformers, Diffusions) Multimodal Language Model (Text to Image, Image to Text), encompassing their evaluation metrics, challenges in productization, and familiarity with common frameworks and methodologies; Be able to evaluate, improve, or develop advance machine learning algorithms for complex use cases; Experience working in teams; Knowledge in a programming language (Python, PyTorch, TensorFlow, etc); Familiar with the ML development lifecycle – data acquisition and annotation, ML model design and implementation, ML model evaluation and deployment; Excellent verbal and written communication skills; can effectively articulate complex ideas and influence others through well-reasoned explanations; Ability to participate in a full-time internship between May-September","We are looking for someone who has a diligent demeanor, invites constructive discussion, naturally strives to be a good teammate, and always works with a bias towards action
Currently enrolled full time and pursuing a PhD degree in machine learning, AI, computer science, statistics; or equivalent experience required
Experience and demonstrable knowledge of Visual Foundation Models (Transformers, Diffusions) Multimodal Language Model (Text to Image, Image to Text), encompassing their evaluation metrics, challenges in productization, and familiarity with common frameworks and methodologies
Be able to evaluate, improve, or develop advance machine learning algorithms for complex use cases
Experience working in teams
Knowledge in a programming language (Python, PyTorch, TensorFlow, etc)
Familiar with the ML development lifecycle – data acquisition and annotation, ML model design and implementation, ML model evaluation and deployment
Excellent verbal and written communication skills; can effectively articulate complex ideas and influence others through well-reasoned explanations
Ability to participate in a full-time internship between May-September","We are looking for someone who has a diligent demeanor, invites constructive discussion, naturally strives to be a good teammate, and always works with a bias towards action; Currently enrolled full time and pursuing a PhD degree in machine learning, AI, computer science, statistics; or equivalent experience required; Experience and demonstrable knowledge of Visual Foundation Models (Transformers, Diffusions) Multimodal Language Model (Text to Image, Image to Text), encompassing their evaluation metrics, challenges in productization, and familiarity with common frameworks and methodologies; Be able to evaluate, improve, or develop advance machine learning algorithms for complex use cases; Experience working in teams; Knowledge in a programming language (Python, PyTorch, TensorFlow, etc); Familiar with the ML development lifecycle – data acquisition and annotation, ML model design and implementation, ML model evaluation and deployment; Excellent verbal and written communication skills; can effectively articulate complex ideas and influence others through well-reasoned explanations; Ability to participate in a full-time internship between May-September","The U.S. pay range for this position is $45.00 -- $61.00 hourly
Your recruiter can share more about the specific pay rate for your job location during the hiring process",The U.S. pay range for this position is $45.00 -- $61.00 hourly; Your recruiter can share more about the specific pay rate for your job location during the hiring process,"The U.S. pay range for this position is $45.00 -- $61.00 hourly
Your recruiter can share more about the specific pay rate for your job location during the hiring process",The U.S. pay range for this position is $45.00 -- $61.00 hourly; Your recruiter can share more about the specific pay rate for your job location during the hiring process,"Our Company

Changing the world through digital experiences is what Adobe’s all about. We give everyone—from emerging artists to global brands—everything they need to design and deliver exceptional digital experiences! We’re passionate about empowering people to create beautiful and powerful images, videos, and apps, and transform how companies interact with customers across every screen.

We’re o
n a mission to hire the very best and are committed to creating exceptional employee experiences where everyone is respected and has access to equal opportunity. We realize that new ideas can come from everywhere in the organization, and we know the next big idea could be yours!

Position: 2025 University Graduate – Applied Research Scientist

Req ID: R149637

Business Unit: Digital Imaging

Location: San Jose

Our Company

Changing the world through digital experiences is what Adobe’s all about. We give everyone—from emerging artists to global brands— everything they need to design and deliver exceptional digital experiences. We’re passionate about empowering people to create beautiful and powerful images, videos, and apps, and transform how companies interact with customers across every screen.

We’re on a mission to hire the very best and are committed to creating exceptional employee experiences where everyone is respected and has access to equal opportunity. We realize that new ideas can come from everywhere in the organization, and we know the next big idea could be yours.

The Opportunity

You will join a highly collaborative team of data scientists and engineers, research scientists, and ML engineers, working closely with the internal product teams. Your primary role will be to design and build various ML models and pipelines integrated into digital imaging products, including Photoshop desktop, web, and mobile. We are looking for someone who has a diligent demeanor, invites constructive discussion, naturally strives to be a good teammate, and always works with a bias towards action. Your work will be grounded in ML model productization, validated in meticulous experimentation, and pushing the boundaries of coordinated product strategy. This individual will work within a fast-paced, agile environment with a customer-focused research and engineering team. In this position, you will play a key role in productizing research ideas to build ""Adobe Magic"" in Photoshop and digital imaging applications.

What You’ll Do
• Work towards results-oriented research goals, while identifying intermediate achievements.
• Contribute to applied research that can be applied to Adobe product development.
• Explore and lead innovative imaging technology for Adobe customers
• Help integrate novel research work into Adobe’s product.
• Lead and collaborate on applied research projects across different Adobe divisions
• Collaborate with engineers and participate in daily or weekly stand ups and meetings.
• Work both independently and collaboratively within a fast-paced development team, with clear, positive, and constructive communication.

What You Need to Succeed
• Currently enrolled full time and pursuing a PhD degree in machine learning, AI, computer science, statistics; or equivalent experience required
• Experience and demonstrable knowledge of Visual Foundation Models (Transformers, Diffusions) Multimodal Language Model (Text to Image, Image to Text), encompassing their evaluation metrics, challenges in productization, and familiarity with common frameworks and methodologies
• Be able to evaluate, improve, or develop advance machine learning algorithms for complex use cases
• Experience working in teams.
• Knowledge in a programming language (Python, PyTorch, TensorFlow, etc)
• Familiar with the ML development lifecycle – data acquisition and annotation, ML model design and implementation, ML model evaluation and deployment
• Excellent verbal and written communication skills; can effectively articulate complex ideas and influence others through well-reasoned explanations.
• Ability to participate in a full-time internship between May-September

Our compensation reflects the cost of labor across several  U.S. geographic markets, and we pay differently based on those defined markets. The U.S. pay range for this position is $45.00 -- $61.00 hourly. Your recruiter can share more about the specific pay rate for your job location during the hiring process.

Adobe will consider qualified applicants with arrest or conviction records for employment in accordance with state and local laws and “fair chance” ordinances.

Adobe is proud to be an Equal Employment Opportunity and affirmative action employer. We do not discriminate based on gender, race or color, ethnicity or national origin, age, disability, religion, sexual orientation, gender identity or expression, veteran status, or any other applicable characteristics protected by law. Learn more.

Adobe aims to make Adobe.com accessible to any and all users. If you have a disability or special need that requires accommodation to navigate our website or complete the application process, email accommodations@adobe.com or call (408) 536-3015.

Adobe values a free and open marketplace for all employees and has policies in place to ensure that we do not enter into illegal agreements with other companies to not recruit or hire each other’s employees.
"
Summer 2025 Intern - Responsible AI & Technology Product Analyst,"Salesforce, Inc.","Seattle, WA • via Salesforce Careers",2025-01-08T12:55:21.629925,"Enrolled and working towards obtaining an undergraduate degree (BA/BS) in a relevant field such as but not limited to Computer Science, Data Science, Sociology, Global Studies, Informatics, Political Science, Human-Computer Interaction, or Ethics
Please note that in order to be eligible for an internship, we require that you be returning to school the following quarter/semester to work towards completing your degree
Must be attending a College or University in North America
Strong interest in Trust and Safety, AI Ethics, Product Management, Product Policy, Ethical Technology and a passion for addressing equity, diversity, and inclusion issues in AI development
Strong verbal and written communication skills with validated problem analysis and problem-solving skills
Intellectually curious, detail-oriented, and driven to make an impact on the business
Strong experience using Google Suite - Slides, Sheets, and Docs","Enrolled and working towards obtaining an undergraduate degree (BA/BS) in a relevant field such as but not limited to Computer Science, Data Science, Sociology, Global Studies, Informatics, Political Science, Human-Computer Interaction, or Ethics; Please note that in order to be eligible for an internship, we require that you be returning to school the following quarter/semester to work towards completing your degree; Must be attending a College or University in North America; Strong interest in Trust and Safety, AI Ethics, Product Management, Product Policy, Ethical Technology and a passion for addressing equity, diversity, and inclusion issues in AI development; Strong verbal and written communication skills with validated problem analysis and problem-solving skills; Intellectually curious, detail-oriented, and driven to make an impact on the business; Strong experience using Google Suite - Slides, Sheets, and Docs","Enrolled and working towards obtaining an undergraduate degree (BA/BS) in a relevant field such as but not limited to Computer Science, Data Science, Sociology, Global Studies, Informatics, Political Science, Human-Computer Interaction, or Ethics
Please note that in order to be eligible for an internship, we require that you be returning to school the following quarter/semester to work towards completing your degree
Must be attending a College or University in North America
Strong interest in Trust and Safety, AI Ethics, Product Management, Product Policy, Ethical Technology and a passion for addressing equity, diversity, and inclusion issues in AI development
Strong verbal and written communication skills with validated problem analysis and problem-solving skills
Intellectually curious, detail-oriented, and driven to make an impact on the business
Strong experience using Google Suite - Slides, Sheets, and Docs","Enrolled and working towards obtaining an undergraduate degree (BA/BS) in a relevant field such as but not limited to Computer Science, Data Science, Sociology, Global Studies, Informatics, Political Science, Human-Computer Interaction, or Ethics; Please note that in order to be eligible for an internship, we require that you be returning to school the following quarter/semester to work towards completing your degree; Must be attending a College or University in North America; Strong interest in Trust and Safety, AI Ethics, Product Management, Product Policy, Ethical Technology and a passion for addressing equity, diversity, and inclusion issues in AI development; Strong verbal and written communication skills with validated problem analysis and problem-solving skills; Intellectually curious, detail-oriented, and driven to make an impact on the business; Strong experience using Google Suite - Slides, Sheets, and Docs",,,,,"DEPARTMENT DESCRIPTION:
Salesforce's Office of Ethical and Humane Use is hiring a Futureforce intern to play a pivotal role in the development of product, technical, and business processes guiding the responsible development of artificial intelligence and other cutting-edge technologies.

ROLE DESCRIPTION:
Working together with the Director of Responsible AI & Tech and the entire Responsible AI &
Tech team, they will help deliver guidance, guardrails, and features that ensure AI and other Salesforce technology is designed, developed, and delivered in alignment with Salesforce’s ethical use and responsible AI principles.

ROLE RESPONSIBILITIES:
• Collaborate with cross-functional partners including product teams, engineering, AI research, legal, security, UX, research & insights, customer experience, and marketing to provide oversight and support the development of high-risk AI features
• Deliver recommendations for how negative consequences might be mitigated and drive prioritization of those mitigations
• Influence how teams create model and system cards (aka nutrition labels) for generative AI models (1st- or 3rd- party)
• Research and make recommendations for what should be included and creation of a standardized template or a model card / system card generator (tool)
• Please note that while your work will involve collaborating with technical stakeholders, this is not a software development role

MINIMUM QUALIFICATIONS:
• Enrolled and working towards obtaining an undergraduate degree (BA/BS) in a relevant field such as but not limited to Computer Science, Data Science, Sociology, Global Studies, Informatics, Political Science, Human-Computer Interaction, or Ethics
• Please note that in order to be eligible for an internship, we require that you be returning to school the following quarter/semester to work towards completing your degree
• Must be attending a College or University in North America
• Strong interest in Trust and Safety, AI Ethics, Product Management, Product Policy, Ethical Technology and a passion for addressing equity, diversity, and inclusion issues in AI development
• Strong verbal and written communication skills with validated problem analysis and problem-solving skills
• Intellectually curious, detail-oriented, and driven to make an impact on the business
• Strong experience using Google Suite - Slides, Sheets, and Docs

PREFERRED QUALIFICATIONS:
• Demonstrated project leadership skills with direct responsibility for leading projects from start to finish
• Experience analyzing ethical considerations or risks in technology development
• Ability to translate complex concepts and communicate actionable recommendations to a diverse audience of stakeholders
• Familiarity with AI and machine learning concepts
"
Hewlett Packard Labs - AI Research Lab Research Associate Intern,HPE,"Fort Collins, CO (+1 other) • via Hewlett Packard Enterprise Jobs - Hewlett Packard Enterprise (HPE)",2025-01-08T12:55:34.533841,"Excellent software systems building skills are a significant plus
Enrolled in PhD studies in Computer Science or related area
Accountability, Accountability, Action Planning, Active Learning (Inactive), Active Listening, Bias, Business, Calendar Management, Coaching, Computer Literacy, Creativity, Critical Thinking, Design Thinking, Empathy, Follow-Through, Group Problem Solving, Growth Mindset, Intellectual Curiosity (Inactive), Long Term Planning, Managing Ambiguity, Office Administration, Policy and procedures, Recordkeeping, Risk Assessment, Software Development {+ 5 more}","Excellent software systems building skills are a significant plus; Enrolled in PhD studies in Computer Science or related area; Accountability, Accountability, Action Planning, Active Learning (Inactive), Active Listening, Bias, Business, Calendar Management, Coaching, Computer Literacy, Creativity, Critical Thinking, Design Thinking, Empathy, Follow-Through, Group Problem Solving, Growth Mindset, Intellectual Curiosity (Inactive), Long Term Planning, Managing Ambiguity, Office Administration, Policy and procedures, Recordkeeping, Risk Assessment, Software Development {+ 5 more}","Excellent software systems building skills are a significant plus
Enrolled in PhD studies in Computer Science or related area
Accountability, Accountability, Action Planning, Active Learning (Inactive), Active Listening, Bias, Business, Calendar Management, Coaching, Computer Literacy, Creativity, Critical Thinking, Design Thinking, Empathy, Follow-Through, Group Problem Solving, Growth Mindset, Intellectual Curiosity (Inactive), Long Term Planning, Managing Ambiguity, Office Administration, Policy and procedures, Recordkeeping, Risk Assessment, Software Development {+ 5 more}","Excellent software systems building skills are a significant plus; Enrolled in PhD studies in Computer Science or related area; Accountability, Accountability, Action Planning, Active Learning (Inactive), Active Listening, Bias, Business, Calendar Management, Coaching, Computer Literacy, Creativity, Critical Thinking, Design Thinking, Empathy, Follow-Through, Group Problem Solving, Growth Mindset, Intellectual Curiosity (Inactive), Long Term Planning, Managing Ambiguity, Office Administration, Policy and procedures, Recordkeeping, Risk Assessment, Software Development {+ 5 more}","Health & Wellbeing
We strive to provide our team members and their loved ones with a comprehensive suite of benefits that supports their physical, financial and emotional wellbeing
Personal & Professional Development
If this is a non-sales role, then the listed salary range reflects base salary only
Variable incentives may also be offered
USD Hourly: $41.11 - $93.15","Health & Wellbeing; We strive to provide our team members and their loved ones with a comprehensive suite of benefits that supports their physical, financial and emotional wellbeing; Personal & Professional Development; If this is a non-sales role, then the listed salary range reflects base salary only; Variable incentives may also be offered; USD Hourly: $41.11 - $93.15","Health & Wellbeing
We strive to provide our team members and their loved ones with a comprehensive suite of benefits that supports their physical, financial and emotional wellbeing
Personal & Professional Development
If this is a non-sales role, then the listed salary range reflects base salary only
Variable incentives may also be offered
USD Hourly: $41.11 - $93.15","Health & Wellbeing; We strive to provide our team members and their loved ones with a comprehensive suite of benefits that supports their physical, financial and emotional wellbeing; Personal & Professional Development; If this is a non-sales role, then the listed salary range reflects base salary only; Variable incentives may also be offered; USD Hourly: $41.11 - $93.15","Hewlett Packard Labs - AI Research Lab Research Associate Intern

This role has been designed as ‘’Onsite’ with an expectation that you will primarily work from an HPE office.

Who We Are:

Hewlett Packard Enterprise is the global edge-to-cloud company advancing the way people live and work. We help companies connect, protect, analyze, and act on their data and applications wherever they live, fro
m edge to cloud, so they can turn insights into outcomes at the speed required to thrive in today’s complex world. Our culture thrives on finding new and better ways to accelerate what’s next. We know diverse backgrounds are valued and succeed here. We have the flexibility to manage our work and personal needs. We make bold moves, together, and are a force for good. If you are looking to stretch and grow your career our culture will embrace you. Open up opportunities with HPE.

Job Description:

We are currently seeking highly qualified, self-motivated interns to accelerate research towards new applications, core methodologies and technologies in Artificial Intelligence at Hewlett Packard Labs.

Hewlett Packard Labs is an international research organization with its headquarters and largest facility located in Milpitas, California. As the central research organization for Hewlett Packard Enterprise (HPE), Hewlett Packard Labs' purpose is to deliver breakthrough technologies and technology advancements that provide a competitive advantage for the company, by investing in fundamental science and technology in areas of interest to HPE and getting the resulting technologies ready for adoption into new and existing markets.

The Artificial Intelligence Research Lab focuses on researching and developing technologies, architectures and software to develop cutting edge solutions in key areas of Deep Learning and Machine Learning, including Reinforcement Learning and Natural Language Processing. This is a unique opportunity to work at a start-up pace within a big company. We are looking for an entrepreneurial mind-set, and a deep passion to take a ML problem and conduct research and come up with a solution with a fast turnaround time. You will have an opportunity to work with Machine Learning experts who have made multiple successful products and will get guidance and coaching in different areas including software engineering, hardware optimizations, data pipelining and innovations from latest AI research to bring hardened Deep Learning solutions to the real world.

This is a growing team at HPE in which you will be building the software, and applications for Neural Networks and Machine Learning. It will also involve working with system programming, Deep Learning frameworks and models, GPU acceleration, Model optimization, real-time streaming data, distributed computing, and deployment.

We are seeking highly qualified candidates to come join one of our research teams as an intern with the possibility of longer-term co-innovation and collaboration. We are particularly interested in individuals with a background in computer systems, machine learning, deep learning, and statistics, with a good understanding of the current state of the art, major trends and opportunities, and a demonstrated track record in making things real in innovative ways. The ideal candidate combines this interest with a broad, entrepreneurial interest in creating the next generation of HPE’s products and technologies.

We expect all our researchers (including interns and post-docs) to provide thought leadership and technical influence both internally and externally to HPE, as well as take innovative ideas and make them real – contributing along the full range from initial novel ideas to design, development, implementation, evaluation, and technology transfer. The ideal candidate can thrive in an applied research environment, balancing significant technical and scientific contributions with the ability to bring such contributions to practice through innovative solutions that address the needs of our customers and partners. We expect the successful candidate to collaborate with Hewlett Packard Labs research teams as well as with external partners, and to work in alignment with HPE's broader innovation community. Excellent software systems building skills are a significant plus.

Role and Responsibilities
• Develop algorithms or advanced data layer capabilities for trustworthy Artificial Intelligence.
• Develop new software leveraging existing open-source technologies in one of four areas: i) the meta-data and data layer development for AI platforms including metadata and data tracking at scale for complex MLOps and hybrid AI-HPC pipelines and pipeline optimization, ii) intelligence to select, prioritize and optimize data for AI pipelines including active learning, advanced RAG data agents for generative AI, and trust evaluation of Large Language Models, iii) multi-modal foundation models for science, time series anomaly detection and other applications, and, iv) knowledge graph infused learning

Qualifications and Education Requirements
• Enrolled in PhD studies in Computer Science or related area

Preferred Skills
• Familiarity with AI Machine Learning and Deep Learning algorithms
• Strong programming skills and experience with Python, C++
• High proficiency in data structures and algorithms
• Outstanding analytical and problem-solving skills
• Experience in research or software development in Deep Learning and/or data layer technologies (storage systems, file systems, data management)
• Experience with Deep Learning model optimization - desired
• Experience with big data/ML/Deep Learning frameworks (e.g. Spark, Kafka, Tensorflow/ Pytorch) – desired
• Familiarity with tools and frameworks for DataOps and/or MLOps, AI pipelines and underlying data layer – desired
• Experience with Large Language Models and Generative AI - desired
• Research experience in AI for Science – a plus
• Demonstrated effective communication and collaboration skills
• Demonstrated ability to generate, frame, and carry out leadership research as shown, for example, by papers published in top-tier conferences or journals.

Additional Skills:

Accountability, Accountability, Action Planning, Active Learning (Inactive), Active Listening, Bias, Business, Calendar Management, Coaching, Computer Literacy, Creativity, Critical Thinking, Design Thinking, Empathy, Follow-Through, Group Problem Solving, Growth Mindset, Intellectual Curiosity (Inactive), Long Term Planning, Managing Ambiguity, Office Administration, Policy and procedures, Recordkeeping, Risk Assessment, Software Development {+ 5 more}

What We Can Offer You:

Health & Wellbeing

We strive to provide our team members and their loved ones with a comprehensive suite of benefits that supports their physical, financial and emotional wellbeing.

Personal & Professional Development

We also invest in your career because the better you are, the better we all are. We have specific programs catered to helping you reach any career goals you have — whether you want to become a knowledge expert in your field or apply your skills to another division.

Diversity, Inclusion & Belonging

We are unconditionally inclusive in the way we work and celebrate individual uniqueness. We know diverse backgrounds are valued and succeed here. We have the flexibility to manage our work and personal needs. We make bold moves, together, and are a force for good.

Let's Stay Connected:

Follow @HPECareers on Instagram to see the latest on people, culture and tech at HPE.

#unitedstates

#interns

Job:
Administration

Job Level:
N/A

States with Pay Range Requirement

The expected salary/wage range for a U.S.-based hire filling this position is provided below. Actual offer may vary from this range based upon geographic location, work experience, education/training, and/or skill level. If this is a sales role, then the listed salary range reflects combined base salary and target-level sales compensation pay. If this is a non-sales role, then the listed salary range reflects base salary only. Variable incentives may also be offered. Information about employee benefits offered can be found at https://myhperewards.com/main/new-hire-enrollment.html.

USD Hourly: $41.11 - $93.15

Estimated job application period closure is May 2025. While this is the expected application time frame, there are many factors which may result in a change. If this position is still open beyond the anticipated closure time frame, it is likely HPE is still actively recruiting for this role and all qualified and interested candidates are encouraged to apply.

HPE is an Equal Employment Opportunity/ Veterans/Disabled/LGBT and Affirmative Action employer. We are committed to diversity and building a team that represents a variety of backgrounds, perspectives, and skills. We do not discriminate and all decisions we make are made on the basis of qualifications, merit, and business need. Our goal is to be one global diverse team that is representative of our customers, in an inclusive environment where we can continue to innovate and grow together. Please click here: Equal Employment Opportunity.

Hewlett Packard Enterprise is EEO F/M/Protected Veteran/ Individual with Disabilities.

HPE will comply with all applicable laws related to employer use of arrest and conviction records, including laws requiring employers to consider for employment qualified applicants with criminal histories. .
"
Machine Learning Foundational Research Intern,Thomson Reuters,"Eagan, MN • via Thomson Reuters Careers",2025-01-08T12:55:44.738120,"You Are A Fit For The Position of Machine Learning Foundational Research Intern If Your Background Includes:
Current PhD student or recent Master's graduate in a relevant ML discipline
Practical and relevant experience building NLP/IR/ML systems, from ideation to implementation,
Software engineering skills for model prototyping,
Proficiency in implementing solutions using Python, DL frameworks, and relevant tools
Experience in contributing to a shared codebase
Familiarity with workflows for remote development on AWS, Azure or similar
Data-driven problem-solving and decision-making mindset
Curious and innovative disposition capable of proposing outside-the-box solutions
Comfortable communicating AI concepts to audiences with diverse technical backgrounds","You Are A Fit For The Position of Machine Learning Foundational Research Intern If Your Background Includes:; Current PhD student or recent Master's graduate in a relevant ML discipline; Practical and relevant experience building NLP/IR/ML systems, from ideation to implementation,; Software engineering skills for model prototyping,; Proficiency in implementing solutions using Python, DL frameworks, and relevant tools; Experience in contributing to a shared codebase; Familiarity with workflows for remote development on AWS, Azure or similar; Data-driven problem-solving and decision-making mindset; Curious and innovative disposition capable of proposing outside-the-box solutions; Comfortable communicating AI concepts to audiences with diverse technical backgrounds","You Are A Fit For The Position of Machine Learning Foundational Research Intern If Your Background Includes:
Current PhD student or recent Master's graduate in a relevant ML discipline
Practical and relevant experience building NLP/IR/ML systems, from ideation to implementation,
Software engineering skills for model prototyping,
Proficiency in implementing solutions using Python, DL frameworks, and relevant tools
Experience in contributing to a shared codebase
Familiarity with workflows for remote development on AWS, Azure or similar
Data-driven problem-solving and decision-making mindset
Curious and innovative disposition capable of proposing outside-the-box solutions
Comfortable communicating AI concepts to audiences with diverse technical backgrounds","You Are A Fit For The Position of Machine Learning Foundational Research Intern If Your Background Includes:; Current PhD student or recent Master's graduate in a relevant ML discipline; Practical and relevant experience building NLP/IR/ML systems, from ideation to implementation,; Software engineering skills for model prototyping,; Proficiency in implementing solutions using Python, DL frameworks, and relevant tools; Experience in contributing to a shared codebase; Familiarity with workflows for remote development on AWS, Azure or similar; Data-driven problem-solving and decision-making mindset; Curious and innovative disposition capable of proposing outside-the-box solutions; Comfortable communicating AI concepts to audiences with diverse technical backgrounds","Culture: Globally recognized and award-winning reputation for equality, diversity and inclusion, flexibility, work-life balance, and more
Wellbeing: Comprehensive benefit plans; flexible and supportive benefits for work-life balance; company-wide Mental Health Days Off; Headspace app subscription; retirement, savings, tuition reimbursement, and employee incentive programs; resources for mental, physical, and financial wellbeing
Learning & Development: LinkedIn Learning access; internal Talent Marketplace with opportunities to work on projects cross-company; Ten Thousand Coffees Thomson Reuters café networking
Social Impact: Eight employee-driven Business Resource Groups; two paid volunteer days annually; Environmental, Social and Governance (ESG) initiatives for local and global impact
Our benefit package includes market competitive health, dental, vision, disability, and life insurance programs, as well as a competitive 401k plan with company match
In addition, Thomson Reuters offers market leading work life benefits with competitive vacation, sick and safe paid time off, paid holidays (including two company mental health days off), parental leave, sabbatical leave
These benefits meet or exceeds the requirements of paid time off in accordance with any applicable state or municipal laws
Finally, Thomson Reuters offers the following additional benefits: optional hospital, accident and sickness insurance paid 100% by the employee; optional life and AD&D insurance paid 100% by the employee; Flexible Spending and Health Savings Accounts; fitness reimbursement; access to Employee Assistance Program; Group Legal Identity Theft Protection benefit paid 100% by employee; access to 529 Plan; commuter benefits; Adoption & Surrogacy Assistance; Tuition Reimbursement; and access to Employee Stock Purchase Plan
The base compensation range for the role in any of those locations is $40 - $70
Base pay is positioned within the range based on several factors including an individual’s knowledge, skills and experience with consideration given to internal equity
Base pay is one part of a comprehensive Total Reward program which also includes flexible and supportive benefits and other wellbeing programs","Culture: Globally recognized and award-winning reputation for equality, diversity and inclusion, flexibility, work-life balance, and more; Wellbeing: Comprehensive benefit plans; flexible and supportive benefits for work-life balance; company-wide Mental Health Days Off; Headspace app subscription; retirement, savings, tuition reimbursement, and employee incentive programs; resources for mental, physical, and financial wellbeing; Learning & Development: LinkedIn Learning access; internal Talent Marketplace with opportunities to work on projects cross-company; Ten Thousand Coffees Thomson Reuters café networking; Social Impact: Eight employee-driven Business Resource Groups; two paid volunteer days annually; Environmental, Social and Governance (ESG) initiatives for local and global impact; Our benefit package includes market competitive health, dental, vision, disability, and life insurance programs, as well as a competitive 401k plan with company match; In addition, Thomson Reuters offers market leading work life benefits with competitive vacation, sick and safe paid time off, paid holidays (including two company mental health days off), parental leave, sabbatical leave; These benefits meet or exceeds the requirements of paid time off in accordance with any applicable state or municipal laws; Finally, Thomson Reuters offers the following additional benefits: optional hospital, accident and sickness insurance paid 100% by the employee; optional life and AD&D insurance paid 100% by the employee; Flexible Spending and Health Savings Accounts; fitness reimbursement; access to Employee Assistance Program; Group Legal Identity Theft Protection benefit paid 100% by employee; access to 529 Plan; commuter benefits; Adoption & Surrogacy Assistance; Tuition Reimbursement; and access to Employee Stock Purchase Plan; The base compensation range for the role in any of those locations is $40 - $70; Base pay is positioned within the range based on several factors including an individual’s knowledge, skills and experience with consideration given to internal equity; Base pay is one part of a comprehensive Total Reward program which also includes flexible and supportive benefits and other wellbeing programs","Culture: Globally recognized and award-winning reputation for equality, diversity and inclusion, flexibility, work-life balance, and more
Wellbeing: Comprehensive benefit plans; flexible and supportive benefits for work-life balance; company-wide Mental Health Days Off; Headspace app subscription; retirement, savings, tuition reimbursement, and employee incentive programs; resources for mental, physical, and financial wellbeing
Learning & Development: LinkedIn Learning access; internal Talent Marketplace with opportunities to work on projects cross-company; Ten Thousand Coffees Thomson Reuters café networking
Social Impact: Eight employee-driven Business Resource Groups; two paid volunteer days annually; Environmental, Social and Governance (ESG) initiatives for local and global impact
Our benefit package includes market competitive health, dental, vision, disability, and life insurance programs, as well as a competitive 401k plan with company match
In addition, Thomson Reuters offers market leading work life benefits with competitive vacation, sick and safe paid time off, paid holidays (including two company mental health days off), parental leave, sabbatical leave
These benefits meet or exceeds the requirements of paid time off in accordance with any applicable state or municipal laws
Finally, Thomson Reuters offers the following additional benefits: optional hospital, accident and sickness insurance paid 100% by the employee; optional life and AD&D insurance paid 100% by the employee; Flexible Spending and Health Savings Accounts; fitness reimbursement; access to Employee Assistance Program; Group Legal Identity Theft Protection benefit paid 100% by employee; access to 529 Plan; commuter benefits; Adoption & Surrogacy Assistance; Tuition Reimbursement; and access to Employee Stock Purchase Plan
The base compensation range for the role in any of those locations is $40 - $70
Base pay is positioned within the range based on several factors including an individual’s knowledge, skills and experience with consideration given to internal equity
Base pay is one part of a comprehensive Total Reward program which also includes flexible and supportive benefits and other wellbeing programs","Culture: Globally recognized and award-winning reputation for equality, diversity and inclusion, flexibility, work-life balance, and more; Wellbeing: Comprehensive benefit plans; flexible and supportive benefits for work-life balance; company-wide Mental Health Days Off; Headspace app subscription; retirement, savings, tuition reimbursement, and employee incentive programs; resources for mental, physical, and financial wellbeing; Learning & Development: LinkedIn Learning access; internal Talent Marketplace with opportunities to work on projects cross-company; Ten Thousand Coffees Thomson Reuters café networking; Social Impact: Eight employee-driven Business Resource Groups; two paid volunteer days annually; Environmental, Social and Governance (ESG) initiatives for local and global impact; Our benefit package includes market competitive health, dental, vision, disability, and life insurance programs, as well as a competitive 401k plan with company match; In addition, Thomson Reuters offers market leading work life benefits with competitive vacation, sick and safe paid time off, paid holidays (including two company mental health days off), parental leave, sabbatical leave; These benefits meet or exceeds the requirements of paid time off in accordance with any applicable state or municipal laws; Finally, Thomson Reuters offers the following additional benefits: optional hospital, accident and sickness insurance paid 100% by the employee; optional life and AD&D insurance paid 100% by the employee; Flexible Spending and Health Savings Accounts; fitness reimbursement; access to Employee Assistance Program; Group Legal Identity Theft Protection benefit paid 100% by employee; access to 529 Plan; commuter benefits; Adoption & Surrogacy Assistance; Tuition Reimbursement; and access to Employee Stock Purchase Plan; The base compensation range for the role in any of those locations is $40 - $70; Base pay is positioned within the range based on several factors including an individual’s knowledge, skills and experience with consideration given to internal equity; Base pay is one part of a comprehensive Total Reward program which also includes flexible and supportive benefits and other wellbeing programs","Machine Learning Foundational Research Intern

Are you excited about working at the forefront of applied research in an industry setting? Thomson Reuters Labs is seeking scientists with a passion for solving problems using state-of-the-art information retrieval, natural language processing and generative AI.

What does Thomson Reuters Labs do? We experiment, we build, we deliver. We support the or
ganization and our customers through applied research in informational retrieval and natural language processing. We work closely with product and domain experts to identify compelling solutions at the intersection of user need and technical feasibility. Our team is designing the next generation of search technology for Legal and Tax Professionals globally. We drive AI innovation for Thomson Reuters’ Core Research Products, including Westlaw, Practical Law, and Checkpoint.

About The Role:

In This Role As A Machine Learning Foundational Research Intern You Will:

Applied Scientists are experts in Machine Learning and NLP, responsible for the design and delivery of AI solutions that enhance Thomson Reuters' products. Their work ensures AI technologies are effectively aligned with business objectives, driving product innovation and value.
• Experiment and Develop: You can be involved in the entire model development lifecycle, building, testing and delivering high-quality solutions.
• Collaborate: Working on a collaborative cross-functional team, you will learn from and partner with colleagues across the globe.
• Innovate: You will have the opportunity to try new approaches and learn new technologies. You will contribute ideas and work on solving real-world challenges.
• Foundational Research: Evaluate both new models and research techniques that could be used by our AI development teams.

About You:

You Are A Fit For The Position of Machine Learning Foundational Research Intern If Your Background Includes:

Required Qualifications:
• Current PhD student or recent Master's graduate in a relevant ML discipline.
• Practical and relevant experience building NLP/IR/ML systems, from ideation to implementation,
• Software engineering skills for model prototyping,
• Proficiency in implementing solutions using Python, DL frameworks, and relevant tools.
• Experience in contributing to a shared codebase.
• Familiarity with workflows for remote development on AWS, Azure or similar
• Data-driven problem-solving and decision-making mindset.
• Curious and innovative disposition capable of proposing outside-the-box solutions.
• Comfortable communicating AI concepts to audiences with diverse technical backgrounds.

Preferred Qualifications:
• Ability to translate academic research into working prototypes and experience identifying novel solutions to solve real-world problems,
• Familiarity with generative AI and large language models (LLMs),
• Familiarity with one, or multiple, of the following concepts: Knowledge Graphs, Training LLMs, Reward Models, Synthetic Data Generation, Evaluating LLMS (i.e. - LLM as a Judge), Legal Tech / Legal Use Case Models, Agentic AI
• Publications at relevant venues such as ACL, EMNLP, NAACL, NeurIPS, ICLR, SIGIR, KDD, or similar venues are a bonus.
• The preferred length of an internship position is 6-9 months.

#LI-JF1

What’s in it For You?
At Thomson Reuters, our people are our greatest assets. Here are some of the benefits we offer for your personal and professional growth:
• Culture: Globally recognized and award-winning reputation for equality, diversity and inclusion, flexibility, work-life balance, and more.
• Wellbeing: Comprehensive benefit plans; flexible and supportive benefits for work-life balance; company-wide Mental Health Days Off; Headspace app subscription; retirement, savings, tuition reimbursement, and employee incentive programs; resources for mental, physical, and financial wellbeing.
• Learning & Development: LinkedIn Learning access; internal Talent Marketplace with opportunities to work on projects cross-company; Ten Thousand Coffees Thomson Reuters café networking.
• Social Impact: Eight employee-driven Business Resource Groups; two paid volunteer days annually; Environmental, Social and Governance (ESG) initiatives for local and global impact.
• Purpose Driven Work: We have a superpower that we’ve never talked about with as much pride as we should – we are one of the only companies on the planet that helps its customers pursue justice, truth and transparency. Together, with the professionals and institutions we serve, we help uphold the rule of law, turn the wheels of commerce, catch bad actors, report the facts, and provide trusted, unbiased information to people all over the world.

In the United States, Thomson Reuters offers a comprehensive benefits package to our employees. Our benefit package includes market competitive health, dental, vision, disability, and life insurance programs, as well as a competitive 401k plan with company match. In addition, Thomson Reuters offers market leading work life benefits with competitive vacation, sick and safe paid time off, paid holidays (including two company mental health days off), parental leave, sabbatical leave. These benefits meet or exceeds the requirements of paid time off in accordance with any applicable state or municipal laws. Finally, Thomson Reuters offers the following additional benefits: optional hospital, accident and sickness insurance paid 100% by the employee; optional life and AD&D insurance paid 100% by the employee; Flexible Spending and Health Savings Accounts; fitness reimbursement; access to Employee Assistance Program; Group Legal Identity Theft Protection benefit paid 100% by employee; access to 529 Plan; commuter benefits; Adoption & Surrogacy Assistance; Tuition Reimbursement; and access to Employee Stock Purchase Plan.

Thomson Reuters complies with local laws that require upfront disclosure of the expected pay range for a position. Eagan, MN; Ann Arbor, MI; Richmond, VA; Rochester, NY. The base compensation range for the role in any of those locations is $40 - $70. Base pay is positioned within the range based on several factors including an individual’s knowledge, skills and experience with consideration given to internal equity. Base pay is one part of a comprehensive Total Reward program which also includes flexible and supportive benefits and other wellbeing programs.

Do you want to be part of a team helping re-invent the way knowledge professionals work? How about a team that works every day to create a more transparent, just and inclusive future? At Thomson Reuters, we’ve been doing just that for almost 160 years. Our industry-leading products and services include highly specialized information-enabled software and tools for legal, tax, accounting and compliance professionals combined with the world’s most global news services – Reuters. We help these professionals do their jobs better, creating more time for them to focus on the things that matter most: advising, advocating, negotiating, governing and informing.

We are powered by the talents of 26,000 employees across more than 70 countries, where everyone has a chance to contribute and grow professionally in flexible work environments that celebrate diversity and inclusion. At a time when objectivity, accuracy, fairness and transparency are under attack, we consider it our duty to pursue them. Sound exciting? Join us and help shape the industries that move society forward.

Accessibility

As a global business, we rely on diversity of culture and thought to deliver on our goals. To ensure we can do that, we seek talented, qualified employees in all our operations around the world regardless of race, color, sex/gender, including pregnancy, gender identity and expression, national origin, religion, sexual orientation, disability, age, marital status, citizen status, veteran status, or any other protected classification under applicable law. Thomson Reuters is proud to be an Equal Employment Opportunity/Affirmative Action Employer providing a drug-free workplace.

We also make reasonable accommodations for qualified individuals with disabilities and for sincerely held religious beliefs in accordance with applicable law.

Protect yourself from fraudulent job postings click here to know more.

More information about Thomson Reuters can be found on https://thomsonreuters.com.
"
Generative AI for Industry 5.0 Intern,Nokia Global Career Site,United States • via Oracle,2025-01-08T12:55:52.031438,"Currently a candidate for a Master’s or PhD in Computer Science, Data Science, or a related field with an accredited school in the US","Currently a candidate for a Master’s or PhD in Computer Science, Data Science, or a related field with an accredited school in the US","Currently a candidate for a Master’s or PhD in Computer Science, Data Science, or a related field with an accredited school in the US","Currently a candidate for a Master’s or PhD in Computer Science, Data Science, or a related field with an accredited school in the US",,,,,"Position: Generative AI for Industry 5.0 Intern

Number of Position(s): 1

Duration: 10 Weeks

Date: June 2nd to Aug 8th, 2025

Location: Onsite

Education Recommendations

Currently a candidate for a Master’s or PhD in Computer Science, Data Science, or a related field with an accredited school in the US.
"
Research Engineer Intern,Center for AI Safety,"San Francisco, CA • via Lever",2025-01-08T12:56:01.842033,"Are able to read an ML paper, understand the key result, and understand how it fits into the broader literature
Are comfortable setting up, launching, and debugging ML experiments
Are familiar with relevant frameworks and libraries (e.g., pytorch)
Communicate clearly and promptly with teammates
Have co-authored a ML paper in a top conference","Are able to read an ML paper, understand the key result, and understand how it fits into the broader literature; Are comfortable setting up, launching, and debugging ML experiments; Are familiar with relevant frameworks and libraries (e.g., pytorch); Communicate clearly and promptly with teammates; Have co-authored a ML paper in a top conference","Are able to read an ML paper, understand the key result, and understand how it fits into the broader literature
Are comfortable setting up, launching, and debugging ML experiments
Are familiar with relevant frameworks and libraries (e.g., pytorch)
Communicate clearly and promptly with teammates
Have co-authored a ML paper in a top conference","Are able to read an ML paper, understand the key result, and understand how it fits into the broader literature; Are comfortable setting up, launching, and debugging ML experiments; Are familiar with relevant frameworks and libraries (e.g., pytorch); Communicate clearly and promptly with teammates; Have co-authored a ML paper in a top conference","$8,000 - $19,200 one-time
This internship is unpaid, but CAIS offers a stipend to assist with living expenses","$8,000 - $19,200 one-time; This internship is unpaid, but CAIS offers a stipend to assist with living expenses","$8,000 - $19,200 one-time
This internship is unpaid, but CAIS offers a stipend to assist with living expenses","$8,000 - $19,200 one-time; This internship is unpaid, but CAIS offers a stipend to assist with living expenses","Introduction

The Center for AI Safety (CAIS) is a leading research and field-building organization on a mission to reduce societal-scale risks from AI. Alongside our sister organization, the CAIS Action Fund, we tackle the toughest AI issues with a mix of technical, societal and policy solutions. Our work includes publishing a global statement on AI Risk signed by Geoffrey Hinton, Yoshua Bengio a
nd CEOs from the major AI labs, leading the charge on a major AI safety bill, and running a large compute cluster for global academic researchers working on AI safety research.

As a research engineer intern here, you will work very closely with our researchers on projects in fields such as Trojans, Adversarial Robustness, Power Aversion, Machine Ethics, and Out-of-Distribution Detection. We will assign you a dedicated mentor throughout your internship, but we will ultimately be treating you as a colleague. By this we mean, you will have the opportunity to debate for your own experiments or projects, and defend their impact. You will plan and run experiments, conduct code reviews, and work in a small team to create a publication with outsized impact. You will leverage our internal compute cluster to run experiments at scale on large language models. We hope you will view this opportunity as the start of a long-term collaboration with CAIS.

You might be a good fit if you:
• Are able to read an ML paper, understand the key result, and understand how it fits into the broader literature.
• Are comfortable setting up, launching, and debugging ML experiments.
• Are familiar with relevant frameworks and libraries (e.g., pytorch).
• Communicate clearly and promptly with teammates.
• Take ownership of your individual part in a project.
• Have co-authored a ML paper in a top conference.

$8,000 - $19,200 one-time
This internship is unpaid, but CAIS offers a stipend to assist with living expenses.

The Center of AI Safety is an equal opportunity employer and all qualified applicants will receive consideration for employment without regard to race, color, religion, sex, sexual orientation, gender identity, national origin, disability status, protected veteran status, or any other characteristic protected by law.

Some studies have found that a higher percentage of women and underrepresented minority candidates won't apply if they don't meet every listed qualification. The Center for AI Safety values candidates of all backgrounds. If you find yourself excited by the position but you don't check every box in the description, we encourage you to apply anyway!
"
EPA Research Opportunity in Software Engineering and Artificial Intelligence (Systematic Review),Zintellect,North Carolina • via Zintellect,2025-01-08T12:56:11.821875,Appointment Length: The appointment will initially be for one year and may be renewed up to three or four additional years upon EPA recommendation and subject to availability of funding,Appointment Length: The appointment will initially be for one year and may be renewed up to three or four additional years upon EPA recommendation and subject to availability of funding,Appointment Length: The appointment will initially be for one year and may be renewed up to three or four additional years upon EPA recommendation and subject to availability of funding,Appointment Length: The appointment will initially be for one year and may be renewed up to three or four additional years upon EPA recommendation and subject to availability of funding,"Participant Stipend: The participant will receive a monthly stipend commensurate with educational level and experience
Participants do not become employees of EPA, DOE or the program administrator, and there are no employment-related benefits
Health insurance can be obtained through ORISE
ORISE offers all ORISE EPA graduate students and Postdocs a free 5 year membership to the National Postdoctoral Association (NPA)","Participant Stipend: The participant will receive a monthly stipend commensurate with educational level and experience; Participants do not become employees of EPA, DOE or the program administrator, and there are no employment-related benefits; Health insurance can be obtained through ORISE; ORISE offers all ORISE EPA graduate students and Postdocs a free 5 year membership to the National Postdoctoral Association (NPA)","Participant Stipend: The participant will receive a monthly stipend commensurate with educational level and experience
Participants do not become employees of EPA, DOE or the program administrator, and there are no employment-related benefits
Health insurance can be obtained through ORISE
ORISE offers all ORISE EPA graduate students and Postdocs a free 5 year membership to the National Postdoctoral Association (NPA)","Participant Stipend: The participant will receive a monthly stipend commensurate with educational level and experience; Participants do not become employees of EPA, DOE or the program administrator, and there are no employment-related benefits; Health insurance can be obtained through ORISE; ORISE offers all ORISE EPA graduate students and Postdocs a free 5 year membership to the National Postdoctoral Association (NPA)","• Applications may be reviewed on a rolling-basis and this posting could close before the deadline. Click here for information about the selection process.

EPA Office/Lab and Location: A research opportunity is available at the U.S. Environmental Protection Agency (EPA), Office of Research and Development (ORD), Center for Public Health and Environmental Assessment (CPHEA), Health and Environment
al Effects Assessment Division (HEEAD) located in Research Triangle Park, North Carolina. If selected for the opportunity, the participant will need to relocate to the appropriate EPA facility. The relocation costs are not reimbursable. The opportunity is not 100% remote, but limited remote participation may be considered at the mentor’s discretion.

HEEAD is responsible for maintaining a suite of software application systems (HERO, HAWC, BMDS) which are used by scientists to generate scientific assessments related to the health effects of chemicals and pollutants. These assessments typically require reviewing tens to hundreds of thousands of scientific literature and carefully curating the strengths, limitations, and underlying data, broadly applying techniques and approaches from the field of systematic review. Due to the large scale of these assessment and regulatory requirements for products, software applications are an essential component of conducting these assessments and tracking the data and decisions made.

Research Project: The participant will have the opportunity to be part of a team of software developers, data scientists, and systematic review scientists who are responsible for developing new features and functionalities into new and existing software applications. Under the guidance of a mentor, the participant will interact with a team of scientists to develop requirements to support data analysis methods and systematic review workflows and implement these methods into software applications. This opportunity involves extensive collaboration EPA scientists who are subject matter experts, as well other partners to implement novel statistical or data visualization methods for systematic review and data analysis.

This opportunity is suited for someone with interests in the following fields: software application development, data science, biological health sciences, and the intersection of these domains.

Under the guidance of a mentor, the research participant may be engaged in one or more of the following research activities:
• Developing and/or evaluating artificial intelligence (AI), large language models (LLM), natural language processing (NLP), and related machine learning (ML) methods for efficient literature searching, screening, and data extraction from literature.
• Designing, architecting, and implementing software applications to support systematic review and data analysis workflows, in collaboration with the needs of our research scientists.
• Applying systematic review methods for scientific assessments, including development and application of literature search and screening strategies, study evaluation, data extraction, data visualization, dose response analysis, meta-analysis, and other techniques to synthesizing health effects evidence within and across lines of evidence.
• Collaborating with existing software and data analysis teams to integrate novel analyses, methodologies, and visualizations into existing systems.
• Investigating and implementing data analysis pipelines, dashboards, and visualizations for systematic reviews and AI model evaluation.
• Synthesizing and communicating various kinds of scientific information in scientific assessments.

Learning Objectives: The research participant will have the opportunity to learn software engineering principles and will become proficient in implementing, releasing, and supporting production-grade software applications as they are used by EPA scientists. They will also have the opportunity to learn approaches for the evaluation, analysis, and integration of scientific evidence on the health effects of environmental pollutant exposures that inform EPA’s scientific assessments and be involved in a variety of projects that can include qualitative or quantitative analyses of study findings and data. The research participant will gain understanding of how scientific evidence is integrated to create policy-relevant assessments and how those assessments ultimately inform EPA’s decision-making processes.

Mentor(s): The mentor for this opportunity is Andy Shapiro (shapiro.andy@epa.gov). If you have questions about the nature of the research, please contact the mentor.

Anticipated Appointment Start Date: Winter/Spring 2025. All start dates are flexible and vary depending on numerous factors. Click here for detailed information about start dates.

Appointment Length: The appointment will initially be for one year and may be renewed up to three or four additional years upon EPA recommendation and subject to availability of funding.

Level of Participation: The appointment is full-time.

Participant Stipend: The participant will receive a monthly stipend commensurate with educational level and experience. Click here for detailed information about full-time stipends.

EPA Security Clearance: Completion of a successful background investigation by the Office of Personnel Management (OPM) is required for an applicant to be on-boarded at EPA.

ORISE Information: This program, administered by ORAU through its contract with the U.S. Department of Energy (DOE) to manage the Oak Ridge Institute for Science and Education (ORISE), was established through an interagency agreement between DOE and EPA. Participants do not become employees of EPA, DOE or the program administrator, and there are no employment-related benefits. Proof of health insurance is required for participation in this program. Health insurance can be obtained through ORISE.

ORISE offers all ORISE EPA graduate students and Postdocs a free 5 year membership to the National Postdoctoral Association (NPA).

The successful applicant(s) will be required to comply with Environmental, Safety and Health (ES&H) requirements of the hosting facility, including but not limited to, COVID-19 requirements (e.g. facial covering, physical distancing, testing, vaccination).

Questions: Please see the FAQ section of our website. After reading, if you have additional questions about the application process please email ORISE.EPA.ORD@orau.org and include the reference code for this opportunity.
"
AI Internship & Full-Time,Oati,"Bloomington, MN • via Teal",2025-01-08T12:56:21.928303,"Master's or Ph.D. student in a relevant field (e.g., Computer Science, Electrical Engineering, Data Science)
Experience with machine learning frameworks such as TensorFlow or PyTorch
Strong analytical and problem-solving skills
Ability to work collaboratively in a team environment
Familiarity with power systems and energy sector challenges
Experience with data analysis and visualization tools
Knowledge of programming languages such as Python or R
Gain practical experience in AI applications in the energy sector
Access to OATI's extensive datasets for research","Master's or Ph.D. student in a relevant field (e.g., Computer Science, Electrical Engineering, Data Science); Experience with machine learning frameworks such as TensorFlow or PyTorch; Strong analytical and problem-solving skills; Ability to work collaboratively in a team environment; Familiarity with power systems and energy sector challenges; Experience with data analysis and visualization tools; Knowledge of programming languages such as Python or R; Gain practical experience in AI applications in the energy sector; Access to OATI's extensive datasets for research","Master's or Ph.D. student in a relevant field (e.g., Computer Science, Electrical Engineering, Data Science)
Experience with machine learning frameworks such as TensorFlow or PyTorch
Strong analytical and problem-solving skills
Ability to work collaboratively in a team environment
Familiarity with power systems and energy sector challenges
Experience with data analysis and visualization tools
Knowledge of programming languages such as Python or R
Gain practical experience in AI applications in the energy sector
Access to OATI's extensive datasets for research","Master's or Ph.D. student in a relevant field (e.g., Computer Science, Electrical Engineering, Data Science); Experience with machine learning frameworks such as TensorFlow or PyTorch; Strong analytical and problem-solving skills; Ability to work collaboratively in a team environment; Familiarity with power systems and energy sector challenges; Experience with data analysis and visualization tools; Knowledge of programming languages such as Python or R; Gain practical experience in AI applications in the energy sector; Access to OATI's extensive datasets for research",Opportunity to work alongside leading experts in the field,Opportunity to work alongside leading experts in the field,Opportunity to work alongside leading experts in the field,Opportunity to work alongside leading experts in the field,"About the position

Open Access Technology International (OATI) is looking for motivated individuals, particularly Master’s and Ph.D. students, to join their team of AI researchers focused on addressing challenges in power systems through Artificial Intelligence. This role offers a unique opportunity to gain hands-on experience in real-world AI applications while collaborating with experts in the
energy sector.

Responsibilities
• Conduct research on specific AI problems critical to power system operations, leveraging OATI's vast datasets spanning decades.
,
• Develop and implement machine learning models using popular frameworks (e.g., TensorFlow, PyTorch) to analyze and extract meaningful insights from power system data.
,
• Participate in the full research cycle, including literature review, data exploration, experimentation, analysis, and presentation of findings.
,
• Collaborate effectively with other researchers, engineers, and data scientists.
,
• Stay up-to-date on the latest advancements in AI and power systems research.
,
• Contribute to the development and documentation of technical code.

Requirements
• Master's or Ph.D. student in a relevant field (e.g., Computer Science, Electrical Engineering, Data Science).
,
• Experience with machine learning frameworks such as TensorFlow or PyTorch.
,
• Strong analytical and problem-solving skills.
,
• Ability to work collaboratively in a team environment.

Nice-to-haves
• Familiarity with power systems and energy sector challenges.
,
• Experience with data analysis and visualization tools.
,
• Knowledge of programming languages such as Python or R.

Benefits
• Gain practical experience in AI applications in the energy sector.
,
• Opportunity to work alongside leading experts in the field.
,
• Access to OATI's extensive datasets for research.
"
Strategic Student Program: AI Software Engineer Intern (Summer 2025; EDA),Siemens,"Maryland Heights, MO • via Jobs At Siemens",2025-01-08T12:56:32.597671,"Currently enrolled as a university undergraduate student
Minimum 3.0 GPA
Authorized to work in the United States without the need for current or future sponsorship by the company
Graduating in 2026 or 2027 with a bachelors degree
Located in Pacific or Central time zone; comfortable working remotely
Studying for a Bachelor’s degree in Computer Science or Computer Engineering
Strong coding skills in Python
Familiarity with popular machine learning frameworks (e.g., TensorFlow, PyTorch) and libraries (e.g., scikit-learn)
Understanding of fundamental concepts in artificial intelligence, machine learning, and deep learning
Student must be proactive, capable of setting their own timelines, able to work independently, and disciplined
Rapidly learn new development languages and coding techniques
Strong knowledge of object-oriented programming is a must
Understand the concept of class and inheritance
Sharp and tenacious trouble shooting skills
Unwaveringly passionate about solving technical challenges
Creative, fast learner
Independent thinker and self-motivated researcher
Adaptable to new tasks with little lead time","Currently enrolled as a university undergraduate student; Minimum 3.0 GPA; Authorized to work in the United States without the need for current or future sponsorship by the company; Graduating in 2026 or 2027 with a bachelors degree; Located in Pacific or Central time zone; comfortable working remotely; Studying for a Bachelor’s degree in Computer Science or Computer Engineering; Strong coding skills in Python; Familiarity with popular machine learning frameworks (e.g., TensorFlow, PyTorch) and libraries (e.g., scikit-learn); Understanding of fundamental concepts in artificial intelligence, machine learning, and deep learning; Student must be proactive, capable of setting their own timelines, able to work independently, and disciplined; Rapidly learn new development languages and coding techniques; Strong knowledge of object-oriented programming is a must; Understand the concept of class and inheritance; Sharp and tenacious trouble shooting skills; Unwaveringly passionate about solving technical challenges; Creative, fast learner; Independent thinker and self-motivated researcher; Adaptable to new tasks with little lead time","Currently enrolled as a university undergraduate student
Minimum 3.0 GPA
Authorized to work in the United States without the need for current or future sponsorship by the company
Graduating in 2026 or 2027 with a bachelors degree
Located in Pacific or Central time zone; comfortable working remotely
Studying for a Bachelor’s degree in Computer Science or Computer Engineering
Strong coding skills in Python
Familiarity with popular machine learning frameworks (e.g., TensorFlow, PyTorch) and libraries (e.g., scikit-learn)
Understanding of fundamental concepts in artificial intelligence, machine learning, and deep learning
Student must be proactive, capable of setting their own timelines, able to work independently, and disciplined
Rapidly learn new development languages and coding techniques
Strong knowledge of object-oriented programming is a must
Understand the concept of class and inheritance
Sharp and tenacious trouble shooting skills
Unwaveringly passionate about solving technical challenges
Creative, fast learner
Independent thinker and self-motivated researcher
Adaptable to new tasks with little lead time","Currently enrolled as a university undergraduate student; Minimum 3.0 GPA; Authorized to work in the United States without the need for current or future sponsorship by the company; Graduating in 2026 or 2027 with a bachelors degree; Located in Pacific or Central time zone; comfortable working remotely; Studying for a Bachelor’s degree in Computer Science or Computer Engineering; Strong coding skills in Python; Familiarity with popular machine learning frameworks (e.g., TensorFlow, PyTorch) and libraries (e.g., scikit-learn); Understanding of fundamental concepts in artificial intelligence, machine learning, and deep learning; Student must be proactive, capable of setting their own timelines, able to work independently, and disciplined; Rapidly learn new development languages and coding techniques; Strong knowledge of object-oriented programming is a must; Understand the concept of class and inheritance; Sharp and tenacious trouble shooting skills; Unwaveringly passionate about solving technical challenges; Creative, fast learner; Independent thinker and self-motivated researcher; Adaptable to new tasks with little lead time","Paid volunteer time off
Employee discounts at our top customer sites
Networking with our global leaders
Mentorship from senior engineers
Individual career development planning
Professional and technical workshops
Energetic student community
Leadership opportunities
Potential for full time offers after university graduation and completion of the program
The hourly range for this position is $22.00 to $50.00
Siemens offers a variety of health and wellness benefits to employees
In addition, this position is eligible for time off in accordance with Company policies, including paid sick leave and paid volunteer time off
Siemens follows Executive Order 11246, including the Pay Transparency Nondiscrimination Provision","Paid volunteer time off; Employee discounts at our top customer sites; Networking with our global leaders; Mentorship from senior engineers; Individual career development planning; Professional and technical workshops; Energetic student community; Leadership opportunities; Potential for full time offers after university graduation and completion of the program; The hourly range for this position is $22.00 to $50.00; Siemens offers a variety of health and wellness benefits to employees; In addition, this position is eligible for time off in accordance with Company policies, including paid sick leave and paid volunteer time off; Siemens follows Executive Order 11246, including the Pay Transparency Nondiscrimination Provision","Paid volunteer time off
Employee discounts at our top customer sites
Networking with our global leaders
Mentorship from senior engineers
Individual career development planning
Professional and technical workshops
Energetic student community
Leadership opportunities
Potential for full time offers after university graduation and completion of the program
The hourly range for this position is $22.00 to $50.00
Siemens offers a variety of health and wellness benefits to employees
In addition, this position is eligible for time off in accordance with Company policies, including paid sick leave and paid volunteer time off
Siemens follows Executive Order 11246, including the Pay Transparency Nondiscrimination Provision","Paid volunteer time off; Employee discounts at our top customer sites; Networking with our global leaders; Mentorship from senior engineers; Individual career development planning; Professional and technical workshops; Energetic student community; Leadership opportunities; Potential for full time offers after university graduation and completion of the program; The hourly range for this position is $22.00 to $50.00; Siemens offers a variety of health and wellness benefits to employees; In addition, this position is eligible for time off in accordance with Company policies, including paid sick leave and paid volunteer time off; Siemens follows Executive Order 11246, including the Pay Transparency Nondiscrimination Provision","• Strategic Student Program

Discover your career with us at Siemens Industry Software!

Siemens Digital Industries Software is a leading provider of solutions for the design, simulation, and manufacture of products across many different industries. Formula 1 cars, skyscrapers, ships, space exploration vehicles, and many of the objects we see in our daily lives are being conceived and manufactured
using our Product Lifecycle Management (PLM) software.

We’re currently recruiting students for our summer 2025 Strategic Student Program. Our intern positions will allow you to find a career path that most inspires you. Here, you will apply your education to solve real-world problems, and turn theory into practice. At Siemens, our goal is to empower our students to become the next leaders of our company.

Baseline Requirements:
• Currently enrolled as a university undergraduate student
• Minimum 3.0 GPA
• Authorized to work in the United States without the need for current or future sponsorship by the company
• Graduating in 2026 or 2027 with a bachelors degree
• Located in Pacific or Central time zone; comfortable working remotely

Perks:
• Paid volunteer time off
• Employee discounts at our top customer sites
• Networking with our global leaders
• Mentorship from senior engineers
• Individual career development planning
• Professional and technical workshops
• Energetic student community
• Leadership opportunities
• Potential for full time offers after university graduation and completion of the program

Software Engineer

(Research & Development focus)

Our Technology & Innovation office (T&I) is responsible for high-tech, innovative research and design. T&I provides shared platform, architecture, innovation and development services. Project assignments in this organization vary greatly depending on the business needs. At times, students may:
• Collaborate with senior AI developers to design, develop, and deploy AI-powered solutions.
• Assist in data collection, preprocessing, and analysis to support model training and validation.
• Implement and optimize machine learning algorithms and models under guidance.
• Participate in code reviews, testing, and debugging to ensure the quality and reliability of AI applications.
• Stay updated on the latest advancements in AI research and technology to contribute innovative ideas to the team.
• Document code, processes, and results for future reference and knowledge sharing.

Organization Requirements:
• Studying for a Bachelor’s degree in Computer Science or Computer Engineering
• Strong coding skills in Python. Other languages like Java or C++ is a plus.
• Familiarity with popular machine learning frameworks (e.g., TensorFlow, PyTorch) and libraries (e.g., scikit-learn).
• Knowledge of developing with language models is desirable.
• Understanding of fundamental concepts in artificial intelligence, machine learning, and deep learning.
• Upper classman is preferred (with prior co-op experience)
• Student must be proactive, capable of setting their own timelines, able to work independently, and disciplined
• Rapidly learn new development languages and coding techniques
• Strong knowledge of object-oriented programming is a must
• Understand the concept of class and inheritance
• Sharp and tenacious trouble shooting skills
• Unwaveringly passionate about solving technical challenges
• Creative, fast learner
• Independent thinker and self-motivated researcher
• Adaptable to new tasks with little lead time
We are an equal opportunity employer and value diversity at our company. We do not discriminate on the basis of race, religion, color, national origin, sex, gender, gender expression, sexual orientation, age, marital status, veteran status, or disability status.

The hourly range for this position is $22.00 to $50.00. Siemens offers a variety of health and wellness benefits to employees. Details regarding our benefits can be found here: www.benefitsquickstart.com. In addition, this position is eligible for time off in accordance with Company policies, including paid sick leave and paid volunteer time off.

We are Siemens

A collection of over 377,000 minds building the future, one day at a time in over 200 countries. We're dedicated to equality, and we welcome applications that reflect the diversity of the communities we work in. All employment decisions at Siemens are based on qualifications, merit, and business need. Bring your curiosity and creativity and help us shape tomorrow!

We will ensure that individuals with disabilities are provided reasonable accommodation to participate in the job application or interview process, to perform essential job functions, and to receive other benefits and privileges of employment. Please contact us to request accommodation.

Transform the everyday

#LI-PLM
#LI-Remote
• Equal Employment Opportunity Statement
Siemens is an Equal Opportunity and Affirmative Action Employer encouraging diversity in the workplace. All qualified applicants will receive consideration for employment without regard to their race, color, creed, religion, national origin, citizenship status, ancestry, sex, age, physical or mental disability unrelated to ability, marital status, family responsibilities, pregnancy, genetic information, sexual orientation, gender expression, gender identity, transgender, sex stereotyping, order of protection status, protected veteran or military status, or an unfavorable discharge from military service, and other categories protected by federal, state or local law.

Reasonable Accommodations
If you require a reasonable accommodation in completing a job application, interviewing, completing any pre-employment testing, or otherwise participating in the employee selection process, please fill out the accommodations form by clicking on this link Accommodation for disability form. If you’re unable to complete the form, you can reach out to our AskHR team for support at 1-866-743-6367. Please note our AskHR representatives do not have visibility of application or interview status.

EEO is the Law
Applicants and employees are protected under Federal law from discrimination. To learn more, Click here.

Pay Transparency Non-Discrimination Provision
Siemens follows Executive Order 11246, including the Pay Transparency Nondiscrimination Provision. To learn more, Click here.

California Privacy Notice
California residents have the right to receive additional notices about their personal information. To learn more, click here.
"
Summer 2025 Intern - Salesforce AI Research,"Salesforce, Inc.","Palo Alto, CA • via Salesforce Careers",2025-01-08T12:56:42.803001,"Ideal candidates have a strong background in one or more fields:
Natural Language Processing
Computer Vision
Reinforcement Learning
General Machine Learning
PhD/MS candidate in a relevant research area
Excellent understanding of deep learning techniques, i.e., CNN, RNN, LSTM, GRU, GAN, attention models, and optimization methods
Experience with one or more deep learning libraries and platforms, e.g. PyTorch, TensorFlow, Caffe, or Chainer
Strong background in machine learning, natural language processing, computer vision, or reinforcement learning
Strong algorithmic problem solving skills
Programming experience in Python, Java, C/C++, Lua, or a similar language
This internship is a minimum of 12 weeks","Ideal candidates have a strong background in one or more fields:; Natural Language Processing; Computer Vision; Reinforcement Learning; General Machine Learning; PhD/MS candidate in a relevant research area; Excellent understanding of deep learning techniques, i.e., CNN, RNN, LSTM, GRU, GAN, attention models, and optimization methods; Experience with one or more deep learning libraries and platforms, e.g. PyTorch, TensorFlow, Caffe, or Chainer; Strong background in machine learning, natural language processing, computer vision, or reinforcement learning; Strong algorithmic problem solving skills; Programming experience in Python, Java, C/C++, Lua, or a similar language; This internship is a minimum of 12 weeks","Ideal candidates have a strong background in one or more fields:
Natural Language Processing
Computer Vision
Reinforcement Learning
General Machine Learning
PhD/MS candidate in a relevant research area
Excellent understanding of deep learning techniques, i.e., CNN, RNN, LSTM, GRU, GAN, attention models, and optimization methods
Experience with one or more deep learning libraries and platforms, e.g. PyTorch, TensorFlow, Caffe, or Chainer
Strong background in machine learning, natural language processing, computer vision, or reinforcement learning
Strong algorithmic problem solving skills
Programming experience in Python, Java, C/C++, Lua, or a similar language
This internship is a minimum of 12 weeks","Ideal candidates have a strong background in one or more fields:; Natural Language Processing; Computer Vision; Reinforcement Learning; General Machine Learning; PhD/MS candidate in a relevant research area; Excellent understanding of deep learning techniques, i.e., CNN, RNN, LSTM, GRU, GAN, attention models, and optimization methods; Experience with one or more deep learning libraries and platforms, e.g. PyTorch, TensorFlow, Caffe, or Chainer; Strong background in machine learning, natural language processing, computer vision, or reinforcement learning; Strong algorithmic problem solving skills; Programming experience in Python, Java, C/C++, Lua, or a similar language; This internship is a minimum of 12 weeks",,,,,"Salesforce AI Research advances AI techniques that pave the path for new AI research directions, innovative products and applications with a positive impact on society. Our team of researchers, engineers, product managers, and designers drive AI innovation across pure research, applied research, and new product incubation— all built on our powerful AI platform. We bring companies and customers tog
ether using AI that is explainable, transparent, and accountable.

As part of our team you’ll learn unique skills, work with talented people, influence the industry standard for fair and ethical use of artificial intelligence and help us to shape the future of AI.

Check out our website to learn more about the groundbreaking work of the Salesforce AI Research team https://www.salesforceairesearch.com

Salesforce Research is looking for outstanding research interns. Ideal candidates have a strong background in one or more fields:
• Natural Language Processing
• Computer Vision
• Reinforcement Learning
• General Machine Learning

Our research focus includes but is not limited to the following:
• AI Agents
• AI for Software Developers
• AI for Operations / Time Series
• Responsible & Trusted AI
• AI for Knowledge Management
• Mobile AI
• Multimodal AI
• Large Language/Action Modeling
• Human-AI Interaction
• Automatic Evaluation

Candidates that have published in top-tier conferences or journals (e.g., NeurIPS, ICML, ICLR, ACL, EMNLP, CVPR, CHI) are preferred.

As a research intern, you will:
• Work with a team of research scientists and engineers on a project that ideally leads to a submission to a top-tier conference
• Learn about exciting research and applications outside your expertise
• Focus on pure research that incorporates into your PhD focus area and contributes to the AI Community
• Attend conferences with our researchers to showcase your accepted papers

Requirements:
• PhD/MS candidate in a relevant research area
• Excellent understanding of deep learning techniques, i.e., CNN, RNN, LSTM, GRU, GAN, attention models, and optimization methods
• Experience with one or more deep learning libraries and platforms, e.g. PyTorch, TensorFlow, Caffe, or Chainer
• Strong background in machine learning, natural language processing, computer vision, or reinforcement learning
• Strong algorithmic problem solving skills
• Programming experience in Python, Java, C/C++, Lua, or a similar language

This internship is a minimum of 12 weeks.
"
AI Fall Co-Op,Force Factor,"Boston, MA • via Wellfound",2025-01-08T12:56:52.908317,"Must be enrolled in a full-time undergraduate program at an accredited 4-year institution
This opportunity is open to all undergraduate students, from first-year students to seniors
Must be able to work five days per week, in person, at our Boston Seaport office from early July to late December
Demonstrated ability to balance academic and extracurricular commitments (i.e., work experience, clubs, volunteer activities, teams, etc.)
Strong technical background with demonstrated curiosity and passion for AI
Ability to understand and explain technical concepts in clear terms, making AI approachable and understandable across the organization
Excellent problem-solving skills with a creative mindset, eager to explore new AI-driven solutions
A proactive attitude and a strong interest in staying on top of the latest AI trends, technologies, and ethical considerations
A performance-focused, results-oriented approach - you will need a strong work ethic and drive to achieve results
Ownership mentality, self-motivation, ambition, and entrepreneurial spirit
Excellent interpersonal, communication, project management, and time management skills
Ability to thrive in a fast-paced, dynamic, and deadline-driven environment
Self-motivated with the ability to prioritize and execute multiple concurrent tasks
Detail-oriented, driven, and organized high performer with an insatiable desire to win","Must be enrolled in a full-time undergraduate program at an accredited 4-year institution; This opportunity is open to all undergraduate students, from first-year students to seniors; Must be able to work five days per week, in person, at our Boston Seaport office from early July to late December; Demonstrated ability to balance academic and extracurricular commitments (i.e., work experience, clubs, volunteer activities, teams, etc.); Strong technical background with demonstrated curiosity and passion for AI; Ability to understand and explain technical concepts in clear terms, making AI approachable and understandable across the organization; Excellent problem-solving skills with a creative mindset, eager to explore new AI-driven solutions; A proactive attitude and a strong interest in staying on top of the latest AI trends, technologies, and ethical considerations; A performance-focused, results-oriented approach - you will need a strong work ethic and drive to achieve results; Ownership mentality, self-motivation, ambition, and entrepreneurial spirit; Excellent interpersonal, communication, project management, and time management skills; Ability to thrive in a fast-paced, dynamic, and deadline-driven environment; Self-motivated with the ability to prioritize and execute multiple concurrent tasks; Detail-oriented, driven, and organized high performer with an insatiable desire to win","Must be enrolled in a full-time undergraduate program at an accredited 4-year institution
This opportunity is open to all undergraduate students, from first-year students to seniors
Must be able to work five days per week, in person, at our Boston Seaport office from early July to late December
Demonstrated ability to balance academic and extracurricular commitments (i.e., work experience, clubs, volunteer activities, teams, etc.)
Strong technical background with demonstrated curiosity and passion for AI
Ability to understand and explain technical concepts in clear terms, making AI approachable and understandable across the organization
Excellent problem-solving skills with a creative mindset, eager to explore new AI-driven solutions
A proactive attitude and a strong interest in staying on top of the latest AI trends, technologies, and ethical considerations
A performance-focused, results-oriented approach - you will need a strong work ethic and drive to achieve results
Ownership mentality, self-motivation, ambition, and entrepreneurial spirit
Excellent interpersonal, communication, project management, and time management skills
Ability to thrive in a fast-paced, dynamic, and deadline-driven environment
Self-motivated with the ability to prioritize and execute multiple concurrent tasks
Detail-oriented, driven, and organized high performer with an insatiable desire to win","Must be enrolled in a full-time undergraduate program at an accredited 4-year institution; This opportunity is open to all undergraduate students, from first-year students to seniors; Must be able to work five days per week, in person, at our Boston Seaport office from early July to late December; Demonstrated ability to balance academic and extracurricular commitments (i.e., work experience, clubs, volunteer activities, teams, etc.); Strong technical background with demonstrated curiosity and passion for AI; Ability to understand and explain technical concepts in clear terms, making AI approachable and understandable across the organization; Excellent problem-solving skills with a creative mindset, eager to explore new AI-driven solutions; A proactive attitude and a strong interest in staying on top of the latest AI trends, technologies, and ethical considerations; A performance-focused, results-oriented approach - you will need a strong work ethic and drive to achieve results; Ownership mentality, self-motivation, ambition, and entrepreneurial spirit; Excellent interpersonal, communication, project management, and time management skills; Ability to thrive in a fast-paced, dynamic, and deadline-driven environment; Self-motivated with the ability to prioritize and execute multiple concurrent tasks; Detail-oriented, driven, and organized high performer with an insatiable desire to win",,,,,"Company Overview

Force Factor Brands is on a mission to disrupt the global health and wellness industry by creating incredible vitamins and supplements that help people Unleash their Potential. Our innovative products are scientifically formulated to help create healthier, happier, and more enjoyable lives for our consumers all over the world. We are one of the most genuinely innovative companies
in the global dietary supplements industry and only plan on accelerating in the future.

Force Factor’s award-winning products are sold in thousands of retail and eCommerce stores nationwide, including Walmart, The Vitamin Shoppe, Sam’s Club, Walgreens, CVS, iHerb, Amazon and Costco. Currently, more than 25,000 people buy our products every single day, and that number is growing every month. You will have a real opportunity to make an impact on people’s lives by working at Force Factor to create new solutions for empowering personal health and wellbeing.

Culturally, think of us as an intense, meritocratic, and exciting high-growth startup that has survived and thrived through its first decade and a half of rapid evolution and is now thinking about how to scale up and conquer the next decade’s worth of challenges and opportunities. We’ve sold more than a billion dollars worth of products to consumers over the last 15+ years, but fundamentally we know we’re just at the beginning of our journey, and that’s where you come in! We need the smartest, highest-energy people with integrity who are looking to join an ambitious and hard-working team. We do not need social loafers, those looking for shortcuts, people lacking grit, or people unwilling to pay the price for success! If you join Force Factor, you will work hard, learn a tremendous amount, and be surrounded by incredible teammates.

Force Factor is based in Boston’s innovative Seaport District, in historic Fort Point. Our team is filled with passionate, dedicated, and inspiring people operating with an ownership mindset (which is easy because we are entirely privately held by our team and plan to stay that way over the long-term). If you love a challenge, enjoy acting with urgency, and prefer to opt into a high-performance culture, when you join us you’ll feel like you’ve finally come home. Our private ownership structure is designed for the long-term to enable huge opportunities for growth, learning, leadership, and wealth creation, and we hope you’ll choose to help us build an enduring and successful business for decades to come.

The Co-Op

As an AI Co-Op, you will engage in meaningful projects that drive the thoughtful adoption and implementation of artificial intelligence across our organization. Your role will involve researching and identifying potential AI use cases, developing strategies for AI integration, and helping to shape the future of AI within our company. You’ll collaborate with cross-functional teams to explore how AI can enhance business processes, improve decision-making, and unlock new growth opportunities. This position offers the opportunity to directly contribute to the success of our company by leveraging cutting-edge AI tools and techniques, bringing fresh ideas to the table, and helping to build a framework for AI-driven innovation.

Individuals selected for our Co-Op Program will actively contribute to our company’s growth while benefiting from hands-on experience, mentorship, and professional development. Our co-op program is based five days a week in our office located in the Seaport District of Boston from July to December. Throughout the fall, co-ops will work on impactful projects that directly influence our brand’s progress.

Key Responsibilities and Projects May Include:
• AI Research and Implementation Strategy: Conduct research on AI technologies, trends, and tools to support thoughtful implementation across our business.
• Develop AI Use Cases: Work with cross-functional teams to brainstorm and define practical AI applications that align with our business goals. Consider how AI could streamline processes, improve decision-making, or create innovative products and services.
• AI Ethics and Adoption: Research best practices and frameworks for responsible AI use. Help the organization consider the ethical implications of AI in decision-making and operations, ensuring the technology is used thoughtfully and fairly.
• Future-Proofing AI Systems: Support the development of scalable and future-ready AI solutions, helping to create a roadmap for the continued use of AI technologies as they evolve.
• Collaboration and Communication: Serve as a bridge between technical teams and business stakeholders. Translate complex technical concepts into clear, actionable insights for non-technical teams, ensuring smooth implementation of AI-driven initiatives.

Required Qualifications:
• Must be enrolled in a full-time undergraduate program at an accredited 4-year institution. This opportunity is open to all undergraduate students, from first-year students to seniors.
• Must be able to work five days per week, in person, at our Boston Seaport office from early July to late December.
• Demonstrated ability to balance academic and extracurricular commitments (i.e., work experience, clubs, volunteer activities, teams, etc.).
• Strong technical background with demonstrated curiosity and passion for AI.
• Ability to understand and explain technical concepts in clear terms, making AI approachable and understandable across the organization.
• Excellent problem-solving skills with a creative mindset, eager to explore new AI-driven solutions.
• Prior experience with AI tools, machine learning models, or coding is a plus but not required.
• A proactive attitude and a strong interest in staying on top of the latest AI trends, technologies, and ethical considerations.
• A performance-focused, results-oriented approach - you will need a strong work ethic and drive to achieve results.
• Ownership mentality, self-motivation, ambition, and entrepreneurial spirit.
• Excellent interpersonal, communication, project management, and time management skills.
• Ability to thrive in a fast-paced, dynamic, and deadline-driven environment.
• Self-motivated with the ability to prioritize and execute multiple concurrent tasks.
• Detail-oriented, driven, and organized high performer with an insatiable desire to win.
"
"Machine Learning Engineer Internship, Generative AI - US Remote",Hugging Face,Anywhere • via Indeed,2025-01-08T12:57:02.820216,We offer flexible working hours and remote options,We offer flexible working hours and remote options,,,We offer flexible working hours and remote options,We offer flexible working hours and remote options,We offer flexible working hours and remote options,We offer flexible working hours and remote options,"At Hugging Face, we’re on a journey to democratize good AI. We are building the fastest growing platform for AI builders with over 5 million users & 100k organizations who collectively shared over 1M models, 300k datasets & 300k apps. Our open-source libraries have more than 400k+ stars on Github.

About the Role

ChatGPT took the world by storm due to its surprising capabilities. By the time it w
as launched it was a massive model, requiring many GPUs to run. Fast forward to 2024, and we have 1B LLMs that fit in a smartphone and have similar quality levels. The community has also realized that small models using techniques like chain of thought can outperform much larger models. The focus of this internship is on model usage: how can we extract a higher-quality output from existing small-sized pre-trained models?

This internship works at the intersection of software engineering and machine learning engineering, bringing state-of-the-art generative breakthroughs to transformers in a user-friendly fashion. By the end of this internship, the candidate will have touched all facets that power LLM APIs, including hardware acceleration, numerical precision problems, common machine learning caveats, and the importance of writing scalable software.

About You

If you love open-source but also have an eye for art and creativity, are passionate about making complex technology more accessible to engineers and artists, and want to contribute to one of the fastest-growing ML ecosystems, then we can't wait to see your application!

If you're interested in joining us, but don't tick every box above, we still encourage you to apply! We're building a diverse team whose skills, experiences, and background complement one another. We're happy to consider where you might be able to make the biggest impact.

More about Hugging Face

We are actively working to build a culture that values diversity, equity, and inclusivity. We are intentionally building a workplace where people feel respected and supported—regardless of who you are or where you come from. We believe this is foundational to building a great company and community. Hugging Face is an equal opportunity employer and we do not discriminate on the basis of race, religion, color, national origin, gender, sexual orientation, age, marital status, veteran status, or disability status.

We value development. You will work with some of the smartest people in our industry. We are an organization that has a bias for impact and is always challenging ourselves to continuously grow. We provide all employees with reimbursement for relevant conferences, training, and education.

We care about your well-being. We offer flexible working hours and remote options. We support our employees wherever they are. While we have office spaces around the world, especially in the US, Canada, and Europe, we're very distributed and all remote employees have the opportunity to visit our offices. If needed, we'll also outfit your workstation to ensure you succeed.

We support the community. We believe significant scientific advancements are the result of collaboration across the field. Join a community supporting the ML/AI community.
"
Customer Success Manager AI Intern – Entry Level Sales Program 2025,IBM,"Brookhaven, GA • via Define Your Career With IBM | Careers - IBM",2025-01-08T12:57:12.875645,"'tell' we're looking for undergraduate and graduate students who want to combine their technical interests and education with the people skills needed to architect technical solutions, co-creating with customers, partners, and colleagues to solve technical and business challenges
Confidence to contact and engage potential new customers and deliver an elevated experience
A desire to continually learn new technologies and how to apply their value in a client environment
Motivation to achieve technical objectives and high client satisfaction
Embrace curiosity and a growth mindset
You may work with any of the following technologies: Analytics, Artificial Intelligence, IT Automation, Cloud, Security, Sustainability
This position requires you to be in one of the following IBM offices: Atlanta GA, Boston MA, Chicago IL, Dallas TX, New York NY, Raleigh NC, San Francisco CA, and Washington DC
Readiness to travel, if needed
Therefore, in order to be considered for this position, you must have the ability to work without a need for current or future visa sponsorship
Technical Education: Seeking B.S. or M.S. degree in Computer Science, Artificial Intelligence, Data Science, Engineering, Information Systems, or equivalent technical degree/experience
Programming Language: Experience with Python, notebooks
AI Skills: Experience in Machine Learning, Deep Learning, Large Language Models
Client Focused: Asks open-ended questions and understands needs to address business challenges
Tech Savvy: Conversant about technology, latest industry trends and how it is being applied to address business challenges
Team Player: Demonstrates team collaboration and can navigate different communication styles
Excellent Communication Skills: Possess verbal, written, and interpersonal skills that are engaging, compelling and influential
Self-Motivation and Problem-Solving Aptitude: A natural inclination toward self-motivation and initiative, in addition to the ability to navigate data and people to find answers and present solutions","'tell' we're looking for undergraduate and graduate students who want to combine their technical interests and education with the people skills needed to architect technical solutions, co-creating with customers, partners, and colleagues to solve technical and business challenges; Confidence to contact and engage potential new customers and deliver an elevated experience; A desire to continually learn new technologies and how to apply their value in a client environment; Motivation to achieve technical objectives and high client satisfaction; Embrace curiosity and a growth mindset; You may work with any of the following technologies: Analytics, Artificial Intelligence, IT Automation, Cloud, Security, Sustainability; This position requires you to be in one of the following IBM offices: Atlanta GA, Boston MA, Chicago IL, Dallas TX, New York NY, Raleigh NC, San Francisco CA, and Washington DC; Readiness to travel, if needed; Therefore, in order to be considered for this position, you must have the ability to work without a need for current or future visa sponsorship; Technical Education: Seeking B.S. or M.S. degree in Computer Science, Artificial Intelligence, Data Science, Engineering, Information Systems, or equivalent technical degree/experience; Programming Language: Experience with Python, notebooks; AI Skills: Experience in Machine Learning, Deep Learning, Large Language Models; Client Focused: Asks open-ended questions and understands needs to address business challenges; Tech Savvy: Conversant about technology, latest industry trends and how it is being applied to address business challenges; Team Player: Demonstrates team collaboration and can navigate different communication styles; Excellent Communication Skills: Possess verbal, written, and interpersonal skills that are engaging, compelling and influential; Self-Motivation and Problem-Solving Aptitude: A natural inclination toward self-motivation and initiative, in addition to the ability to navigate data and people to find answers and present solutions","'tell' we're looking for undergraduate and graduate students who want to combine their technical interests and education with the people skills needed to architect technical solutions, co-creating with customers, partners, and colleagues to solve technical and business challenges
Confidence to contact and engage potential new customers and deliver an elevated experience
A desire to continually learn new technologies and how to apply their value in a client environment
Motivation to achieve technical objectives and high client satisfaction
Embrace curiosity and a growth mindset
You may work with any of the following technologies: Analytics, Artificial Intelligence, IT Automation, Cloud, Security, Sustainability
This position requires you to be in one of the following IBM offices: Atlanta GA, Boston MA, Chicago IL, Dallas TX, New York NY, Raleigh NC, San Francisco CA, and Washington DC
Readiness to travel, if needed
Therefore, in order to be considered for this position, you must have the ability to work without a need for current or future visa sponsorship
Technical Education: Seeking B.S. or M.S. degree in Computer Science, Artificial Intelligence, Data Science, Engineering, Information Systems, or equivalent technical degree/experience
Programming Language: Experience with Python, notebooks
AI Skills: Experience in Machine Learning, Deep Learning, Large Language Models
Client Focused: Asks open-ended questions and understands needs to address business challenges
Tech Savvy: Conversant about technology, latest industry trends and how it is being applied to address business challenges
Team Player: Demonstrates team collaboration and can navigate different communication styles
Excellent Communication Skills: Possess verbal, written, and interpersonal skills that are engaging, compelling and influential
Self-Motivation and Problem-Solving Aptitude: A natural inclination toward self-motivation and initiative, in addition to the ability to navigate data and people to find answers and present solutions","'tell' we're looking for undergraduate and graduate students who want to combine their technical interests and education with the people skills needed to architect technical solutions, co-creating with customers, partners, and colleagues to solve technical and business challenges; Confidence to contact and engage potential new customers and deliver an elevated experience; A desire to continually learn new technologies and how to apply their value in a client environment; Motivation to achieve technical objectives and high client satisfaction; Embrace curiosity and a growth mindset; You may work with any of the following technologies: Analytics, Artificial Intelligence, IT Automation, Cloud, Security, Sustainability; This position requires you to be in one of the following IBM offices: Atlanta GA, Boston MA, Chicago IL, Dallas TX, New York NY, Raleigh NC, San Francisco CA, and Washington DC; Readiness to travel, if needed; Therefore, in order to be considered for this position, you must have the ability to work without a need for current or future visa sponsorship; Technical Education: Seeking B.S. or M.S. degree in Computer Science, Artificial Intelligence, Data Science, Engineering, Information Systems, or equivalent technical degree/experience; Programming Language: Experience with Python, notebooks; AI Skills: Experience in Machine Learning, Deep Learning, Large Language Models; Client Focused: Asks open-ended questions and understands needs to address business challenges; Tech Savvy: Conversant about technology, latest industry trends and how it is being applied to address business challenges; Team Player: Demonstrates team collaboration and can navigate different communication styles; Excellent Communication Skills: Possess verbal, written, and interpersonal skills that are engaging, compelling and influential; Self-Motivation and Problem-Solving Aptitude: A natural inclination toward self-motivation and initiative, in addition to the ability to navigate data and people to find answers and present solutions",,,,,"Introduction
A Customer Success Manager Intern (CSM) focused on Artificial Intelligence (AI) in IBM means a career where you're helping clients fully realize the value of their existing AI products, whilst growing their adoption of next-generation technologies from across IBM's wider portfolio.

This is a summer 2025 position. Preferring to 'show' vs. 'tell' we're looking for undergraduate and gra
duate students who want to combine their technical interests and education with the people skills needed to architect technical solutions, co-creating with customers, partners, and colleagues to solve technical and business challenges.

IBM’s Sales Internship Program culture will set you up for success, whilst ongoing development will continue to advance your career through its upward trajectory. Our sales environment is fast-paced and supportive. Always part of a team, you'll be surrounded by leaders and colleagues who are always willing to help and be helped – as you support pilots that compel clients to invest in IBM's products and services.

Your Role and Responsibilities
A Customer Success Manager AI intern role in IBM has unique attributes. In addition to the people skills often associated with this position, this AI CSM intern role is specialized in data science, generative AI, and large language models. You will work closely with customers, product managers, and development teams to understand client business requirements and implement AI solutions that address complex business challenges.

With a hands-on approach to coding, demonstrations and clear communication, you will be able to showcase IBM Ai solutions. You will design and articulate AI architectures compatible with a client’s technology stack via use-case identification, solution architecture design, and MVP (minimal viable product) builds.

With technical expertise and a consultative style, you'll quickly build credibility as a trusted advisor at all levels with customers and IBM colleagues. To drive expansion and renewal growth, you'll guide leading enterprise companies through AI approaches that realize the full value of expanding their adoption of watsonx.

Your primary responsibilities will include, but not be limited to:
• Understanding Client's Data and AI Challenges and Building Trust: Understand clients' primary Data and AI challenges and establish yourself as a trusted technical expert for their migration, deployment, and adoption of AI and Hybrid Cloud offerings.
• Facilitating Use Case Exploration and Business Framing: Lead use case exploration and business framing workshops, develop client value realization models.
• Developing AI Solutions: Using your Data and AI engineering skills to code/ build MVPs using python, open source frameworks, RedHat and IBM watsonx.
• Leading Persuasive Technical Conversations: Lead technical discussions that persuade clients to act based on their requirements and the value provided by IBM's solutions.
• Creating Post-Deployment Customer Success Plans: Develop customer success plans aimed at continually increasing active user adoption of IBM's products.
To be successful in this role, you will need:
• Confidence to contact and engage potential new customers and deliver an elevated experience.
• A desire to continually learn new technologies and how to apply their value in a client environment.
• Motivation to achieve technical objectives and high client satisfaction.
• Embrace curiosity and a growth mindset.
You may work with any of the following technologies: Analytics, Artificial Intelligence, IT Automation, Cloud, Security, Sustainability.

This position requires you to be in one of the following IBM offices: Atlanta GA, Boston MA, Chicago IL, Dallas TX, New York NY, Raleigh NC, San Francisco CA, and Washington DC.

Readiness to travel, if needed.

IBM will not be providing visa sponsorship for this position now or in the future. Therefore, in order to be considered for this position, you must have the ability to work without a need for current or future visa sponsorship.

Required Technical and Professional Expertise
• Technical Education: Seeking B.S. or M.S. degree in Computer Science, Artificial Intelligence, Data Science, Engineering, Information Systems, or equivalent technical degree/experience.
• Programming Language: Experience with Python, notebooks.
• AI Skills: Experience in Machine Learning, Deep Learning, Large Language Models.
• Client Focused: Asks open-ended questions and understands needs to address business challenges.
• Tech Savvy: Conversant about technology, latest industry trends and how it is being applied to address business challenges.
• Team Player: Demonstrates team collaboration and can navigate different communication styles.
• Excellent Communication Skills: Possess verbal, written, and interpersonal skills that are engaging, compelling and influential.
• Self-Motivation and Problem-Solving Aptitude: A natural inclination toward self-motivation and initiative, in addition to the ability to navigate data and people to find answers and present solutions.

Preferred Technical and Professional Expertise
• Familiarity with agile development methodologies.
• Knowledge of AI and data governance.
• Knowledge of generative AI architectures such as RAG, chatbots.
• Experience with RedHat OpenShift and Kubernetes.
"
Governor's Summer Intern - INDOT Artificial Intelligence,State of Indiana,"West Lafayette, IN • via Work For Indiana - IN.gov",2025-01-08T12:57:23.064922,"Must be currently enrolled as an undergraduate or graduate with an accredited post-secondary institution and have completed at least one (1) year of undergraduate education
Working towards a Bachelor Degree in Electrical and Computer (ECE) or Civil Engineering or related field
Academic work in related field
Excellent oral and written communication skills
Ability to analyze data sets related to discipline
Ability to build relationships, establish credibility, and influence leaders at all levels
Ability to conduct well-informed research
Ability to solve complex, critical problems
Ability to review and make recommendations on proposed changes to relevant policies and procedures
Basic knowledge of the mission and role of INDOT
Basic understanding of state policies, procedures, rules, and regulations
Knowledge of state government structure, administrative procedures, and the legislative process
Ability to research, draft, and edit data and reports
Analytical skills
Ability to handle multiple projects
Ability to operate computer tools
Good research and writing skills
Good interpersonal and communication skills suitable for a wide variety of contacts
Confidence and ability to learn on the job and adapt quickly to changing circumstances","Must be currently enrolled as an undergraduate or graduate with an accredited post-secondary institution and have completed at least one (1) year of undergraduate education; Working towards a Bachelor Degree in Electrical and Computer (ECE) or Civil Engineering or related field; Academic work in related field; Excellent oral and written communication skills; Ability to analyze data sets related to discipline; Ability to build relationships, establish credibility, and influence leaders at all levels; Ability to conduct well-informed research; Ability to solve complex, critical problems; Ability to review and make recommendations on proposed changes to relevant policies and procedures; Basic knowledge of the mission and role of INDOT; Basic understanding of state policies, procedures, rules, and regulations; Knowledge of state government structure, administrative procedures, and the legislative process; Ability to research, draft, and edit data and reports; Analytical skills; Ability to handle multiple projects; Ability to operate computer tools; Good research and writing skills; Good interpersonal and communication skills suitable for a wide variety of contacts; Confidence and ability to learn on the job and adapt quickly to changing circumstances","Must be currently enrolled as an undergraduate or graduate with an accredited post-secondary institution and have completed at least one (1) year of undergraduate education
Working towards a Bachelor Degree in Electrical and Computer (ECE) or Civil Engineering or related field
Academic work in related field
Excellent oral and written communication skills
Ability to analyze data sets related to discipline
Ability to build relationships, establish credibility, and influence leaders at all levels
Ability to conduct well-informed research
Ability to solve complex, critical problems
Ability to review and make recommendations on proposed changes to relevant policies and procedures
Basic knowledge of the mission and role of INDOT
Basic understanding of state policies, procedures, rules, and regulations
Knowledge of state government structure, administrative procedures, and the legislative process
Ability to research, draft, and edit data and reports
Analytical skills
Ability to handle multiple projects
Ability to operate computer tools
Good research and writing skills
Good interpersonal and communication skills suitable for a wide variety of contacts
Confidence and ability to learn on the job and adapt quickly to changing circumstances","Must be currently enrolled as an undergraduate or graduate with an accredited post-secondary institution and have completed at least one (1) year of undergraduate education; Working towards a Bachelor Degree in Electrical and Computer (ECE) or Civil Engineering or related field; Academic work in related field; Excellent oral and written communication skills; Ability to analyze data sets related to discipline; Ability to build relationships, establish credibility, and influence leaders at all levels; Ability to conduct well-informed research; Ability to solve complex, critical problems; Ability to review and make recommendations on proposed changes to relevant policies and procedures; Basic knowledge of the mission and role of INDOT; Basic understanding of state policies, procedures, rules, and regulations; Knowledge of state government structure, administrative procedures, and the legislative process; Ability to research, draft, and edit data and reports; Analytical skills; Ability to handle multiple projects; Ability to operate computer tools; Good research and writing skills; Good interpersonal and communication skills suitable for a wide variety of contacts; Confidence and ability to learn on the job and adapt quickly to changing circumstances","At the state, you'll find competitive compensation, a robust benefits package and a commitment to work-life balance
As part of the State of Indiana, INDOT offers a competitive total compensation package, as well as outstanding work/life balance
Whether you are an established professional in the transportation field or just starting your career, INDOT has exciting and challenging opportunities for you.
The hourly rate for this position is $16.24 for those that do not hold a bachelor’s degree & $17.24 for those that hold a bachelor’s degree or higher by the time the internship starts
This seasonal position does not offer benefits and is limited to 180 working days in an eleven (11) month continuous period","At the state, you'll find competitive compensation, a robust benefits package and a commitment to work-life balance; As part of the State of Indiana, INDOT offers a competitive total compensation package, as well as outstanding work/life balance; Whether you are an established professional in the transportation field or just starting your career, INDOT has exciting and challenging opportunities for you.; The hourly rate for this position is $16.24 for those that do not hold a bachelor’s degree & $17.24 for those that hold a bachelor’s degree or higher by the time the internship starts; This seasonal position does not offer benefits and is limited to 180 working days in an eleven (11) month continuous period","At the state, you'll find competitive compensation, a robust benefits package and a commitment to work-life balance
As part of the State of Indiana, INDOT offers a competitive total compensation package, as well as outstanding work/life balance
Whether you are an established professional in the transportation field or just starting your career, INDOT has exciting and challenging opportunities for you.
The hourly rate for this position is $16.24 for those that do not hold a bachelor’s degree & $17.24 for those that hold a bachelor’s degree or higher by the time the internship starts
This seasonal position does not offer benefits and is limited to 180 working days in an eleven (11) month continuous period","At the state, you'll find competitive compensation, a robust benefits package and a commitment to work-life balance; As part of the State of Indiana, INDOT offers a competitive total compensation package, as well as outstanding work/life balance; Whether you are an established professional in the transportation field or just starting your career, INDOT has exciting and challenging opportunities for you.; The hourly rate for this position is $16.24 for those that do not hold a bachelor’s degree & $17.24 for those that hold a bachelor’s degree or higher by the time the internship starts; This seasonal position does not offer benefits and is limited to 180 working days in an eleven (11) month continuous period","Work for Indiana

Begin a fulfilling career with the State of Indiana by joining one of the largest employers in the state, offering a diverse range of opportunities across 60+ agencies. At the state, you'll find competitive compensation, a robust benefits package and a commitment to work-life balance. Most importantly, you'll have the chance to make a real and measurable impact on the lives of Ho
osiers across Indiana.

At the State of Indiana, we don’t just talk about diversity and inclusion—we make it our goal to create a welcoming, accessible, and equitable workplace with a workforce that is representative of Indiana's population. As a proud equal opportunity employer, reasonable accommodations may be available to enable individuals with disabilities to complete the application and interview process as well as perform the essential functions of a role.

About the Governor's Summer Internship Program (GSI):

The Governor’s Summer Internship Program (GSI) is designed to give college students real-world, hands-on experience in their desired field of study to enhance marketability upon graduation. Participation in the program will offer students a multitude of experiences including networking with state employees, resume building and soft skills workshops, agency head panels, and much more.

About the Indiana Department of Transportation:

The Indiana Department of Transportation (INDOT) provides a dynamic workplace that serves Indiana citizens, improves our state’s quality of life, and enhances its economic opportunity. INDOT has a number of innovative programs and projects, including Public-Private Partnerships, Green Initiatives, and cutting-edge uses of materials and assets. As part of the State of Indiana, INDOT offers a competitive total compensation package, as well as outstanding work/life balance. Whether you are an established professional in the transportation field or just starting your career, INDOT has exciting and challenging opportunities for you.

Role Overview:

This position will serve as an AI Research Intern for the Research & Development Division of the Indiana Department of Transportation. The Intern will be responsible for a variety of division projects and support. The objective of the position is to provide a valuable learning experience for the intern, as well as to assist the agency in completing their assignments and responsibilities. The Intern will report to Boonam Shin.

Salary Statement:

The hourly rate for this position is $16.24 for those that do not hold a bachelor’s degree & $17.24 for those that hold a bachelor’s degree or higher by the time the internship starts.

Location:

This position is located in INDOT’s West Lafayette Division of Research and Development.

A Day in the Life:

The essential functions of this role are as follows:
• Identify and execute one major project related to agency needs and academic area of study
• Create, develop, and sustain the programmatic efforts for the assigned discipline
• Analyze data and feedback to provide recommendations
• Partner with other relevant stakeholders to promote and enhance the quality of projects
• Collaborate with State of Indiana agencies to ensure effective implementation of internal and external initiatives
• Prepare and preprocess datasets, focusing on FWD image data.
• Enhance image annotation and labeling processes.
• Collaborate with the Research and Development team to ensure data quality and accuracy.
• Work on AI models or algorithms to automate or assist with data processing tasks.
• Document workflows and methodologies for reproducibility and knowledge sharing.

The job description is not designed to cover or contain a comprehensive listing of activities, duties or responsibilities that are required of the employee. Other duties, responsibilities and activities may change or be assigned at any time.

What You'll Need for Success:
• Must be currently enrolled as an undergraduate or graduate with an accredited post-secondary institution and have completed at least one (1) year of undergraduate education.
• Working towards a Bachelor Degree in Electrical and Computer (ECE) or Civil Engineering or related field
• Academic work in related field
• Excellent oral and written communication skills
• Ability to analyze data sets related to discipline
• Ability to build relationships, establish credibility, and influence leaders at all levels
• Ability to conduct well-informed research
• Ability to solve complex, critical problems
• Ability to review and make recommendations on proposed changes to relevant policies and procedures
• Relevant work experience preferred
• Basic knowledge of the mission and role of INDOT
• Basic understanding of state policies, procedures, rules, and regulations
• Knowledge of state government structure, administrative procedures, and the legislative process
• Ability to research, draft, and edit data and reports
• Analytical skills
• Ability to handle multiple projects
• Ability to operate computer tools
• Good research and writing skills
• Good interpersonal and communication skills suitable for a wide variety of contacts
• Confidence and ability to learn on the job and adapt quickly to changing circumstances

Benefits of Employment with the State of Indiana:

This seasonal position does not offer benefits and is limited to 180 working days in an eleven (11) month continuous period

Equal Employment Opportunity:

The State of Indiana is an Equal Opportunity Employer and is committed to recruiting, selecting, developing, and promoting employees based on individual ability and job performance. Our policy is to provide equal employment opportunity to all people in all aspects of employer-employee relations without discrimination because of race, color, creed, religion, sex, national origin, ancestry, age, sexual orientation, gender identity, physical or mental disability, or veteran status. We will comply with the spirit as well as the letter of all applicable state and federal laws.

If you are a qualified individual with a disability and require reasonable accommodations to complete this application, you can request assistance by contacting the Indiana State Personnel Department at jobs@spd.IN.gov.

The State of Indiana has established a culture that welcomes equity, inclusion, and opportunity for all employees and applicants. We encourage you to apply if you feel you have the transferrable skills to be successful in this position and we look forward to reviewing your application.
"
AI Test Security Intern,Educational Testing Service,"Harrisburg, PA • via Educational Testing Service Jobs",2025-01-08T12:57:33.103499,"Education: Currently enrolled in a Bachelor’s degree program, graduating in 2026 or 2027
Field of Study: Computer Science, Machine Learning, Data Science, or a related discipline
Proficiency with AWS tools and services
Knowledge of programming languages, including Java, Python, and/or Angular
Strong analytical and problem-solving abilities
Excellent time management and organizational skills
Effective public speaking capabilities
Ability to work both independently and collaboratively within a team","Education: Currently enrolled in a Bachelor’s degree program, graduating in 2026 or 2027; Field of Study: Computer Science, Machine Learning, Data Science, or a related discipline; Proficiency with AWS tools and services; Knowledge of programming languages, including Java, Python, and/or Angular; Strong analytical and problem-solving abilities; Excellent time management and organizational skills; Effective public speaking capabilities; Ability to work both independently and collaboratively within a team","Education: Currently enrolled in a Bachelor’s degree program, graduating in 2026 or 2027
Field of Study: Computer Science, Machine Learning, Data Science, or a related discipline
Proficiency with AWS tools and services
Knowledge of programming languages, including Java, Python, and/or Angular
Strong analytical and problem-solving abilities
Excellent time management and organizational skills
Effective public speaking capabilities
Ability to work both independently and collaboratively within a team","Education: Currently enrolled in a Bachelor’s degree program, graduating in 2026 or 2027; Field of Study: Computer Science, Machine Learning, Data Science, or a related discipline; Proficiency with AWS tools and services; Knowledge of programming languages, including Java, Python, and/or Angular; Strong analytical and problem-solving abilities; Excellent time management and organizational skills; Effective public speaking capabilities; Ability to work both independently and collaboratively within a team","At the conclusion of the Internship, you will have the opportunity to present your project to IT leadership","At the conclusion of the Internship, you will have the opportunity to present your project to IT leadership","At the conclusion of the Internship, you will have the opportunity to present your project to IT leadership","At the conclusion of the Internship, you will have the opportunity to present your project to IT leadership","About ETS:

For more than 75 years, we have amplified products and services based rigorous research and our belief in the power of learning. Driven by our mission to advance quality and equity in education, ETS provides learning solutions, pioneering research and trusted assessments that help guide learners around the world on their path to new possibilities.

Our portfolio of trusted measures inc
lude TOEFL®, TOEIC®, GRE® and Praxis® . Along with research, development and innovation that explores new frontiers in learning and measurement our educational measurement solutions and research contribute to the development of new methods and tools, inform important dialogue with education policymakers, and shed light on critical issues and potential solutions - all with the aim of creating a world where all learners can improve their lives through education.

With new senior leadership at the helm, ETS aims to continue changing the lives of all learners as we expand our organization's global footprint. Our goal is to remain at the forefront of assessment and measurement efficacy within the education and ed tech space as it continues to grow and evolve.

The ETS Technology Division is focused on being the trusted partner for innovative technology experiences and platforms that enable growth across ETS. We are committed to delivering experience-led solutions while maintaining a strong customer focus and commercial flexibility. Our division emphasizes customer and employee experience, leveraging core services, AI capabilities, and API-driven solutions to achieve operational excellence and international scalability. We believe in building deep strategic partnerships and fostering internal knowledge and accountability while working as One ETS to drive technological innovation and growth.

The Technology Division has created an internship program for college students interested in pursuing a career in technology. This is a paid, 8- 10 week -long, hybrid internship where interns will be expected to work 37– 40-hour a week. At the conclusion of the Internship, you will have the opportunity to present your project to IT leadership. Interns will receive training in a variety of IT-related activities and will be paired with a mentor who will help support their project work.? ?

As the AI Test Security Intern, you'll be at the forefront of enhancing the security and integrity of ETS’s testing processes. Your work will directly contribute to reducing score cancellations after reporting, safeguarding ETS’s assessment products, and streamlining operations by eliminating manual processes that don't align with ETS’s mission. This is a unique opportunity to apply AI technologies to real-world challenges in test security.

Key Responsibilities:
• Develop an AI-enabled video playback system to efficiently identify and retrieve test-taker video footage.
• Build a visualization tool to detect when AI-generated content, such as ChatGPT responses, is used in test answers.
• Implement AI-powered room similarity detection to identify potential cheating rings and suspicious activities.
• Education: Currently enrolled in a Bachelor’s degree program, graduating in 2026 or 2027.
• Field of Study: Computer Science, Machine Learning, Data Science, or a related discipline.
• Skills and Competencies:
• Proficiency with AWS tools and services.
• Experience with computer vision techniques and generative AI models is preferred.
• Knowledge of programming languages, including Java, Python, and/or Angular.
• Strong analytical and problem-solving abilities.
• Excellent time management and organizational skills.
• Effective public speaking capabilities.
• Ability to work both independently and collaboratively within a team.

ETS is mission driven and action oriented
• Diversity, equity, inclusion, and belonging is at the forefront of the ETS employee's daily work. To further foster an inclusive environment ETS is home to a wide variety of Affinity groups that celebrate the diversity of our talented employees.
• How about cultivating growth, innovation, and continuous transformation for the next generation of rising professionals as leaders? ETS offers multiple Business Resource Groups (BRG) for you!
• Are you passionate about volunteering and being active in your career and community? ETS offers our Center for Advocacy & Philanthropy (CAAP) where we encourage ETS employees to become active volunteers in their communities and schools through the ETS Cares Giving Campaign. Our employees can support any 501c3 or eligible charity of their choice.

ETS is an Equal Opportunity Employer comprised of people with different experiences, strengths, and backgrounds who share a passion for advancing quality and equity in education. We are dedicated to building teams that reflect the various backgrounds, experiences, and identities of those we serve. The Talent Acquisition team strives to ensure candidates enjoy a fair and equitable hiring process. We believe our differences empower us to be a better team, making better decisions and delivering better results.
"
"2025 AI/ML Intern - Research, Firefly",Adobe,"Seattle, WA (+2 others) • via Adobe Careers",2025-01-08T12:57:43.227060,"Currently enrolled full time and pursuing a Master’s or PhD in Computer Science, Computer Engineering, Electrical Engineer, machine learning, AI, computer science, statistics, or scene semantic understanding or equivalent experience required
1 + years of experience in computer vision or natural language processing or machine learning
Some experience in Generative AI
Experience communicating research for public audiences of peers
Experience working in teams
Knowledge in Python and typical machine learning development toolkits
Ability to participate in a full-time internship between May-September","Currently enrolled full time and pursuing a Master’s or PhD in Computer Science, Computer Engineering, Electrical Engineer, machine learning, AI, computer science, statistics, or scene semantic understanding or equivalent experience required; 1 + years of experience in computer vision or natural language processing or machine learning; Some experience in Generative AI; Experience communicating research for public audiences of peers; Experience working in teams; Knowledge in Python and typical machine learning development toolkits; Ability to participate in a full-time internship between May-September","Currently enrolled full time and pursuing a Master’s or PhD in Computer Science, Computer Engineering, Electrical Engineer, machine learning, AI, computer science, statistics, or scene semantic understanding or equivalent experience required
1 + years of experience in computer vision or natural language processing or machine learning
Some experience in Generative AI
Experience communicating research for public audiences of peers
Experience working in teams
Knowledge in Python and typical machine learning development toolkits
Ability to participate in a full-time internship between May-September","Currently enrolled full time and pursuing a Master’s or PhD in Computer Science, Computer Engineering, Electrical Engineer, machine learning, AI, computer science, statistics, or scene semantic understanding or equivalent experience required; 1 + years of experience in computer vision or natural language processing or machine learning; Some experience in Generative AI; Experience communicating research for public audiences of peers; Experience working in teams; Knowledge in Python and typical machine learning development toolkits; Ability to participate in a full-time internship between May-September","The U.S. pay range for this position is $45.00 -- $61.00 hourly
Your recruiter can share more about the specific pay rate for your job location during the hiring process",The U.S. pay range for this position is $45.00 -- $61.00 hourly; Your recruiter can share more about the specific pay rate for your job location during the hiring process,"The U.S. pay range for this position is $45.00 -- $61.00 hourly
Your recruiter can share more about the specific pay rate for your job location during the hiring process",The U.S. pay range for this position is $45.00 -- $61.00 hourly; Your recruiter can share more about the specific pay rate for your job location during the hiring process,"Our Company

Changing the world through digital experiences is what Adobe’s all about. We give everyone—from emerging artists to global brands—everything they need to design and deliver exceptional digital experiences! We’re passionate about empowering people to create beautiful and powerful images, videos, and apps, and transform how companies interact with customers across every screen.

We’re o
n a mission to hire the very best and are committed to creating exceptional employee experiences where everyone is respected and has access to equal opportunity. We realize that new ideas can come from everywhere in the organization, and we know the next big idea could be yours!

The Opportunity

Adobe seeks a Machine Learning Engineer to enhance customer experiences through AI and generative technologies. This is an exciting internship opportunity inside Adobe Firefly’s applied research organization. You will be surrounded by amazing talents who build the Firefly family of models from research inception all the way to production. We offer internship roles situated at different stages of the development pipeline from fundamental research to advanced development to production engineering directly shaping the training and integration of Firefly production models. Your role will center on pioneering data, models, applications and scientific evaluation that shape the future of technology in the realms of images, videos, language and multimodal models. Join us in reshaping the future of technology and customer experiences at Adobe!

What You’ll Do
• Work towards results-oriented research goals, while identifying intermediate achievements.
• Contribute to research and advanced development that can be applied to Adobe product development.
• Help integrating novel research work into Adobe Firefly product.
• Lead and collaborate on projects across different teams.

What You Need to Succeed
• Currently enrolled full time and pursuing a Master’s or PhD in Computer Science, Computer Engineering, Electrical Engineer, machine learning, AI, computer science, statistics, or scene semantic understanding or equivalent experience required
• 1 + years of experience in computer vision or natural language processing or machine learning
• Some experience in Generative AI
• Experience communicating research for public audiences of peers.
• Experience working in teams.
• Knowledge in Python and typical machine learning development toolkits.
• Ability to participate in a full-time internship between May-September.

If you’re looking to make an impact, Adobe’s the place for you. Discover what our employees are saying about their career experiences on the Adobe Life blog and explore the meaningful benefits we offer.

Adobe is an equal opportunity employer. We welcome and encourage diversity in the workplace regardless of race, gender, sexual orientation, gender identity, disability or veteran status.

Our compensation reflects the cost of labor across several  U.S. geographic markets, and we pay differently based on those defined markets. The U.S. pay range for this position is $45.00 -- $61.00 hourly. Your recruiter can share more about the specific pay rate for your job location during the hiring process.

Adobe will consider qualified applicants with arrest or conviction records for employment in accordance with state and local laws and “fair chance” ordinances.

Adobe is proud to be an Equal Employment Opportunity and affirmative action employer. We do not discriminate based on gender, race or color, ethnicity or national origin, age, disability, religion, sexual orientation, gender identity or expression, veteran status, or any other applicable characteristics protected by law. Learn more.

Adobe aims to make Adobe.com accessible to any and all users. If you have a disability or special need that requires accommodation to navigate our website or complete the application process, email accommodations@adobe.com or call (408) 536-3015.

Adobe values a free and open marketplace for all employees and has policies in place to ensure that we do not enter into illegal agreements with other companies to not recruit or hire each other’s employees.
"
"Software Engineer Intern - Front-End (NextJS, TS, MUI)",GENIE AI,Anywhere • via Wellfound,2025-01-08T12:57:50.633826,,,,,,,,,"About Company

GENIE is an applied AI lab developing Assistive Intelligence (AI) solutions for businesses, governments, and non-profits. Our focus is on translating the massive potential of GenAI, RPA, and AR/VR technologies into a measurable competitive advantage. We firmly believe in the future of interactive technology and view cognition as its most capable instrument. With a track record of fi
rsts, we've partnered with category-leading businesses to pilot ALBIS Experience Studio™.

About Team

GENIE comprises a winning team of Subject Matter Experts with over 20 years of specialization in ML/AI, offering world-class strategy, engineering, and design. Our team includes 42+ executives, business experts, ML engineers, RPA engineers, security engineers, data engineers, product designers, researchers, testers, content creators, and sales professionals.

About the Product

ALBIS™ Enterprise-grade no code AI Automation studio designed to enable anyone to create and manage experiences across physical, digital, and virtual spaces. ALBIS takes experience management to a whole new standard by leveraging Gen AI, Robotic Automation, IoT, AR/VR, and other advanced tech to enable actions like real-time data checks, outcome prediction, task automation, and autopilot activation.

What’s in it for you?

Opportunity and experience working at the forefront of an AI SaaS platform. Rocket growth driven by future technologies; Disrupting global industries; Global multi-team collaboration. Hands-on experience in a fast-paced and dynamic work environment. Work closely with experienced professionals and receive mentorship. Exposure to a variety of projects and the opportunity to contribute to impactful solutionss. Networking opportunities within the industry. Internship Completion Certification.

Role: Software Engineer Intern - Front-End (NextJS, TS, MUI)

Location: Remote

Duration: 4 months unpaid internship with the potential to convert to a full-time opportunity

Overview:

We are seeking a highly motivated and talented Software Engineer Intern specializing in back-end development with expertise in TypeScript. This internship opportunity offers hands-on experience in a dynamic and innovative environment where you will work closely with our experienced engineering team. You will have the chance to contribute to real-world projects, enhance your skills, and gain invaluable industry experience.

Responsibilities:
• Collaborate with the engineering team to design, develop, and implement robust front-end solutions using NextJS, TS, MUI.
• Write clean, maintainable, and efficient code while adhering to software development best practices.
• Contribute to the architecture and design of front-end systems and services.
• Participate in code reviews and provide constructive feedback to peers.
• Assist in debugging and troubleshooting issues to ensure the reliability and scalability of the front-end infrastructure.
• Stay up-to-date with the latest trends and advancements in front-end development and TypeScript.

Qualifications:
• Currently pursuing a degree in Computer Science, Software Engineering, or a related field.
• Strong proficiency in TypeScript and experience with front-end frameworks such as NextJS, Typescript, MUI, SCSS.
• Knowledge of relational and/or NoSQL databases such as PostgreSQL, MongoDB, or Redis.
• Understanding of RESTful APIs and experience in designing and consuming them.
• Familiarity with software development tools such as Git, Docker, and CI/CD pipelines.
• Excellent problem-solving skills and attention to detail.
• Effective communication and teamwork abilities.
• Previous internship or project experience in back-end development is a plus.

Benefits:
• Hands-on experience working on real-world projects in a collaborative environment.
• Mentorship opportunities from experienced engineers in the industry.
• Exposure to cutting-edge technologies and tools used in back-end development.
• Networking opportunities with professionals in the field.
• Potential for full-time employment opportunities post-internship.
• Internship Completion Certificate

Application Process:

If you are passionate about front-end development and NextJS and TypeScript and meet the qualifications outlined above, we encourage you to apply for this internship position. Please submit your resume and a cover letter detailing your relevant experience and why you are interested in joining our team. We look forward to reviewing your application and potentially welcoming you aboard our team!
"
"PhD Research Intern, AI",Stack AV,"Pittsburgh, PA • via Greenhouse",2025-01-08T12:58:00.634259,"In order to be considered for this team, we strongly encourage students to have the following skills and experiences…
Strong foundation in Computer Vision/Machine Learning
Ability to develop, train, and validate AI/CV/ML models
Experience with 3D computer vision, multi-modal perception, and/or point cloud processing
Experience in SOTA deep learning techniques, e.g. multi-modal foundational models
Strong programming skills in Python or C++
Experience with ML frameworks such as PyTorch","In order to be considered for this team, we strongly encourage students to have the following skills and experiences…; Strong foundation in Computer Vision/Machine Learning; Ability to develop, train, and validate AI/CV/ML models; Experience with 3D computer vision, multi-modal perception, and/or point cloud processing; Experience in SOTA deep learning techniques, e.g. multi-modal foundational models; Strong programming skills in Python or C++; Experience with ML frameworks such as PyTorch","In order to be considered for this team, we strongly encourage students to have the following skills and experiences…
Strong foundation in Computer Vision/Machine Learning
Ability to develop, train, and validate AI/CV/ML models
Experience with 3D computer vision, multi-modal perception, and/or point cloud processing
Experience in SOTA deep learning techniques, e.g. multi-modal foundational models
Strong programming skills in Python or C++
Experience with ML frameworks such as PyTorch","In order to be considered for this team, we strongly encourage students to have the following skills and experiences…; Strong foundation in Computer Vision/Machine Learning; Ability to develop, train, and validate AI/CV/ML models; Experience with 3D computer vision, multi-modal perception, and/or point cloud processing; Experience in SOTA deep learning techniques, e.g. multi-modal foundational models; Strong programming skills in Python or C++; Experience with ML frameworks such as PyTorch",We offer competitive pay and support sponsorship,We offer competitive pay and support sponsorship,We offer competitive pay and support sponsorship,We offer competitive pay and support sponsorship,"Internship Program:

Stack is revolutionizing transportation through AI and is seeking the best and brightest interns to help us realize this vision! As an early-stage start up, we expect our interns to be an integral part of the team, working on robotics research projects that directly impact our product. Along the way, you’ll be provided with opportunities for collaboration and mentorship with i
ndustry leaders to accelerate your career and research goals.

We welcome students who are enrolled in university, pursuing a doctorate degree and are currently located in the United States. Summer internships are typically 12 weeks in duration (note: we may be flexible for internships to start in the spring semester or continue into the fall semester).

We offer competitive pay and support sponsorship.

About the Role:

The Artificial Intelligence (AI) Team at Stack develops state-of-the-art solutions for 1) all perception-related jobs, including detection, tracking, mapping, localization, scene understanding, vehicle calibration, and more; and also 2) the data platform and ML infrastructure necessary to succeed as an ML-first autonomous vehicle company.

As an intern in the AI Team, you will have the opportunity to work hand-in-hand with Stack’s world-class researchers and engineers to investigate bleeding-edge problems in AI/CV/ML for autonomous vehicles. In addition to having the opportunity to publish your work, you will learn about the end to end work to build, evaluate, and deploy ML solutions for real robotics applications using multi-modal data, including critical safety systems.

Research Areas:

The project work will be scoped specifically based on your skill set and the research needs of the team, but project areas could include…
• Example project #1: Based on the success of foundational segmentation models such as SegmentAnything (SAM), investigate novel methods for multi-modal semantic segmentation that leverage the growing corpus of labeled image data available to lift it to other sensing modalities.
• Example project #2: Investigate novel methods to perform real-time perception tasks that are suitable for operation during fast relative vehicle motion.
• Example project #3: Investigate temporally-aware data representations in VLMs to answer complex questions about video sequences where ordering is important (e.g: “is there a car going out of turn in a stop sign?”).
• Example project #4: Investigate novel methods to perform panoptic segmentation in multi-modal data sequences with fast relative vehicle motion.

In order to be considered for this team, we strongly encourage students to have the following skills and experiences…
• 3+ year PhD student preferred
• Strong foundation in Computer Vision/Machine Learning
• Ability to develop, train, and validate AI/CV/ML models
• Experience with 3D computer vision, multi-modal perception, and/or point cloud processing
• Experience in SOTA deep learning techniques, e.g. multi-modal foundational models
• Strong programming skills in Python or C++
• Experience with ML frameworks such as PyTorch
"
Scalable Interactive Machine Learning for Human-AI Integration in Battlefield Decision-Making,Zintellect,United States • via Zintellect,2025-01-08T12:58:10.733494,"A successful candidate will have expertise in one or more of the following areas: robotics, machine learning methods, deep reinforcement learning, optimal control, experimental design, mathematics, and computer programming
Curriculum Vitae or Resume
References should be from persons familiar with your educational and professional qualifications (include your thesis or dissertation advisor, if applicable)
Transcript verifying receipt of degree must be submitted with the application
Student/unofficial copy is acceptable
Research topic should relate to a specific opportunity at ARL (see Research Areas)
The objective of the research topic should be clear and have a defined outcome","A successful candidate will have expertise in one or more of the following areas: robotics, machine learning methods, deep reinforcement learning, optimal control, experimental design, mathematics, and computer programming; Curriculum Vitae or Resume; References should be from persons familiar with your educational and professional qualifications (include your thesis or dissertation advisor, if applicable); Transcript verifying receipt of degree must be submitted with the application; Student/unofficial copy is acceptable; Research topic should relate to a specific opportunity at ARL (see Research Areas); The objective of the research topic should be clear and have a defined outcome","A successful candidate will have expertise in one or more of the following areas: robotics, machine learning methods, deep reinforcement learning, optimal control, experimental design, mathematics, and computer programming
Curriculum Vitae or Resume
References should be from persons familiar with your educational and professional qualifications (include your thesis or dissertation advisor, if applicable)
Transcript verifying receipt of degree must be submitted with the application
Student/unofficial copy is acceptable
Research topic should relate to a specific opportunity at ARL (see Research Areas)
The objective of the research topic should be clear and have a defined outcome","A successful candidate will have expertise in one or more of the following areas: robotics, machine learning methods, deep reinforcement learning, optimal control, experimental design, mathematics, and computer programming; Curriculum Vitae or Resume; References should be from persons familiar with your educational and professional qualifications (include your thesis or dissertation advisor, if applicable); Transcript verifying receipt of degree must be submitted with the application; Student/unofficial copy is acceptable; Research topic should relate to a specific opportunity at ARL (see Research Areas); The objective of the research topic should be clear and have a defined outcome",,,,,"The U.S. Army Combat Capabilities Development Command (DEVCOM) Army Research Laboratory (ARL) has a research opportunity available in the research and development of scalable interactive machine learning (SIML) systems. In particular, DEVCOM ARL is looking for an outstanding individual to conduct research to enable systems of multiple AI agents to interact and collaborate with multiple humans to s
olve complex tasks that are not straightforward for humans or AI to accomplish alone. The developed methods will apply to real-world challenges in Command and Control—the process by which military personnel make decisions, order action, and monitor and influence actions—enabling Army personnel to collaborate with a network of AI agents to develop plans of action more efficiently and robustly. A successful candidate will have expertise in one or more of the following areas: robotics, machine learning methods, deep reinforcement learning, optimal control, experimental design, mathematics, and computer programming. Emphasis will be on translational research and technology development that will build on current internal DEVCOM ARL research on human-guided machine learning. The candidate will support the short-term goal of developing a working proof-of-concept system that demonstrates the viability of human-AI integration when scaling the number of AI agents in the system. The candidate will perform algorithm and system development, conduct experiments, publish papers, and integrate ideas and methods with the ongoing efforts of a multidisciplinary research team.

ARL Advisor:

Ellen Novoseller

ellen.r.novoseller.civ@army.mil

(805) 689-3530

Javier Garcia

javier.o.garcia.civ@army.mil

(949) 981-7697

About ARD

ARL’s Army Research Directorate (ARD) focuses on exploiting concept development, discovery, technology development, and transition of the most promising disruptive science and technology to deliver to the Army fundamentally advantageous science-based capabilities through laboratory’s 11 research competencies. This intramural research directorate also manages the laboratory’s essential research programs, which are flagship research efforts focused on delivering defined outcomes.

About ARL-RAP

The Army Research Laboratory Research Associateship Program (ARL-RAP) is designed to significantly increase the involvement of creative and highly trained scientists and engineers from academia and industry in scientific and technical areas of interest and relevance to the Army. Scientists and Engineers at the CCDC Army Research Laboratory (ARL) help shape and execute the Army's program for meeting the challenge of developing technologies that will support Army forces in meeting future operational needs by pursuing scientific research and technological developments in diverse fields such as: applied mathematics, atmospheric characterization, simulation and human modeling, digital/optical signal processing, nanotechnology, material science and technology, multifunctional technology, combustion processes, propulsion and flight physics, communication and networking, and computational and information sciences.

About HUMANS IN COMPLEX SYSTEMS (HCxS):

Multi-disciplinary non-medical approaches to understand and modify the potential of humans situated in and interacting within complex social, technological, and socio-technical systems.

A complete application includes:
• Curriculum Vitae or Resume
• Three References Forms
• An email with a link to the reference form will be available in Zintellect to the applicant upon completion of the on-line application. Please send this email to persons you have selected to complete a reference.
• References should be from persons familiar with your educational and professional qualifications (include your thesis or dissertation advisor, if applicable)
• Transcripts
• Transcript verifying receipt of degree must be submitted with the application. Student/unofficial copy is acceptable

If selected by an advisor the participant will also be required to write a research proposal to submit to the ARL-RAP review panel for :
• Research topic should relate to a specific opportunity at ARL (see Research Areas)
• The objective of the research topic should be clear and have a defined outcome
• Explain the direction you plan to pursue
• Include expected period for completing the study
• Include a brief background such as preparation and motivation for the research
• References of published efforts may be used to improve the proposal

A link to upload the proposal will be provided to the applicant once the advisor has made their selection.

Questions about this opportunity? Please email ARLFellowship@orau.org.
"
Applied AI Engineer / Services Intern,Quiq Inc,"Bozeman, MT • via Taro",2025-01-08T12:58:15.470726,,,,,,,,,"Applied AI Engineer / Services Intern at Quiq Inc, focusing on automating conversations and creating integrations for exceptional customer experiences.
"
2025 Intern CV/ML - Machine Learning Engineer,Adobe,"Seattle, WA • via Adobe Careers",2025-01-08T12:58:26.148880,"Currently enrolled full time and pursuing a Master’s or PhD degree in Computer Science, Computer Engineering; or equivalent experience required with an expected graduation date of December 2025 – June 2026
Good understanding of statistical modeling, machine learning, deep learning, or data analytics concepts
Deep expertise in computer vision, image processing, video processing, and machine learning for Generative AI
Proficient in one or more programming languages such as Python, Java and C++
Familiar with one or more machine learning or statistical modeling tools such as R, Matlab and scikit learn
Strong analytical and quantitative problem-solving ability
Excellent communication, relationship skills and a team player
Ability to participate in a full-time internship between May-September","Currently enrolled full time and pursuing a Master’s or PhD degree in Computer Science, Computer Engineering; or equivalent experience required with an expected graduation date of December 2025 – June 2026; Good understanding of statistical modeling, machine learning, deep learning, or data analytics concepts; Deep expertise in computer vision, image processing, video processing, and machine learning for Generative AI; Proficient in one or more programming languages such as Python, Java and C++; Familiar with one or more machine learning or statistical modeling tools such as R, Matlab and scikit learn; Strong analytical and quantitative problem-solving ability; Excellent communication, relationship skills and a team player; Ability to participate in a full-time internship between May-September","Currently enrolled full time and pursuing a Master’s or PhD degree in Computer Science, Computer Engineering; or equivalent experience required with an expected graduation date of December 2025 – June 2026
Good understanding of statistical modeling, machine learning, deep learning, or data analytics concepts
Deep expertise in computer vision, image processing, video processing, and machine learning for Generative AI
Proficient in one or more programming languages such as Python, Java and C++
Familiar with one or more machine learning or statistical modeling tools such as R, Matlab and scikit learn
Strong analytical and quantitative problem-solving ability
Excellent communication, relationship skills and a team player
Ability to participate in a full-time internship between May-September","Currently enrolled full time and pursuing a Master’s or PhD degree in Computer Science, Computer Engineering; or equivalent experience required with an expected graduation date of December 2025 – June 2026; Good understanding of statistical modeling, machine learning, deep learning, or data analytics concepts; Deep expertise in computer vision, image processing, video processing, and machine learning for Generative AI; Proficient in one or more programming languages such as Python, Java and C++; Familiar with one or more machine learning or statistical modeling tools such as R, Matlab and scikit learn; Strong analytical and quantitative problem-solving ability; Excellent communication, relationship skills and a team player; Ability to participate in a full-time internship between May-September","The U.S. pay range for this position is $45.00 -- $61.00 hourly
Your recruiter can share more about the specific pay rate for your job location during the hiring process",The U.S. pay range for this position is $45.00 -- $61.00 hourly; Your recruiter can share more about the specific pay rate for your job location during the hiring process,"The U.S. pay range for this position is $45.00 -- $61.00 hourly
Your recruiter can share more about the specific pay rate for your job location during the hiring process",The U.S. pay range for this position is $45.00 -- $61.00 hourly; Your recruiter can share more about the specific pay rate for your job location during the hiring process,"Our Company

Changing the world through digital experiences is what Adobe’s all about. We give everyone—from emerging artists to global brands—everything they need to design and deliver exceptional digital experiences! We’re passionate about empowering people to create beautiful and powerful images, videos, and apps, and transform how companies interact with customers across every screen.

We’re o
n a mission to hire the very best and are committed to creating exceptional employee experiences where everyone is respected and has access to equal opportunity. We realize that new ideas can come from everywhere in the organization, and we know the next big idea could be yours!

The Opportunity

Adobe is looking for a Machine Learning intern who will apply AI and machine learning techniques to big-data problems to help Adobe better understand, lead and optimize the experience of its customers.

At Adobe Firefly, we build foundation generative models for image, video, and other modalities that power the suite of products at Adobe. By using predictive models, experimental design methods, and optimization techniques, the candidate will research, experiment, develop, and optimize CV algorithms/models that understand, generate, and enhance data for training pioneering image and video foundation models powered by data, training, and inference infrastructures.

All 2025 Adobe interns will be co-located hybrid. This means that interns will work between their assigned office and home. Interns will be based in the office where their manager and/or team are located, where they will get the most support to ensure collaboration and the best employee experience. Managers and their organizations will determine the frequency they need to go into the office to meet priorities.

What You’ll Do
• Develop predictive models on large-scale datasets to address various business problems with statistical modeling, machine learning, and analytics techniques.
• Develop and implement scalable, efficient, and interpretable modeling algorithms that work with large-scale production systems data.
• Research and develop CV algorithms/models to generate image and video training data for GenAI foundation models and applications
• Collaborate with researchers and applied researchers to bring research ideas to production.
• Collaborate with data, modeling, and inference platform teams to optimize, scale up, and deliver end-to-end solutions to production.

What You Need to Succeed
• Currently enrolled full time and pursuing a Master’s or PhD degree in Computer Science, Computer Engineering; or equivalent experience required with an expected graduation date of December 2025 – June 2026
• Good understanding of statistical modeling, machine learning, deep learning, or data analytics concepts.
• Deep expertise in computer vision, image processing, video processing, and machine learning for Generative AI.
• Proficient in one or more programming languages such as Python, Java and C++
• Familiar with one or more machine learning or statistical modeling tools such as R, Matlab and scikit learn
• Strong analytical and quantitative problem-solving ability.
• Excellent communication, relationship skills and a team player
• Ability to participate in a full-time internship between May-September

Adobe is proud to be an Equal Employment Opportunity and affirmative action employer. We do not discriminate based on gender, race or color, ethnicity or national origin, age, disability, religion, sexual orientation, gender identity or expression, veteran status, or any other applicable characteristics protected by law. Learn more.

Adobe aims to make Adobe.com accessible to any and all users. If you have a disability or special need that requires accommodation to navigate our website or complete the application process, email accommodations@adobe.com or call (408) 536-3015.

Adobe values a free and open marketplace for all employees and has policies in place to ensure that we do not enter into illegal agreements with other companies to not recruit or hire each other’s employees.

Our compensation reflects the cost of labor across several  U.S. geographic markets, and we pay differently based on those defined markets. The U.S. pay range for this position is $45.00 -- $61.00 hourly. Your recruiter can share more about the specific pay rate for your job location during the hiring process.

Adobe is proud to be an Equal Employment Opportunity and affirmative action employer. We do not discriminate based on gender, race or color, ethnicity or national origin, age, disability, religion, sexual orientation, gender identity or expression, veteran status, or any other applicable characteristics protected by law. Learn more.

Adobe aims to make Adobe.com accessible to any and all users. If you have a disability or special need that requires accommodation to navigate our website or complete the application process, email accommodations@adobe.com or call (408) 536-3015.

Adobe values a free and open marketplace for all employees and has policies in place to ensure that we do not enter into illegal agreements with other companies to not recruit or hire each other’s employees.
"
AI Summer Internship Opportunity,Salesforce Inc,"Palo Alto, CA • via BeBee",2025-01-08T12:58:36.208720,"Pursuing a bachelor, master's or PhD in Software Engineering, Computer Science, or a related field
Strong programming skills, particularly in Python, TypeScript, or Go
Experience with asynchronous and event-driven programming
Demonstrated ability to think independently and creatively solve problems
Previous experience with real-world software AI engineering projects (academic or personal projects are acceptable)
Passion for AI and a keen interest in staying up-to-date with the latest developments in the field
Excellent communication skills and ability to work in a team environment","Pursuing a bachelor, master's or PhD in Software Engineering, Computer Science, or a related field; Strong programming skills, particularly in Python, TypeScript, or Go; Experience with asynchronous and event-driven programming; Demonstrated ability to think independently and creatively solve problems; Previous experience with real-world software AI engineering projects (academic or personal projects are acceptable); Passion for AI and a keen interest in staying up-to-date with the latest developments in the field; Excellent communication skills and ability to work in a team environment","Pursuing a bachelor, master's or PhD in Software Engineering, Computer Science, or a related field
Strong programming skills, particularly in Python, TypeScript, or Go
Experience with asynchronous and event-driven programming
Demonstrated ability to think independently and creatively solve problems
Previous experience with real-world software AI engineering projects (academic or personal projects are acceptable)
Passion for AI and a keen interest in staying up-to-date with the latest developments in the field
Excellent communication skills and ability to work in a team environment","Pursuing a bachelor, master's or PhD in Software Engineering, Computer Science, or a related field; Strong programming skills, particularly in Python, TypeScript, or Go; Experience with asynchronous and event-driven programming; Demonstrated ability to think independently and creatively solve problems; Previous experience with real-world software AI engineering projects (academic or personal projects are acceptable); Passion for AI and a keen interest in staying up-to-date with the latest developments in the field; Excellent communication skills and ability to work in a team environment","Competitive compensation and potential for future full-time opportunities
Hands-on experience with state-of-the-art AI technologies
Mentorship from leading AI researchers and engineers
Exposure to the full lifecycle of AI product development
Networking opportunities within Salesforce and the broader AI community
The estimated salary range for this position is $52 to $65 per hour
Compensation offered will be determined by factors such as location, level, job-related knowledge, skills, and experience","Competitive compensation and potential for future full-time opportunities; Hands-on experience with state-of-the-art AI technologies; Mentorship from leading AI researchers and engineers; Exposure to the full lifecycle of AI product development; Networking opportunities within Salesforce and the broader AI community; The estimated salary range for this position is $52 to $65 per hour; Compensation offered will be determined by factors such as location, level, job-related knowledge, skills, and experience","Competitive compensation and potential for future full-time opportunities
Hands-on experience with state-of-the-art AI technologies
Mentorship from leading AI researchers and engineers
Exposure to the full lifecycle of AI product development
Networking opportunities within Salesforce and the broader AI community
The estimated salary range for this position is $52 to $65 per hour
Compensation offered will be determined by factors such as location, level, job-related knowledge, skills, and experience","Competitive compensation and potential for future full-time opportunities; Hands-on experience with state-of-the-art AI technologies; Mentorship from leading AI researchers and engineers; Exposure to the full lifecycle of AI product development; Networking opportunities within Salesforce and the broader AI community; The estimated salary range for this position is $52 to $65 per hour; Compensation offered will be determined by factors such as location, level, job-related knowledge, skills, and experience","Company Overview

Salesforce is a global leader in customer relationship management (CRM) and enterprise cloud computing. Our mission is to empower businesses to innovate and succeed in a rapidly changing world.

At Salesforce, we believe that the business of business is to improve the state of our world. Each of us has a responsibility to drive Equality in our communities and workplaces.

This in
ternship offers a unique opportunity to join our dynamic team and contribute to groundbreaking AI research and applications. You'll work closely with our expert engineers and researchers to develop and improve agentic technologies, participate in research initiatives, and gain hands-on experience with real-world AI engineering challenges.
Responsibilities:
• Collaborate with the Agentforce Atlas team on AI agent projects
• Contribute to the development and improvement of agentic technologies
• Participate in research initiatives and potential publication opportunities
• Gain hands-on experience with real-world AI engineering challenges
• Work in a fast-paced, innovative environment alongside world-class researchers and engineers
Requirements:
• Pursuing a bachelor, master's or PhD in Software Engineering, Computer Science, or a related field
• Strong programming skills, particularly in Python, TypeScript, or Go
• Experience with asynchronous and event-driven programming
• Demonstrated ability to think independently and creatively solve problems
• Previous experience with real-world software AI engineering projects (academic or personal projects are acceptable)
• Passion for AI and a keen interest in staying up-to-date with the latest developments in the field
• Excellent communication skills and ability to work in a team environment
Benefits:
• Competitive compensation and potential for future full-time opportunities
• Hands-on experience with state-of-the-art AI technologies
• Mentorship from leading AI researchers and engineers
• Exposure to the full lifecycle of AI product development
• Networking opportunities within Salesforce and the broader AI community

The estimated salary range for this position is $52 to $65 per hour. Compensation offered will be determined by factors such as location, level, job-related knowledge, skills, and experience.
"
AI Test Security Intern,Educational Testing Service,"Concord, NH • via Educational Testing Service Jobs",2025-01-08T12:58:46.243802,"Education: Currently enrolled in a Bachelor’s degree program, graduating in 2026 or 2027
Field of Study: Computer Science, Machine Learning, Data Science, or a related discipline
Proficiency with AWS tools and services
Knowledge of programming languages, including Java, Python, and/or Angular
Strong analytical and problem-solving abilities
Excellent time management and organizational skills
Effective public speaking capabilities
Ability to work both independently and collaboratively within a team","Education: Currently enrolled in a Bachelor’s degree program, graduating in 2026 or 2027; Field of Study: Computer Science, Machine Learning, Data Science, or a related discipline; Proficiency with AWS tools and services; Knowledge of programming languages, including Java, Python, and/or Angular; Strong analytical and problem-solving abilities; Excellent time management and organizational skills; Effective public speaking capabilities; Ability to work both independently and collaboratively within a team","Education: Currently enrolled in a Bachelor’s degree program, graduating in 2026 or 2027
Field of Study: Computer Science, Machine Learning, Data Science, or a related discipline
Proficiency with AWS tools and services
Knowledge of programming languages, including Java, Python, and/or Angular
Strong analytical and problem-solving abilities
Excellent time management and organizational skills
Effective public speaking capabilities
Ability to work both independently and collaboratively within a team","Education: Currently enrolled in a Bachelor’s degree program, graduating in 2026 or 2027; Field of Study: Computer Science, Machine Learning, Data Science, or a related discipline; Proficiency with AWS tools and services; Knowledge of programming languages, including Java, Python, and/or Angular; Strong analytical and problem-solving abilities; Excellent time management and organizational skills; Effective public speaking capabilities; Ability to work both independently and collaboratively within a team","At the conclusion of the Internship, you will have the opportunity to present your project to IT leadership","At the conclusion of the Internship, you will have the opportunity to present your project to IT leadership","At the conclusion of the Internship, you will have the opportunity to present your project to IT leadership","At the conclusion of the Internship, you will have the opportunity to present your project to IT leadership","About ETS:

For more than 75 years, we have amplified products and services based rigorous research and our belief in the power of learning. Driven by our mission to advance quality and equity in education, ETS provides learning solutions, pioneering research and trusted assessments that help guide learners around the world on their path to new possibilities.

Our portfolio of trusted measures inc
lude TOEFL®, TOEIC®, GRE® and Praxis® . Along with research, development and innovation that explores new frontiers in learning and measurement our educational measurement solutions and research contribute to the development of new methods and tools, inform important dialogue with education policymakers, and shed light on critical issues and potential solutions - all with the aim of creating a world where all learners can improve their lives through education.

With new senior leadership at the helm, ETS aims to continue changing the lives of all learners as we expand our organization's global footprint. Our goal is to remain at the forefront of assessment and measurement efficacy within the education and ed tech space as it continues to grow and evolve.

The ETS Technology Division is focused on being the trusted partner for innovative technology experiences and platforms that enable growth across ETS. We are committed to delivering experience-led solutions while maintaining a strong customer focus and commercial flexibility. Our division emphasizes customer and employee experience, leveraging core services, AI capabilities, and API-driven solutions to achieve operational excellence and international scalability. We believe in building deep strategic partnerships and fostering internal knowledge and accountability while working as One ETS to drive technological innovation and growth.

The Technology Division has created an internship program for college students interested in pursuing a career in technology. This is a paid, 8- 10 week -long, hybrid internship where interns will be expected to work 37– 40-hour a week. At the conclusion of the Internship, you will have the opportunity to present your project to IT leadership. Interns will receive training in a variety of IT-related activities and will be paired with a mentor who will help support their project work.? ?

As the AI Test Security Intern, you'll be at the forefront of enhancing the security and integrity of ETS’s testing processes. Your work will directly contribute to reducing score cancellations after reporting, safeguarding ETS’s assessment products, and streamlining operations by eliminating manual processes that don't align with ETS’s mission. This is a unique opportunity to apply AI technologies to real-world challenges in test security.

Key Responsibilities:
• Develop an AI-enabled video playback system to efficiently identify and retrieve test-taker video footage.
• Build a visualization tool to detect when AI-generated content, such as ChatGPT responses, is used in test answers.
• Implement AI-powered room similarity detection to identify potential cheating rings and suspicious activities.
• Education: Currently enrolled in a Bachelor’s degree program, graduating in 2026 or 2027.
• Field of Study: Computer Science, Machine Learning, Data Science, or a related discipline.
• Skills and Competencies:
• Proficiency with AWS tools and services.
• Experience with computer vision techniques and generative AI models is preferred.
• Knowledge of programming languages, including Java, Python, and/or Angular.
• Strong analytical and problem-solving abilities.
• Excellent time management and organizational skills.
• Effective public speaking capabilities.
• Ability to work both independently and collaboratively within a team.

ETS is mission driven and action oriented
• Diversity, equity, inclusion, and belonging is at the forefront of the ETS employee's daily work. To further foster an inclusive environment ETS is home to a wide variety of Affinity groups that celebrate the diversity of our talented employees.
• How about cultivating growth, innovation, and continuous transformation for the next generation of rising professionals as leaders? ETS offers multiple Business Resource Groups (BRG) for you!
• Are you passionate about volunteering and being active in your career and community? ETS offers our Center for Advocacy & Philanthropy (CAAP) where we encourage ETS employees to become active volunteers in their communities and schools through the ETS Cares Giving Campaign. Our employees can support any 501c3 or eligible charity of their choice.

ETS is an Equal Opportunity Employer comprised of people with different experiences, strengths, and backgrounds who share a passion for advancing quality and equity in education. We are dedicated to building teams that reflect the various backgrounds, experiences, and identities of those we serve. The Talent Acquisition team strives to ensure candidates enjoy a fair and equitable hiring process. We believe our differences empower us to be a better team, making better decisions and delivering better results.
"
Wireless AI Intern,Bosch Group,"Sunnyvale, CA • via Indeed",2025-01-08T12:58:56.220515,"We seek an ideal candidate with good theoretical background and strong desire for practical implementation in the area of Wireless AI
PhD Student in Computer Science or Electrical Engineering
Experience in wireless communication, signal processing and machine learning
Solid background in wireless sensing techniques: RSSI, ToF, CSI, CIR,..
Experienced in using different machine learning libraries and tools (e.g
TensorFlow)
Strong C and Python programming skills, embedded programming experience is a big plus","We seek an ideal candidate with good theoretical background and strong desire for practical implementation in the area of Wireless AI; PhD Student in Computer Science or Electrical Engineering; Experience in wireless communication, signal processing and machine learning; Solid background in wireless sensing techniques: RSSI, ToF, CSI, CIR,..; Experienced in using different machine learning libraries and tools (e.g; TensorFlow); Strong C and Python programming skills, embedded programming experience is a big plus","We seek an ideal candidate with good theoretical background and strong desire for practical implementation in the area of Wireless AI
PhD Student in Computer Science or Electrical Engineering
Experience in wireless communication, signal processing and machine learning
Solid background in wireless sensing techniques: RSSI, ToF, CSI, CIR,..
Experienced in using different machine learning libraries and tools (e.g
TensorFlow)
Strong C and Python programming skills, embedded programming experience is a big plus","We seek an ideal candidate with good theoretical background and strong desire for practical implementation in the area of Wireless AI; PhD Student in Computer Science or Electrical Engineering; Experience in wireless communication, signal processing and machine learning; Solid background in wireless sensing techniques: RSSI, ToF, CSI, CIR,..; Experienced in using different machine learning libraries and tools (e.g; TensorFlow); Strong C and Python programming skills, embedded programming experience is a big plus","The U.S. base salary range for this intern position is $44.00-$66.00 hourly
Within the range, individual pay is determined based on several factors, including, but not limited to, type of degree, work experience and job knowledge, complexity of the role, type of position, job location, etc","The U.S. base salary range for this intern position is $44.00-$66.00 hourly; Within the range, individual pay is determined based on several factors, including, but not limited to, type of degree, work experience and job knowledge, complexity of the role, type of position, job location, etc","The U.S. base salary range for this intern position is $44.00-$66.00 hourly
Within the range, individual pay is determined based on several factors, including, but not limited to, type of degree, work experience and job knowledge, complexity of the role, type of position, job location, etc","The U.S. base salary range for this intern position is $44.00-$66.00 hourly; Within the range, individual pay is determined based on several factors, including, but not limited to, type of degree, work experience and job knowledge, complexity of the role, type of position, job location, etc","Company Description

The Bosch Research and Technology Center North America with offices in Sunnyvale, California, Pittsburgh, Pennsylvania and Cambridge, Massachusetts is part of the global Bosch Group (www.bosch.com), a company with over 70 billion euro revenue, 400,000 people worldwide, a very diverse product portfolio, and a history of over 125 years. The Research and Technology Center North A
merica (RTC-NA) is committed to providing technologies and system solutions for various Bosch business fields primarily in the areas of Human Machine Interaction (HMI), Robotics, Energy Technologies, Internet Technologies, Circuit Design, Semiconductors and Wireless, and MEMS Advanced Design.

The Bosch wireless connectivity and sensing research group is looking for an enthusiastic graduate student intern to work on product oriented research. We seek an ideal candidate with good theoretical background and strong desire for practical implementation in the area of Wireless AI. This internship will provide the candidate with an all round research experience of product development including active contribution in developing requirements specification and algorithm/protocol development leading to proof-of-concept demo.

Job Description
• Design and develop innovative intelligent wireless solutions with focus on AI/ML.
• Design and develop embedded software to implement proof of concept prototypes.
• Conduct performance analysis and feasibility studies using simulations, experiments, analytical modeling.
• Publish research work in the form of patents and conference/journal publications

Qualifications

Required Qualification:
• PhD Student in Computer Science or Electrical Engineering
• Experience in wireless communication, signal processing and machine learning.
• Solid background in wireless sensing techniques: RSSI, ToF, CSI, CIR,...
• Experienced in using different machine learning libraries and tools (e.g. TensorFlow)
• Strong C and Python programming skills, embedded programming experience is a big plus

Desired Qualification:
• Knowledge of data augmentation models, GANs and transfer learning

Additional Information

Duration of Internship: 3-6 months
• The U.S. base salary range for this intern position is $44.00-$66.00 hourly. Within the range, individual pay is determined based on several factors, including, but not limited to, type of degree, work experience and job knowledge, complexity of the role, type of position, job location, etc. Your Hiring Manager can share more details about the specific salary range for this position during the interview process.

By choice, we are committed to a diverse workforce - EOE/Protected Veteran/Disabled.

BOSCH is a proud supporter of STEM (Science, Technology, Engineering & Mathematics) Initiatives
• FIRST Robotics (For Inspiration and Recognition of Science and Technology)
• AWIM (A World in Motion)
"
AI/ML Intern,SiteOne Landscape Supply,"Roswell, GA • via SiteOne Careers",2025-01-08T12:59:06.148495,"Must demonstrate good organizational and follow-up skills and work independently with minimal supervision, including ability to balance multiple tasks
Demonstrate strong problem-solving capabilities and excellent customer service
Ability to operate in a complex, rapidly changing, environment while adhering to tight schedules
Advanced proficiency in Microsoft Office Software required, especially Excel
Ability to quickly learn and use job specific computer applications
Must demonstrate good written and verbal communication skills, including ability to read, analyze, and interpret general business information and write business correspondence
Ability to speak effectively before groups of business customers or team members
Strong interpersonal skills, ability to interact effectively with team members
Ability to cultivate relationships across functions in order to achieve business objective
Experience with Python or any equivalent programming language
Current undergraduate or graduate student pursuing an Information Systems/Technology degree; Computer Science Degree, or any equivalent degrees","Must demonstrate good organizational and follow-up skills and work independently with minimal supervision, including ability to balance multiple tasks; Demonstrate strong problem-solving capabilities and excellent customer service; Ability to operate in a complex, rapidly changing, environment while adhering to tight schedules; Advanced proficiency in Microsoft Office Software required, especially Excel; Ability to quickly learn and use job specific computer applications; Must demonstrate good written and verbal communication skills, including ability to read, analyze, and interpret general business information and write business correspondence; Ability to speak effectively before groups of business customers or team members; Strong interpersonal skills, ability to interact effectively with team members; Ability to cultivate relationships across functions in order to achieve business objective; Experience with Python or any equivalent programming language; Current undergraduate or graduate student pursuing an Information Systems/Technology degree; Computer Science Degree, or any equivalent degrees","Must demonstrate good organizational and follow-up skills and work independently with minimal supervision, including ability to balance multiple tasks
Demonstrate strong problem-solving capabilities and excellent customer service
Ability to operate in a complex, rapidly changing, environment while adhering to tight schedules
Advanced proficiency in Microsoft Office Software required, especially Excel
Ability to quickly learn and use job specific computer applications
Must demonstrate good written and verbal communication skills, including ability to read, analyze, and interpret general business information and write business correspondence
Ability to speak effectively before groups of business customers or team members
Strong interpersonal skills, ability to interact effectively with team members
Ability to cultivate relationships across functions in order to achieve business objective
Experience with Python or any equivalent programming language
Current undergraduate or graduate student pursuing an Information Systems/Technology degree; Computer Science Degree, or any equivalent degrees","Must demonstrate good organizational and follow-up skills and work independently with minimal supervision, including ability to balance multiple tasks; Demonstrate strong problem-solving capabilities and excellent customer service; Ability to operate in a complex, rapidly changing, environment while adhering to tight schedules; Advanced proficiency in Microsoft Office Software required, especially Excel; Ability to quickly learn and use job specific computer applications; Must demonstrate good written and verbal communication skills, including ability to read, analyze, and interpret general business information and write business correspondence; Ability to speak effectively before groups of business customers or team members; Strong interpersonal skills, ability to interact effectively with team members; Ability to cultivate relationships across functions in order to achieve business objective; Experience with Python or any equivalent programming language; Current undergraduate or graduate student pursuing an Information Systems/Technology degree; Computer Science Degree, or any equivalent degrees",Estimated salary range: $17.00/hr to $20.00/hr,Estimated salary range: $17.00/hr to $20.00/hr,Estimated salary range: $17.00/hr to $20.00/hr,Estimated salary range: $17.00/hr to $20.00/hr,"Company Overview

SiteOne associates are customer obsessed, always safe, continuously improving, and having fun! Whether you are experienced in the green industry, a professional looking for a career change, or a new graduate or veteran transitioning into the workforce, we are confident you will find opportunity and reward with SiteOne.

SiteOne Landscape Supply is the largest and only national wh
olesale distributor of landscaping products in the United States and Canada. With over 700 branches across the U.S. and Canada, we offer a comprehensive selection of products including: irrigation supplies, fertilizer and control products, nursery goods, hardscapes, landscape lighting, drainage and erosion control products, tools, and other landscaping accessories and supplies.

Position Overview

Job Summary:
As an AI/ML Intern, you will work on projects that involve building AI solutions for data analytics and developing virtual assistants for customer support. This internship offers a unique opportunity to gain hands-on experience with advanced AI/ML technologies and contribute to real-world applications.

- Estimated salary range: $17.00/hr to $20.00/hr

- This is a Hybrid role, located in Roswell, GA

Key Responsibilities:
- Assist in the development and implementation of AI models for data analytics.
- Collaborate with the team to design and build virtual assistants for customer support.
- Conduct data preprocessing, feature engineering, and model training.
- Evaluate and optimize AI models for performance and accuracy.
- Participate in team meetings and contribute to project planning and discussions.
- Document project progress and results.

Skills We Are Seeking

What we are seeking:

- Must demonstrate good organizational and follow-up skills and work independently with minimal supervision, including ability to balance multiple tasks

- Demonstrate strong problem-solving capabilities and excellent customer service

- Ability to operate in a complex, rapidly changing, environment while adhering to tight schedules

- Advanced proficiency in Microsoft Office Software required, especially Excel

- Ability to quickly learn and use job specific computer applications

- Must demonstrate good written and verbal communication skills, including ability to read, analyze, and interpret general business information and write business correspondence

- Ability to speak effectively before groups of business customers or team members

- Strong interpersonal skills, ability to interact effectively with team members

- Ability to cultivate relationships across functions in order to achieve business objective

- Experience with Python or any equivalent programming language

Qualifications:

- Current undergraduate or graduate student pursuing an Information Systems/Technology degree; Computer Science Degree, or any equivalent degrees

THE INFORMATION CONTAINED HEREIN IS NOT INTENDED TO BE AN EXHAUSTIVE LIST OF ALL RESPONSIBILITIES, DUTIES AND QUALIFICATIONS REQUIRED OF INDIVIDUALS PERFORMING THE JOB. THE QUALIFICATIONS DETAILED IN THIS JOB DESCRIPTION ARE NOT CONSIDERED THE MINIMUM REQUIREMENTS NECESSARY TO PERFORM THE JOB, BUT RATHER AS GUIDELINES. THEY MAY VARY FROM POSITION TO POSITION.

SiteOne Landscape Supply is strongly committed to providing equal employment opportunities for all associates and all applicants for employment. All employment decisions at SiteOne-including those relating to hiring, promotion, transfers, benefits, compensation, placement, and termination-will be made without regard to race, color, national origin, genetic information, creed, sex, sexual orientation, gender, gender identity, religion, age, veteran status, uniform service, pregnancy, disability, or any other factor protected by applicable law.
"
Machine Learning and Artificial Intelligence Applications in Power Electronics and Power Devices,Zintellect,"Lubbock, TX • via Zintellect",2025-01-08T12:59:16.207839,"Qualified candidates must have recently obtained a
bachelor's degree in Electrical or Computer Engineering and must currently be enrolled in a Master's or Ph.D
Degree in Engineering
Research is conducted in related aspects of physics, electrical engineering, computer science, solid-state physics, chemical engineering, material sciences, and electrochemistry
Curriculum Vitae or Resume
References should be from persons familiar with your educational and professional qualifications (include your thesis or dissertation advisor, if applicable)
Transcript verifying receipt of degree must be submitted with the application
Student/unofficial copy is acceptable
Research topic should relate to a specific opportunity at ARL (see Research Areas)
The objective of the research topic should be clear and have a defined outcome","Qualified candidates must have recently obtained a; bachelor's degree in Electrical or Computer Engineering and must currently be enrolled in a Master's or Ph.D; Degree in Engineering; Research is conducted in related aspects of physics, electrical engineering, computer science, solid-state physics, chemical engineering, material sciences, and electrochemistry; Curriculum Vitae or Resume; References should be from persons familiar with your educational and professional qualifications (include your thesis or dissertation advisor, if applicable); Transcript verifying receipt of degree must be submitted with the application; Student/unofficial copy is acceptable; Research topic should relate to a specific opportunity at ARL (see Research Areas); The objective of the research topic should be clear and have a defined outcome","Qualified candidates must have recently obtained a
bachelor's degree in Electrical or Computer Engineering and must currently be enrolled in a Master's or Ph.D
Degree in Engineering
Research is conducted in related aspects of physics, electrical engineering, computer science, solid-state physics, chemical engineering, material sciences, and electrochemistry
Curriculum Vitae or Resume
References should be from persons familiar with your educational and professional qualifications (include your thesis or dissertation advisor, if applicable)
Transcript verifying receipt of degree must be submitted with the application
Student/unofficial copy is acceptable
Research topic should relate to a specific opportunity at ARL (see Research Areas)
The objective of the research topic should be clear and have a defined outcome","Qualified candidates must have recently obtained a; bachelor's degree in Electrical or Computer Engineering and must currently be enrolled in a Master's or Ph.D; Degree in Engineering; Research is conducted in related aspects of physics, electrical engineering, computer science, solid-state physics, chemical engineering, material sciences, and electrochemistry; Curriculum Vitae or Resume; References should be from persons familiar with your educational and professional qualifications (include your thesis or dissertation advisor, if applicable); Transcript verifying receipt of degree must be submitted with the application; Student/unofficial copy is acceptable; Research topic should relate to a specific opportunity at ARL (see Research Areas); The objective of the research topic should be clear and have a defined outcome",,,,,"About the Research

The CCDC. Army Research Laboratory is seeking a qualified researcher to perform work in the areas of machine learning (ML), artificial intelligence (AI), power electronics and power semiconductor devices. Qualified candidates must have recently obtained a

bachelor's degree in Electrical or Computer Engineering and must currently be enrolled in a Master's or Ph.D. Degree in Eng
ineering. The selected applicant will perform research in power semiconductor module-level AI/ML implementation on

embedded systems. These systems will utilize new and existing sensor devices and techniques to allow the module to autonomously alter its trade space parameters.

Responsibilities of the selected applicant include:
• Perform an extensive literature review of existing AI/ML algorithms
• Design and build power semiconductor module prototypes with embedded computational power to execute AI/ML algorithms
• Implement AI/ML algorithms in the embedded system
• Setup a suitable testbed to analyze, test, identify and validate the benefits of the AI/ML implementation
• Write reports and make presentations to document the outcomes of the research

ARL Advisor: Argenis Bilbao

ARL Advisor Email: argenis.bilbao.civ@mail.mil

About SEDD

The Sensors and Electron Devices Directorate (SEDD) is the Army’s principal center for research and development in the exploration and exploitation of the electromagnetic spectrum, which includes radio frequency, microwave, millimeter-wave, infrared (IR), visible, and audio regions. SEDD is responsible for advances in laser sources, RF sources, IR sensors, signature detection and decoding, target imaging and its interpretation, fusion of data derived from several sensors, and electromagnetic protection.

In addition, SEDD is responsible for improving the technology base for electron devices and materials related to sensors and power devices. Research is conducted in related aspects of physics, electrical engineering, computer science, solid-state physics, chemical engineering, material sciences, and electrochemistry.

About ARL-RAP

The Army Research Laboratory Research Associateship Program (ARL-RAP) is designed to significantly increase the involvement of creative and highly trained scientists and engineers from academia and industry in scientific and technical areas of interest and relevance to the Army. Scientists and Engineers at the CCDC Army Research Laboratory (ARL) help shape and execute the Army's program for meeting the challenge of developing technologies that will support Army forces in meeting future operational needs by pursuing scientific research and technological developments in diverse fields such as: applied mathematics, atmospheric characterization, simulation and human modeling, digital/optical signal processing, nanotechnology, material science and technology, multifunctional technology, combustion processes, propulsion and flight physics, communication and networking, and computational and information sciences.

A complete application includes:
• Curriculum Vitae or Resume
• Three References Forms
• An email with a link to the reference form will be available in Zintellect to the applicant upon completion of the on-line application. Please send this email to persons you have selected to complete a reference.
• References should be from persons familiar with your educational and professional qualifications (include your thesis or dissertation advisor, if applicable)
• Transcripts
• Transcript verifying receipt of degree must be submitted with the application. Student/unofficial copy is acceptable

If selected by an advisor the participant will also be required to write a research proposal to submit to the ARL-RAP review panel for :
• Research topic should relate to a specific opportunity at ARL (see Research Areas)
• The objective of the research topic should be clear and have a defined outcome
• Explain the direction you plan to pursue
• Include expected period for completing the study
• Include a brief background such as preparation and motivation for the research
• References of published efforts may be used to improve the proposal

A link to upload the proposal will be provided to the applicant once the advisor has made their selection.

Questions about this opportunity? Please email ARLFellowship@orau.org
"
PhD Internship in Applied Research,Capital One,"McLean, VA • via BeBee",2025-01-08T12:59:26.585910,"Enrolled in a reputable PhD program
Completed 2nd year of PhD coursework by program start date
PhD in a relevant field, such as Computer Science, Machine Learning, or Electrical Engineering
Strong programming skills, preferably in Python, and experience with deep learning frameworks like PyTorch
Prior publications in top conferences like ICLR, NeurIPS, ICML, or ACL
Completed 3rd or 4th year of PhD program
Focused research areas in Foundation Models, Causal Inference, Reinforcement Learning, User Behavior Modeling, or Model Optimization","Enrolled in a reputable PhD program; Completed 2nd year of PhD coursework by program start date; PhD in a relevant field, such as Computer Science, Machine Learning, or Electrical Engineering; Strong programming skills, preferably in Python, and experience with deep learning frameworks like PyTorch; Prior publications in top conferences like ICLR, NeurIPS, ICML, or ACL; Completed 3rd or 4th year of PhD program; Focused research areas in Foundation Models, Causal Inference, Reinforcement Learning, User Behavior Modeling, or Model Optimization","Enrolled in a reputable PhD program
Completed 2nd year of PhD coursework by program start date
PhD in a relevant field, such as Computer Science, Machine Learning, or Electrical Engineering
Strong programming skills, preferably in Python, and experience with deep learning frameworks like PyTorch
Prior publications in top conferences like ICLR, NeurIPS, ICML, or ACL
Completed 3rd or 4th year of PhD program
Focused research areas in Foundation Models, Causal Inference, Reinforcement Learning, User Behavior Modeling, or Model Optimization","Enrolled in a reputable PhD program; Completed 2nd year of PhD coursework by program start date; PhD in a relevant field, such as Computer Science, Machine Learning, or Electrical Engineering; Strong programming skills, preferably in Python, and experience with deep learning frameworks like PyTorch; Prior publications in top conferences like ICLR, NeurIPS, ICML, or ACL; Completed 3rd or 4th year of PhD program; Focused research areas in Foundation Models, Causal Inference, Reinforcement Learning, User Behavior Modeling, or Model Optimization","The annual salary for this position is at least $200,000 in New York City and $212,000 in San Jose, California
A comprehensive package of health, financial, and other benefits that support your overall well-being
A diverse and inclusive work environment that fosters growth and professional development","The annual salary for this position is at least $200,000 in New York City and $212,000 in San Jose, California; A comprehensive package of health, financial, and other benefits that support your overall well-being; A diverse and inclusive work environment that fosters growth and professional development","The annual salary for this position is at least $200,000 in New York City and $212,000 in San Jose, California
A comprehensive package of health, financial, and other benefits that support your overall well-being
A diverse and inclusive work environment that fosters growth and professional development","The annual salary for this position is at least $200,000 in New York City and $212,000 in San Jose, California; A comprehensive package of health, financial, and other benefits that support your overall well-being; A diverse and inclusive work environment that fosters growth and professional development","AI Researcher Internship Opportunity

About Us:

Capital One is a forward-thinking financial institution dedicated to harnessing the power of AI to drive innovation and customer satisfaction. We are looking for a talented Applied Research PhD Intern to join our team for a 12-week summer internship.

Compensation:

The annual salary for this position is at least $200,000 in New York City and $212,0
00 in San Jose, California.

Job Responsibilities:

In this role, you will have the opportunity to collaborate with a multidisciplinary team of researchers, data scientists, and software engineers to develop and test AI-powered products. Your key responsibilities will include:
• Working closely with the team to design and implement AI solutions.
• Analyzing large datasets to uncover hidden patterns and insights.
• Communicating complex research findings to stakeholders and translating them into actionable business goals.
• Publishing research papers with leading academics at top conferences.
• Engaging in professional development through networking events, technical workshops, and executive speaker sessions.

Eligibility Criteria:
• Enrolled in a reputable PhD program.
• Completed 2nd year of PhD coursework by program start date.
• PhD in a relevant field, such as Computer Science, Machine Learning, or Electrical Engineering.
• Strong programming skills, preferably in Python, and experience with deep learning frameworks like PyTorch.
• Prior publications in top conferences like ICLR, NeurIPS, ICML, or ACL.

Desirable Qualifications:
• Completed 3rd or 4th year of PhD program.
• Focused research areas in Foundation Models, Causal Inference, Reinforcement Learning, User Behavior Modeling, or Model Optimization.

Benefits and Culture:
• A comprehensive package of health, financial, and other benefits that support your overall well-being.
• A diverse and inclusive work environment that fosters growth and professional development.

Diversity and Inclusion:

Capital One is an equal opportunity employer committed to creating an inclusive workplace that celebrates diversity in all its forms.
"
Summer Intern/Clinical Oncology AI Research,GSK Internships & Co-ops powered by Atrium,"Waltham, MA • via Atrium Works - ICIMS",2025-01-08T12:59:36.872830,"Work alongside experienced professionals and experts in oncology R&D
Currently enrolled as a Freshman, Sophomore or Junior with interests in AI, Bioinformatics, or related disciplines
Basic understanding of AI technologies and their applications in scientific research
Willingness to work in Waltham or Cambridge, Massachusetts for the duration of the internship
Must be able to work full-time (35-40 hours/week) throughout the 12-week internship (May/June - August 2025)
Must have an active student status and/or within 12 months post-graduation from a BS or MS degree program
Post-doctoral candidates are not eligible
Must successfully pass a drug screen and background check prior to assignment target start date.
If your skillsets are a match for this role, you will be contacted by our recruitment team with next steps to complete our internal World of GSK Assessment
Please note, you must receive a passing score to move forward in the interview process
Work on innovative/exciting projects
Possibility to convert to full time staff or return next year as an Intern","Work alongside experienced professionals and experts in oncology R&D; Currently enrolled as a Freshman, Sophomore or Junior with interests in AI, Bioinformatics, or related disciplines; Basic understanding of AI technologies and their applications in scientific research; Willingness to work in Waltham or Cambridge, Massachusetts for the duration of the internship; Must be able to work full-time (35-40 hours/week) throughout the 12-week internship (May/June - August 2025); Must have an active student status and/or within 12 months post-graduation from a BS or MS degree program; Post-doctoral candidates are not eligible; Must successfully pass a drug screen and background check prior to assignment target start date.; If your skillsets are a match for this role, you will be contacted by our recruitment team with next steps to complete our internal World of GSK Assessment; Please note, you must receive a passing score to move forward in the interview process; Work on innovative/exciting projects; Possibility to convert to full time staff or return next year as an Intern","Work alongside experienced professionals and experts in oncology R&D
Currently enrolled as a Freshman, Sophomore or Junior with interests in AI, Bioinformatics, or related disciplines
Basic understanding of AI technologies and their applications in scientific research
Willingness to work in Waltham or Cambridge, Massachusetts for the duration of the internship
Must be able to work full-time (35-40 hours/week) throughout the 12-week internship (May/June - August 2025)
Must have an active student status and/or within 12 months post-graduation from a BS or MS degree program
Post-doctoral candidates are not eligible
Must successfully pass a drug screen and background check prior to assignment target start date.
If your skillsets are a match for this role, you will be contacted by our recruitment team with next steps to complete our internal World of GSK Assessment
Please note, you must receive a passing score to move forward in the interview process
Work on innovative/exciting projects
Possibility to convert to full time staff or return next year as an Intern","Work alongside experienced professionals and experts in oncology R&D; Currently enrolled as a Freshman, Sophomore or Junior with interests in AI, Bioinformatics, or related disciplines; Basic understanding of AI technologies and their applications in scientific research; Willingness to work in Waltham or Cambridge, Massachusetts for the duration of the internship; Must be able to work full-time (35-40 hours/week) throughout the 12-week internship (May/June - August 2025); Must have an active student status and/or within 12 months post-graduation from a BS or MS degree program; Post-doctoral candidates are not eligible; Must successfully pass a drug screen and background check prior to assignment target start date.; If your skillsets are a match for this role, you will be contacted by our recruitment team with next steps to complete our internal World of GSK Assessment; Please note, you must receive a passing score to move forward in the interview process; Work on innovative/exciting projects; Possibility to convert to full time staff or return next year as an Intern","Gain hands-on experience with cutting-edge AI technologies in a real-world pharmaceutical research setting
Develop a deeper understanding of the drug development process and the role of AI in advancing cancer research
Opportunity to contribute to impactful projects that may influence future treatments and therapies
Teaching/mentorship from experienced GSK staff
While GSK embraces a flexible work environment, we do require certain positions to be onsite
Candidates who are hired for an on-site role or hybrid role, and reside outside of 50-miles from their assigned work location, are eligible for relocation stipend
This is a one-time payment to help offset housing & relocation expenses
GSK Interns and Co-ops are offered a competitive hourly pay rate and benefits
The pay rate range provided is a reasonable estimate of the anticipated compensation range for this job at the time of posting
The actual pay rate will be based on several factors, including skills, competencies, experience, educational degree obtained, location and/or being pursued and other job-related factors permitted by law
In addition, this role will be eligible for overtime pay, in accordance with federal and state requirement
Pay Rate Range: $21/hr to $40/hr","Gain hands-on experience with cutting-edge AI technologies in a real-world pharmaceutical research setting; Develop a deeper understanding of the drug development process and the role of AI in advancing cancer research; Opportunity to contribute to impactful projects that may influence future treatments and therapies; Teaching/mentorship from experienced GSK staff; While GSK embraces a flexible work environment, we do require certain positions to be onsite; Candidates who are hired for an on-site role or hybrid role, and reside outside of 50-miles from their assigned work location, are eligible for relocation stipend; This is a one-time payment to help offset housing & relocation expenses; GSK Interns and Co-ops are offered a competitive hourly pay rate and benefits; The pay rate range provided is a reasonable estimate of the anticipated compensation range for this job at the time of posting; The actual pay rate will be based on several factors, including skills, competencies, experience, educational degree obtained, location and/or being pursued and other job-related factors permitted by law; In addition, this role will be eligible for overtime pay, in accordance with federal and state requirement; Pay Rate Range: $21/hr to $40/hr","Gain hands-on experience with cutting-edge AI technologies in a real-world pharmaceutical research setting
Develop a deeper understanding of the drug development process and the role of AI in advancing cancer research
Opportunity to contribute to impactful projects that may influence future treatments and therapies
Teaching/mentorship from experienced GSK staff
While GSK embraces a flexible work environment, we do require certain positions to be onsite
Candidates who are hired for an on-site role or hybrid role, and reside outside of 50-miles from their assigned work location, are eligible for relocation stipend
This is a one-time payment to help offset housing & relocation expenses
GSK Interns and Co-ops are offered a competitive hourly pay rate and benefits
The pay rate range provided is a reasonable estimate of the anticipated compensation range for this job at the time of posting
The actual pay rate will be based on several factors, including skills, competencies, experience, educational degree obtained, location and/or being pursued and other job-related factors permitted by law
In addition, this role will be eligible for overtime pay, in accordance with federal and state requirement
Pay Rate Range: $21/hr to $40/hr","Gain hands-on experience with cutting-edge AI technologies in a real-world pharmaceutical research setting; Develop a deeper understanding of the drug development process and the role of AI in advancing cancer research; Opportunity to contribute to impactful projects that may influence future treatments and therapies; Teaching/mentorship from experienced GSK staff; While GSK embraces a flexible work environment, we do require certain positions to be onsite; Candidates who are hired for an on-site role or hybrid role, and reside outside of 50-miles from their assigned work location, are eligible for relocation stipend; This is a one-time payment to help offset housing & relocation expenses; GSK Interns and Co-ops are offered a competitive hourly pay rate and benefits; The pay rate range provided is a reasonable estimate of the anticipated compensation range for this job at the time of posting; The actual pay rate will be based on several factors, including skills, competencies, experience, educational degree obtained, location and/or being pursued and other job-related factors permitted by law; In addition, this role will be eligible for overtime pay, in accordance with federal and state requirement; Pay Rate Range: $21/hr to $40/hr","Why GSK?

Uniting science, technology and talent to get ahead of disease together.

GSK is a global biopharma company with a special purpose – to unite science, technology and talent to get ahead of disease together – so we can positively impact the health of billions of people and deliver stronger, more sustainable shareholder returns – as an organisation where people can thrive. We prevent and t
reat disease with vaccines, specialty and general medicines. We focus on the science of the immune system and the use of new platform and data technologies, investing in four core therapeutic areas (infectious diseases, HIV, respiratory/ immunology and oncology).

Our success absolutely depends on our people. While getting ahead of disease together is about our ambition for patients and shareholders, it’s also about making GSK a place where people can thrive. We want GSK to be a place where people feel inspired, encouraged and challenged to be the best they can be. A place where they can be themselves – feeling welcome, valued, and included. Where they can keep growing and look after their wellbeing. So, if you share our ambition, join us at this exciting moment in our journey to get Ahead Together.

Department Description

GSK Oncology Clinical Dev R&D to be based in Waltham, Massachusetts during Summer of 2025.

GlaxoSmithKline (GSK), a global leader in pharmaceuticals and healthcare, is seeking a highly motivated and enthusiastic college student to work within its Oncology Clinical Development Division as a Summer Intern. This is an exciting opportunity for a student with a strong interest in computing, drug development, and the pharmaceutical industry to gain hands-on experience in applying artificial intelligence (AI) technologies to advance oncology research and development.

Join us in our mission to improve the quality of human life by enabling people to do more, feel better, and live longer. Apply today for this exciting opportunity to make a difference in the field of oncology R&D with AI innovation!

Job Description

Key Responsibilities:
• Collaborate with the Oncology Clinical Development Division to explore and identify useful applications for various GSK AI platforms, including Copilot, Jules, and GIGI, in the context of oncology R&D.
• Conduct research and analysis to understand the potential of AI tools in enhancing, oncology clinical trial design, daily tasks for the POLQi team and other teams within GSK’s Oncology Clinical Development Division, GSK cancer drug development processes, data analysis, and decision-making.
• Assist in the development and implementation of AI-driven solutions to address key challenges in oncology research.
• Evaluate the performance and impact of AI applications on existing workflows and propose improvements.
• Participate in select team meetings and contribute to brainstorming sessions to generate innovative ideas for integrating AI technologies into oncology projects.
• Explain the optimal use and value of various AI applications to the Oncology Clinical Development Division and observe their daily application in clinical cancer research.
• Prepare and present findings, reports, and recommendations to the Oncology Clinical Development Division and other stakeholders.
• Stay current with the latest advancements in AI, machine learning, and oncology research to inform project development.

Benefits:
• Gain hands-on experience with cutting-edge AI technologies in a real-world pharmaceutical research setting.
• Work alongside experienced professionals and experts in oncology R&D.
• Develop a deeper understanding of the drug development process and the role of AI in advancing cancer research.
• Opportunity to contribute to impactful projects that may influence future treatments and therapies.

Minimum Qualifications
• Currently enrolled as a Freshman, Sophomore or Junior with interests in AI, Bioinformatics, or related disciplines.
• Basic understanding of AI technologies and their applications in scientific research.
• Willingness to work in Waltham or Cambridge, Massachusetts for the duration of the internship.
• Must be able to work full-time (35-40 hours/week) throughout the 12-week internship (May/June - August 2025).
• Must have an active student status and/or within 12 months post-graduation from a BS or MS degree program. Post-doctoral candidates are not eligible.

Preferred Qualifications
• Strong interest in computing, cancer drug development, and the pharmaceutical industry.
• Interest in the following: AI, Computer Science, or Bio-informatics.
• Ability to handle independent projects.
• Have some familiarity with ChatGPT.
• Excellent analytical and problem-solving skills.
• Strong communication and teamwork abilities.
• Eagerness to learn and adapt in a fast-paced research environment.

Eligibility Requirements
• Must successfully pass a drug screen and background check prior to assignment target start date.
• If your skillsets are a match for this role, you will be contacted by our recruitment team with next steps to complete our internal World of GSK Assessment.
• Please note, you must receive a passing score to move forward in the interview process. Once your assessment is complete, a recruiter will review your results and be in touch with next steps.

Benefits
• Teaching/mentorship from experienced GSK staff.
• Work on innovative/exciting projects.
• Possibility to convert to full time staff or return next year as an Intern.
• While GSK embraces a flexible work environment, we do require certain positions to be onsite. Candidates who are hired for an on-site role or hybrid role, and reside outside of 50-miles from their assigned work location, are eligible for relocation stipend. This is a one-time payment to help offset housing & relocation expenses. Please refer to the position details for the requirements of each position.
• GSK Interns and Co-ops are offered a competitive hourly pay rate and benefits. Please note, benefits eligibility determined the month following date of hire.
• This job posting is for a temporary role as an employee of Atrium on assignment at GSK. The individual selected for this role will be offered the role as an employee of Atrium; compensation, medical benefits, fringe benefits and other terms and conditions of employment shall be presented by Atrium upon offer. The pay rate range provided is a reasonable estimate of the anticipated compensation range for this job at the time of posting. The actual pay rate will be based on several factors, including skills, competencies, experience, educational degree obtained, location and/or being pursued and other job-related factors permitted by law.

In addition, this role will be eligible for overtime pay, in accordance with federal and state requirement.
• Pay Rate Range: $21/hr to $40/hr

Interested in learning more? Register now on our digital learning platform (GSK Get Ahead - Connectr) where you can access interview and assessment hints and tips, speak to a mentor and learn more about life at GSK.
"
AI Test Security Intern,Educational Testing Service,"Lincoln, NE • via Educational Testing Service Jobs",2025-01-08T12:59:46.932834,"Education: Currently enrolled in a Bachelor’s degree program, graduating in 2026 or 2027
Field of Study: Computer Science, Machine Learning, Data Science, or a related discipline
Proficiency with AWS tools and services
Knowledge of programming languages, including Java, Python, and/or Angular
Strong analytical and problem-solving abilities
Excellent time management and organizational skills
Effective public speaking capabilities
Ability to work both independently and collaboratively within a team","Education: Currently enrolled in a Bachelor’s degree program, graduating in 2026 or 2027; Field of Study: Computer Science, Machine Learning, Data Science, or a related discipline; Proficiency with AWS tools and services; Knowledge of programming languages, including Java, Python, and/or Angular; Strong analytical and problem-solving abilities; Excellent time management and organizational skills; Effective public speaking capabilities; Ability to work both independently and collaboratively within a team","Education: Currently enrolled in a Bachelor’s degree program, graduating in 2026 or 2027
Field of Study: Computer Science, Machine Learning, Data Science, or a related discipline
Proficiency with AWS tools and services
Knowledge of programming languages, including Java, Python, and/or Angular
Strong analytical and problem-solving abilities
Excellent time management and organizational skills
Effective public speaking capabilities
Ability to work both independently and collaboratively within a team","Education: Currently enrolled in a Bachelor’s degree program, graduating in 2026 or 2027; Field of Study: Computer Science, Machine Learning, Data Science, or a related discipline; Proficiency with AWS tools and services; Knowledge of programming languages, including Java, Python, and/or Angular; Strong analytical and problem-solving abilities; Excellent time management and organizational skills; Effective public speaking capabilities; Ability to work both independently and collaboratively within a team","At the conclusion of the Internship, you will have the opportunity to present your project to IT leadership","At the conclusion of the Internship, you will have the opportunity to present your project to IT leadership","At the conclusion of the Internship, you will have the opportunity to present your project to IT leadership","At the conclusion of the Internship, you will have the opportunity to present your project to IT leadership","About ETS:

For more than 75 years, we have amplified products and services based rigorous research and our belief in the power of learning. Driven by our mission to advance quality and equity in education, ETS provides learning solutions, pioneering research and trusted assessments that help guide learners around the world on their path to new possibilities.

Our portfolio of trusted measures inc
lude TOEFL®, TOEIC®, GRE® and Praxis® . Along with research, development and innovation that explores new frontiers in learning and measurement our educational measurement solutions and research contribute to the development of new methods and tools, inform important dialogue with education policymakers, and shed light on critical issues and potential solutions - all with the aim of creating a world where all learners can improve their lives through education.

With new senior leadership at the helm, ETS aims to continue changing the lives of all learners as we expand our organization's global footprint. Our goal is to remain at the forefront of assessment and measurement efficacy within the education and ed tech space as it continues to grow and evolve.

The ETS Technology Division is focused on being the trusted partner for innovative technology experiences and platforms that enable growth across ETS. We are committed to delivering experience-led solutions while maintaining a strong customer focus and commercial flexibility. Our division emphasizes customer and employee experience, leveraging core services, AI capabilities, and API-driven solutions to achieve operational excellence and international scalability. We believe in building deep strategic partnerships and fostering internal knowledge and accountability while working as One ETS to drive technological innovation and growth.

The Technology Division has created an internship program for college students interested in pursuing a career in technology. This is a paid, 8- 10 week -long, hybrid internship where interns will be expected to work 37– 40-hour a week. At the conclusion of the Internship, you will have the opportunity to present your project to IT leadership. Interns will receive training in a variety of IT-related activities and will be paired with a mentor who will help support their project work.? ?

As the AI Test Security Intern, you'll be at the forefront of enhancing the security and integrity of ETS’s testing processes. Your work will directly contribute to reducing score cancellations after reporting, safeguarding ETS’s assessment products, and streamlining operations by eliminating manual processes that don't align with ETS’s mission. This is a unique opportunity to apply AI technologies to real-world challenges in test security.

Key Responsibilities:
• Develop an AI-enabled video playback system to efficiently identify and retrieve test-taker video footage.
• Build a visualization tool to detect when AI-generated content, such as ChatGPT responses, is used in test answers.
• Implement AI-powered room similarity detection to identify potential cheating rings and suspicious activities.
• Education: Currently enrolled in a Bachelor’s degree program, graduating in 2026 or 2027.
• Field of Study: Computer Science, Machine Learning, Data Science, or a related discipline.
• Skills and Competencies:
• Proficiency with AWS tools and services.
• Experience with computer vision techniques and generative AI models is preferred.
• Knowledge of programming languages, including Java, Python, and/or Angular.
• Strong analytical and problem-solving abilities.
• Excellent time management and organizational skills.
• Effective public speaking capabilities.
• Ability to work both independently and collaboratively within a team.

ETS is mission driven and action oriented
• Diversity, equity, inclusion, and belonging is at the forefront of the ETS employee's daily work. To further foster an inclusive environment ETS is home to a wide variety of Affinity groups that celebrate the diversity of our talented employees.
• How about cultivating growth, innovation, and continuous transformation for the next generation of rising professionals as leaders? ETS offers multiple Business Resource Groups (BRG) for you!
• Are you passionate about volunteering and being active in your career and community? ETS offers our Center for Advocacy & Philanthropy (CAAP) where we encourage ETS employees to become active volunteers in their communities and schools through the ETS Cares Giving Campaign. Our employees can support any 501c3 or eligible charity of their choice.

ETS is an Equal Opportunity Employer comprised of people with different experiences, strengths, and backgrounds who share a passion for advancing quality and equity in education. We are dedicated to building teams that reflect the various backgrounds, experiences, and identities of those we serve. The Talent Acquisition team strives to ensure candidates enjoy a fair and equitable hiring process. We believe our differences empower us to be a better team, making better decisions and delivering better results.
"
PhD AI/ML Engineering Intern,LinkedIn,"Mountain View, CA • via BeBee",2025-01-08T12:59:57.125114,"CURRENTLY PURSUING A PHD IN COMPUTER SCIENCE, STATISTICS, MATHEMATICS, ELECTRICAL ENGINEERING, MACHINE LEARNING, OR RELATED TECHNICAL FIELD
RESEARCH EXPERIENCE IN NLP, LLMs, OR RELATED AREAS
EXPERIENCE IN PYTHON AND POPULAR DEEP LEARNING FRAMEWORKS SUCH AS TENSORFLOW, PYTORCH, OR JAX","CURRENTLY PURSUING A PHD IN COMPUTER SCIENCE, STATISTICS, MATHEMATICS, ELECTRICAL ENGINEERING, MACHINE LEARNING, OR RELATED TECHNICAL FIELD; RESEARCH EXPERIENCE IN NLP, LLMs, OR RELATED AREAS; EXPERIENCE IN PYTHON AND POPULAR DEEP LEARNING FRAMEWORKS SUCH AS TENSORFLOW, PYTORCH, OR JAX","CURRENTLY PURSUING A PHD IN COMPUTER SCIENCE, STATISTICS, MATHEMATICS, ELECTRICAL ENGINEERING, MACHINE LEARNING, OR RELATED TECHNICAL FIELD
RESEARCH EXPERIENCE IN NLP, LLMs, OR RELATED AREAS
EXPERIENCE IN PYTHON AND POPULAR DEEP LEARNING FRAMEWORKS SUCH AS TENSORFLOW, PYTORCH, OR JAX","CURRENTLY PURSUING A PHD IN COMPUTER SCIENCE, STATISTICS, MATHEMATICS, ELECTRICAL ENGINEERING, MACHINE LEARNING, OR RELATED TECHNICAL FIELD; RESEARCH EXPERIENCE IN NLP, LLMs, OR RELATED AREAS; EXPERIENCE IN PYTHON AND POPULAR DEEP LEARNING FRAMEWORKS SUCH AS TENSORFLOW, PYTORCH, OR JAX","The pay range for this role is $57 - $70 per hour
Actual compensation packages are based on several factors that are unique to each candidate, including but not limited to skill set, depth of experience, certifications, and specific work location
The total compensation package for this position may also include annual performance bonus, stock, benefits and/or other applicable incentive compensation plans","The pay range for this role is $57 - $70 per hour; Actual compensation packages are based on several factors that are unique to each candidate, including but not limited to skill set, depth of experience, certifications, and specific work location; The total compensation package for this position may also include annual performance bonus, stock, benefits and/or other applicable incentive compensation plans","The pay range for this role is $57 - $70 per hour
Actual compensation packages are based on several factors that are unique to each candidate, including but not limited to skill set, depth of experience, certifications, and specific work location
The total compensation package for this position may also include annual performance bonus, stock, benefits and/or other applicable incentive compensation plans","The pay range for this role is $57 - $70 per hour; Actual compensation packages are based on several factors that are unique to each candidate, including but not limited to skill set, depth of experience, certifications, and specific work location; The total compensation package for this position may also include annual performance bonus, stock, benefits and/or other applicable incentive compensation plans","Artificial Intelligence Intern

We are looking for highly motivated and talented PhD students in computer science or related fields to intern with our Artificial Intelligence team at LinkedIn. Our AI interns work on a wide range of projects, from developing novel NLP models to integrating machine learning into our product.
About the Role

This is an opportunity to apply your research expertise to
real-world problems, collaborate with industry-leading AI/ML engineers, and build solutions that impact millions of users. As an intern, you will be working on various NLP or LLM concepts to help us become a more intuitive product.
Responsibilities
• Work with large data sets, crunching millions of samples for statistical modeling, data mining, recommendation solutions
• Research and develop innovative NLP models, with a focus on LLMs, to solve problems related to information retrieval, text classification, machine translation, and question answering
• Design and implement scalable, production-level algorithms for natural language understanding and generation
• Collaborate with cross-functional teams to integrate NLP/LLM solutions into LinkedIn's platform, enhancing user experience and recommendation systems
• Select appropriate annotated datasets for Supervised Learning methods
Requirements
• CURRENTLY PURSUING A PHD IN COMPUTER SCIENCE, STATISTICS, MATHEMATICS, ELECTRICAL ENGINEERING, MACHINE LEARNING, OR RELATED TECHNICAL FIELD
• RESEARCH EXPERIENCE IN NLP, LLMs, OR RELATED AREAS
• EXPERIENCE IN PYTHON AND POPULAR DEEP LEARNING FRAMEWORKS SUCH AS TENSORFLOW, PYTORCH, OR JAX
Preferred Qualifications
• EXPERIENCE WITH LARGE-SCALE PRETRAINING AND FINE-TUNING OF LLMs ON DIVERSE NLP TASKS
• HANDS-ON EXPERIENCE DEPLOYING NLP MODELS IN PRODUCTION ENVIRONMENTS
Compensation and Benefits

The pay range for this role is $57 - $70 per hour. Actual compensation packages are based on several factors that are unique to each candidate, including but not limited to skill set, depth of experience, certifications, and specific work location.

This may be different in other locations due to differences in the cost of labor. The total compensation package for this position may also include annual performance bonus, stock, benefits and/or other applicable incentive compensation plans.
"
Embedded AI Intern/Co-Op,Schneider Electric,"Andover, MA • via Schneider Electric",2025-01-08T13:00:07.203038,"Current student pursuing a degree in Computer Science or Computer Engineering
Programming Languages such as Python, C/C++ etc.,
Standard AI Frameworks or Libraries such as TensorFlow Lite, PyTorch, Keras etc.,
Python Modules such as NumPy, Pandas, Matplotlib etc.,
Embedded/Edge Device model such as TinyML, SLM etc","Current student pursuing a degree in Computer Science or Computer Engineering; Programming Languages such as Python, C/C++ etc.,; Standard AI Frameworks or Libraries such as TensorFlow Lite, PyTorch, Keras etc.,; Python Modules such as NumPy, Pandas, Matplotlib etc.,; Embedded/Edge Device model such as TinyML, SLM etc","Current student pursuing a degree in Computer Science or Computer Engineering
Programming Languages such as Python, C/C++ etc.,
Standard AI Frameworks or Libraries such as TensorFlow Lite, PyTorch, Keras etc.,
Python Modules such as NumPy, Pandas, Matplotlib etc.,
Embedded/Edge Device model such as TinyML, SLM etc","Current student pursuing a degree in Computer Science or Computer Engineering; Programming Languages such as Python, C/C++ etc.,; Standard AI Frameworks or Libraries such as TensorFlow Lite, PyTorch, Keras etc.,; Python Modules such as NumPy, Pandas, Matplotlib etc.,; Embedded/Edge Device model such as TinyML, SLM etc",,,,,"Schneider Electric has a new opportunity for an Embedded AI Co-Op or Intern. This candidate will work with On-Device AI topics, based in Andover MA. We are open for a Janaury or Summer 2025 start date, full or part-time.

What will you do?
• Understand the data pipeline from embedded device to cloud and communication between them
• Analyze data of similar devices available in cloud platform, ident
ify patterns and derive insights
• Create machine learning models that can run on embedded or edge devices using available dataset
• Optimize and Deploy ML models into the firmware of embedded devices for inference
• Evaluate models using appropriate loss functions and fine tune the models by retraining
• Work on low level embedded devices and debug the firmware for issues

What qualifications will make you successful for this role?
• Current student pursuing a degree in Computer Science or Computer Engineering
• Programming Languages such as Python, C/C++ etc.,
• Standard AI Frameworks or Libraries such as TensorFlow Lite, PyTorch, Keras etc.,
• Python Modules such as NumPy, Pandas, Matplotlib etc.,
• Embedded/Edge Device model such as TinyML, SLM etc.
• Preferred Qualification: Experience in Embedded C

Let us learn about you! Apply today.

You must submit an online application to be considered for any position with us. This position will be posted until filled.

Looking to make an IMPACT with your career?

When you are thinking about joining a new team, culture matters. At Schneider Electric, our values and behaviors are the foundation for creating a great culture to support business success. We believe that our IMPACT values – Inclusion, Mastery, Purpose, Action, Curiosity, Teamwork – starts with us.

IMPACT is also your invitation to join Schneider Electric where you can contribute to turning sustainability ambition into actions, no matter what role you play. It is a call to connect your career with the ambition of achieving a more resilient, efficient, and sustainable world.

We are looking for IMPACT Makers; exceptional people who turn sustainability ambitions into actions at the intersection of automation, electrification, and digitization. We celebrate IMPACT Makers and believe everyone has the potential to be one.

Become an IMPACT Maker with Schneider Electric – apply today!

€36 billion global revenue
+13% organic growth
150 000+ employees in 100+ countries
#1 on the Global 100 World’s most sustainable corporations

You must submit an online application to be considered for any position with us. This position will be posted until filled.

Schneider Electric aspires to be the most inclusive and caring company in the world, by providing equitable opportunities to everyone, everywhere, and ensuring all employees feel uniquely valued and safe to contribute their best. We mirror the diversity of the communities in which we operate, and ‘inclusion’ is one of our core values. We believe our differences make us stronger as a company and as individuals and we are committed to championing inclusivity in everything we do. This extends to our Candidates and is embedded in our Hiring Practices.

You can find out more about our commitment to Diversity, Equity and Inclusion here and our DEI Policy here

At Schneider Electric, we uphold the highest standards of ethics and compliance, and we believe that trust is a foundational value. Our Trust Charter is our Code of Conduct and demonstrates our commitment to ethics, safety, sustainability, quality and cybersecurity, underpinning every aspect of our business and our willingness to behave and respond respectfully and in good faith to all our stakeholders. You can find out more about our Trust Charter here

Schneider Electric is an Equal Opportunity Employer. It is our policy to provide equal employment and advancement opportunities in the areas of recruiting, hiring, training, transferring, and promoting all qualified individuals regardless of race, religion, color, gender, disability, national origin, ancestry, age, military status, sexual orientation, marital status, or any other legally protected characteristic or conduct.
"
2025 Intern - Emerging Technology Analyst,Adobe,"San Jose, CA • via Adobe Careers",2025-01-08T13:00:17.402804,"Current enrollment in a Bachelor’s or Master’s program related to Computer Science, Data Science, AI, Engineering, or a similar field
Basic understanding of artificial intelligence, machine learning concepts, and their business applications
Exposure to or experience with AI as it pertains to digital employee experiences (e.g., chatbots, virtual assistants, agents)
Strong analytical skills and attention to detail, while staying passionate about the big picture
Excellent verbal and written communication skills; strong presence in front of senior executives
Creative thinker with a bias for action","Current enrollment in a Bachelor’s or Master’s program related to Computer Science, Data Science, AI, Engineering, or a similar field; Basic understanding of artificial intelligence, machine learning concepts, and their business applications; Exposure to or experience with AI as it pertains to digital employee experiences (e.g., chatbots, virtual assistants, agents); Strong analytical skills and attention to detail, while staying passionate about the big picture; Excellent verbal and written communication skills; strong presence in front of senior executives; Creative thinker with a bias for action","Current enrollment in a Bachelor’s or Master’s program related to Computer Science, Data Science, AI, Engineering, or a similar field
Basic understanding of artificial intelligence, machine learning concepts, and their business applications
Exposure to or experience with AI as it pertains to digital employee experiences (e.g., chatbots, virtual assistants, agents)
Strong analytical skills and attention to detail, while staying passionate about the big picture
Excellent verbal and written communication skills; strong presence in front of senior executives
Creative thinker with a bias for action","Current enrollment in a Bachelor’s or Master’s program related to Computer Science, Data Science, AI, Engineering, or a similar field; Basic understanding of artificial intelligence, machine learning concepts, and their business applications; Exposure to or experience with AI as it pertains to digital employee experiences (e.g., chatbots, virtual assistants, agents); Strong analytical skills and attention to detail, while staying passionate about the big picture; Excellent verbal and written communication skills; strong presence in front of senior executives; Creative thinker with a bias for action","The U.S. pay range for this position is $38.00 -- $51.00 hourly
Your recruiter can share more about the specific pay rate for your job location during the hiring process",The U.S. pay range for this position is $38.00 -- $51.00 hourly; Your recruiter can share more about the specific pay rate for your job location during the hiring process,"The U.S. pay range for this position is $38.00 -- $51.00 hourly
Your recruiter can share more about the specific pay rate for your job location during the hiring process",The U.S. pay range for this position is $38.00 -- $51.00 hourly; Your recruiter can share more about the specific pay rate for your job location during the hiring process,"Our Company

Changing the world through digital experiences is what Adobe’s all about. We give everyone—from emerging artists to global brands—everything they need to design and deliver exceptional digital experiences! We’re passionate about empowering people to create beautiful and powerful images, videos, and apps, and transform how companies interact with customers across every screen.

We’re o
n a mission to hire the very best and are committed to creating exceptional employee experiences where everyone is respected and has access to equal opportunity. We realize that new ideas can come from everywhere in the organization, and we know the next big idea could be yours!

The Opportunity

We are seeking a motivated and innovative intern to support our efforts in improving the Digital Employee Experience (DEX) through emerging technologies. In this role, you will work closely with our team and stakeholders to explore, test, and implement new technologies that enhance employee productivity, engagement, and overall experience.

What you'll Do
• Conduct research on emerging technologies such as AI, machine learning, automation, and digital workplace tools that impact DEX
• Help in creating proof-of-concept (PoC) solutions to demonstrate the value of new technologies
• Work with cross-functional teams to capture insights on business challenges and find opportunities where AI can add value
• Participate in team brainstorming sessions and contribute to the strategy for emerging technology adoption
• Analyze and benchmark the Digital Employee Experience landscape
• Build executive and stakeholder presentations

What you need to succeed
• Current enrollment in a Bachelor’s or Master’s program related to Computer Science, Data Science, AI, Engineering, or a similar field.
• Basic understanding of artificial intelligence, machine learning concepts, and their business applications.
• Exposure to or experience with AI as it pertains to digital employee experiences (e.g., chatbots, virtual assistants, agents)
• Strong analytical skills and attention to detail, while staying passionate about the big picture
• Excellent verbal and written communication skills; strong presence in front of senior executives
• Creative thinker with a bias for action

Our compensation reflects the cost of labor across several  U.S. geographic markets, and we pay differently based on those defined markets. The U.S. pay range for this position is $38.00 -- $51.00 hourly. Your recruiter can share more about the specific pay rate for your job location during the hiring process.

Adobe will consider qualified applicants with arrest or conviction records for employment in accordance with state and local laws and “fair chance” ordinances.

Adobe is proud to be an Equal Employment Opportunity and affirmative action employer. We do not discriminate based on gender, race or color, ethnicity or national origin, age, disability, religion, sexual orientation, gender identity or expression, veteran status, or any other applicable characteristics protected by law. Learn more.

Adobe aims to make Adobe.com accessible to any and all users. If you have a disability or special need that requires accommodation to navigate our website or complete the application process, email accommodations@adobe.com or call (408) 536-3015.

Adobe values a free and open marketplace for all employees and has policies in place to ensure that we do not enter into illegal agreements with other companies to not recruit or hire each other’s employees.
"
OpenAI & NLP ML Engineer Intern,Xenara AI,Anywhere • via Wellfound,2025-01-08T13:00:27.381717,"Currently pursuing or recently completed a degree in Computer Science, AI, Data Science, or a related field
Passionate about NLP, machine learning, and AI-driven solutions
Familiarity with ML frameworks (e.g., PyTorch, TensorFlow) and libraries like Hugging Face
Basic knowledge of NLP, sentiment analysis, or recommendation systems
Proficiency in Python and data processing tools like Pandas and NumPy
Strong analytical skills and eagerness to learn
Experience with OpenAI APIs or similar platforms
Knowledge of prompt engineering and fine-tuning
Familiarity with cloud services like (Azure) for model deployment","Currently pursuing or recently completed a degree in Computer Science, AI, Data Science, or a related field; Passionate about NLP, machine learning, and AI-driven solutions; Familiarity with ML frameworks (e.g., PyTorch, TensorFlow) and libraries like Hugging Face; Basic knowledge of NLP, sentiment analysis, or recommendation systems; Proficiency in Python and data processing tools like Pandas and NumPy; Strong analytical skills and eagerness to learn; Experience with OpenAI APIs or similar platforms; Knowledge of prompt engineering and fine-tuning; Familiarity with cloud services like (Azure) for model deployment","Currently pursuing or recently completed a degree in Computer Science, AI, Data Science, or a related field
Passionate about NLP, machine learning, and AI-driven solutions
Familiarity with ML frameworks (e.g., PyTorch, TensorFlow) and libraries like Hugging Face
Basic knowledge of NLP, sentiment analysis, or recommendation systems
Proficiency in Python and data processing tools like Pandas and NumPy
Strong analytical skills and eagerness to learn
Experience with OpenAI APIs or similar platforms
Knowledge of prompt engineering and fine-tuning
Familiarity with cloud services like (Azure) for model deployment","Currently pursuing or recently completed a degree in Computer Science, AI, Data Science, or a related field; Passionate about NLP, machine learning, and AI-driven solutions; Familiarity with ML frameworks (e.g., PyTorch, TensorFlow) and libraries like Hugging Face; Basic knowledge of NLP, sentiment analysis, or recommendation systems; Proficiency in Python and data processing tools like Pandas and NumPy; Strong analytical skills and eagerness to learn; Experience with OpenAI APIs or similar platforms; Knowledge of prompt engineering and fine-tuning; Familiarity with cloud services like (Azure) for model deployment","Exceptional interns will be considered for a paid, full-time role with competitive salary and benefits after the internship
Hands-On Experience: Work directly with LLMs and contribute to real-world projects
Collaborative Environment: Join a supportive team that values your input
Professional Growth: Build valuable skills in a high-demand field with mentorship opportunities
Future Opportunities: High-performing interns may be offered full-time roles","Exceptional interns will be considered for a paid, full-time role with competitive salary and benefits after the internship; Hands-On Experience: Work directly with LLMs and contribute to real-world projects; Collaborative Environment: Join a supportive team that values your input; Professional Growth: Build valuable skills in a high-demand field with mentorship opportunities; Future Opportunities: High-performing interns may be offered full-time roles","Exceptional interns will be considered for a paid, full-time role with competitive salary and benefits after the internship
Hands-On Experience: Work directly with LLMs and contribute to real-world projects
Collaborative Environment: Join a supportive team that values your input
Professional Growth: Build valuable skills in a high-demand field with mentorship opportunities
Future Opportunities: High-performing interns may be offered full-time roles","Exceptional interns will be considered for a paid, full-time role with competitive salary and benefits after the internship; Hands-On Experience: Work directly with LLMs and contribute to real-world projects; Collaborative Environment: Join a supportive team that values your input; Professional Growth: Build valuable skills in a high-demand field with mentorship opportunities; Future Opportunities: High-performing interns may be offered full-time roles","About Xenara AI

Xenara AI is an innovative startup focused on revolutionizing customer engagement with advanced AI solutions. Our mission is to create AI-driven experiences that transform how businesses connect with customers. We’re seeking a driven, tech-savvy OpenAI & NLP LLM Intern to join us, gain hands-on experience, and work with cutting-edge language models.

About the Role

As an OpenAI &
NLP LLM Intern at Xenara, you’ll collaborate with our AI and engineering teams to develop, fine-tune, and deploy large language models (LLMs). This is an exciting opportunity to work with the latest technologies, contribute to impactful projects, and gain real-world experience in a dynamic and supportive environment.

Please Note: This internship is unpaid. Exceptional interns will be considered for a paid, full-time role with competitive salary and benefits after the internship.

Responsibilities
• Assist in building, training, and optimizing NLP and LLM models, such as those from OpenAI.
• Collaborate with the AI team to implement models that enhance customer engagement.
• Contribute to NLP applications, including language understanding, text generation, and recommendation systems.
• Conduct research on advancements in NLP and LLMs to identify new opportunities for our projects.
• Fine-tune models to improve their performance and accuracy.
• Handle data preprocessing, cleaning, and preparation for training NLP models.

What We’re Looking For
• Currently pursuing or recently completed a degree in Computer Science, AI, Data Science, or a related field.
• Passionate about NLP, machine learning, and AI-driven solutions.
• Familiarity with ML frameworks (e.g., PyTorch, TensorFlow) and libraries like Hugging Face.
• Basic knowledge of NLP, sentiment analysis, or recommendation systems.
• Proficiency in Python and data processing tools like Pandas and NumPy.
• Strong analytical skills and eagerness to learn.

Nice-to-Haves
• Experience with OpenAI APIs or similar platforms.
• Knowledge of prompt engineering and fine-tuning.
• Familiarity with cloud services like (Azure) for model deployment.

Why Join Us?
• Hands-On Experience: Work directly with LLMs and contribute to real-world projects.
• Collaborative Environment: Join a supportive team that values your input.
• Professional Growth: Build valuable skills in a high-demand field with mentorship opportunities.
• Future Opportunities: High-performing interns may be offered full-time roles.

If you’re passionate about NLP and excited to work in a real-world setting, we’d love to hear from you! Apply now to help shape the future of AI-powered customer engagement.
"
AI/ML Product Management Analytics Intern,Teradata,"Hartford, CT • via USNLX Ability Jobs - National Labor Exchange",2025-01-08T13:00:37.350825,"Must be enrolled in BS/MS/PhD degree program
With graduation dates between December 2025-June 2027
Experience in design, development, and implementation of advanced analytic solutions
Hands-on experience with analytical tools and platforms; SQL, R/Python
Ability to understand customer needs and market opportunities","Must be enrolled in BS/MS/PhD degree program; With graduation dates between December 2025-June 2027; Experience in design, development, and implementation of advanced analytic solutions; Hands-on experience with analytical tools and platforms; SQL, R/Python; Ability to understand customer needs and market opportunities","Must be enrolled in BS/MS/PhD degree program
With graduation dates between December 2025-June 2027
Experience in design, development, and implementation of advanced analytic solutions
Hands-on experience with analytical tools and platforms; SQL, R/Python
Ability to understand customer needs and market opportunities","Must be enrolled in BS/MS/PhD degree program; With graduation dates between December 2025-June 2027; Experience in design, development, and implementation of advanced analytic solutions; Hands-on experience with analytical tools and platforms; SQL, R/Python; Ability to understand customer needs and market opportunities","We offer a fast-paced, flexible, fun environment where you will have the opportunity to work on meaningful projects and face new challenges every day
Pay Rate: $29.00 - $44.00 - $50.00 Hourly
Pay Rate: 0.0000 - 0.0000 - 0.0000 Hourly
Starting pay for the successful applicant will depend on geographic location, internal equity, job-related knowledge, skills, and candidate experience","We offer a fast-paced, flexible, fun environment where you will have the opportunity to work on meaningful projects and face new challenges every day; Pay Rate: $29.00 - $44.00 - $50.00 Hourly; Pay Rate: 0.0000 - 0.0000 - 0.0000 Hourly; Starting pay for the successful applicant will depend on geographic location, internal equity, job-related knowledge, skills, and candidate experience","We offer a fast-paced, flexible, fun environment where you will have the opportunity to work on meaningful projects and face new challenges every day
Pay Rate: $29.00 - $44.00 - $50.00 Hourly
Pay Rate: 0.0000 - 0.0000 - 0.0000 Hourly
Starting pay for the successful applicant will depend on geographic location, internal equity, job-related knowledge, skills, and candidate experience","We offer a fast-paced, flexible, fun environment where you will have the opportunity to work on meaningful projects and face new challenges every day; Pay Rate: $29.00 - $44.00 - $50.00 Hourly; Pay Rate: 0.0000 - 0.0000 - 0.0000 Hourly; Starting pay for the successful applicant will depend on geographic location, internal equity, job-related knowledge, skills, and candidate experience","Our Company

At Teradata, we believe that people thrive when empowered with better information. That’s why we built the most complete cloud analytics and data platform for AI. By delivering harmonized data, trusted AI, and faster innovation, we uplift and empower our customers and our customers’ customers to make better, more confident decisions. The world’s top companies across every major indust
ry trust Teradata to improve business performance, enrich customer experiences, and fully integrate data across the enterprise.

Our Internship

Program Our summer internship program lasts 10-12 weeks beginning in May/June and ending in August/September. We offer a fast-paced, flexible, fun environment where you will have the opportunity to work on meaningful projects and face new challenges every day.

Location Our program is fully virtual. Interns must remain in the US for the duration of the internship..

What You'll Do

Intern opportunity with Teradata’s team of Product Managers leading the efforts to deliver industry leading analytic capabilities in the Teradata Vantage platform. This dynamic role has close interaction with customers, extensive knowledge of the overall analytic market, including both Teradata partner and competing solutions, using this knowledge to lead Teradata strategy and work closely with our engineering teams to deliver our analytic capabilities. Product Managers work closely with Teradata sales and professional services teams to help customers make the best decisions possible using Teradata software and advanced analytic techniques. This hands-on role develops demos and delivers training material for our customers and sales teams, and actively participates with prototypes and POCs for new features.

What Makes You a Qualified Candidate
• Must be enrolled in BS/MS/PhD degree program. With graduation dates between December 2025-June 2027.
• Data mining/Data Science, statistical modeling, econometrics, and quantitative analysis
• Experience in design, development, and implementation of advanced analytic solutions

What You'll Bring
• Hands-on experience with analytical tools and platforms; SQL, R/Python
• Ability to understand customer needs and market opportunities

Pay Rate: $29.00 - $44.00 - $50.00 Hourly

Why We Think You’ll Love Teradata

We prioritize a people-first culture because we know our people are at the very heart of our success. We embrace a flexible work model because we trust our people to make decisions about how, when, and where they work. We focus on well-being because we care about our people and their ability to thrive both personally and professionally. We are an anti-racist company because our dedication to Diversity, Equity, and Inclusion is more than a statement. It is a deep commitment to doing the work to foster an equitable environment that celebrates people for all of who they are.

#LI-SK1

Teradata invites all identities and backgrounds in the workplace. We work with deliberation and intent to ensure we are cultivating collaboration and inclusivity across our global organization.



We are proud to be an equal opportunity and affirmative action employer. We do not discriminate based upon race, color, ancestry, religion, creed, sex (including pregnancy, childbirth, breastfeeding, or related conditions), national origin, sexual orientation, age, citizenship, marital status, disability, medical condition, genetic information, gender identity or expression, military and veteran status, or any other legally protected status.

Pay Rate: 0.0000 - 0.0000 - 0.0000 Hourly

Starting pay for the successful applicant will depend on geographic location, internal equity, job-related knowledge, skills, and candidate experience. Learn more about Teradata’s competitive Total Rewards package at https://www.teradata.com/About-Us/Careers/Benefits
"
"Software Engineer, GenAI, Trusted Advisor",Amazon,Anywhere • via Teal,2025-01-08T13:00:47.336518,"3+ years of non-internship professional software development experience
2+ years of non-internship design or architecture experience of new and existing systems
Bachelor's degree or CSSLP (Certified Secure Software Lifecycle Professional)
Experience programming with at least one software programming language
3+ years of full software development life cycle experience, including coding standards, code reviews, source control management, build processes, testing, and operations
Bachelor's degree in computer science or equivalent","3+ years of non-internship professional software development experience; 2+ years of non-internship design or architecture experience of new and existing systems; Bachelor's degree or CSSLP (Certified Secure Software Lifecycle Professional); Experience programming with at least one software programming language; 3+ years of full software development life cycle experience, including coding standards, code reviews, source control management, build processes, testing, and operations; Bachelor's degree in computer science or equivalent","3+ years of non-internship professional software development experience
2+ years of non-internship design or architecture experience of new and existing systems
Bachelor's degree or CSSLP (Certified Secure Software Lifecycle Professional)
Experience programming with at least one software programming language
3+ years of full software development life cycle experience, including coding standards, code reviews, source control management, build processes, testing, and operations
Bachelor's degree in computer science or equivalent","3+ years of non-internship professional software development experience; 2+ years of non-internship design or architecture experience of new and existing systems; Bachelor's degree or CSSLP (Certified Secure Software Lifecycle Professional); Experience programming with at least one software programming language; 3+ years of full software development life cycle experience, including coding standards, code reviews, source control management, build processes, testing, and operations; Bachelor's degree in computer science or equivalent","Flexible work hours and arrangements
Mentorship and career growth resources
Employee-led affinity groups fostering inclusion
Hybrid work model options",Flexible work hours and arrangements; Mentorship and career growth resources; Employee-led affinity groups fostering inclusion; Hybrid work model options,"Flexible work hours and arrangements
Mentorship and career growth resources
Employee-led affinity groups fostering inclusion
Hybrid work model options",Flexible work hours and arrangements; Mentorship and career growth resources; Employee-led affinity groups fostering inclusion; Hybrid work model options,"About the position

The Software Engineer position at Kumo focuses on leveraging Artificial Intelligence to enhance customer experiences across AWS services. The role involves driving innovation and machine learning engineering to create impactful solutions that optimize cloud usage and improve customer interactions. The engineer will lead projects from conception to production, addressing complex
challenges in Gen AI-driven automation while ensuring safety, usability, and cost-effectiveness.

Responsibilities
• Own and drive large-scale customer-impacting ML initiatives.
,
• Define and solve endemic problems related to customer experience.
,
• Work on complex problems, including Gen AI driven automation.
,
• Ensure the preservation of customer promise regarding safety, ease of use, and low cost.
,
• Participate in projects that foster career growth and development.

Requirements
• 3+ years of non-internship professional software development experience.
,
• 2+ years of non-internship design or architecture experience of new and existing systems.
,
• Bachelor's degree or CSSLP (Certified Secure Software Lifecycle Professional).
,
• Experience programming with at least one software programming language.

Nice-to-haves
• 3+ years of full software development life cycle experience, including coding standards, code reviews, source control management, build processes, testing, and operations.
,
• Bachelor's degree in computer science or equivalent.

Benefits
• Flexible work hours and arrangements.
,
• Mentorship and career growth resources.
,
• Employee-led affinity groups fostering inclusion.
,
• Hybrid work model options.
"
Intern - Salesforce AI Research,Salesforce,"Palo Alto, CA • via Simplify Jobs",2025-01-08T13:00:57.375776,"Ideal candidates have a strong background in one or more fields:
Natural Language Processing
Computer Vision
Reinforcement Learning
General Machine Learning
AI for Knowledge Management
PhD/MS candidate in a relevant research area
Excellent understanding of deep learning techniques, i.e., CNN, RNN, LSTM, GRU, GAN, attention models, and optimization methods
Experience with one or more deep learning libraries and platforms, e.g. PyTorch, TensorFlow, Caffe, or Chainer
Strong background in machine learning, natural language processing, computer vision, or reinforcement learning
Strong algorithmic problem solving skills
Programming experience in Python, Java, C/C++, Lua, or a similar language","Ideal candidates have a strong background in one or more fields:; Natural Language Processing; Computer Vision; Reinforcement Learning; General Machine Learning; AI for Knowledge Management; PhD/MS candidate in a relevant research area; Excellent understanding of deep learning techniques, i.e., CNN, RNN, LSTM, GRU, GAN, attention models, and optimization methods; Experience with one or more deep learning libraries and platforms, e.g. PyTorch, TensorFlow, Caffe, or Chainer; Strong background in machine learning, natural language processing, computer vision, or reinforcement learning; Strong algorithmic problem solving skills; Programming experience in Python, Java, C/C++, Lua, or a similar language","Ideal candidates have a strong background in one or more fields:
Natural Language Processing
Computer Vision
Reinforcement Learning
General Machine Learning
AI for Knowledge Management
PhD/MS candidate in a relevant research area
Excellent understanding of deep learning techniques, i.e., CNN, RNN, LSTM, GRU, GAN, attention models, and optimization methods
Experience with one or more deep learning libraries and platforms, e.g. PyTorch, TensorFlow, Caffe, or Chainer
Strong background in machine learning, natural language processing, computer vision, or reinforcement learning
Strong algorithmic problem solving skills
Programming experience in Python, Java, C/C++, Lua, or a similar language","Ideal candidates have a strong background in one or more fields:; Natural Language Processing; Computer Vision; Reinforcement Learning; General Machine Learning; AI for Knowledge Management; PhD/MS candidate in a relevant research area; Excellent understanding of deep learning techniques, i.e., CNN, RNN, LSTM, GRU, GAN, attention models, and optimization methods; Experience with one or more deep learning libraries and platforms, e.g. PyTorch, TensorFlow, Caffe, or Chainer; Strong background in machine learning, natural language processing, computer vision, or reinforcement learning; Strong algorithmic problem solving skills; Programming experience in Python, Java, C/C++, Lua, or a similar language","For California-based roles, the base salary hiring range for this position is $58 to $65.Compensation offered will be determined by factors such as location, level, job-related knowledge, skills, and experience
Certain roles may be eligible for incentive compensation, equity, benefits
More details about our company benefits can be found at the following link: https://www.salesforcebenefits.com","For California-based roles, the base salary hiring range for this position is $58 to $65.Compensation offered will be determined by factors such as location, level, job-related knowledge, skills, and experience; Certain roles may be eligible for incentive compensation, equity, benefits; More details about our company benefits can be found at the following link: https://www.salesforcebenefits.com","For California-based roles, the base salary hiring range for this position is $58 to $65.Compensation offered will be determined by factors such as location, level, job-related knowledge, skills, and experience
Certain roles may be eligible for incentive compensation, equity, benefits
More details about our company benefits can be found at the following link: https://www.salesforcebenefits.com","For California-based roles, the base salary hiring range for this position is $58 to $65.Compensation offered will be determined by factors such as location, level, job-related knowledge, skills, and experience; Certain roles may be eligible for incentive compensation, equity, benefits; More details about our company benefits can be found at the following link: https://www.salesforcebenefits.com","To get the best candidate experience, please consider applying for a maximum of 3 roles within 12 months to ensure you are not duplicating efforts.

About Futureforce University Recruiting

Our Futureforce University Recruiting program is dedicated to attracting, retaining and cultivating talent. Our interns and new graduates work on real projects that affect how our business runs, giving them the
opportunity to make a tangible impact on the future of our company. With offices all over the world, our recruits have the chance to collaborate and connect with fellow employees on a global scale. We offer job shadowing, mentorship programs, talent development courses, and much more.

Job Category

Fixed Term & Temporary

Job Details

About Salesforce

We’re Salesforce, the Customer Company, inspiring the future of business with AI+ Data +CRM. Leading with our core values, we help companies across every industry blaze new trails and connect with customers in a whole new way. And, we empower you to be a Trailblazer, too — driving your performance and career growth, charting new paths, and improving the state of the world. If you believe in business as the greatest platform for change and in companies doing well and doing good – you’ve come to the right place.

Salesforce AI Research advances AI techniques that pave the path for new AI research directions, innovative products and applications with a positive impact on society. Our team of researchers, engineers, product managers, and designers drive AI innovation across pure research, applied research, and new product incubation— all built on our powerful AI platform. We bring companies and customers together using AI that is explainable, transparent, and accountable.

As part of our team you’ll learn unique skills, work with talented people, influence the industry standard for fair and ethical use of artificial intelligence and help us to shape the future of AI.

Check out our website to learn more about the groundbreaking work of the Salesforce AI Research teamhttps://www.salesforceairesearch.com

Salesforce Research is looking for outstanding research interns. Ideal candidates have a strong background in one or more fields:
• Natural Language Processing
• Computer Vision
• Reinforcement Learning
• General Machine Learning

Our research focus includes but is not limited to the following:
• AI Agents
• AI for Software Developers
• AI for Operations / Time Series
• Responsible & Trusted AI
• AI for Knowledge Management
• Mobile AI
• Multimodal AI
• Large Language/Action Modeling
• Human-AI Interaction
• Automatic Evaluation

Candidates that have published in top-tier conferences or journals (e.g., NeurIPS, ICML, ICLR, ACL, EMNLP, CVPR, CHI) are preferred.

As a research intern, you will:
• Work with a team of research scientists and engineers on a project that ideally leads to a submission to a top-tier conference
• Learn about exciting research and applications outside your expertise
• Focus on pure research that incorporates into your PhD focus area and contributes to the AI Community
• Attend conferences with our researchers to showcase your accepted papers

Requirements:
• PhD/MS candidate in a relevant research area
• Excellent understanding of deep learning techniques, i.e., CNN, RNN, LSTM, GRU, GAN, attention models, and optimization methods
• Experience with one or more deep learning libraries and platforms, e.g. PyTorch, TensorFlow, Caffe, or Chainer
• Strong background in machine learning, natural language processing, computer vision, or reinforcement learning
• Strong algorithmic problem solving skills
• Programming experience in Python, Java, C/C++, Lua, or a similar language

This internship is a minimum of 12 weeks.

Accommodations

If you require assistance due to a disability applying for open positions please submit a request via this Accommodations Request Form.

Posting Statement

At Salesforce we believe that the business of business is to improve the state of our world. Each of us has a responsibility to drive Equality in our communities and workplaces. We are committed to creating a workforce that reflects society through inclusive programs and initiatives such as equal pay, employee resource groups, inclusive benefits, and more. Learn more about Equality at www.equality.com and explore our company benefits at www.salesforcebenefits.com.

Salesforce is an Equal Employment Opportunity and Affirmative Action Employer. Qualified applicants will receive consideration for employment without regard to race, color, religion, sex, sexual orientation, gender perception or identity, national origin, age, marital status, protected veteran status, or disability status.Salesforce does not accept unsolicited headhunter and agency resumes.Salesforce will not pay any third-party agency or company that does not have a signed agreement withSalesforce.

Salesforce welcomes all.
For California-based roles, the base salary hiring range for this position is $58 to $65.Compensation offered will be determined by factors such as location, level, job-related knowledge, skills, and experience. Certain roles may be eligible for incentive compensation, equity, benefits. More details about our company benefits can be found at the following link: https://www.salesforcebenefits.com.
"
"PhD Research Intern, Robotics and/or Autonomous Vehicles - 2025",Nvidia,"Seattle, WA • via ZipRecruiter",2025-01-08T13:01:07.305971,"Currently pursuing a PhD Degree in Computer Science, Electrical or Mechanical Engineering, or a related field
Experience in one or more of the following areas:
Robot Manipulation
Robot Control
3D Computer Vision
Physics-Based Simulation
Large Vision and Language Models
Reinforcement Learning
Deep Understanding of Robot Kinematics, Dynamics, and Sensors
Autonomous Vehicles
Foundation Models
Self-Supervised Learning
Verification and Validation of Safety-Critical AI Systems
Programming experience and proficiency in Python (main), C, or C++
Experience with CUDA and deep learning frameworks (i.e TensorFlow or PyTorch)
Strong background in research with publications from top robotics and AI conferences (i.e
RSS, CORL, ICRA, CVPR, NeurIPS)
Excellent communication skills","Currently pursuing a PhD Degree in Computer Science, Electrical or Mechanical Engineering, or a related field; Experience in one or more of the following areas:; Robot Manipulation; Robot Control; 3D Computer Vision; Physics-Based Simulation; Large Vision and Language Models; Reinforcement Learning; Deep Understanding of Robot Kinematics, Dynamics, and Sensors; Autonomous Vehicles; Foundation Models; Self-Supervised Learning; Verification and Validation of Safety-Critical AI Systems; Programming experience and proficiency in Python (main), C, or C++; Experience with CUDA and deep learning frameworks (i.e TensorFlow or PyTorch); Strong background in research with publications from top robotics and AI conferences (i.e; RSS, CORL, ICRA, CVPR, NeurIPS); Excellent communication skills","Currently pursuing a PhD Degree in Computer Science, Electrical or Mechanical Engineering, or a related field
Experience in one or more of the following areas:
Robot Manipulation
Robot Control
3D Computer Vision
Physics-Based Simulation
Large Vision and Language Models
Reinforcement Learning
Deep Understanding of Robot Kinematics, Dynamics, and Sensors
Autonomous Vehicles
Foundation Models
Self-Supervised Learning
Verification and Validation of Safety-Critical AI Systems
Programming experience and proficiency in Python (main), C, or C++
Experience with CUDA and deep learning frameworks (i.e TensorFlow or PyTorch)
Strong background in research with publications from top robotics and AI conferences (i.e
RSS, CORL, ICRA, CVPR, NeurIPS)
Excellent communication skills","Currently pursuing a PhD Degree in Computer Science, Electrical or Mechanical Engineering, or a related field; Experience in one or more of the following areas:; Robot Manipulation; Robot Control; 3D Computer Vision; Physics-Based Simulation; Large Vision and Language Models; Reinforcement Learning; Deep Understanding of Robot Kinematics, Dynamics, and Sensors; Autonomous Vehicles; Foundation Models; Self-Supervised Learning; Verification and Validation of Safety-Critical AI Systems; Programming experience and proficiency in Python (main), C, or C++; Experience with CUDA and deep learning frameworks (i.e TensorFlow or PyTorch); Strong background in research with publications from top robotics and AI conferences (i.e; RSS, CORL, ICRA, CVPR, NeurIPS); Excellent communication skills","Our internship hourly rates are a standard pay determined based on the position and your location, year in school, degree, and experience
You will also be eligible for Internbenefits","Our internship hourly rates are a standard pay determined based on the position and your location, year in school, degree, and experience; You will also be eligible for Internbenefits","Our internship hourly rates are a standard pay determined based on the position and your location, year in school, degree, and experience
You will also be eligible for Internbenefits","Our internship hourly rates are a standard pay determined based on the position and your location, year in school, degree, and experience; You will also be eligible for Internbenefits","By submitting your resume, you're expressing interest in one of our 2025 Robotics & AV Research focused Internships. We'll review resumes on an ongoing basis, and a recruiter may reach out if your experience fits one of our many internship opportunities.

Intelligent machines powered by Artificial Intelligence that can learn, reason, and interact with people are no longer science fiction. An AI-po
wered robot can build 3D maps of its environment, detect and track real-life objects, learn from simulated environments, and understand language commands. This is truly an extraordinary time - the era of AI has begun. NVIDIA Research has several teams looking for world-class Research Interns including, but not limited to, the Robotics Research Lab in Seattle, Washington, and Santa Clara, California, the Generalist Embodied Agent Research (GEAR) group, and the Autonomous Vehicles Research Group.

The Robotics Research Lab is passionate about enabling robots to reach human-level dexterity, perception, and adaptability. We are a diverse and interdisciplinary team to work on core robotics topics ranging from control and perception to task planning and critical areas related to Sim2Real and large vision-language-action models. Our interns have the opportunity to publish original research.

The GEAR group collaborative research team that consistently produces influential works on multimodal foundation models, large-scale robot learning, game AI, and physical simulation. Our past projects include Eureka, VIMA, Voyager, MineDojo, MimicPlay, Prismer, and more. One of our team's most recent milestones includes Project GR00T, a foundation model for humanoid robots. Your contributions will have a significant impact on our moonshot research projects and product roadmaps.

The Autonomous Vehicle Research Group brings together a diverse and interdisciplinary set of researchers to address core topics in vehicle autonomy ranging from perception, prediction, planning and control, to long-tail generalization and robustness, as well as advance the state-of-the-art in a number of critical related fields such as foundation models, self-supervised learning, scenario generation and simulation, decision making under uncertainty, and the verification and validation of safety-critical AI systems.

What you will be doing:
• Work with experts in robotics and learning to define your research project.
• Design and implement advanced techniques for robot perception, planning, and control, as well as new AI models for humanoid robots, autonomous vehicles, and embodied agents.
• Collaborate with other research team members and a diverse set of internal product teams.
• Have a broader impact through transfer and/or open-source of the technology you've developed to relevant product groups.

What we need to see:
• Currently pursuing a PhD Degree in Computer Science, Electrical or Mechanical Engineering, or a related field
• Experience in one or more of the following areas:
• Robot Manipulation
• Robot Control
• 3D Computer Vision
• Physics-Based Simulation
• Human-Robot Interaction
• Humanoid Robots
• Embodied Agents
• Large Vision and Language Models
• Reinforcement Learning
• Deep Understanding of Robot Kinematics, Dynamics, and Sensors
• Autonomous Vehicles
• Foundation Models
• Self-Supervised Learning
• Scenario Generation and Simulation
• Verification and Validation of Safety-Critical AI Systems
• Programming experience and proficiency in Python (main), C, or C++
• Experience with CUDA and deep learning frameworks (i.e TensorFlow or PyTorch)
• Strong background in research with publications from top robotics and AI conferences (i.e. RSS, CORL, ICRA, CVPR, NeurIPS)
• Excellent communication skills.

NVIDIA is widely considered one of the technology world's most desirable employers. We have some of the most forward-thinking and hardworking people in the world. Are you a creative and collaborative researcher with a real passion for computer graphics? If so, we want to hear from you!

The hourly rate for our interns is 30 USD - 90 USD. Our internship hourly rates are a standard pay determined based on the position and your location, year in school, degree, and experience.

You will also be eligible for Internbenefits. NVIDIA accepts applications on an ongoing basis.

NVIDIA is committed to fostering a diverse work environment and proud to be an equal opportunity employer. As we highly value diversity in our current and future employees, we do not discriminate (including in our hiring and promotion practices) on the basis of race, religion, color, national origin, gender, gender expression, sexual orientation, age, marital status, veteran status, disability status or any other characteristic protected by law.
"
Human Resources Intern,Real AI Dynamics,"Las Vegas, NV • via Salary.com",2025-01-08T13:01:17.391628,"Currently pursuing a degree in Human Resources, Business Administration, Psychology, or a related field
Strong organizational skills with attention to detail
Excellent communication and interpersonal skills
Ability to maintain confidentiality and handle sensitive information
Proficiency in Google Suite
Ability to work independently in a remote environment and manage multiple tasks effectively
A proactive attitude with a willingness to learn and contribute to a team environment","Currently pursuing a degree in Human Resources, Business Administration, Psychology, or a related field; Strong organizational skills with attention to detail; Excellent communication and interpersonal skills; Ability to maintain confidentiality and handle sensitive information; Proficiency in Google Suite; Ability to work independently in a remote environment and manage multiple tasks effectively; A proactive attitude with a willingness to learn and contribute to a team environment","Currently pursuing a degree in Human Resources, Business Administration, Psychology, or a related field
Strong organizational skills with attention to detail
Excellent communication and interpersonal skills
Ability to maintain confidentiality and handle sensitive information
Proficiency in Google Suite
Ability to work independently in a remote environment and manage multiple tasks effectively
A proactive attitude with a willingness to learn and contribute to a team environment","Currently pursuing a degree in Human Resources, Business Administration, Psychology, or a related field; Strong organizational skills with attention to detail; Excellent communication and interpersonal skills; Ability to maintain confidentiality and handle sensitive information; Proficiency in Google Suite; Ability to work independently in a remote environment and manage multiple tasks effectively; A proactive attitude with a willingness to learn and contribute to a team environment","Compensation: Based on task completion
The chance to collaborate with leading AI professionals and business visionaries
A hands-on learning experience in the fast-evolving AI industry
Flexible working hours and remote work options
Exposure to global AI training programs and events
A unique opportunity to enrich your portfolio and gain valuable HR experience
Mentorship and guidance from experienced HR and AI professionals
Access to professional development resources and networking opportunities",Compensation: Based on task completion; The chance to collaborate with leading AI professionals and business visionaries; A hands-on learning experience in the fast-evolving AI industry; Flexible working hours and remote work options; Exposure to global AI training programs and events; A unique opportunity to enrich your portfolio and gain valuable HR experience; Mentorship and guidance from experienced HR and AI professionals; Access to professional development resources and networking opportunities,"Compensation: Based on task completion
The chance to collaborate with leading AI professionals and business visionaries
A hands-on learning experience in the fast-evolving AI industry
Flexible working hours and remote work options
Exposure to global AI training programs and events
A unique opportunity to enrich your portfolio and gain valuable HR experience
Mentorship and guidance from experienced HR and AI professionals
Access to professional development resources and networking opportunities",Compensation: Based on task completion; The chance to collaborate with leading AI professionals and business visionaries; A hands-on learning experience in the fast-evolving AI industry; Flexible working hours and remote work options; Exposure to global AI training programs and events; A unique opportunity to enrich your portfolio and gain valuable HR experience; Mentorship and guidance from experienced HR and AI professionals; Access to professional development resources and networking opportunities,"Job Title: Human Resource Internship - Remote

Human Resource Intern (Remote)

Company: Real AI Dynamics (RAID)

Location: Remote (Las Vegas, United States)

Duration: Minimum 3 months, flexible working hours

Compensation: Based on task completion

Website: www.realaidynamics.com

Job Summary:

Real AI Dynamics is a leading innovator in AI technology, empowering businesses to achieve unprecedente
d growth and leadership in their industries. We are seeking a motivated and enthusiastic HR Intern to join our dynamic team. This internship offers a unique opportunity to gain hands-on experience in various aspects of human resources while contributing to the development and well-being of our global workforce.

Key Responsibilities:
• Assist in the recruitment process, including posting job ads, screening resumes, and scheduling interviews.
• Support the onboarding process by preparing orientation materials and coordinating new hire activities.
• Help maintain employee records and ensure compliance with HR policies and procedures.
• Provide administrative support to the HR team in day-to-day operations.
• Contribute to the development and implementation of various HR projects.
• Research and recommend best practices in HR management and assist in policy development.

Required Qualifications:
• Currently pursuing a degree in Human Resources, Business Administration, Psychology, or a related field.
• Strong organizational skills with attention to detail.
• Excellent communication and interpersonal skills.
• Ability to maintain confidentiality and handle sensitive information.
• Proficiency in Google Suite.
• Ability to work independently in a remote environment and manage multiple tasks effectively.
• A proactive attitude with a willingness to learn and contribute to a team environment.

What We Offer:
• The chance to collaborate with leading AI professionals and business visionaries.
• A hands-on learning experience in the fast-evolving AI industry.
• Flexible working hours and remote work options.
• Exposure to global AI training programs and events.
• A unique opportunity to enrich your portfolio and gain valuable HR experience.
• Mentorship and guidance from experienced HR and AI professionals.
• Access to professional development resources and networking opportunities.



How to Apply:

Join us and be part of the future of AI innovation at Real AI Dynamics. Help us create an impactful HR environment that supports cutting-edge AI integration and growth. Take the first step towards a transformative HR career!

We invite you to apply for the internship position by submitting your resume and a motivation letter to the following email address: dubem@realaidynamics.com We look forward to reviewing your application.
"
Artificial Intelligence Intern,CAI,"Des Moines, IA • via Jooble",2025-01-08T13:01:27.546043,"Pursuing a degree in Computer Science, Artificial Intelligence, or Math
Current Junior with a 3.5 GPA or higher
Interested in learning about all types of automation from machine learning, integration through APIs and artificial intelligence
Experience with all phases of the Software Development Lifecycle (SDLC) including best practices in using agile tools to build and support automations from inception through implementation and ongoing support
Strong experience with an object-oriented programming language such as C++, C#, or Java
Desire to continuously learn in a team environment
Excellent written and verbal communication skills
*Physical Demands**
Ability to safely and successfully perform the essential job functions consistent with the ADA and other federal, state, and local standards
Sedentary work that involves sitting or remaining stationary most of the time with occasional need to move around the office to attend meetings, etc
Ability to conduct repetitive tasks on a computer, utilizing a mouse, keyboard, and monitor
#DNP","Pursuing a degree in Computer Science, Artificial Intelligence, or Math; Current Junior with a 3.5 GPA or higher; Interested in learning about all types of automation from machine learning, integration through APIs and artificial intelligence; Experience with all phases of the Software Development Lifecycle (SDLC) including best practices in using agile tools to build and support automations from inception through implementation and ongoing support; Strong experience with an object-oriented programming language such as C++, C#, or Java; Desire to continuously learn in a team environment; Excellent written and verbal communication skills; *Physical Demands**; Ability to safely and successfully perform the essential job functions consistent with the ADA and other federal, state, and local standards; Sedentary work that involves sitting or remaining stationary most of the time with occasional need to move around the office to attend meetings, etc; Ability to conduct repetitive tasks on a computer, utilizing a mouse, keyboard, and monitor; #DNP","Pursuing a degree in Computer Science, Artificial Intelligence, or Math
Current Junior with a 3.5 GPA or higher
Interested in learning about all types of automation from machine learning, integration through APIs and artificial intelligence
Experience with all phases of the Software Development Lifecycle (SDLC) including best practices in using agile tools to build and support automations from inception through implementation and ongoing support
Strong experience with an object-oriented programming language such as C++, C#, or Java
Desire to continuously learn in a team environment
Excellent written and verbal communication skills
*Physical Demands**
Ability to safely and successfully perform the essential job functions consistent with the ADA and other federal, state, and local standards
Sedentary work that involves sitting or remaining stationary most of the time with occasional need to move around the office to attend meetings, etc
Ability to conduct repetitive tasks on a computer, utilizing a mouse, keyboard, and monitor
#DNP","Pursuing a degree in Computer Science, Artificial Intelligence, or Math; Current Junior with a 3.5 GPA or higher; Interested in learning about all types of automation from machine learning, integration through APIs and artificial intelligence; Experience with all phases of the Software Development Lifecycle (SDLC) including best practices in using agile tools to build and support automations from inception through implementation and ongoing support; Strong experience with an object-oriented programming language such as C++, C#, or Java; Desire to continuously learn in a team environment; Excellent written and verbal communication skills; *Physical Demands**; Ability to safely and successfully perform the essential job functions consistent with the ADA and other federal, state, and local standards; Sedentary work that involves sitting or remaining stationary most of the time with occasional need to move around the office to attend meetings, etc; Ability to conduct repetitive tasks on a computer, utilizing a mouse, keyboard, and monitor; #DNP",*Worksite Flexibility**,*Worksite Flexibility**,*Worksite Flexibility**,*Worksite Flexibility**,"• *Job ID Number**
R3989
• *Employment Type**
Full time
• *Worksite Flexibility**
Remote
• *Job Summary**
As an Artificial Intelligence Intern, you will participate in all aspects of the software development, develop and troubleshoot bugs, and suggest improvements.
• *Job Description**
We are looking for an **AI Intern** **.** This position is a **full-time, internship** role and is **remote** . T
he internship dates are June 2, 2025 to August 1, 2025.
• *What** **Youll** **Do**
• Our AI Interns participate in all aspects of the software development lifecycle, from design to testing to deployment
• Work on Ad Hoc Projects
• Develop, troubleshoot bugs and document findings
• Suggest improvements
• *What You'll Need**
Required
• Pursuing a degree in Computer Science, Artificial Intelligence, or Math
• Current Junior with a 3.5 GPA or higher
• Interested in learning about all types of automation from machine learning, integration through APIs and artificial intelligence
• Experience with all phases of the Software Development Lifecycle (SDLC) including best practices in using agile tools to build and support automations from inception through implementation and ongoing support
• Strong experience with an object-oriented programming language such as C++, C#, or Java
• Desire to continuously learn in a team environment
• Excellent written and verbal communication skills
• *Physical Demands**
• Ability to safely and successfully perform the essential job functions consistent with the ADA and other federal, state, and local standards
• Sedentary work that involves sitting or remaining stationary most of the time with occasional need to move around the office to attend meetings, etc.
• Ability to conduct repetitive tasks on a computer, utilizing a mouse, keyboard, and monitor

#DNP
• *Reasonable Accommodation Statement**
If you require a reasonable accommodation in completing this application, interviewing, completing any pre-employment testing, or otherwise participating in the employment selection process, please direct your inquiries to View email address on click.appcast.io or View phone number on click.appcast.io.
• *Equal Employment Opportunity Policy Statement**
It is the policy of CAI not to discriminate against any employee or applicant due to race, color, religion, sex, sexual orientation, gender identity, national origin, age, marital status, genetic information, disability or being a protected veteran. It is also the policy of CAI to take affirmative action to employ and to advance in employment, all persons regardless of race, color, religion, sex, sexual orientation, gender identity, national origin, age, marital status, genetic information, disability or being a protected veteran, and to base all employment decisions only on valid job requirements. This policy shall apply to all employment actions, including but not limited to recruitment, hiring, upgrading, promotion, transfer, demotion, layoff, recall, termination, rates of pay or other forms of compensation and selection for training, including apprenticeship, at all levels of employment. Employees and applicants of CAI will not be subject to harassment due to race, color, religion, sex, sexual orientation, gender identity, national origin, age, marital status, genetic information, disability or being a protected veteran. Additionally, retaliation, including intimidation, threats, or coercion, because an employee or applicant has objected to discrimination, engaged or may engage in filing a complaint, assisted in a review, investigation, or hearing or have otherwise sought to obtain their legal rights under any Federal, State, or local EEO law is prohibited. CAI
"
Sales Representative Intern,Real AI Dynamics,"Greenland, AR • via Jora",2025-01-08T13:01:37.701944,"Currently pursuing a degree in Business, Marketing, Sales, Economics, or a related field
Strong interest in tech sales with aspirations for growth into leadership roles
Excellent verbal and written communication skills; confident in presenting ideas clearly and persuasively
Proficiency in using CRM tools, Microsoft Excel, and other basic software
Strong analytical skills with the ability to gather and interpret data effectively
Self-motivated, detail-oriented, and able to manage multiple tasks independently
Willingness to learn, adapt to new processes, and thrive in a fast-paced, goal-oriented environment","Currently pursuing a degree in Business, Marketing, Sales, Economics, or a related field; Strong interest in tech sales with aspirations for growth into leadership roles; Excellent verbal and written communication skills; confident in presenting ideas clearly and persuasively; Proficiency in using CRM tools, Microsoft Excel, and other basic software; Strong analytical skills with the ability to gather and interpret data effectively; Self-motivated, detail-oriented, and able to manage multiple tasks independently; Willingness to learn, adapt to new processes, and thrive in a fast-paced, goal-oriented environment","Currently pursuing a degree in Business, Marketing, Sales, Economics, or a related field
Strong interest in tech sales with aspirations for growth into leadership roles
Excellent verbal and written communication skills; confident in presenting ideas clearly and persuasively
Proficiency in using CRM tools, Microsoft Excel, and other basic software
Strong analytical skills with the ability to gather and interpret data effectively
Self-motivated, detail-oriented, and able to manage multiple tasks independently
Willingness to learn, adapt to new processes, and thrive in a fast-paced, goal-oriented environment","Currently pursuing a degree in Business, Marketing, Sales, Economics, or a related field; Strong interest in tech sales with aspirations for growth into leadership roles; Excellent verbal and written communication skills; confident in presenting ideas clearly and persuasively; Proficiency in using CRM tools, Microsoft Excel, and other basic software; Strong analytical skills with the ability to gather and interpret data effectively; Self-motivated, detail-oriented, and able to manage multiple tasks independently; Willingness to learn, adapt to new processes, and thrive in a fast-paced, goal-oriented environment","Compensation: Task-based pay with 10% commission on products sold
Hands-On Experience: Gain firsthand exposure to a high-tech sales environment with cutting-edge AI solutions
Mentorship: Receive one-on-one guidance from experienced sales professionals and AI experts
Training and Development: Access training sessions on advanced sales techniques, AI technology, and career-building skills
Performance Reviews: Regular evaluations based on key metrics, including client engagement and contributions to sales growth
Flexible Work Environment: Remote work with hours that can be adjusted to fit your schedule
Flexible working options
Opportunity to make a positive impact","Compensation: Task-based pay with 10% commission on products sold; Hands-On Experience: Gain firsthand exposure to a high-tech sales environment with cutting-edge AI solutions; Mentorship: Receive one-on-one guidance from experienced sales professionals and AI experts; Training and Development: Access training sessions on advanced sales techniques, AI technology, and career-building skills; Performance Reviews: Regular evaluations based on key metrics, including client engagement and contributions to sales growth; Flexible Work Environment: Remote work with hours that can be adjusted to fit your schedule; Flexible working options; Opportunity to make a positive impact","Compensation: Task-based pay with 10% commission on products sold
Hands-On Experience: Gain firsthand exposure to a high-tech sales environment with cutting-edge AI solutions
Mentorship: Receive one-on-one guidance from experienced sales professionals and AI experts
Training and Development: Access training sessions on advanced sales techniques, AI technology, and career-building skills
Performance Reviews: Regular evaluations based on key metrics, including client engagement and contributions to sales growth
Flexible Work Environment: Remote work with hours that can be adjusted to fit your schedule
Flexible working options
Opportunity to make a positive impact","Compensation: Task-based pay with 10% commission on products sold; Hands-On Experience: Gain firsthand exposure to a high-tech sales environment with cutting-edge AI solutions; Mentorship: Receive one-on-one guidance from experienced sales professionals and AI experts; Training and Development: Access training sessions on advanced sales techniques, AI technology, and career-building skills; Performance Reviews: Regular evaluations based on key metrics, including client engagement and contributions to sales growth; Flexible Work Environment: Remote work with hours that can be adjusted to fit your schedule; Flexible working options; Opportunity to make a positive impact","Founded by a team of AI enthusiasts and business strategists, RAID has been leading the way in AI solution integration. Our team comprises AI experts, data scientists, and business consultants, all dedicated to providing cutting-edge solutions tailored to your business needs. Our Mission: To empower businesses with AI technology, helping them to innovate, grow, and lead in their respective industr
ies.

The Role

Job Title: Sales Representative Intern (Remote)

Company: Real AI Dynamics (RAID)

Location: Remote (Las Vegas, United States)

Duration: Minimum 3 months with flexible working hours

Compensation: Task-based pay with 10% commission on products sold

Website: www.realaidynamics.com

Job Summary:

Real AI Dynamics (RAID) is a leader in Artificial Intelligence (AI) innovation, merging advanced AI technologies with business operations to drive growth, foster innovation, and secure industry leadership. We are looking for a driven Sales Representative Intern who is eager to gain valuable experience in tech sales while contributing to the company’s growth. This role offers a unique opportunity to work closely with experienced Sales Development Representatives (SDRs), Business Development Representatives (BDRs), and AI strategists in a dynamic, high-energy environment. If you’re passionate about AI, sales, and career advancement, this is the perfect starting point. We are seeking to hire interns immediately.

Key Responsibilities:
• Prospect Identification and Outreach: Research and identify potential clients, initiating contact to build relationships and educate them on RAID’s innovative AI solutions.
• Sales Strategy and Support: Assist in developing and executing sales strategies, organizing campaigns, and refining outreach messaging to maximize reach and engagement.
• Pipeline Management: Support the sales team by managing leads, updating the CRM system, and ensuring accurate tracking of client interactions.
• Customer Insights and Reporting: Analyze sales and customer data to identify trends, opportunities, and areas for revenue growth.
• Presentation Preparation: Collaborate with sales and marketing teams to create persuasive presentations, proposals, and tailored pitches for potential clients.
• Client Engagement: Maintain relationships with leads and clients through follow-up communications, providing additional information as necessary.
• Sales Metrics and Reporting: Track outreach effectiveness, compile data for reports, and present insights that inform sales strategies and decision-making.
• Collaboration: Work with cross-functional teams, including SDRs and BDRs, to develop targeted outreach materials and contribute to sales growth discussions.

What We Offer:

● Hands-On Experience: Gain firsthand exposure to a high-tech sales environment with cutting-edge AI solutions.

● Mentorship: Receive one-on-one guidance from experienced sales professionals and AI experts.

● Training and Development: Access training sessions on advanced sales techniques, AI technology, and career-building skills.

● Performance Reviews: Regular evaluations based on key metrics, including client engagement and contributions to sales growth. High-performing interns may be considered for full-time roles.

● Growth Opportunities: The potential pathway to leadership positions, such as Head of Sales, for top performers.

● Flexible Work Environment: Remote work with hours that can be adjusted to fit your schedule.

Join Us:

Be part of the AI revolution at Real AI Dynamics. Take the first step in your tech sales career, contribute meaningfully, and gain invaluable experience in a supportive, high-energy team. If you’re excited about technology and passionate about sales, we’d love to hear from you!

Ideal Profile

Qualifications:
• Currently pursuing a degree in Business, Marketing, Sales, Economics, or a related field.
• Strong interest in tech sales with aspirations for growth into leadership roles.
• Previous experience in customer-facing roles or sales (preferred but not required).
• Excellent verbal and written communication skills; confident in presenting ideas clearly and persuasively.
• Proficiency in using CRM tools, Microsoft Excel, and other basic software.
• Strong analytical skills with the ability to gather and interpret data effectively.
• Self-motivated, detail-oriented, and able to manage multiple tasks independently.
• Willingness to learn, adapt to new processes, and thrive in a fast-paced, goal-oriented environment.

What's on Offer?
• Flexible working options
• Opportunity to make a positive impact
• Leadership Role
"
"AI Applied Scientist - PhD Intern, Valuation & Market Dynamics (VMD)","ZINC Zillow, Inc.",Anywhere • via Workday,2025-01-08T13:01:47.553789,"Is a currently enrolled PhD graduate student working towards a degree in computer science, machine learning, economics, statistics or another applicable field
Has experience working in one or more of these areas: ○ Machine learning applied to tabular data, ideally in an economic context ○ Deep Learning models ○ Multimodal ML models ○ Analyzing quasi- or natural experiments and/or causal modeling ○ Geospatial data application to machine learning problems ○ Model explainability and/or ethical & responsible AI ○ Python & large datasets ○ Applying Computer Vision techniques to classification tasks
Has good publication record or is highly motivated towards publishing at top-tier scientific journals and/or conferences within the Computer Sciences, Economics, Statistics and Real Estate domains","Is a currently enrolled PhD graduate student working towards a degree in computer science, machine learning, economics, statistics or another applicable field; Has experience working in one or more of these areas: ○ Machine learning applied to tabular data, ideally in an economic context ○ Deep Learning models ○ Multimodal ML models ○ Analyzing quasi- or natural experiments and/or causal modeling ○ Geospatial data application to machine learning problems ○ Model explainability and/or ethical & responsible AI ○ Python & large datasets ○ Applying Computer Vision techniques to classification tasks; Has good publication record or is highly motivated towards publishing at top-tier scientific journals and/or conferences within the Computer Sciences, Economics, Statistics and Real Estate domains","Is a currently enrolled PhD graduate student working towards a degree in computer science, machine learning, economics, statistics or another applicable field
Has experience working in one or more of these areas: ○ Machine learning applied to tabular data, ideally in an economic context ○ Deep Learning models ○ Multimodal ML models ○ Analyzing quasi- or natural experiments and/or causal modeling ○ Geospatial data application to machine learning problems ○ Model explainability and/or ethical & responsible AI ○ Python & large datasets ○ Applying Computer Vision techniques to classification tasks
Has good publication record or is highly motivated towards publishing at top-tier scientific journals and/or conferences within the Computer Sciences, Economics, Statistics and Real Estate domains","Is a currently enrolled PhD graduate student working towards a degree in computer science, machine learning, economics, statistics or another applicable field; Has experience working in one or more of these areas: ○ Machine learning applied to tabular data, ideally in an economic context ○ Deep Learning models ○ Multimodal ML models ○ Analyzing quasi- or natural experiments and/or causal modeling ○ Geospatial data application to machine learning problems ○ Model explainability and/or ethical & responsible AI ○ Python & large datasets ○ Applying Computer Vision techniques to classification tasks; Has good publication record or is highly motivated towards publishing at top-tier scientific journals and/or conferences within the Computer Sciences, Economics, Statistics and Real Estate domains","In California, Colorado, Connecticut, Hawaii, Illinois, Maryland, Minnesota, Nevada, New York, Washington state, and Washington DC the standard base pay range for this role is $104,000.00 - $166,000.00 Annually
This base pay range is specific to California, Colorado, Connecticut, Hawaii, Illinois, Maryland, Minnesota, Nevada, New York, Washington state, and Washington DC and may not be applicable to other locations
These benefits include comprehensive medical, dental, vision, life, and disability coverages as well as parental leave, family benefits, retirement contributions, and paid time off
We’re also setting the standard for work experiences of the future, where our employees are supported in doing their best work and living a flexible, well-balanced life","In California, Colorado, Connecticut, Hawaii, Illinois, Maryland, Minnesota, Nevada, New York, Washington state, and Washington DC the standard base pay range for this role is $104,000.00 - $166,000.00 Annually; This base pay range is specific to California, Colorado, Connecticut, Hawaii, Illinois, Maryland, Minnesota, Nevada, New York, Washington state, and Washington DC and may not be applicable to other locations; These benefits include comprehensive medical, dental, vision, life, and disability coverages as well as parental leave, family benefits, retirement contributions, and paid time off; We’re also setting the standard for work experiences of the future, where our employees are supported in doing their best work and living a flexible, well-balanced life","In California, Colorado, Connecticut, Hawaii, Illinois, Maryland, Minnesota, Nevada, New York, Washington state, and Washington DC the standard base pay range for this role is $104,000.00 - $166,000.00 Annually
This base pay range is specific to California, Colorado, Connecticut, Hawaii, Illinois, Maryland, Minnesota, Nevada, New York, Washington state, and Washington DC and may not be applicable to other locations
These benefits include comprehensive medical, dental, vision, life, and disability coverages as well as parental leave, family benefits, retirement contributions, and paid time off
We’re also setting the standard for work experiences of the future, where our employees are supported in doing their best work and living a flexible, well-balanced life","In California, Colorado, Connecticut, Hawaii, Illinois, Maryland, Minnesota, Nevada, New York, Washington state, and Washington DC the standard base pay range for this role is $104,000.00 - $166,000.00 Annually; This base pay range is specific to California, Colorado, Connecticut, Hawaii, Illinois, Maryland, Minnesota, Nevada, New York, Washington state, and Washington DC and may not be applicable to other locations; These benefits include comprehensive medical, dental, vision, life, and disability coverages as well as parental leave, family benefits, retirement contributions, and paid time off; We’re also setting the standard for work experiences of the future, where our employees are supported in doing their best work and living a flexible, well-balanced life","About the team Are you passionate about building new data products and experiences to change how people shop for homes and rentals? Every month over 180 million users turn to Zillow for help. The Zillow AI Team is re-imagining the home shopping experience, supporting people through the process of finding their home, understanding its value and ultimately making an offer or submitting an applicatio
n. All from the convenience of their phones or PCs. Using groundbreaking technologies, our team works across data, product, design, research, engineering, and business to enable people to find their home, tour it, finance it, and connect with the right people to help them achieve their dreams. We believe this is the future of home shopping! About the role Our team is hiring interns (remote positions) for Summer 2025! As an intern, you will have the opportunity to innovate for our customers and our business. Your groundbreaking work will help us evolve and test our key data products and home valuation models, including the Zestimate, Rent Zestimate, Zillow Home Value Index (ZHVI) and many more models that provide critical market information and interactive tooling at both the aggregate and home-specific levels. We are eager to partner with hardworking students interested in pushing the state-of-the-art in the high-impact research areas of Deep Learning, Geospatial Data Application, Causal Modeling, Model Explainability, Responsible/Ethical AI, Real Estate Economics and Fair Housing Alignment. Our team has an open attitude towards research, and we encourage publications and continuing collaborations. Many of our past interns have submissions and publications at top ML and other domain-specific conferences as a product of intern research and team collaboration. Please see https://github.com/zillow/as-research for more details. This role has been categorized as a Remote position. “Remote” employees do not have a permanent corporate office workplace and, instead, work from a physical location of their choice, which must be identified to the Company. U.S. employees may live in any of the 50 United States, with limited exceptions. In California, Colorado, Connecticut, Hawaii, Illinois, Maryland, Minnesota, Nevada, New York, Washington state, and Washington DC the standard base pay range for this role is $104,000.00 - $166,000.00 Annually. This base pay range is specific to California, Colorado, Connecticut, Hawaii, Illinois, Maryland, Minnesota, Nevada, New York, Washington state, and Washington DC and may not be applicable to other locations. Who you are ● Is a currently enrolled PhD graduate student working towards a degree in computer science, machine learning, economics, statistics or another applicable field. ● Has experience working in one or more of these areas: ○ Machine learning applied to tabular data, ideally in an economic context ○ Deep Learning models ○ Multimodal ML models ○ Analyzing quasi- or natural experiments and/or causal modeling ○ Geospatial data application to machine learning problems ○ Model explainability and/or ethical & responsible AI ○ Python & large datasets ○ Applying Computer Vision techniques to classification tasks ● Has good publication record or is highly motivated towards publishing at top-tier scientific journals and/or conferences within the Computer Sciences, Economics, Statistics and Real Estate domains. Get to know us Zillow is reimagining real estate to make home a reality for more and more people. As the most-visited real estate website in the United States, Zillow® and its affiliates help movers find and win their home through digital solutions, first class partners, and easier buying, selling, financing and renting experiences. Millions of people visit Zillow Group sites every month to start their home search, and now they can rely on Zillow to help make it easier to move. The work we do helps people get home and no matter what job you're in, you will play a critical role in making home a reality for more and more people. Our efforts to streamline the real estate transaction are supported by a deep-rooted culture of innovation, our passion to redefine the employee experience, a fundamental commitment to Equity and Belonging, and world-class benefits. These benefits include comprehensive medical, dental, vision, life, and disability coverages as well as parental leave, family benefits, retirement contributions, and paid time off. We’re also setting the standard for work experiences of the future, where our employees are supported in doing their best work and living a flexible, well-balanced life. But don’t just take our word for it. Read recent reviews on Glassdoor and recent recognition from multiple organizations, including: the 100 Best Companies to Work For, Glassdoor Employees’ Choice Award, Bloomberg Gender-Equality Index, Human Rights Campaign (HRC) Corporate Equity Index, and TIME 100 Most Influential Companies list. Zillow Group is an equal opportunity employer committed to fostering an inclusive, innovative environment with the best employees. We are committed to equal employment opportunity regardless of race, color, ancestry, religion, sex, national origin, sexual orientation, age, citizenship, marital status, disability, gender identity or Veteran status. If you have a disability or special need that requires accommodation, please contact your recruiter directly. Qualified applicants with arrest or conviction records will be considered for employment in accordance with applicable state and local law. Applicants who receive job offers from Zillow Group will be asked to sign a Proprietary Rights Agreement which includes confidentiality, intellectual property assignment, customer and employee non-solicitation, and non-competition provisions. If you are contacted for a role at Zillow Group and wish to review a copy of the Proprietary Rights Agreement prior to receiving an offer, you may request a copy from your Recruiter. That’s OK! Introduce yourself to our recruiting teams and give yourself greater potential of finding a role that is a fit. Receive early access to events, jobs, and insights into life at Zillow. Join Our Talent Network Giving our employees more flexibility can lead to a more diverse and representative workforce. Cloud HQ represents our commitment to flexible work at Zillow, and a positive work-life integration. It’s living where you want, and wrapping your work around your life instead of vice versa. Cloud HQ doesn’t mean eschewing offices or never seeing each other in person; the office just serves a different purpose now. We are more intentional about how and when we get together.
"
AI Product Designer Internship,GENIE AI,Anywhere • via Wellfound,2025-01-08T13:01:54.753615,,,,,,,,,"About Company

GENIE is an applied AI lab developing Assistive Intelligence (AI) solutions for businesses, governments, and non-profits. Our focus is on translating the massive potential of GenAI, RPA, and AR/VR technologies into a measurable competitive advantage. We firmly believe in the future of interactive technology and view cognition as its most capable instrument. With a track record of fi
rsts, we've partnered with category-leading businesses to pilot ALBIS Experience Studio™.

About Team

GENIE comprises a winning team of Subject Matter Experts with over 20 years of specialization in ML/AI, offering world-class strategy, engineering, and design. Our team includes 42+ executives, business experts, ML engineers, RPA engineers, security engineers, data engineers, product designers, researchers, testers, content creators, and sales professionals.

About the Product

ALBIS™ Enterprise-grade no code AI Automation studio designed to enable anyone to create and manage experiences across physical, digital, and virtual spaces. ALBIS takes experience management to a whole new standard by leveraging Gen AI, Robotic Automation, IoT, AR/VR, and other advanced tech to enable actions like real-time data checks, outcome prediction, task automation, and autopilot activation.

What’s in it for you?

Opportunity and experience working at the forefront of an AI SaaS platform. Rocket growth driven by future technologies; Disrupting global industries; Global multi-team collaboration. Hands-on experience in a fast-paced and dynamic work environment. Work closely with experienced professionals and receive mentorship. Exposure to a variety of projects and the opportunity to contribute to impactful solutionss. Networking opportunities within the industry. Internship Completion Certification.

Role: AI Product Designer Internship

Location: Remote

Duration: 4 months with the potential to convert to a full-time opportunity

Role Overview:

GENIE AI is seeking a talented and creative Product Designer Intern with out-of-the-box creativity and a strong understanding of UX design principles. The ideal candidate will be responsible for designing intuitive and visually appealing user interfaces for our digital products. They will collaborate closely with cross-functional teams to create seamless and user-friendly experiences that align with our brand identity and user requirements. The Product Designer Intern will be instrumental in crafting user-centric designs that enhance the overall product usability and customer satisfaction.

Responsibilities:
• Create visually engaging and user-friendly interface designs for web and mobile applications, adhering to brand guidelines and design standards.
• Develop wireframes, prototypes, and mockups to effectively communicate interaction and design ideas.
• Conduct thorough research and analysis to understand user needs and behaviors, incorporating UX best practices into the design process.
• Collaborate with product managers, developers, and other stakeholders to ensure the successful implementation of design solutions.
• Iterate on designs based on feedback, user testing, and data-driven insights to continuously improve the user experience.
• Stay updated with industry trends and advancements in UI/UX design, and proactively integrate new technologies and design trends into the development process.
• Communicate design concepts and rationale effectively to both technical and non-technical team members.

Requirements:
• Bachelor's degree in Design, Human-Computer Interaction, or a related field; or equivalent practical experience.
• Proven experience in UI design, wireframing, and prototyping tools such as Sketch, Adobe XD, Figma, or similar software.
• Strong understanding of UX design principles and best practices, with the ability to translate user needs into intuitive and visually appealing designs.
-Solid portfolio showcasing previous UI design projects and demonstrating a strong grasp of design principles and methodologies.
• Excellent communication and collaboration skills, with the ability to work effectively in a cross-functional team environment.
• Familiarity with front-end development and coding languages (e.g., HTML, CSS, JavaScript) is a plus.
• Ability to manage multiple projects and prioritize tasks in a fast-paced and dynamic work environment.

If you are passionate about AI, have a talent for product design, and want to play a pivotal role in helping design AI products, we encourage you to apply for the position of Product Designer Internship at GENIE AI.
"
A.I. Intern Support Tech - Information Technology Division,Texas Department of Transportation,"Austin, TX • via ZipRecruiter",2025-01-08T13:02:04.897941,"Education: Must be a student in high school or other educational institution or accepted into a college, university or educational institution
Must be at least 16 years of age, a student currently enrolled in high school or any institution of higher education to include
Employees at least 18 years of age with valid driver's license may be assigned driving duties and may
use power tools
Research and analysis methodologies
Maintaining effective working relationships with others
Using standard office equipment
Using computers and applicable programs, applications, and systems
Maintaining a safe working relationship
Subject to environmental conditions; protection from weather but not temperature changes
Light work: Lift up to 20 lbs at a time and frequently lift or carry objects up to 10 lbs
Sitting - prolonged periods of time
Standing-prolonged periods of time
Repetitive Motion-substantial movements of the wrists, hands, and/or fingers
Close Visual Acuity-work includes data/figures; view a computer screen; extensive reading","Education: Must be a student in high school or other educational institution or accepted into a college, university or educational institution; Must be at least 16 years of age, a student currently enrolled in high school or any institution of higher education to include; Employees at least 18 years of age with valid driver's license may be assigned driving duties and may; use power tools; Research and analysis methodologies; Maintaining effective working relationships with others; Using standard office equipment; Using computers and applicable programs, applications, and systems; Maintaining a safe working relationship; Subject to environmental conditions; protection from weather but not temperature changes; Light work: Lift up to 20 lbs at a time and frequently lift or carry objects up to 10 lbs; Sitting - prolonged periods of time; Standing-prolonged periods of time; Repetitive Motion-substantial movements of the wrists, hands, and/or fingers; Close Visual Acuity-work includes data/figures; view a computer screen; extensive reading","Education: Must be a student in high school or other educational institution or accepted into a college, university or educational institution
Must be at least 16 years of age, a student currently enrolled in high school or any institution of higher education to include
Employees at least 18 years of age with valid driver's license may be assigned driving duties and may
use power tools
Research and analysis methodologies
Maintaining effective working relationships with others
Using standard office equipment
Using computers and applicable programs, applications, and systems
Maintaining a safe working relationship
Subject to environmental conditions; protection from weather but not temperature changes
Light work: Lift up to 20 lbs at a time and frequently lift or carry objects up to 10 lbs
Sitting - prolonged periods of time
Standing-prolonged periods of time
Repetitive Motion-substantial movements of the wrists, hands, and/or fingers
Close Visual Acuity-work includes data/figures; view a computer screen; extensive reading","Education: Must be a student in high school or other educational institution or accepted into a college, university or educational institution; Must be at least 16 years of age, a student currently enrolled in high school or any institution of higher education to include; Employees at least 18 years of age with valid driver's license may be assigned driving duties and may; use power tools; Research and analysis methodologies; Maintaining effective working relationships with others; Using standard office equipment; Using computers and applicable programs, applications, and systems; Maintaining a safe working relationship; Subject to environmental conditions; protection from weather but not temperature changes; Light work: Lift up to 20 lbs at a time and frequently lift or carry objects up to 10 lbs; Sitting - prolonged periods of time; Standing-prolonged periods of time; Repetitive Motion-substantial movements of the wrists, hands, and/or fingers; Close Visual Acuity-work includes data/figures; view a computer screen; extensive reading","At TxDOT, we value work-life balance and are committed to providing our employees with a comprehensive range of benefits and programs, including:
Retirement Plans
Alternative and/or Flexible Work Schedules
Paid Leave and Holidays
Health Premiums paid at 100% for Full-Time Employees
On-the-Job Training
Tuition Assistance Program
Holistic Wellness Program with Leave Incentives
Career Development and Advancement Opportunities
Family-Friendly Policies and Programs","At TxDOT, we value work-life balance and are committed to providing our employees with a comprehensive range of benefits and programs, including:; Retirement Plans; Alternative and/or Flexible Work Schedules; Paid Leave and Holidays; Health Premiums paid at 100% for Full-Time Employees; On-the-Job Training; Tuition Assistance Program; Holistic Wellness Program with Leave Incentives; Career Development and Advancement Opportunities; Family-Friendly Policies and Programs","At TxDOT, we value work-life balance and are committed to providing our employees with a comprehensive range of benefits and programs, including:
Retirement Plans
Alternative and/or Flexible Work Schedules
Paid Leave and Holidays
Health Premiums paid at 100% for Full-Time Employees
On-the-Job Training
Tuition Assistance Program
Holistic Wellness Program with Leave Incentives
Career Development and Advancement Opportunities
Family-Friendly Policies and Programs","At TxDOT, we value work-life balance and are committed to providing our employees with a comprehensive range of benefits and programs, including:; Retirement Plans; Alternative and/or Flexible Work Schedules; Paid Leave and Holidays; Health Premiums paid at 100% for Full-Time Employees; On-the-Job Training; Tuition Assistance Program; Holistic Wellness Program with Leave Incentives; Career Development and Advancement Opportunities; Family-Friendly Policies and Programs","Position Information

TxDOT's Information Technology Division is looking for an Artificial Intelligence (A.I.) Intern. Are you interested in artificial intelligence? Join us as an AI Intern! You'll work with experts on real projects, supporting the development of AI and machine learning solutions. This is a great chance to learn, grow, and make an impact in the field. We'd love to hear from you!
At TxDOT we value employee work-life-balance. In keeping with our commitment to this value our employees benefit from a wide array of programs and activities that include wellness leave incentive, in-house wellness center, career development programs, tuition assistance, and various other benefits.

To learn more about TxDOT, we welcome you to watch the following video . Stassney Campus: https://youtu.be/u42vEZacDgA

Benefits and Perks

At TxDOT, we value work-life balance and are committed to providing our employees with a comprehensive range of benefits and programs, including:
• Retirement Plans
• Alternative and/or Flexible Work Schedules
• Paid Leave and Holidays
• Health Premiums paid at 100% for Full-Time Employees
• On-the-Job Training
• Tuition Assistance Program
• Holistic Wellness Program with Leave Incentives
• Career Development and Advancement Opportunities
• Family-Friendly Policies and Programs

In 2024, TxDOT was recognized as a Best Place for Working Parents, and many of our offices statewide are also designated as Texas Mother-Friendly Worksites. These recognitions reflect our dedication to supporting families and promoting a healthy work-life balance.

For a complete list of our total compensation package please visit our website at: Total Compensation Package

To view benefits available to all State of Texas employees visit: Benefits at a Glance (ERS.texas.gov)

Position Description

Performs entry-level administrative and technical support work. Work involves performing a wide range of administrative and office support work for the department, including maintenance and upkeep of job-aids and training material. Technical work involves entry level end-user support for Artificial intelligence and Machine Learning requests/issues. Employees at this level perform assignments following specific instructions and are subject to frequent review by the immediate supervisor.

Essential Duties:

• Answers the telephone, evaluates requests, answers questions, routes messages, and/or serves as receptionist or front desk assistant.

• Assists in maintaining confidential information and records.

• Assists in performing inventory of Software and Licenses.

• Assists in processing routine documents such as Articles, Job Aids, Manuals, and Instruction Materials.

• Assists with general Administration duties such as provisioning and deprovisioning licenses and issuing materials and supplies, maintaining records, and maintaining areas of shared information or repositories.

• Disseminates information to the agency.

• Maintains files, records, and logs.

• Maintains contact with team members, leads, and others.

• Makes copies and distributes as instructed.

• Opens, sorts, and distributes mail.

• Performs preliminary research on assignments and gathers pertinent data.

• Performs routine word processing duties and conducts quality checks of documents created.

• Runs errands as required.

• Performs other job responsibilities as assigned.

Minimum Qualifications:

Education: Must be a student in high school or other educational institution or accepted into a college, university or educational institution.

Other Conditions:
• Must be at least 16 years of age, a student currently enrolled in high school or any institution of higher education to include

a trade/vocational school.
• Employees at least 18 years of age with valid driver's license may be assigned driving duties and may

use power tools.

Preferred Qualifications:

Competencies:

• Research and analysis methodologies.

• Maintaining effective working relationships with others

• Collecting, sorting and compiling data

• Administrative support practices and procedures to include writing, editing and report writing techniques, recording meeting notes, record keeping and records management.

• Preparing correspondence/documents using correct spelling, grammar and punctuation; proofreading and reviewing documents for clarity and consistency

• Using standard office equipment

• Using computers and applicable programs, applications, and systems

• Maintaining a safe working relationship

• Follow verbal and written instructions.

• Follow applicable safety standards, practices and procedures.

• Protects sensitive and confidential information.

Physical Requirements and Working Conditions:
• Subject to environmental conditions; protection from weather but not temperature changes
• Light work: Lift up to 20 lbs at a time and frequently lift or carry objects up to 10 lbs
• Sitting - prolonged periods of time
• Standing-prolonged periods of time
• Repetitive Motion-substantial movements of the wrists, hands, and/or fingers
• Close Visual Acuity-work includes data/figures; view a computer screen; extensive reading

Conditions of Employment:

Please click this link to read the standard conditions of employment for all positions: Standard Conditions of Employment (TxDOT
"
AI/ML Product Management Analytics Intern,Teradata,"Albany, NY • via USNLX Ability Jobs - National Labor Exchange",2025-01-08T13:02:14.925100,"Must be enrolled in BS/MS/PhD degree program
With graduation dates between December 2025-June 2027
Experience in design, development, and implementation of advanced analytic solutions
Hands-on experience with analytical tools and platforms; SQL, R/Python
Ability to understand customer needs and market opportunities","Must be enrolled in BS/MS/PhD degree program; With graduation dates between December 2025-June 2027; Experience in design, development, and implementation of advanced analytic solutions; Hands-on experience with analytical tools and platforms; SQL, R/Python; Ability to understand customer needs and market opportunities","Must be enrolled in BS/MS/PhD degree program
With graduation dates between December 2025-June 2027
Experience in design, development, and implementation of advanced analytic solutions
Hands-on experience with analytical tools and platforms; SQL, R/Python
Ability to understand customer needs and market opportunities","Must be enrolled in BS/MS/PhD degree program; With graduation dates between December 2025-June 2027; Experience in design, development, and implementation of advanced analytic solutions; Hands-on experience with analytical tools and platforms; SQL, R/Python; Ability to understand customer needs and market opportunities","We offer a fast-paced, flexible, fun environment where you will have the opportunity to work on meaningful projects and face new challenges every day
Pay Rate: $29.00 - $44.00 - $50.00 Hourly
Pay Rate: 0.0000 - 0.0000 - 0.0000 Hourly
Starting pay for the successful applicant will depend on geographic location, internal equity, job-related knowledge, skills, and candidate experience","We offer a fast-paced, flexible, fun environment where you will have the opportunity to work on meaningful projects and face new challenges every day; Pay Rate: $29.00 - $44.00 - $50.00 Hourly; Pay Rate: 0.0000 - 0.0000 - 0.0000 Hourly; Starting pay for the successful applicant will depend on geographic location, internal equity, job-related knowledge, skills, and candidate experience","We offer a fast-paced, flexible, fun environment where you will have the opportunity to work on meaningful projects and face new challenges every day
Pay Rate: $29.00 - $44.00 - $50.00 Hourly
Pay Rate: 0.0000 - 0.0000 - 0.0000 Hourly
Starting pay for the successful applicant will depend on geographic location, internal equity, job-related knowledge, skills, and candidate experience","We offer a fast-paced, flexible, fun environment where you will have the opportunity to work on meaningful projects and face new challenges every day; Pay Rate: $29.00 - $44.00 - $50.00 Hourly; Pay Rate: 0.0000 - 0.0000 - 0.0000 Hourly; Starting pay for the successful applicant will depend on geographic location, internal equity, job-related knowledge, skills, and candidate experience","Our Company

At Teradata, we believe that people thrive when empowered with better information. That’s why we built the most complete cloud analytics and data platform for AI. By delivering harmonized data, trusted AI, and faster innovation, we uplift and empower our customers and our customers’ customers to make better, more confident decisions. The world’s top companies across every major indust
ry trust Teradata to improve business performance, enrich customer experiences, and fully integrate data across the enterprise.

Our Internship

Program Our summer internship program lasts 10-12 weeks beginning in May/June and ending in August/September. We offer a fast-paced, flexible, fun environment where you will have the opportunity to work on meaningful projects and face new challenges every day.

Location Our program is fully virtual. Interns must remain in the US for the duration of the internship..

What You'll Do

Intern opportunity with Teradata’s team of Product Managers leading the efforts to deliver industry leading analytic capabilities in the Teradata Vantage platform. This dynamic role has close interaction with customers, extensive knowledge of the overall analytic market, including both Teradata partner and competing solutions, using this knowledge to lead Teradata strategy and work closely with our engineering teams to deliver our analytic capabilities. Product Managers work closely with Teradata sales and professional services teams to help customers make the best decisions possible using Teradata software and advanced analytic techniques. This hands-on role develops demos and delivers training material for our customers and sales teams, and actively participates with prototypes and POCs for new features.

What Makes You a Qualified Candidate
• Must be enrolled in BS/MS/PhD degree program. With graduation dates between December 2025-June 2027.
• Data mining/Data Science, statistical modeling, econometrics, and quantitative analysis
• Experience in design, development, and implementation of advanced analytic solutions

What You'll Bring
• Hands-on experience with analytical tools and platforms; SQL, R/Python
• Ability to understand customer needs and market opportunities

Pay Rate: $29.00 - $44.00 - $50.00 Hourly

Why We Think You’ll Love Teradata

We prioritize a people-first culture because we know our people are at the very heart of our success. We embrace a flexible work model because we trust our people to make decisions about how, when, and where they work. We focus on well-being because we care about our people and their ability to thrive both personally and professionally. We are an anti-racist company because our dedication to Diversity, Equity, and Inclusion is more than a statement. It is a deep commitment to doing the work to foster an equitable environment that celebrates people for all of who they are.

#LI-SK1

Teradata invites all identities and backgrounds in the workplace. We work with deliberation and intent to ensure we are cultivating collaboration and inclusivity across our global organization.

We are proud to be an equal opportunity and affirmative action employer. We do not discriminate based upon race, color, ancestry, religion, creed, sex (including pregnancy, childbirth, breastfeeding, or related conditions), national origin, sexual orientation, age, citizenship, marital status, disability, medical condition, genetic information, gender identity or expression, military and veteran status, or any other legally protected status.
Pay Rate: 0.0000 - 0.0000 - 0.0000 Hourly
Starting pay for the successful applicant will depend on geographic location, internal equity, job-related knowledge, skills, and candidate experience. Learn more about Teradata’s competitive Total Rewards package at https://www.teradata.com/About-Us/Careers/Benefits
"
AI Test Security Intern,Educational Testing Service,"Albany, NY • via Educational Testing Service Jobs",2025-01-08T13:02:24.788259,"Education: Currently enrolled in a Bachelor’s degree program, graduating in 2026 or 2027
Field of Study: Computer Science, Machine Learning, Data Science, or a related discipline
Proficiency with AWS tools and services
Knowledge of programming languages, including Java, Python, and/or Angular
Strong analytical and problem-solving abilities
Excellent time management and organizational skills
Effective public speaking capabilities
Ability to work both independently and collaboratively within a team","Education: Currently enrolled in a Bachelor’s degree program, graduating in 2026 or 2027; Field of Study: Computer Science, Machine Learning, Data Science, or a related discipline; Proficiency with AWS tools and services; Knowledge of programming languages, including Java, Python, and/or Angular; Strong analytical and problem-solving abilities; Excellent time management and organizational skills; Effective public speaking capabilities; Ability to work both independently and collaboratively within a team","Education: Currently enrolled in a Bachelor’s degree program, graduating in 2026 or 2027
Field of Study: Computer Science, Machine Learning, Data Science, or a related discipline
Proficiency with AWS tools and services
Knowledge of programming languages, including Java, Python, and/or Angular
Strong analytical and problem-solving abilities
Excellent time management and organizational skills
Effective public speaking capabilities
Ability to work both independently and collaboratively within a team","Education: Currently enrolled in a Bachelor’s degree program, graduating in 2026 or 2027; Field of Study: Computer Science, Machine Learning, Data Science, or a related discipline; Proficiency with AWS tools and services; Knowledge of programming languages, including Java, Python, and/or Angular; Strong analytical and problem-solving abilities; Excellent time management and organizational skills; Effective public speaking capabilities; Ability to work both independently and collaboratively within a team","At the conclusion of the Internship, you will have the opportunity to present your project to IT leadership","At the conclusion of the Internship, you will have the opportunity to present your project to IT leadership","At the conclusion of the Internship, you will have the opportunity to present your project to IT leadership","At the conclusion of the Internship, you will have the opportunity to present your project to IT leadership","About ETS:

For more than 75 years, we have amplified products and services based rigorous research and our belief in the power of learning. Driven by our mission to advance quality and equity in education, ETS provides learning solutions, pioneering research and trusted assessments that help guide learners around the world on their path to new possibilities.

Our portfolio of trusted measures inc
lude TOEFL®, TOEIC®, GRE® and Praxis® . Along with research, development and innovation that explores new frontiers in learning and measurement our educational measurement solutions and research contribute to the development of new methods and tools, inform important dialogue with education policymakers, and shed light on critical issues and potential solutions - all with the aim of creating a world where all learners can improve their lives through education.

With new senior leadership at the helm, ETS aims to continue changing the lives of all learners as we expand our organization's global footprint. Our goal is to remain at the forefront of assessment and measurement efficacy within the education and ed tech space as it continues to grow and evolve.

The ETS Technology Division is focused on being the trusted partner for innovative technology experiences and platforms that enable growth across ETS. We are committed to delivering experience-led solutions while maintaining a strong customer focus and commercial flexibility. Our division emphasizes customer and employee experience, leveraging core services, AI capabilities, and API-driven solutions to achieve operational excellence and international scalability. We believe in building deep strategic partnerships and fostering internal knowledge and accountability while working as One ETS to drive technological innovation and growth.

The Technology Division has created an internship program for college students interested in pursuing a career in technology. This is a paid, 8- 10 week -long, hybrid internship where interns will be expected to work 37– 40-hour a week. At the conclusion of the Internship, you will have the opportunity to present your project to IT leadership. Interns will receive training in a variety of IT-related activities and will be paired with a mentor who will help support their project work.? ?

As the AI Test Security Intern, you'll be at the forefront of enhancing the security and integrity of ETS’s testing processes. Your work will directly contribute to reducing score cancellations after reporting, safeguarding ETS’s assessment products, and streamlining operations by eliminating manual processes that don't align with ETS’s mission. This is a unique opportunity to apply AI technologies to real-world challenges in test security.

Key Responsibilities:
• Develop an AI-enabled video playback system to efficiently identify and retrieve test-taker video footage.
• Build a visualization tool to detect when AI-generated content, such as ChatGPT responses, is used in test answers.
• Implement AI-powered room similarity detection to identify potential cheating rings and suspicious activities.
• Education: Currently enrolled in a Bachelor’s degree program, graduating in 2026 or 2027.
• Field of Study: Computer Science, Machine Learning, Data Science, or a related discipline.
• Skills and Competencies:
• Proficiency with AWS tools and services.
• Experience with computer vision techniques and generative AI models is preferred.
• Knowledge of programming languages, including Java, Python, and/or Angular.
• Strong analytical and problem-solving abilities.
• Excellent time management and organizational skills.
• Effective public speaking capabilities.
• Ability to work both independently and collaboratively within a team.

ETS is mission driven and action oriented
• Diversity, equity, inclusion, and belonging is at the forefront of the ETS employee's daily work. To further foster an inclusive environment ETS is home to a wide variety of Affinity groups that celebrate the diversity of our talented employees.
• How about cultivating growth, innovation, and continuous transformation for the next generation of rising professionals as leaders? ETS offers multiple Business Resource Groups (BRG) for you!
• Are you passionate about volunteering and being active in your career and community? ETS offers our Center for Advocacy & Philanthropy (CAAP) where we encourage ETS employees to become active volunteers in their communities and schools through the ETS Cares Giving Campaign. Our employees can support any 501c3 or eligible charity of their choice.

ETS is an Equal Opportunity Employer comprised of people with different experiences, strengths, and backgrounds who share a passion for advancing quality and equity in education. We are dedicated to building teams that reflect the various backgrounds, experiences, and identities of those we serve. The Talent Acquisition team strives to ensure candidates enjoy a fair and equitable hiring process. We believe our differences empower us to be a better team, making better decisions and delivering better results.
"
Intern - Digital Strategy/Analytics/AI,GlobalFoundries,"The Woodlands, TX • via LinkedIn",2025-01-08T13:02:35.351777,"Knowledge domains are not standardized across Fabs and domain-to-domain linkage is not digitally enabled
Project Objective: Maintenance Copilot that reduce search time and find relevant content faster, and capture senior technicians’ experience and knowledge that enables junior technicians to ramp up skills fast
Project 3 Title: Business case development for Digital Manufacturing products
A robust understanding of solution scope and applicable value levers is required to develop a financial model to size the opportunity at stake, specifically in the context of semiconductor manufacturing
The business case and financial justification needs to undergo stringent review and approval process
At the end of the internship, interns are expected to conduct a presentation of learning experience and their achievements
Currently pursuing a Degree in engineering, computer science, Information Technology or equivalent","Knowledge domains are not standardized across Fabs and domain-to-domain linkage is not digitally enabled; Project Objective: Maintenance Copilot that reduce search time and find relevant content faster, and capture senior technicians’ experience and knowledge that enables junior technicians to ramp up skills fast; Project 3 Title: Business case development for Digital Manufacturing products; A robust understanding of solution scope and applicable value levers is required to develop a financial model to size the opportunity at stake, specifically in the context of semiconductor manufacturing; The business case and financial justification needs to undergo stringent review and approval process; At the end of the internship, interns are expected to conduct a presentation of learning experience and their achievements; Currently pursuing a Degree in engineering, computer science, Information Technology or equivalent","Knowledge domains are not standardized across Fabs and domain-to-domain linkage is not digitally enabled
Project Objective: Maintenance Copilot that reduce search time and find relevant content faster, and capture senior technicians’ experience and knowledge that enables junior technicians to ramp up skills fast
Project 3 Title: Business case development for Digital Manufacturing products
A robust understanding of solution scope and applicable value levers is required to develop a financial model to size the opportunity at stake, specifically in the context of semiconductor manufacturing
The business case and financial justification needs to undergo stringent review and approval process
At the end of the internship, interns are expected to conduct a presentation of learning experience and their achievements
Currently pursuing a Degree in engineering, computer science, Information Technology or equivalent","Knowledge domains are not standardized across Fabs and domain-to-domain linkage is not digitally enabled; Project Objective: Maintenance Copilot that reduce search time and find relevant content faster, and capture senior technicians’ experience and knowledge that enables junior technicians to ramp up skills fast; Project 3 Title: Business case development for Digital Manufacturing products; A robust understanding of solution scope and applicable value levers is required to develop a financial model to size the opportunity at stake, specifically in the context of semiconductor manufacturing; The business case and financial justification needs to undergo stringent review and approval process; At the end of the internship, interns are expected to conduct a presentation of learning experience and their achievements; Currently pursuing a Degree in engineering, computer science, Information Technology or equivalent",,,,,"GlobalFoundries (GF) is one of the world’s leading semiconductor foundries and the only one with a truly global footprint. We manufacture complex, feature-rich integrated circuits that enable billions of electronic devices that are pervasive throughout nearly every sector of the global economy.

Our advanced operational and technology capabilities are made available through a global manufacturing
network, anchored by facilities in Singapore, Dresden (Germany), Burlington (Vermont) as well as East Fishkill and Malta (New York). With a global manufacturing footprint spanning three continents, GlobalFoundries makes the possible with technologies and systems that transform industries and give customers the power to shape their markets.

We are looking for Digital Manufacturing interns that will experience what it is like to be at the forefront of providing technology solutions while integrating different business functions in semiconductor smart manufacturing. We are seeking candidates with not only a strong sense of business acumen but also passionate about new technologies in advanced/smart manufacturing such as Artificial Intelligence and Machine Learning, robotics, big data analytics and many more.

For more information, visit www.gf.com.

The following projects are intended for students in Singapore applying for a 20-24 weeks credit-bearing internship with their education institute from Jan 2025 onwards.

Project 1 Title: Indirect material Real-time Mass Balance Analytics (RT-MBA)
• Problem Statement: Indirect Material(IDM) is one of the biggest cost drivers of wafer production. Currently consumption and utilization efficiency for IDMs are monitored and mass balance analyses are conducted periodically for selected items; However, there's no view in real-time / near real time.
• Project Objective: Develop real-time / near real time mass balance analytics of important IDMs, that enables engineers to 1) prioritize findings and intervene timely, 2) conduct tool-to-tool variability analysis and SOP standardization cross fabs
• Project Outcome: Interns will gain experience in the semiconductor industry, demonstrate a good understanding of digital manufacturing with the guidance of the Digital Manufacturing Team. At the end of the internship, a presentation of learning experience and their achievements.
• Project Scope: RT-MBA adopts agile approach, for each sprint the following phases:
• Requirement gathering conduct design workshop with module leaders globally to ideate desired features/analysis, to refresh the product backlog
• Prioritization: prioritize features for upcoming release based on importance of loss drivers and data availability
• Data readiness: assess data readiness and sensorization requirements for all fabs
• Development: setup dataflow, sensorize equipment(if needed) and build dashboard
• User Acceptance Test (UAT)

Project 2 Title: Gen-AI for Maintenance Copilot
• Problem Statement: Maintenance tasks are highly skill-dependent with various knowledge domains (tool alarms, maintenance manuals, SOPs etc.) in diverse formats. Knowledge domains are not standardized across Fabs and domain-to-domain linkage is not digitally enabled.
• Project Objective: Maintenance Copilot that reduce search time and find relevant content faster, and capture senior technicians’ experience and knowledge that enables junior technicians to ramp up skills fast
• Project Outcome: Interns will gain experience in the semiconductor industry, demonstrate a good understanding of digital manufacturing with the guidance of the Digital Manufacturing Team. At the end of the internship, a presentation of learning experience and their achievements.
• Project Scope:
• Prioritization: understand current maintenance practice, skill-dependency and frequency of various error codes, to prioritize copilot scope
• Data preparation: identify required knowledge domains, clear and prepare for model development
• Model development and improvement
• User Acceptance Test (UAT)

Project 3 Title: Business case development for Digital Manufacturing products
• Problem Statement: Each digital manufacturing use-case requires development of business case to justify the financial investments required. A robust understanding of solution scope and applicable value levers is required to develop a financial model to size the opportunity at stake, specifically in the context of semiconductor manufacturing. The business case and financial justification needs to undergo stringent review and approval process.
• Project Objective: To outline the scope of digital manufacturing use-case, applicable value levers, and develop a business case, including financial model tailored to each use-case to comprehensively address the value levers and produce outputs of relevant financial metrics (e.g., ROI, ROIC, payback period) to enable investment decision. Prepare business case and financial outcome for presentation to the appropriate approving counsel.
• Project Outcome: Interns will gain experience in the semiconductor industry in the context of digital projects, learning about financial processes in large capex investment projects and how to develop a strong business and financial case. At the end of the internship, interns are expected to conduct a presentation of learning experience and their achievements.
• Project Scope:
• Defining and researching the financial levers and objectives within a business case for digital products
• Develop financial model with applicable value levers and assist in information gathering for financial analysis, including data to justify baselines and assumptions
• Work with internal stakeholders to validate financial model, prepare case for approval, and present a case to management

Project 4 Title: Digital ecosystem development
• Project Objective: To bridge these gaps by fostering strategic partnerships and integrating advanced digital solutions, thereby creating a more cohesive, efficient, and innovative manufacturing ecosystem. This will ultimately enhance operational efficiency, drive sustainable practices, and accelerate the adoption of cutting-edge technologies across the industry.
• Project Outcome: Interns will gain experience in the semiconductor industry, demonstrate a good understanding of industrial technology landscape with the guidance of the Digital Manufacturing Team.
• Project Scope:
• Conduct comprehensive, fact-based research and analysis to inform strategic decision-making.
• Prepare clear and concise materials that summarise data, highlight key findings, and draw actionable conclusions to support critical business discussions.
• Collaborate with cross-functional teams to integrate research insights into business strategies and initiatives.
• Continuously monitor and analyse industry trends to keep the company informed of potential impacts and opportunities.

Required Qualifications
• Currently pursuing a Degree in engineering, computer science, Information Technology or equivalent

#InternshipProgramSGP

GlobalFoundries is an equal opportunity employer, cultivating a diverse and inclusive workforce. We believe having a multicultural workplace enhances productivity, efficiency and innovation whilst our employees feel truly respected, valued and heard.

As an affirmative employer, all qualified applicants are considered for employment regardless of age, ethnicity, marital status, citizenship, race, religion, political affiliation, gender, sexual orientation and medical and/or physical abilities.

All offers of employment with GlobalFoundries are conditioned upon the successful completion of background checks, medical screenings as applicable and subject to the respective local laws and regulations.

Information about our benefits you can find here: https://gf.com/about-us/careers/opportunities-asia
"
Customer Success Manager AI Intern - Entry Level Sales Program 2025,IBM,"New York, NY (+4 others) • via The Muse",2025-01-08T13:02:45.682145,"'tell' we're looking for undergraduate and graduate students who want to combine their technical interests and education with the people skills needed to architect technical solutions, co-creating with customers, partners, and colleagues to solve technical and business challenges
Confidence to contact and engage potential new customers and deliver an elevated experience
A desire to continually learn new technologies and how to apply their value in a client environment
Motivation to achieve technical objectives and high client satisfaction
Embrace curiosity and a growth mindset
You may work with any of the following technologies: Analytics, Artificial Intelligence, IT Automation, Cloud, Security, Sustainability
This position requires you to be in one of the following IBM offices: Atlanta GA, Boston MA, Chicago IL, Dallas TX, New York NY, Raleigh NC, San Francisco CA, and Washington DC
Readiness to travel, if needed
Therefore, in order to be considered for this position, you must have the ability to work without a need for current or future visa sponsorship
Technical Education: Seeking B.S. or M.S. degree in Computer Science, Artificial Intelligence, Data Science, Engineering, Information Systems, or equivalent technical degree/experience
Programming Language: Experience with Python, notebooks
AI Skills: Experience in Machine Learning, Deep Learning, Large Language Models
Client Focused: Asks open-ended questions and understands needs to address business challenges
Tech Savvy: Conversant about technology, latest industry trends and how it is being applied to address business challenges
Team Player: Demonstrates team collaboration and can navigate different communication styles
Excellent Communication Skills: Possess verbal, written, and interpersonal skills that are engaging, compelling and influential
Self-Motivation and Problem-Solving Aptitude: A natural inclination toward self-motivation and initiative, in addition to the ability to navigate data and people to find answers and present solutions","'tell' we're looking for undergraduate and graduate students who want to combine their technical interests and education with the people skills needed to architect technical solutions, co-creating with customers, partners, and colleagues to solve technical and business challenges; Confidence to contact and engage potential new customers and deliver an elevated experience; A desire to continually learn new technologies and how to apply their value in a client environment; Motivation to achieve technical objectives and high client satisfaction; Embrace curiosity and a growth mindset; You may work with any of the following technologies: Analytics, Artificial Intelligence, IT Automation, Cloud, Security, Sustainability; This position requires you to be in one of the following IBM offices: Atlanta GA, Boston MA, Chicago IL, Dallas TX, New York NY, Raleigh NC, San Francisco CA, and Washington DC; Readiness to travel, if needed; Therefore, in order to be considered for this position, you must have the ability to work without a need for current or future visa sponsorship; Technical Education: Seeking B.S. or M.S. degree in Computer Science, Artificial Intelligence, Data Science, Engineering, Information Systems, or equivalent technical degree/experience; Programming Language: Experience with Python, notebooks; AI Skills: Experience in Machine Learning, Deep Learning, Large Language Models; Client Focused: Asks open-ended questions and understands needs to address business challenges; Tech Savvy: Conversant about technology, latest industry trends and how it is being applied to address business challenges; Team Player: Demonstrates team collaboration and can navigate different communication styles; Excellent Communication Skills: Possess verbal, written, and interpersonal skills that are engaging, compelling and influential; Self-Motivation and Problem-Solving Aptitude: A natural inclination toward self-motivation and initiative, in addition to the ability to navigate data and people to find answers and present solutions","'tell' we're looking for undergraduate and graduate students who want to combine their technical interests and education with the people skills needed to architect technical solutions, co-creating with customers, partners, and colleagues to solve technical and business challenges
Confidence to contact and engage potential new customers and deliver an elevated experience
A desire to continually learn new technologies and how to apply their value in a client environment
Motivation to achieve technical objectives and high client satisfaction
Embrace curiosity and a growth mindset
You may work with any of the following technologies: Analytics, Artificial Intelligence, IT Automation, Cloud, Security, Sustainability
This position requires you to be in one of the following IBM offices: Atlanta GA, Boston MA, Chicago IL, Dallas TX, New York NY, Raleigh NC, San Francisco CA, and Washington DC
Readiness to travel, if needed
Therefore, in order to be considered for this position, you must have the ability to work without a need for current or future visa sponsorship
Technical Education: Seeking B.S. or M.S. degree in Computer Science, Artificial Intelligence, Data Science, Engineering, Information Systems, or equivalent technical degree/experience
Programming Language: Experience with Python, notebooks
AI Skills: Experience in Machine Learning, Deep Learning, Large Language Models
Client Focused: Asks open-ended questions and understands needs to address business challenges
Tech Savvy: Conversant about technology, latest industry trends and how it is being applied to address business challenges
Team Player: Demonstrates team collaboration and can navigate different communication styles
Excellent Communication Skills: Possess verbal, written, and interpersonal skills that are engaging, compelling and influential
Self-Motivation and Problem-Solving Aptitude: A natural inclination toward self-motivation and initiative, in addition to the ability to navigate data and people to find answers and present solutions","'tell' we're looking for undergraduate and graduate students who want to combine their technical interests and education with the people skills needed to architect technical solutions, co-creating with customers, partners, and colleagues to solve technical and business challenges; Confidence to contact and engage potential new customers and deliver an elevated experience; A desire to continually learn new technologies and how to apply their value in a client environment; Motivation to achieve technical objectives and high client satisfaction; Embrace curiosity and a growth mindset; You may work with any of the following technologies: Analytics, Artificial Intelligence, IT Automation, Cloud, Security, Sustainability; This position requires you to be in one of the following IBM offices: Atlanta GA, Boston MA, Chicago IL, Dallas TX, New York NY, Raleigh NC, San Francisco CA, and Washington DC; Readiness to travel, if needed; Therefore, in order to be considered for this position, you must have the ability to work without a need for current or future visa sponsorship; Technical Education: Seeking B.S. or M.S. degree in Computer Science, Artificial Intelligence, Data Science, Engineering, Information Systems, or equivalent technical degree/experience; Programming Language: Experience with Python, notebooks; AI Skills: Experience in Machine Learning, Deep Learning, Large Language Models; Client Focused: Asks open-ended questions and understands needs to address business challenges; Tech Savvy: Conversant about technology, latest industry trends and how it is being applied to address business challenges; Team Player: Demonstrates team collaboration and can navigate different communication styles; Excellent Communication Skills: Possess verbal, written, and interpersonal skills that are engaging, compelling and influential; Self-Motivation and Problem-Solving Aptitude: A natural inclination toward self-motivation and initiative, in addition to the ability to navigate data and people to find answers and present solutions",,,,,"Introduction
A Customer Success Manager Intern (CSM) focused on Artificial Intelligence (AI) in IBM means a career where you're helping clients fully realize the value of their existing AI products, whilst growing their adoption of next-generation technologies from across IBM's wider portfolio.

This is a summer 2025 position. Preferring to 'show' vs. 'tell' we're looking for undergraduate and gra
duate students who want to combine their technical interests and education with the people skills needed to architect technical solutions, co-creating with customers, partners, and colleagues to solve technical and business challenges.

IBM's Sales Internship Program culture will set you up for success, whilst ongoing development will continue to advance your career through its upward trajectory. Our sales environment is fast-paced and supportive. Always part of a team, you'll be surrounded by leaders and colleagues who are always willing to help and be helped - as you support pilots that compel clients to invest in IBM's products and services.

Your Role and Responsibilities
A Customer Success Manager AI intern role in IBM has unique attributes. In addition to the people skills often associated with this position, this AI CSM intern role is specialized in data science, generative AI, and large language models. You will work closely with customers, product managers, and development teams to understand client business requirements and implement AI solutions that address complex business challenges.

With a hands-on approach to coding, demonstrations and clear communication, you will be able to showcase IBM Ai solutions. You will design and articulate AI architectures compatible with a client's technology stack via use-case identification, solution architecture design, and MVP (minimal viable product) builds.

With technical expertise and a consultative style, you'll quickly build credibility as a trusted advisor at all levels with customers and IBM colleagues. To drive expansion and renewal growth, you'll guide leading enterprise companies through AI approaches that realize the full value of expanding their adoption of watsonx.

Your primary responsibilities will include, but not be limited to:
• Understanding Client's Data and AI Challenges and Building Trust: Understand clients' primary Data and AI challenges and establish yourself as a trusted technical expert for their migration, deployment, and adoption of AI and Hybrid Cloud offerings.
• Facilitating Use Case Exploration and Business Framing: Lead use case exploration and business framing workshops, develop client value realization models.
• Developing AI Solutions: Using your Data and AI engineering skills to code/ build MVPs using python, open source frameworks, RedHat and IBM watsonx.
• Leading Persuasive Technical Conversations: Lead technical discussions that persuade clients to act based on their requirements and the value provided by IBM's solutions.
• Creating Post-Deployment Customer Success Plans: Develop customer success plans aimed at continually increasing active user adoption of IBM's products.
To be successful in this role, you will need:
• Confidence to contact and engage potential new customers and deliver an elevated experience.
• A desire to continually learn new technologies and how to apply their value in a client environment.
• Motivation to achieve technical objectives and high client satisfaction.
• Embrace curiosity and a growth mindset.
You may work with any of the following technologies: Analytics, Artificial Intelligence, IT Automation, Cloud, Security, Sustainability.

This position requires you to be in one of the following IBM offices: Atlanta GA, Boston MA, Chicago IL, Dallas TX, New York NY, Raleigh NC, San Francisco CA, and Washington DC.

Readiness to travel, if needed.

IBM will not be providing visa sponsorship for this position now or in the future. Therefore, in order to be considered for this position, you must have the ability to work without a need for current or future visa sponsorship.

Required Technical and Professional Expertise
• Technical Education: Seeking B.S. or M.S. degree in Computer Science, Artificial Intelligence, Data Science, Engineering, Information Systems, or equivalent technical degree/experience.
• Programming Language: Experience with Python, notebooks.
• AI Skills: Experience in Machine Learning, Deep Learning, Large Language Models.
• Client Focused: Asks open-ended questions and understands needs to address business challenges.
• Tech Savvy: Conversant about technology, latest industry trends and how it is being applied to address business challenges.
• Team Player: Demonstrates team collaboration and can navigate different communication styles.
• Excellent Communication Skills: Possess verbal, written, and interpersonal skills that are engaging, compelling and influential.
• Self-Motivation and Problem-Solving Aptitude: A natural inclination toward self-motivation and initiative, in addition to the ability to navigate data and people to find answers and present solutions.

Preferred Technical and Professional Expertise
• Familiarity with agile development methodologies.
• Knowledge of AI and data governance.
• Knowledge of generative AI architectures such as RAG, chatbots.
• Experience with RedHat OpenShift and Kubernetes.
"
Data Science Internship - San Jose,Vectra,"San Jose, CA • via Greenhouse",2025-01-08T13:02:55.729647,"Undergraduate or Graduate major focusing on Computer Science, Engineering, or similar computational discipline
Python programming experience
Strong machine learning knowledge and/or mathematical foundations with experience solving tough, real-world problems
Excellent collaboration skills","Undergraduate or Graduate major focusing on Computer Science, Engineering, or similar computational discipline; Python programming experience; Strong machine learning knowledge and/or mathematical foundations with experience solving tough, real-world problems; Excellent collaboration skills","Undergraduate or Graduate major focusing on Computer Science, Engineering, or similar computational discipline
Python programming experience
Strong machine learning knowledge and/or mathematical foundations with experience solving tough, real-world problems
Excellent collaboration skills","Undergraduate or Graduate major focusing on Computer Science, Engineering, or similar computational discipline; Python programming experience; Strong machine learning knowledge and/or mathematical foundations with experience solving tough, real-world problems; Excellent collaboration skills",,,,,"Data Scientist Intern

at Vectra AI

San Jose, CA

Vectra delivers a new class of real-time threat detection and advanced analysis of active network intrusions. Vectra picks up where perimeter security leaves off using AI to provide deep, continuous analysis of both internal and Internet-facing network traffic for all phases of the attack progression as attackers attempt to breach, spy, spread, an
d steal within networks.

Vectra directly analyzes network traffic in real time using combination of patent-pending data science, machine learning, and behavioral analysis to detect attacker behaviors and user anomalies in the network. All detections are algorithmically correlated and prioritized to show an attack in context, and Vectra machine learning adapts as attacks evolve.

Position Overview:

Apply cutting edge machine learning, artificial intelligence, and modeling techniques to stop hackers in real time as they attack networks. As part of the data science internship program, you will directly impact the product by developing new methods using cutting edge techniques to detect malicious and anomalous behaviors on the network.

We are looking for qualified undergraduate and graduate interns eager to learn and deliver a project that will be used in the product.

Qualifications:
• Undergraduate or Graduate major focusing on Computer Science, Engineering, or similar computational discipline
• Python programming experience
• Strong machine learning knowledge and/or mathematical foundations with experience solving tough, real-world problems
• Excellent collaboration skills
"
Landing Page Designer Internship,GENIE AI,Anywhere • via Wellfound,2025-01-08T13:03:02.878422,,,,,,,,,"About Company

GENIE is an applied AI lab developing Assistive Intelligence (AI) solutions for businesses, governments, and non-profits. Our focus is on translating the massive potential of GenAI, RPA, and AR/VR technologies into a measurable competitive advantage. We firmly believe in the future of interactive technology and view cognition as its most capable instrument. With a track record of fi
rsts, we've partnered with category-leading businesses to pilot ALBIS Experience Studio™.

About Team

GENIE comprises a winning team of Subject Matter Experts with over 20 years of specialization in ML/AI, offering world-class strategy, engineering, and design. Our team includes 42+ executives, business experts, ML engineers, RPA engineers, security engineers, data engineers, product designers, researchers, testers, content creators, and sales professionals.

About the Product

ALBIS™ Integrated AI Automation studio built to enable non-technical users to create and manage experiences across physical, digital, and virtual spaces. ALBIS takes experience management to a whole new standard by leveraging Gen AI, Robotic Automation, IoT, AR/VR, and other advanced tech to enable actions like real-time data checks, outcome prediction, task automation, and autopilot activation.

What We Offer:

Mentorship and hands-on experience in a professional setting.

Opportunity to contribute to live projects with measurable impact.

Flexible work hours and a supportive team culture.

A chance to build a strong portfolio that demonstrates your skills and creativity.

Networking opportunities within the industry. Internship Completion Certification.

Role: Landing Page Designer Internship

Location: Remote

Duration: 4 months contribution with the potential to convert to a full-time opportunity

Role Overview:

We’re seeking a creative and detail-oriented Landing Page Designer Intern to join our team. This role offers an exciting opportunity to gain hands-on experience in designing and optimizing high-performing landing pages that drive engagement and conversions. As an intern, you’ll collaborate with marketing, product, and development teams to create visually compelling, user-friendly pages aligned with our brand and business goals.

Responsibilities:
• Collaborate with stakeholders to understand landing page objectives and requirements.
• Design and build engaging, mobile-friendly landing pages using design tools and platforms.
• Optimize landing page layouts, visuals, and copy for user experience (UX) and conversion rate optimization (CRO).
• Conduct A/B tests to evaluate design elements and improve performance metrics.
• Ensure brand consistency and alignment with company messaging across all designs.
• Integrate visual storytelling elements to make pages dynamic and impactful.
• Stay updated with the latest web design trends, tools, and best practices.

Requirements:
• Current student or recent graduate in Graphic Design, Web Design, or a related field.
• Proficiency in Figma,
• Basic knowledge of web technologies (HTML, CSS) is a plus.
• Strong portfolio showcasing web or landing page design projects.
• Detail-oriented with a good eye for typography, color, and layout.
• Excellent communication skills and the ability to take constructive feedback.
• A proactive attitude with a willingness to learn and adapt in a fast-paced environment.

If you are passionate about AI, have a talent for creative design, and want to contribute to cutting-edge AI products, we encourage you to apply for the position of Landing Page Designer at GENIE AI.
"
AI Test Security Intern,Educational Testing Service,"Hartford, CT • via Educational Testing Service Jobs",2025-01-08T13:03:12.851205,"Education: Currently enrolled in a Bachelor’s degree program, graduating in 2026 or 2027
Field of Study: Computer Science, Machine Learning, Data Science, or a related discipline
Proficiency with AWS tools and services
Knowledge of programming languages, including Java, Python, and/or Angular
Strong analytical and problem-solving abilities
Excellent time management and organizational skills
Effective public speaking capabilities
Ability to work both independently and collaboratively within a team","Education: Currently enrolled in a Bachelor’s degree program, graduating in 2026 or 2027; Field of Study: Computer Science, Machine Learning, Data Science, or a related discipline; Proficiency with AWS tools and services; Knowledge of programming languages, including Java, Python, and/or Angular; Strong analytical and problem-solving abilities; Excellent time management and organizational skills; Effective public speaking capabilities; Ability to work both independently and collaboratively within a team","Education: Currently enrolled in a Bachelor’s degree program, graduating in 2026 or 2027
Field of Study: Computer Science, Machine Learning, Data Science, or a related discipline
Proficiency with AWS tools and services
Knowledge of programming languages, including Java, Python, and/or Angular
Strong analytical and problem-solving abilities
Excellent time management and organizational skills
Effective public speaking capabilities
Ability to work both independently and collaboratively within a team","Education: Currently enrolled in a Bachelor’s degree program, graduating in 2026 or 2027; Field of Study: Computer Science, Machine Learning, Data Science, or a related discipline; Proficiency with AWS tools and services; Knowledge of programming languages, including Java, Python, and/or Angular; Strong analytical and problem-solving abilities; Excellent time management and organizational skills; Effective public speaking capabilities; Ability to work both independently and collaboratively within a team","At the conclusion of the Internship, you will have the opportunity to present your project to IT leadership","At the conclusion of the Internship, you will have the opportunity to present your project to IT leadership","At the conclusion of the Internship, you will have the opportunity to present your project to IT leadership","At the conclusion of the Internship, you will have the opportunity to present your project to IT leadership","About ETS:

For more than 75 years, we have amplified products and services based rigorous research and our belief in the power of learning. Driven by our mission to advance quality and equity in education, ETS provides learning solutions, pioneering research and trusted assessments that help guide learners around the world on their path to new possibilities.

Our portfolio of trusted measures inc
lude TOEFL®, TOEIC®, GRE® and Praxis® . Along with research, development and innovation that explores new frontiers in learning and measurement our educational measurement solutions and research contribute to the development of new methods and tools, inform important dialogue with education policymakers, and shed light on critical issues and potential solutions - all with the aim of creating a world where all learners can improve their lives through education.

With new senior leadership at the helm, ETS aims to continue changing the lives of all learners as we expand our organization's global footprint. Our goal is to remain at the forefront of assessment and measurement efficacy within the education and ed tech space as it continues to grow and evolve.

The ETS Technology Division is focused on being the trusted partner for innovative technology experiences and platforms that enable growth across ETS. We are committed to delivering experience-led solutions while maintaining a strong customer focus and commercial flexibility. Our division emphasizes customer and employee experience, leveraging core services, AI capabilities, and API-driven solutions to achieve operational excellence and international scalability. We believe in building deep strategic partnerships and fostering internal knowledge and accountability while working as One ETS to drive technological innovation and growth.

The Technology Division has created an internship program for college students interested in pursuing a career in technology. This is a paid, 8- 10 week -long, hybrid internship where interns will be expected to work 37– 40-hour a week. At the conclusion of the Internship, you will have the opportunity to present your project to IT leadership. Interns will receive training in a variety of IT-related activities and will be paired with a mentor who will help support their project work.? ?

As the AI Test Security Intern, you'll be at the forefront of enhancing the security and integrity of ETS’s testing processes. Your work will directly contribute to reducing score cancellations after reporting, safeguarding ETS’s assessment products, and streamlining operations by eliminating manual processes that don't align with ETS’s mission. This is a unique opportunity to apply AI technologies to real-world challenges in test security.

Key Responsibilities:
• Develop an AI-enabled video playback system to efficiently identify and retrieve test-taker video footage.
• Build a visualization tool to detect when AI-generated content, such as ChatGPT responses, is used in test answers.
• Implement AI-powered room similarity detection to identify potential cheating rings and suspicious activities.
• Education: Currently enrolled in a Bachelor’s degree program, graduating in 2026 or 2027.
• Field of Study: Computer Science, Machine Learning, Data Science, or a related discipline.
• Skills and Competencies:
• Proficiency with AWS tools and services.
• Experience with computer vision techniques and generative AI models is preferred.
• Knowledge of programming languages, including Java, Python, and/or Angular.
• Strong analytical and problem-solving abilities.
• Excellent time management and organizational skills.
• Effective public speaking capabilities.
• Ability to work both independently and collaboratively within a team.

ETS is mission driven and action oriented
• Diversity, equity, inclusion, and belonging is at the forefront of the ETS employee's daily work. To further foster an inclusive environment ETS is home to a wide variety of Affinity groups that celebrate the diversity of our talented employees.
• How about cultivating growth, innovation, and continuous transformation for the next generation of rising professionals as leaders? ETS offers multiple Business Resource Groups (BRG) for you!
• Are you passionate about volunteering and being active in your career and community? ETS offers our Center for Advocacy & Philanthropy (CAAP) where we encourage ETS employees to become active volunteers in their communities and schools through the ETS Cares Giving Campaign. Our employees can support any 501c3 or eligible charity of their choice.

ETS is an Equal Opportunity Employer comprised of people with different experiences, strengths, and backgrounds who share a passion for advancing quality and equity in education. We are dedicated to building teams that reflect the various backgrounds, experiences, and identities of those we serve. The Talent Acquisition team strives to ensure candidates enjoy a fair and equitable hiring process. We believe our differences empower us to be a better team, making better decisions and delivering better results.
"
"2025 Summer Intern, On-Device AI Agents Research Intern",Samsung Research America Internship,"Mountain View, CA • via Indeed",2025-01-08T13:03:22.845867,"Enrolled in a Ph.D. or Master's program in computer science or related areas
Hands-on experience in LLM model development, particularly for on-device or resource-constrained environments, information retrieval, knowledge graph construction, and vector search technologies
Strong knowledge of LLM architectures and their application in retrieval and hybrid search systems
Experience with mobile AI frameworks such as LiteRT, ExecuTorch, Mediapipe LLM, MLC LLM
Familiarity with RAG pipelines, NLP, and LLM fine-tuning, optimization techniques such as model pruning and model distillation
Strong coding skills with prototyping experience using popular machine learning frameworks (e.g., PyTorch, TensorFlow, JAX)
The position will require the incumbent to sit and stand at a desk, communicate in person and by telephone, and frequently operate standard office equipment, such as telephones and computers","Enrolled in a Ph.D. or Master's program in computer science or related areas; Hands-on experience in LLM model development, particularly for on-device or resource-constrained environments, information retrieval, knowledge graph construction, and vector search technologies; Strong knowledge of LLM architectures and their application in retrieval and hybrid search systems; Experience with mobile AI frameworks such as LiteRT, ExecuTorch, Mediapipe LLM, MLC LLM; Familiarity with RAG pipelines, NLP, and LLM fine-tuning, optimization techniques such as model pruning and model distillation; Strong coding skills with prototyping experience using popular machine learning frameworks (e.g., PyTorch, TensorFlow, JAX); The position will require the incumbent to sit and stand at a desk, communicate in person and by telephone, and frequently operate standard office equipment, such as telephones and computers","Enrolled in a Ph.D. or Master's program in computer science or related areas
Hands-on experience in LLM model development, particularly for on-device or resource-constrained environments, information retrieval, knowledge graph construction, and vector search technologies
Strong knowledge of LLM architectures and their application in retrieval and hybrid search systems
Experience with mobile AI frameworks such as LiteRT, ExecuTorch, Mediapipe LLM, MLC LLM
Familiarity with RAG pipelines, NLP, and LLM fine-tuning, optimization techniques such as model pruning and model distillation
Strong coding skills with prototyping experience using popular machine learning frameworks (e.g., PyTorch, TensorFlow, JAX)
The position will require the incumbent to sit and stand at a desk, communicate in person and by telephone, and frequently operate standard office equipment, such as telephones and computers","Enrolled in a Ph.D. or Master's program in computer science or related areas; Hands-on experience in LLM model development, particularly for on-device or resource-constrained environments, information retrieval, knowledge graph construction, and vector search technologies; Strong knowledge of LLM architectures and their application in retrieval and hybrid search systems; Experience with mobile AI frameworks such as LiteRT, ExecuTorch, Mediapipe LLM, MLC LLM; Familiarity with RAG pipelines, NLP, and LLM fine-tuning, optimization techniques such as model pruning and model distillation; Strong coding skills with prototyping experience using popular machine learning frameworks (e.g., PyTorch, TensorFlow, JAX); The position will require the incumbent to sit and stand at a desk, communicate in person and by telephone, and frequently operate standard office equipment, such as telephones and computers",,,,,"Lab Summary:

Samsung Knox™ (https://www.samsungknox.com/) is Samsung's guarantee of security, and a secure device gives you the freedom to work and play how, where, and when you want. Samsung Knox consists of a highly secure platform built into a variety of Samsung devices, including Samsung's mobile phones and laptop computers.

Come join the Samsung KNOX team and help us define and develop the
future core technologies for Samsung devices and services!

Position Summary:

Samsung Research America Advanced Knox R&D Team is looking for an intern to contribute to the development of on-device AI agents optimized for enterprise productivity and security solutions and to focus on retrieval-augmented generation (RAG) frameworks for enterprise productivity solutions. This role will focus on designing, optimizing, and deploying AI/LLM models for resource-constrained devices such as mobile phones. This role also involves working on advanced information retrieval techniques, integrating knowledge graphs, vector search, and keyword-based hybrid search into AI-driven B2B applications. You will contribute to the next generation of retrieval systems that improve contextual understanding and relevance for on-device applications.

Position Responsibilities:
• Assist in the design, development, and deployment of AI agents and frameworks tailored for on-device environments.
• Assist in building and optimizing retrieval-augmented generation (RAG) pipelines, integrating external data with LLMs for enhanced AI-driven solutions in the enterprise productivity space.
• Work on developing and deploying knowledge graphs, vector search, and keyword-based hybrid search to improve the performance of information retrieval systems.
• Knowledge of context-aware systems, multi-agent systems, and decision-making frameworks for security and productivity driven enterprise applications.
• Develop proof-of-concept applications and assist in the performance evaluation of on-device AI models for B2B use cases.
• Collaborate with cross-functional teams to evaluate the performance, robustness, and security of AI agents in real-world enterprise scenarios.
• Collaborate with teams to fine-tune LLMs/ML Model and optimize them for use in retrieval systems, ensuring scalability and high performance.
• Develop proof-of-concept retrieval applications, evaluating their robustness and relevance in real-world enterprise scenarios.
• Implement efficient search frameworks and retrieval algorithms that leverage LLMs and other data sources on mobile.
• Work with mobile frameworks such as LiteRT, ExecuTorch, Mediapipe LLM, MLC LLM and similar technologies to deploy LLMs on mobile.
• Work on optimizing LLM-based applications for mobile devices, focusing on minimizing latency, power usage, and memory footprint.

Required Skills:
• Enrolled in a Ph.D. or Master's program in computer science or related areas. Hands-on experience in LLM model development, particularly for on-device or resource-constrained environments, information retrieval, knowledge graph construction, and vector search technologies.
• Strong knowledge of LLM architectures and their application in retrieval and hybrid search systems.
• Experience with mobile AI frameworks such as LiteRT, ExecuTorch, Mediapipe LLM, MLC LLM.
• Familiarity with RAG pipelines, NLP, and LLM fine-tuning, optimization techniques such as model pruning and model distillation.
• Strong coding skills with prototyping experience using popular machine learning frameworks (e.g., PyTorch, TensorFlow, JAX).

Preferred Skills:
• Experience in deploying on-device LLM models.
• Experience with knowledge graph and vector search technologies.
• Experience with on-device deployment of AI agents capable of performing productivity and security tasks with minimal computational resources.
• Strong problem-solving skills with a focus on building efficient, real-world solutions for enterprise productivity and security applications.
• Passion for improving information retrieval systems in real-world enterprise productivity applications.
• Proven track record of research/publications on machine learning and artificial intelligence field (NeurIPS, ICML, ICLR, AAAI, ACL, EMNLP, NAACL, EACL, TACL, COLING etc.)

Additional Information

Be careful not to disclose information related to the trade secrets of your previous or current employer(s)

Essential Job Functions

This position will be performed in an office setting. The position will require the incumbent to sit and stand at a desk, communicate in person and by telephone, and frequently operate standard office equipment, such as telephones and computers.

Samsung Research America is committed to complying with all Federal, State and local laws related to the employment of qualified individuals with disabilities. If you are an individual with a disability and would like to request a reasonable accommodation as part of the employment selection process, please contact the recruiter or email sratalent@samsung.com.

Affirmative Action / Equal Opportunity

Samsung Research America is an Affirmative Action and Equal Opportunity Employer. All qualified applicants will receive consideration for employment without regard to race, color, religion, sex, sexual orientation, gender identity or expression, national origin, disability, or status as a protected veteran.

For more information regarding protection from discrimination under Federal law for applicants and employees, please refer to the links below.

Know Your Rights | Pay Transparency
"
Data Science Internship,Vectra,"San Jose, CA • via Simplify Jobs",2025-01-08T13:03:32.816469,"Undergraduate or Graduate major focusing on Computer Science, Engineering, or similar computational discipline
Python programming experience
Strong machine learning knowledge and/or mathematical foundations with experience solving tough, real-world problems
Excellent collaboration skills","Undergraduate or Graduate major focusing on Computer Science, Engineering, or similar computational discipline; Python programming experience; Strong machine learning knowledge and/or mathematical foundations with experience solving tough, real-world problems; Excellent collaboration skills","Undergraduate or Graduate major focusing on Computer Science, Engineering, or similar computational discipline
Python programming experience
Strong machine learning knowledge and/or mathematical foundations with experience solving tough, real-world problems
Excellent collaboration skills","Undergraduate or Graduate major focusing on Computer Science, Engineering, or similar computational discipline; Python programming experience; Strong machine learning knowledge and/or mathematical foundations with experience solving tough, real-world problems; Excellent collaboration skills","Vectra provides a comprehensive total rewards package that supports the financial, physical, mental and overall health of our employees and their families
Compensation includes competitive base pay, incentive plan eligibility, and participation in the employee equity plan (stock options)
Specific benefits offered varies by location, but commonly include health care insurance, income protection / life insurance, access to retirement savings plans, behavioral & emotional wellness services, generous time away from work, and a comprehensive employee recognition program","Vectra provides a comprehensive total rewards package that supports the financial, physical, mental and overall health of our employees and their families; Compensation includes competitive base pay, incentive plan eligibility, and participation in the employee equity plan (stock options); Specific benefits offered varies by location, but commonly include health care insurance, income protection / life insurance, access to retirement savings plans, behavioral & emotional wellness services, generous time away from work, and a comprehensive employee recognition program","Vectra provides a comprehensive total rewards package that supports the financial, physical, mental and overall health of our employees and their families
Compensation includes competitive base pay, incentive plan eligibility, and participation in the employee equity plan (stock options)
Specific benefits offered varies by location, but commonly include health care insurance, income protection / life insurance, access to retirement savings plans, behavioral & emotional wellness services, generous time away from work, and a comprehensive employee recognition program","Vectra provides a comprehensive total rewards package that supports the financial, physical, mental and overall health of our employees and their families; Compensation includes competitive base pay, incentive plan eligibility, and participation in the employee equity plan (stock options); Specific benefits offered varies by location, but commonly include health care insurance, income protection / life insurance, access to retirement savings plans, behavioral & emotional wellness services, generous time away from work, and a comprehensive employee recognition program","Vectra® is the leader in AI-driven threat detection and response for hybrid and multi-cloud enterprises.

The Vectra AI Platform delivers integrated signal across public cloud, SaaS, identity, and data center networks in a single platform. Powered by patented Attack Signal Intelligence, it empowers security teams to rapidly prioritize, investigate and respond to the most advanced cyber-attacks. Wi
th 35 patents in AI-driven threat detection and the most vendor references in MITRE D3FEND, organizations worldwide rely on the Vectra AI to move at the speed and scale of hybrid attackers. For more information, visit www.vectra.ai.

Data Scientist Intern

at Vectra AI

San Jose, CA

Vectra delivers a new class of real-time threat detection and advanced analysis of active network intrusions. Vectra picks up where perimeter security leaves off using AI to provide deep, continuous analysis of both internal and Internet-facing network traffic for all phases of the attack progression as attackers attempt to breach, spy, spread, and steal within networks.

Vectra directly analyzes network traffic in real time using combination of patent-pending data science, machine learning, and behavioral analysis to detect attacker behaviors and user anomalies in the network. All detections are algorithmically correlated and prioritized to show an attack in context, and Vectra machine learning adapts as attacks evolve.

Position Overview:

Apply cutting edge machine learning, artificial intelligence, and modeling techniques to stop hackers in real time as they attack networks. As part of the data science internship program, you will directly impact the product by developing new methods using cutting edge techniques to detect malicious and anomalous behaviors on the network.

We are looking for qualified undergraduate and graduate interns eager to learn and deliver a project that will be used in the product.

Qualifications:
• Undergraduate or Graduate major focusing on Computer Science, Engineering, or similar computational discipline
• Python programming experience
• Strong machine learning knowledge and/or mathematical foundations with experience solving tough, real-world problems
• Excellent collaboration skills

Vectra provides a comprehensive total rewards package that supports the financial, physical, mental and overall health of our employees and their families. Compensation includes competitive base pay, incentive plan eligibility, and participation in the employee equity plan (stock options). Specific benefits offered varies by location, but commonly include health care insurance, income protection / life insurance, access to retirement savings plans, behavioral & emotional wellness services, generous time away from work, and a comprehensive employee recognition program.

Vectra is committed to creating a diverse environment and is proud to be an equal opportunity employer.

We are committed to equal employment opportunity regardless of race, color, ancestry, religion, sex, national origin, sexual orientation, age, citizenship, marital status, disability, gender identity or Veteran status.
"
AI/ML Product Management Analytics Intern,Teradata,"Denver, CO • via USNLX Ability Jobs - National Labor Exchange",2025-01-08T13:03:42.706337,"Must be enrolled in BS/MS/PhD degree program
With graduation dates between December 2025-June 2027
Experience in design, development, and implementation of advanced analytic solutions
Hands-on experience with analytical tools and platforms; SQL, R/Python
Ability to understand customer needs and market opportunities","Must be enrolled in BS/MS/PhD degree program; With graduation dates between December 2025-June 2027; Experience in design, development, and implementation of advanced analytic solutions; Hands-on experience with analytical tools and platforms; SQL, R/Python; Ability to understand customer needs and market opportunities","Must be enrolled in BS/MS/PhD degree program
With graduation dates between December 2025-June 2027
Experience in design, development, and implementation of advanced analytic solutions
Hands-on experience with analytical tools and platforms; SQL, R/Python
Ability to understand customer needs and market opportunities","Must be enrolled in BS/MS/PhD degree program; With graduation dates between December 2025-June 2027; Experience in design, development, and implementation of advanced analytic solutions; Hands-on experience with analytical tools and platforms; SQL, R/Python; Ability to understand customer needs and market opportunities","We offer a fast-paced, flexible, fun environment where you will have the opportunity to work on meaningful projects and face new challenges every day
Pay Rate: $29.00 - $44.00 - $50.00 Hourly
Pay Rate: 0.0000 - 0.0000 - 0.0000 Hourly
Starting pay for the successful applicant will depend on geographic location, internal equity, job-related knowledge, skills, and candidate experience","We offer a fast-paced, flexible, fun environment where you will have the opportunity to work on meaningful projects and face new challenges every day; Pay Rate: $29.00 - $44.00 - $50.00 Hourly; Pay Rate: 0.0000 - 0.0000 - 0.0000 Hourly; Starting pay for the successful applicant will depend on geographic location, internal equity, job-related knowledge, skills, and candidate experience","We offer a fast-paced, flexible, fun environment where you will have the opportunity to work on meaningful projects and face new challenges every day
Pay Rate: $29.00 - $44.00 - $50.00 Hourly
Pay Rate: 0.0000 - 0.0000 - 0.0000 Hourly
Starting pay for the successful applicant will depend on geographic location, internal equity, job-related knowledge, skills, and candidate experience","We offer a fast-paced, flexible, fun environment where you will have the opportunity to work on meaningful projects and face new challenges every day; Pay Rate: $29.00 - $44.00 - $50.00 Hourly; Pay Rate: 0.0000 - 0.0000 - 0.0000 Hourly; Starting pay for the successful applicant will depend on geographic location, internal equity, job-related knowledge, skills, and candidate experience","Our Company

At Teradata, we believe that people thrive when empowered with better information. That’s why we built the most complete cloud analytics and data platform for AI. By delivering harmonized data, trusted AI, and faster innovation, we uplift and empower our customers and our customers’ customers to make better, more confident decisions. The world’s top companies across every major indust
ry trust Teradata to improve business performance, enrich customer experiences, and fully integrate data across the enterprise.

Our Internship

Program Our summer internship program lasts 10-12 weeks beginning in May/June and ending in August/September. We offer a fast-paced, flexible, fun environment where you will have the opportunity to work on meaningful projects and face new challenges every day.

Location Our program is fully virtual. Interns must remain in the US for the duration of the internship..

What You'll Do

Intern opportunity with Teradata’s team of Product Managers leading the efforts to deliver industry leading analytic capabilities in the Teradata Vantage platform. This dynamic role has close interaction with customers, extensive knowledge of the overall analytic market, including both Teradata partner and competing solutions, using this knowledge to lead Teradata strategy and work closely with our engineering teams to deliver our analytic capabilities. Product Managers work closely with Teradata sales and professional services teams to help customers make the best decisions possible using Teradata software and advanced analytic techniques. This hands-on role develops demos and delivers training material for our customers and sales teams, and actively participates with prototypes and POCs for new features.

What Makes You a Qualified Candidate
• Must be enrolled in BS/MS/PhD degree program. With graduation dates between December 2025-June 2027.
• Data mining/Data Science, statistical modeling, econometrics, and quantitative analysis
• Experience in design, development, and implementation of advanced analytic solutions

What You'll Bring
• Hands-on experience with analytical tools and platforms; SQL, R/Python
• Ability to understand customer needs and market opportunities

Pay Rate: $29.00 - $44.00 - $50.00 Hourly

Why We Think You’ll Love Teradata

We prioritize a people-first culture because we know our people are at the very heart of our success. We embrace a flexible work model because we trust our people to make decisions about how, when, and where they work. We focus on well-being because we care about our people and their ability to thrive both personally and professionally. We are an anti-racist company because our dedication to Diversity, Equity, and Inclusion is more than a statement. It is a deep commitment to doing the work to foster an equitable environment that celebrates people for all of who they are.

#LI-SK1

Teradata invites all identities and backgrounds in the workplace. We work with deliberation and intent to ensure we are cultivating collaboration and inclusivity across our global organization.



We are proud to be an equal opportunity and affirmative action employer. We do not discriminate based upon race, color, ancestry, religion, creed, sex (including pregnancy, childbirth, breastfeeding, or related conditions), national origin, sexual orientation, age, citizenship, marital status, disability, medical condition, genetic information, gender identity or expression, military and veteran status, or any other legally protected status.

Pay Rate: 0.0000 - 0.0000 - 0.0000 Hourly

Starting pay for the successful applicant will depend on geographic location, internal equity, job-related knowledge, skills, and candidate experience. Learn more about Teradata’s competitive Total Rewards package at https://www.teradata.com/About-Us/Careers/Benefits
"
AI Project Manager Internship | Jira,GENIE AI,Anywhere • via Wellfound,2025-01-08T13:03:49.960896,,,,,,,,,"About Company

GENIE AI is an applied AI lab developing Assistive Intelligence (AI) solutions for businesses, governments, and non-profits. Our focus is on translating the massive potential of GenAI, RPA, and AR/VR technologies into a measurable competitive advantage. We firmly believe in the future of interactive technology and view cognition as its most capable instrument. With a track record of
firsts, we've partnered with category-leading businesses to pilot ALBIS Experience Studio™.

About Team

GENIE AI comprises a winning team of Subject Matter Experts with over 20 years of specialization in ML/AI, offering world-class strategy, engineering, and design. Our team includes 42+ executives, business experts, ML engineers, RPA engineers, security engineers, data engineers, product designers, researchers, testers, content creators, and sales professionals.

About the Product

ALBIS™ is a no code AI Automation engine designed to enable businesses to create and manage experiences across physical, digital, and virtual spaces. ALBIS takes experience management to a new standard by leveraging Gen AI, Robotic Automation, IoT, AR/VR, and other advanced tech to enable actions like real-time data checks, outcome prediction, task automation, and autopilot activation.

What's in it for you?
• Opportunity and experience working at the forefront of an AI SaaS platform.
• Rocket growth driven by future technologies; Disrupting global industries; Global multi-team collaboration.
• Hands-on experience in a fast-paced and dynamic work environment. Work closely with experienced professionals and receive mentorship.
• Exposure to a variety of projects and the opportunity to contribute to impactful solutions.
• Networking opportunities within the industry. Internship Completion Certification.

Role: AI Project Manager Intern (Contributor)

Location: Remote

Duration: Internship

Overview:

The AI Project Manager Intern is responsible for planning, executing, and delivering projects on time, within scope, and within budget. This role involves coordinating cross-functional teams, managing resources, and ensuring that project goals align with organizational objectives. The AI Project Manager Intern will act as the central point of communication between stakeholders, team members, and clients.

Responsibilities:
• Define project scope, objectives, and deliverables in collaboration with stakeholders via JIRA.
• Develop detailed project plans, including timelines, budgets, resource allocation, and risk management strategies.
• Coordinate internal resources and third-party vendors to ensure seamless project execution.
• Monitor project performance, track milestones, and maintain progress updates.
Identify and manage potential risks or issues, ensuring timely resolution.
• Lead and motivate project team members, providing clear communication of roles and responsibilities.
• Foster collaboration across teams to ensure alignment with project goals.
• Ensure that deliverables meet quality standards and project requirements.
• Conduct post-project evaluations and implement lessons learned for continuous improvement.
• Create and maintain comprehensive project documentation, including project charters, status reports, and close-out reports.

Qualifications:
• Bachelor’s degree in Business, Management, Engineering, or related field.
• Proven experience in project management (minimum 3-5 years preferred).
• Strong familiarity with project management software tool (JIRA), methodologies, and best practices.
• Exceptional organizational skills, attention to detail, and ability to manage multiple tasks simultaneously.
• Strong leadership and interpersonal skills, with the ability to manage diverse teams.
• Excellent communication skills, both written and verbal.
• Ability to problem-solve and make decisions under pressure.

Benefits:
• Opportunity to contribute to real-world projects and gain industry experience.
• Mentorship and guidance from experienced engineers.
• Flexible working hours to accommodate academic schedules.
• Exposure to cutting-edge tools and technologies in project management.
• A collaborative, inclusive, and innovative team environment.

Application Process:

If you’re passionate about AI Project Management and eager to learn, we’d love to hear from you! Please submit your resume and a brief cover letter outlining your skills, experience, and interest in the role.

We’re excited to help you kickstart your career in AI Project Management!
"
AI Test Security Intern,Educational Testing Service,"Providence, RI • via Educational Testing Service Jobs",2025-01-08T13:03:59.995990,"Education: Currently enrolled in a Bachelor’s degree program, graduating in 2026 or 2027
Field of Study: Computer Science, Machine Learning, Data Science, or a related discipline
Proficiency with AWS tools and services
Knowledge of programming languages, including Java, Python, and/or Angular
Strong analytical and problem-solving abilities
Excellent time management and organizational skills
Effective public speaking capabilities
Ability to work both independently and collaboratively within a team","Education: Currently enrolled in a Bachelor’s degree program, graduating in 2026 or 2027; Field of Study: Computer Science, Machine Learning, Data Science, or a related discipline; Proficiency with AWS tools and services; Knowledge of programming languages, including Java, Python, and/or Angular; Strong analytical and problem-solving abilities; Excellent time management and organizational skills; Effective public speaking capabilities; Ability to work both independently and collaboratively within a team","Education: Currently enrolled in a Bachelor’s degree program, graduating in 2026 or 2027
Field of Study: Computer Science, Machine Learning, Data Science, or a related discipline
Proficiency with AWS tools and services
Knowledge of programming languages, including Java, Python, and/or Angular
Strong analytical and problem-solving abilities
Excellent time management and organizational skills
Effective public speaking capabilities
Ability to work both independently and collaboratively within a team","Education: Currently enrolled in a Bachelor’s degree program, graduating in 2026 or 2027; Field of Study: Computer Science, Machine Learning, Data Science, or a related discipline; Proficiency with AWS tools and services; Knowledge of programming languages, including Java, Python, and/or Angular; Strong analytical and problem-solving abilities; Excellent time management and organizational skills; Effective public speaking capabilities; Ability to work both independently and collaboratively within a team","At the conclusion of the Internship, you will have the opportunity to present your project to IT leadership","At the conclusion of the Internship, you will have the opportunity to present your project to IT leadership","At the conclusion of the Internship, you will have the opportunity to present your project to IT leadership","At the conclusion of the Internship, you will have the opportunity to present your project to IT leadership","About ETS:

For more than 75 years, we have amplified products and services based rigorous research and our belief in the power of learning. Driven by our mission to advance quality and equity in education, ETS provides learning solutions, pioneering research and trusted assessments that help guide learners around the world on their path to new possibilities.

Our portfolio of trusted measures inc
lude TOEFL®, TOEIC®, GRE® and Praxis® . Along with research, development and innovation that explores new frontiers in learning and measurement our educational measurement solutions and research contribute to the development of new methods and tools, inform important dialogue with education policymakers, and shed light on critical issues and potential solutions - all with the aim of creating a world where all learners can improve their lives through education.

With new senior leadership at the helm, ETS aims to continue changing the lives of all learners as we expand our organization's global footprint. Our goal is to remain at the forefront of assessment and measurement efficacy within the education and ed tech space as it continues to grow and evolve.

The ETS Technology Division is focused on being the trusted partner for innovative technology experiences and platforms that enable growth across ETS. We are committed to delivering experience-led solutions while maintaining a strong customer focus and commercial flexibility. Our division emphasizes customer and employee experience, leveraging core services, AI capabilities, and API-driven solutions to achieve operational excellence and international scalability. We believe in building deep strategic partnerships and fostering internal knowledge and accountability while working as One ETS to drive technological innovation and growth.

The Technology Division has created an internship program for college students interested in pursuing a career in technology. This is a paid, 8- 10 week -long, hybrid internship where interns will be expected to work 37– 40-hour a week. At the conclusion of the Internship, you will have the opportunity to present your project to IT leadership. Interns will receive training in a variety of IT-related activities and will be paired with a mentor who will help support their project work.? ?

As the AI Test Security Intern, you'll be at the forefront of enhancing the security and integrity of ETS’s testing processes. Your work will directly contribute to reducing score cancellations after reporting, safeguarding ETS’s assessment products, and streamlining operations by eliminating manual processes that don't align with ETS’s mission. This is a unique opportunity to apply AI technologies to real-world challenges in test security.

Key Responsibilities:
• Develop an AI-enabled video playback system to efficiently identify and retrieve test-taker video footage.
• Build a visualization tool to detect when AI-generated content, such as ChatGPT responses, is used in test answers.
• Implement AI-powered room similarity detection to identify potential cheating rings and suspicious activities.
• Education: Currently enrolled in a Bachelor’s degree program, graduating in 2026 or 2027.
• Field of Study: Computer Science, Machine Learning, Data Science, or a related discipline.
• Skills and Competencies:
• Proficiency with AWS tools and services.
• Experience with computer vision techniques and generative AI models is preferred.
• Knowledge of programming languages, including Java, Python, and/or Angular.
• Strong analytical and problem-solving abilities.
• Excellent time management and organizational skills.
• Effective public speaking capabilities.
• Ability to work both independently and collaboratively within a team.

ETS is mission driven and action oriented
• Diversity, equity, inclusion, and belonging is at the forefront of the ETS employee's daily work. To further foster an inclusive environment ETS is home to a wide variety of Affinity groups that celebrate the diversity of our talented employees.
• How about cultivating growth, innovation, and continuous transformation for the next generation of rising professionals as leaders? ETS offers multiple Business Resource Groups (BRG) for you!
• Are you passionate about volunteering and being active in your career and community? ETS offers our Center for Advocacy & Philanthropy (CAAP) where we encourage ETS employees to become active volunteers in their communities and schools through the ETS Cares Giving Campaign. Our employees can support any 501c3 or eligible charity of their choice.

ETS is an Equal Opportunity Employer comprised of people with different experiences, strengths, and backgrounds who share a passion for advancing quality and equity in education. We are dedicated to building teams that reflect the various backgrounds, experiences, and identities of those we serve. The Talent Acquisition team strives to ensure candidates enjoy a fair and equitable hiring process. We believe our differences empower us to be a better team, making better decisions and delivering better results.
"
"Research Scientist Intern, Generative AI Trust and Safety",Trust A-tech,"Menlo Park, CA • via BeBee",2025-01-08T13:04:10.195063,"CURRENTLY HAS OR IS IN THE PROCESS OF OBTAINING A Ph.D
DEGREE IN COMPUTER SCIENCE, COMPUTER VISION, AUDIO PROCESSING, ARTIFICIAL INTELLIGENCE, GENERATIVE AI, OR RELEVANT TECHNICAL FIELD
MUST OBTAIN WORK AUTHORIZATION IN THE COUNTRY OF EMPLOYMENT AT THE TIME OF HIRE AND MAINTAIN ONGOING WORK AUTHORIZATION DURING EMPLOYMENT
RESEARCH EXPERIENCE IN MACHINE LEARNING, DEEP LEARNING, COMPUTER VISION AND/OR NATURAL LANGUAGE PROCESSING
EXPERIENCE WITH PYTHON, C++, C, JAVA OR OTHER RELATED LANGUAGES
EXPERIENCE WITH DEEP LEARNING FRAMEWORKS SUCH AS PYTORCH OR TENSORFLOW","CURRENTLY HAS OR IS IN THE PROCESS OF OBTAINING A Ph.D; DEGREE IN COMPUTER SCIENCE, COMPUTER VISION, AUDIO PROCESSING, ARTIFICIAL INTELLIGENCE, GENERATIVE AI, OR RELEVANT TECHNICAL FIELD; MUST OBTAIN WORK AUTHORIZATION IN THE COUNTRY OF EMPLOYMENT AT THE TIME OF HIRE AND MAINTAIN ONGOING WORK AUTHORIZATION DURING EMPLOYMENT; RESEARCH EXPERIENCE IN MACHINE LEARNING, DEEP LEARNING, COMPUTER VISION AND/OR NATURAL LANGUAGE PROCESSING; EXPERIENCE WITH PYTHON, C++, C, JAVA OR OTHER RELATED LANGUAGES; EXPERIENCE WITH DEEP LEARNING FRAMEWORKS SUCH AS PYTORCH OR TENSORFLOW","CURRENTLY HAS OR IS IN THE PROCESS OF OBTAINING A Ph.D
DEGREE IN COMPUTER SCIENCE, COMPUTER VISION, AUDIO PROCESSING, ARTIFICIAL INTELLIGENCE, GENERATIVE AI, OR RELEVANT TECHNICAL FIELD
MUST OBTAIN WORK AUTHORIZATION IN THE COUNTRY OF EMPLOYMENT AT THE TIME OF HIRE AND MAINTAIN ONGOING WORK AUTHORIZATION DURING EMPLOYMENT
RESEARCH EXPERIENCE IN MACHINE LEARNING, DEEP LEARNING, COMPUTER VISION AND/OR NATURAL LANGUAGE PROCESSING
EXPERIENCE WITH PYTHON, C++, C, JAVA OR OTHER RELATED LANGUAGES
EXPERIENCE WITH DEEP LEARNING FRAMEWORKS SUCH AS PYTORCH OR TENSORFLOW","CURRENTLY HAS OR IS IN THE PROCESS OF OBTAINING A Ph.D; DEGREE IN COMPUTER SCIENCE, COMPUTER VISION, AUDIO PROCESSING, ARTIFICIAL INTELLIGENCE, GENERATIVE AI, OR RELEVANT TECHNICAL FIELD; MUST OBTAIN WORK AUTHORIZATION IN THE COUNTRY OF EMPLOYMENT AT THE TIME OF HIRE AND MAINTAIN ONGOING WORK AUTHORIZATION DURING EMPLOYMENT; RESEARCH EXPERIENCE IN MACHINE LEARNING, DEEP LEARNING, COMPUTER VISION AND/OR NATURAL LANGUAGE PROCESSING; EXPERIENCE WITH PYTHON, C++, C, JAVA OR OTHER RELATED LANGUAGES; EXPERIENCE WITH DEEP LEARNING FRAMEWORKS SUCH AS PYTORCH OR TENSORFLOW","We offer a competitive salary range of $7,650/month to $11,333/month, plus benefits
Individual pay is determined by skills, qualifications, experience, and location
Compensation details listed in this posting reflect the base salary only, and do not include bonus, equity or sales incentives, if applicable","We offer a competitive salary range of $7,650/month to $11,333/month, plus benefits; Individual pay is determined by skills, qualifications, experience, and location; Compensation details listed in this posting reflect the base salary only, and do not include bonus, equity or sales incentives, if applicable","We offer a competitive salary range of $7,650/month to $11,333/month, plus benefits
Individual pay is determined by skills, qualifications, experience, and location
Compensation details listed in this posting reflect the base salary only, and do not include bonus, equity or sales incentives, if applicable","We offer a competitive salary range of $7,650/month to $11,333/month, plus benefits; Individual pay is determined by skills, qualifications, experience, and location; Compensation details listed in this posting reflect the base salary only, and do not include bonus, equity or sales incentives, if applicable","Meta Research Intern

We are seeking talented individuals to join our Generative AI efforts across modalities (text, images, video, audio, etc.). Our team is committed to advancing the field of artificial intelligence by making fundamental advances in technologies to help interact with and understand our world.
About Us

Meta was built to help people connect and share. With over a billion people u
sing our service and more than fifty offices around the globe, a career at Meta offers countless ways to make an impact in a fast growing organization.
Job Description

As a Research Scientist Intern, you will have the opportunity to develop novel state-of-the-art generative AI algorithms and corresponding systems, leveraging various deep learning techniques. You will also analyze and improve the safety and robustness of deployed algorithms based on the project, perform research to advance the science and technology of intelligent machines, collaborate with researchers and cross-functional partners, and disseminate research results.
Responsibilities
• Develop novel state-of-the-art generative AI algorithms and corresponding systems, leveraging various deep learning techniques.
• Help analyze and improve safety and robustness of corresponding deployed algorithms based on the project.
• Perform research to advance the science and technology of intelligent machines.
• Collaborate with researchers and cross-functional partners including communicating research plans, progress, and results.
• Disseminate research results.
• Publish research results and contribute to research that can be applied to Meta product development.
Requirements
• CURRENTLY HAS OR IS IN THE PROCESS OF OBTAINING A Ph.D. DEGREE IN COMPUTER SCIENCE, COMPUTER VISION, AUDIO PROCESSING, ARTIFICIAL INTELLIGENCE, GENERATIVE AI, OR RELEVANT TECHNICAL FIELD.
• MUST OBTAIN WORK AUTHORIZATION IN THE COUNTRY OF EMPLOYMENT AT THE TIME OF HIRE AND MAINTAIN ONGOING WORK AUTHORIZATION DURING EMPLOYMENT.
• RESEARCH EXPERIENCE IN MACHINE LEARNING, DEEP LEARNING, COMPUTER VISION AND/OR NATURAL LANGUAGE PROCESSING.
• EXPERIENCE WITH PYTHON, C++, C, JAVA OR OTHER RELATED LANGUAGES.
• EXPERIENCE WITH DEEP LEARNING FRAMEWORKS SUCH AS PYTORCH OR TENSORFLOW.
Benefits

We offer a competitive salary range of $7,650/month to $11,333/month, plus benefits. Individual pay is determined by skills, qualifications, experience, and location. Compensation details listed in this posting reflect the base salary only, and do not include bonus, equity or sales incentives, if applicable.
"
AI/ML Product Management Analytics Intern,Teradata,"Des Moines, IA • via USNLX Ability Jobs - National Labor Exchange",2025-01-08T13:04:20.249054,"Must be enrolled in BS/MS/PhD degree program
With graduation dates between December 2025-June 2027
Experience in design, development, and implementation of advanced analytic solutions
Hands-on experience with analytical tools and platforms; SQL, R/Python
Ability to understand customer needs and market opportunities","Must be enrolled in BS/MS/PhD degree program; With graduation dates between December 2025-June 2027; Experience in design, development, and implementation of advanced analytic solutions; Hands-on experience with analytical tools and platforms; SQL, R/Python; Ability to understand customer needs and market opportunities","Must be enrolled in BS/MS/PhD degree program
With graduation dates between December 2025-June 2027
Experience in design, development, and implementation of advanced analytic solutions
Hands-on experience with analytical tools and platforms; SQL, R/Python
Ability to understand customer needs and market opportunities","Must be enrolled in BS/MS/PhD degree program; With graduation dates between December 2025-June 2027; Experience in design, development, and implementation of advanced analytic solutions; Hands-on experience with analytical tools and platforms; SQL, R/Python; Ability to understand customer needs and market opportunities","We offer a fast-paced, flexible, fun environment where you will have the opportunity to work on meaningful projects and face new challenges every day
Pay Rate: $29.00 - $44.00 - $50.00 Hourly
Pay Rate: 0.0000 - 0.0000 - 0.0000 Hourly
Starting pay for the successful applicant will depend on geographic location, internal equity, job-related knowledge, skills, and candidate experience","We offer a fast-paced, flexible, fun environment where you will have the opportunity to work on meaningful projects and face new challenges every day; Pay Rate: $29.00 - $44.00 - $50.00 Hourly; Pay Rate: 0.0000 - 0.0000 - 0.0000 Hourly; Starting pay for the successful applicant will depend on geographic location, internal equity, job-related knowledge, skills, and candidate experience","We offer a fast-paced, flexible, fun environment where you will have the opportunity to work on meaningful projects and face new challenges every day
Pay Rate: $29.00 - $44.00 - $50.00 Hourly
Pay Rate: 0.0000 - 0.0000 - 0.0000 Hourly
Starting pay for the successful applicant will depend on geographic location, internal equity, job-related knowledge, skills, and candidate experience","We offer a fast-paced, flexible, fun environment where you will have the opportunity to work on meaningful projects and face new challenges every day; Pay Rate: $29.00 - $44.00 - $50.00 Hourly; Pay Rate: 0.0000 - 0.0000 - 0.0000 Hourly; Starting pay for the successful applicant will depend on geographic location, internal equity, job-related knowledge, skills, and candidate experience","Our Company

At Teradata, we believe that people thrive when empowered with better information. That’s why we built the most complete cloud analytics and data platform for AI. By delivering harmonized data, trusted AI, and faster innovation, we uplift and empower our customers and our customers’ customers to make better, more confident decisions. The world’s top companies across every major indust
ry trust Teradata to improve business performance, enrich customer experiences, and fully integrate data across the enterprise.

Our Internship

Program Our summer internship program lasts 10-12 weeks beginning in May/June and ending in August/September. We offer a fast-paced, flexible, fun environment where you will have the opportunity to work on meaningful projects and face new challenges every day.

Location Our program is fully virtual. Interns must remain in the US for the duration of the internship..

What You'll Do

Intern opportunity with Teradata’s team of Product Managers leading the efforts to deliver industry leading analytic capabilities in the Teradata Vantage platform. This dynamic role has close interaction with customers, extensive knowledge of the overall analytic market, including both Teradata partner and competing solutions, using this knowledge to lead Teradata strategy and work closely with our engineering teams to deliver our analytic capabilities. Product Managers work closely with Teradata sales and professional services teams to help customers make the best decisions possible using Teradata software and advanced analytic techniques. This hands-on role develops demos and delivers training material for our customers and sales teams, and actively participates with prototypes and POCs for new features.

What Makes You a Qualified Candidate
• Must be enrolled in BS/MS/PhD degree program. With graduation dates between December 2025-June 2027.
• Data mining/Data Science, statistical modeling, econometrics, and quantitative analysis
• Experience in design, development, and implementation of advanced analytic solutions

What You'll Bring
• Hands-on experience with analytical tools and platforms; SQL, R/Python
• Ability to understand customer needs and market opportunities

Pay Rate: $29.00 - $44.00 - $50.00 Hourly

Why We Think You’ll Love Teradata

We prioritize a people-first culture because we know our people are at the very heart of our success. We embrace a flexible work model because we trust our people to make decisions about how, when, and where they work. We focus on well-being because we care about our people and their ability to thrive both personally and professionally. We are an anti-racist company because our dedication to Diversity, Equity, and Inclusion is more than a statement. It is a deep commitment to doing the work to foster an equitable environment that celebrates people for all of who they are.

#LI-SK1

Teradata invites all identities and backgrounds in the workplace. We work with deliberation and intent to ensure we are cultivating collaboration and inclusivity across our global organization.



We are proud to be an equal opportunity and affirmative action employer. We do not discriminate based upon race, color, ancestry, religion, creed, sex (including pregnancy, childbirth, breastfeeding, or related conditions), national origin, sexual orientation, age, citizenship, marital status, disability, medical condition, genetic information, gender identity or expression, military and veteran status, or any other legally protected status.

Pay Rate: 0.0000 - 0.0000 - 0.0000 Hourly

Starting pay for the successful applicant will depend on geographic location, internal equity, job-related knowledge, skills, and candidate experience. Learn more about Teradata’s competitive Total Rewards package at https://www.teradata.com/About-Us/Careers/Benefits
"
AI/ML Product Management Analytics Intern,Teradata,"Sacramento, CA • via USNLX Ability Jobs - National Labor Exchange",2025-01-08T13:04:25.226894,,,,,,,,,
AI Test Security Intern,Educational Testing Service,"Boston, MA • via Educational Testing Service Jobs",2025-01-08T13:04:35.283924,"Education: Currently enrolled in a Bachelor’s degree program, graduating in 2026 or 2027
Field of Study: Computer Science, Machine Learning, Data Science, or a related discipline
Proficiency with AWS tools and services
Knowledge of programming languages, including Java, Python, and/or Angular
Strong analytical and problem-solving abilities
Excellent time management and organizational skills
Effective public speaking capabilities
Ability to work both independently and collaboratively within a team","Education: Currently enrolled in a Bachelor’s degree program, graduating in 2026 or 2027; Field of Study: Computer Science, Machine Learning, Data Science, or a related discipline; Proficiency with AWS tools and services; Knowledge of programming languages, including Java, Python, and/or Angular; Strong analytical and problem-solving abilities; Excellent time management and organizational skills; Effective public speaking capabilities; Ability to work both independently and collaboratively within a team","Education: Currently enrolled in a Bachelor’s degree program, graduating in 2026 or 2027
Field of Study: Computer Science, Machine Learning, Data Science, or a related discipline
Proficiency with AWS tools and services
Knowledge of programming languages, including Java, Python, and/or Angular
Strong analytical and problem-solving abilities
Excellent time management and organizational skills
Effective public speaking capabilities
Ability to work both independently and collaboratively within a team","Education: Currently enrolled in a Bachelor’s degree program, graduating in 2026 or 2027; Field of Study: Computer Science, Machine Learning, Data Science, or a related discipline; Proficiency with AWS tools and services; Knowledge of programming languages, including Java, Python, and/or Angular; Strong analytical and problem-solving abilities; Excellent time management and organizational skills; Effective public speaking capabilities; Ability to work both independently and collaboratively within a team","At the conclusion of the Internship, you will have the opportunity to present your project to IT leadership","At the conclusion of the Internship, you will have the opportunity to present your project to IT leadership","At the conclusion of the Internship, you will have the opportunity to present your project to IT leadership","At the conclusion of the Internship, you will have the opportunity to present your project to IT leadership","About ETS:

For more than 75 years, we have amplified products and services based rigorous research and our belief in the power of learning. Driven by our mission to advance quality and equity in education, ETS provides learning solutions, pioneering research and trusted assessments that help guide learners around the world on their path to new possibilities.

Our portfolio of trusted measures inc
lude TOEFL®, TOEIC®, GRE® and Praxis® . Along with research, development and innovation that explores new frontiers in learning and measurement our educational measurement solutions and research contribute to the development of new methods and tools, inform important dialogue with education policymakers, and shed light on critical issues and potential solutions - all with the aim of creating a world where all learners can improve their lives through education.

With new senior leadership at the helm, ETS aims to continue changing the lives of all learners as we expand our organization's global footprint. Our goal is to remain at the forefront of assessment and measurement efficacy within the education and ed tech space as it continues to grow and evolve.

The ETS Technology Division is focused on being the trusted partner for innovative technology experiences and platforms that enable growth across ETS. We are committed to delivering experience-led solutions while maintaining a strong customer focus and commercial flexibility. Our division emphasizes customer and employee experience, leveraging core services, AI capabilities, and API-driven solutions to achieve operational excellence and international scalability. We believe in building deep strategic partnerships and fostering internal knowledge and accountability while working as One ETS to drive technological innovation and growth.

The Technology Division has created an internship program for college students interested in pursuing a career in technology. This is a paid, 8- 10 week -long, hybrid internship where interns will be expected to work 37– 40-hour a week. At the conclusion of the Internship, you will have the opportunity to present your project to IT leadership. Interns will receive training in a variety of IT-related activities and will be paired with a mentor who will help support their project work.? ?

As the AI Test Security Intern, you'll be at the forefront of enhancing the security and integrity of ETS’s testing processes. Your work will directly contribute to reducing score cancellations after reporting, safeguarding ETS’s assessment products, and streamlining operations by eliminating manual processes that don't align with ETS’s mission. This is a unique opportunity to apply AI technologies to real-world challenges in test security.

Key Responsibilities:
• Develop an AI-enabled video playback system to efficiently identify and retrieve test-taker video footage.
• Build a visualization tool to detect when AI-generated content, such as ChatGPT responses, is used in test answers.
• Implement AI-powered room similarity detection to identify potential cheating rings and suspicious activities.
• Education: Currently enrolled in a Bachelor’s degree program, graduating in 2026 or 2027.
• Field of Study: Computer Science, Machine Learning, Data Science, or a related discipline.
• Skills and Competencies:
• Proficiency with AWS tools and services.
• Experience with computer vision techniques and generative AI models is preferred.
• Knowledge of programming languages, including Java, Python, and/or Angular.
• Strong analytical and problem-solving abilities.
• Excellent time management and organizational skills.
• Effective public speaking capabilities.
• Ability to work both independently and collaboratively within a team.

ETS is mission driven and action oriented
• Diversity, equity, inclusion, and belonging is at the forefront of the ETS employee's daily work. To further foster an inclusive environment ETS is home to a wide variety of Affinity groups that celebrate the diversity of our talented employees.
• How about cultivating growth, innovation, and continuous transformation for the next generation of rising professionals as leaders? ETS offers multiple Business Resource Groups (BRG) for you!
• Are you passionate about volunteering and being active in your career and community? ETS offers our Center for Advocacy & Philanthropy (CAAP) where we encourage ETS employees to become active volunteers in their communities and schools through the ETS Cares Giving Campaign. Our employees can support any 501c3 or eligible charity of their choice.

ETS is an Equal Opportunity Employer comprised of people with different experiences, strengths, and backgrounds who share a passion for advancing quality and equity in education. We are dedicated to building teams that reflect the various backgrounds, experiences, and identities of those we serve. The Talent Acquisition team strives to ensure candidates enjoy a fair and equitable hiring process. We believe our differences empower us to be a better team, making better decisions and delivering better results.
"
AI/ML Product Management Analytics Intern,Teradata,"Pierre, SD • via USNLX Ability Jobs - National Labor Exchange",2025-01-08T13:04:45.591722,"Must be enrolled in BS/MS/PhD degree program
With graduation dates between December 2025-June 2027
Experience in design, development, and implementation of advanced analytic solutions
Hands-on experience with analytical tools and platforms; SQL, R/Python
Ability to understand customer needs and market opportunities","Must be enrolled in BS/MS/PhD degree program; With graduation dates between December 2025-June 2027; Experience in design, development, and implementation of advanced analytic solutions; Hands-on experience with analytical tools and platforms; SQL, R/Python; Ability to understand customer needs and market opportunities","Must be enrolled in BS/MS/PhD degree program
With graduation dates between December 2025-June 2027
Experience in design, development, and implementation of advanced analytic solutions
Hands-on experience with analytical tools and platforms; SQL, R/Python
Ability to understand customer needs and market opportunities","Must be enrolled in BS/MS/PhD degree program; With graduation dates between December 2025-June 2027; Experience in design, development, and implementation of advanced analytic solutions; Hands-on experience with analytical tools and platforms; SQL, R/Python; Ability to understand customer needs and market opportunities","We offer a fast-paced, flexible, fun environment where you will have the opportunity to work on meaningful projects and face new challenges every day
Pay Rate: $29.00 - $44.00 - $50.00 Hourly
Pay Rate: 0.0000 - 0.0000 - 0.0000 Hourly
Starting pay for the successful applicant will depend on geographic location, internal equity, job-related knowledge, skills, and candidate experience","We offer a fast-paced, flexible, fun environment where you will have the opportunity to work on meaningful projects and face new challenges every day; Pay Rate: $29.00 - $44.00 - $50.00 Hourly; Pay Rate: 0.0000 - 0.0000 - 0.0000 Hourly; Starting pay for the successful applicant will depend on geographic location, internal equity, job-related knowledge, skills, and candidate experience","We offer a fast-paced, flexible, fun environment where you will have the opportunity to work on meaningful projects and face new challenges every day
Pay Rate: $29.00 - $44.00 - $50.00 Hourly
Pay Rate: 0.0000 - 0.0000 - 0.0000 Hourly
Starting pay for the successful applicant will depend on geographic location, internal equity, job-related knowledge, skills, and candidate experience","We offer a fast-paced, flexible, fun environment where you will have the opportunity to work on meaningful projects and face new challenges every day; Pay Rate: $29.00 - $44.00 - $50.00 Hourly; Pay Rate: 0.0000 - 0.0000 - 0.0000 Hourly; Starting pay for the successful applicant will depend on geographic location, internal equity, job-related knowledge, skills, and candidate experience","Our Company

At Teradata, we believe that people thrive when empowered with better information. That’s why we built the most complete cloud analytics and data platform for AI. By delivering harmonized data, trusted AI, and faster innovation, we uplift and empower our customers and our customers’ customers to make better, more confident decisions. The world’s top companies across every major indust
ry trust Teradata to improve business performance, enrich customer experiences, and fully integrate data across the enterprise.

Our Internship

Program Our summer internship program lasts 10-12 weeks beginning in May/June and ending in August/September. We offer a fast-paced, flexible, fun environment where you will have the opportunity to work on meaningful projects and face new challenges every day.

Location Our program is fully virtual. Interns must remain in the US for the duration of the internship..

What You'll Do

Intern opportunity with Teradata’s team of Product Managers leading the efforts to deliver industry leading analytic capabilities in the Teradata Vantage platform. This dynamic role has close interaction with customers, extensive knowledge of the overall analytic market, including both Teradata partner and competing solutions, using this knowledge to lead Teradata strategy and work closely with our engineering teams to deliver our analytic capabilities. Product Managers work closely with Teradata sales and professional services teams to help customers make the best decisions possible using Teradata software and advanced analytic techniques. This hands-on role develops demos and delivers training material for our customers and sales teams, and actively participates with prototypes and POCs for new features.

What Makes You a Qualified Candidate
• Must be enrolled in BS/MS/PhD degree program. With graduation dates between December 2025-June 2027.
• Data mining/Data Science, statistical modeling, econometrics, and quantitative analysis
• Experience in design, development, and implementation of advanced analytic solutions

What You'll Bring
• Hands-on experience with analytical tools and platforms; SQL, R/Python
• Ability to understand customer needs and market opportunities

Pay Rate: $29.00 - $44.00 - $50.00 Hourly

Why We Think You’ll Love Teradata

We prioritize a people-first culture because we know our people are at the very heart of our success. We embrace a flexible work model because we trust our people to make decisions about how, when, and where they work. We focus on well-being because we care about our people and their ability to thrive both personally and professionally. We are an anti-racist company because our dedication to Diversity, Equity, and Inclusion is more than a statement. It is a deep commitment to doing the work to foster an equitable environment that celebrates people for all of who they are.

#LI-SK1

Teradata invites all identities and backgrounds in the workplace. We work with deliberation and intent to ensure we are cultivating collaboration and inclusivity across our global organization.



We are proud to be an equal opportunity and affirmative action employer. We do not discriminate based upon race, color, ancestry, religion, creed, sex (including pregnancy, childbirth, breastfeeding, or related conditions), national origin, sexual orientation, age, citizenship, marital status, disability, medical condition, genetic information, gender identity or expression, military and veteran status, or any other legally protected status.

Pay Rate: 0.0000 - 0.0000 - 0.0000 Hourly

Starting pay for the successful applicant will depend on geographic location, internal equity, job-related knowledge, skills, and candidate experience. Learn more about Teradata’s competitive Total Rewards package at https://www.teradata.com/About-Us/Careers/Benefits
"
AI Solutions Intern,Educational Testing Service,"Hartford, CT • via Educational Testing Service Jobs",2025-01-08T13:04:55.582842,"Education: Currently enrolled in a Bachelor’s degree program, graduating in 2026 or 2027
Field of Study: Computer Science, Data Science, or a related field
Proficiency with data visualization tools (e.g., Tableau, Power BI, or similar)
Strong analytical and problem-solving abilities.?
Excellent time management and organizational skills.?
Effective public speaking capabilities.?
Ability to work both independently and collaboratively within a team.?","Education: Currently enrolled in a Bachelor’s degree program, graduating in 2026 or 2027; Field of Study: Computer Science, Data Science, or a related field; Proficiency with data visualization tools (e.g., Tableau, Power BI, or similar); Strong analytical and problem-solving abilities.?; Excellent time management and organizational skills.?; Effective public speaking capabilities.?; Ability to work both independently and collaboratively within a team.?","Education: Currently enrolled in a Bachelor’s degree program, graduating in 2026 or 2027
Field of Study: Computer Science, Data Science, or a related field
Proficiency with data visualization tools (e.g., Tableau, Power BI, or similar)
Strong analytical and problem-solving abilities.?
Excellent time management and organizational skills.?
Effective public speaking capabilities.?
Ability to work both independently and collaboratively within a team.?","Education: Currently enrolled in a Bachelor’s degree program, graduating in 2026 or 2027; Field of Study: Computer Science, Data Science, or a related field; Proficiency with data visualization tools (e.g., Tableau, Power BI, or similar); Strong analytical and problem-solving abilities.?; Excellent time management and organizational skills.?; Effective public speaking capabilities.?; Ability to work both independently and collaboratively within a team.?","At the conclusion of the Internship, you will have the opportunity to present your project to IT leadership","At the conclusion of the Internship, you will have the opportunity to present your project to IT leadership","At the conclusion of the Internship, you will have the opportunity to present your project to IT leadership","At the conclusion of the Internship, you will have the opportunity to present your project to IT leadership","About ETS:

For more than 75 years, we have amplified products and services based rigorous research and our belief in the power of learning. Driven by our mission to advance quality and equity in education, ETS provides learning solutions, pioneering research and trusted assessments that help guide learners around the world on their path to new possibilities.

Our portfolio of trusted measures inc
lude TOEFL®, TOEIC®, GRE® and Praxis® . Along with research, development and innovation that explores new frontiers in learning and measurement our educational measurement solutions and research contribute to the development of new methods and tools, inform important dialogue with education policymakers, and shed light on critical issues and potential solutions - all with the aim of creating a world where all learners can improve their lives through education.

With new senior leadership at the helm, ETS aims to continue changing the lives of all learners as we expand our organization's global footprint. Our goal is to remain at the forefront of assessment and measurement efficacy within the education and ed tech space as it continues to grow and evolve.

The ETS Technology Division is focused on being the trusted partner for innovative technology experiences and platforms that enable growth across ETS. We are committed to delivering experience-led solutions while maintaining a strong customer focus and commercial flexibility. Our division emphasizes customer and employee experience, leveraging core services, AI capabilities, and API-driven solutions to achieve operational excellence and international scalability. We believe in building deep strategic partnerships and fostering internal knowledge and accountability while working as One ETS to drive technological innovation and growth.

The Technology Division has created an internship programforcollege students interested in pursuing a career in technology. This is a paid, 8-10 week-long, hybridinternship where interns will be expected to work 37–40-hour aweek.At the conclusion of the Internship, you will have the opportunity to present your project to IT leadership. Interns will receive training in a variety of IT-related activities and will be paired with a mentor who will help support their project work.

As the AI Solutions Intern, you will contribute to the design and implementation of the Value Delivery and Metrics Dashboard, an initiative to empower leadership, enhance organizational visibility, and foster collaboration. This dashboard will optimize the data pipeline, automate data integration, and provide real-time insights to drive informed decision-making.

Key Responsibilities:
• Implement a multi-source data integration system with interactive visualizations to support comprehensive analysis of AI projects across various dimensions.
• Develop a unified dashboard displaying technical, business, and project performance metrics in an intuitive and actionable format.
• Establish and maintain an automated data refresh mechanism to ensure accuracy, currency, and data security.
• Education: Currently enrolled in a Bachelor’s degree program, graduating in 2026 or 2027.
• Field of Study: Computer Science, Data Science, or a related field.
• Skills and Competencies:
• Proficiency with data visualization tools (e.g., Tableau, Power BI, or similar).
• Strong analytical and problem-solving abilities.?
• Excellent time management and organizational skills.?
• Effective public speaking capabilities.?
• Ability to work both independently and collaboratively within a team.?

ETS is mission driven and action oriented
• Diversity, equity, inclusion, and belonging is at the forefront of the ETS employee's daily work. To further foster an inclusive environment ETS is home to a wide variety of Affinity groups that celebrate the diversity of our talented employees.
• How about cultivating growth, innovation, and continuous transformation for the next generation of rising professionals as leaders? ETS offers multiple Business Resource Groups (BRG) for you!
• Are you passionate about volunteering and being active in your career and community? ETS offers our Center for Advocacy & Philanthropy (CAAP) where we encourage ETS employees to become active volunteers in their communities and schools through the ETS Cares Giving Campaign. Our employees can support any 501c3 or eligible charity of their choice.

ETS is an Equal Opportunity Employer comprised of people with different experiences, strengths, and backgrounds who share a passion for advancing quality and equity in education. We are dedicated to building teams that reflect the various backgrounds, experiences, and identities of those we serve. The Talent Acquisition team strives to ensure candidates enjoy a fair and equitable hiring process. We believe our differences empower us to be a better team, making better decisions and delivering better results.
"
AI/ML Product Management Analytics Intern,Teradata,"Augusta, ME • via Internships Jobs",2025-01-08T13:05:05.587703,"Must be enrolled in BS/MS/PhD degree program
With graduation dates between December 2025-June 2027
Experience in design, development, and implementation of advanced analytic solutions
Hands-on experience with analytical tools and platforms; SQL, R/Python
Ability to understand customer needs and market opportunities","Must be enrolled in BS/MS/PhD degree program; With graduation dates between December 2025-June 2027; Experience in design, development, and implementation of advanced analytic solutions; Hands-on experience with analytical tools and platforms; SQL, R/Python; Ability to understand customer needs and market opportunities","Must be enrolled in BS/MS/PhD degree program
With graduation dates between December 2025-June 2027
Experience in design, development, and implementation of advanced analytic solutions
Hands-on experience with analytical tools and platforms; SQL, R/Python
Ability to understand customer needs and market opportunities","Must be enrolled in BS/MS/PhD degree program; With graduation dates between December 2025-June 2027; Experience in design, development, and implementation of advanced analytic solutions; Hands-on experience with analytical tools and platforms; SQL, R/Python; Ability to understand customer needs and market opportunities","We offer a fast-paced, flexible, fun environment where you will have the opportunity to work on meaningful projects and face new challenges every day
Pay Rate: $29.00 - $44.00 - $50.00 Hourly
Pay Rate: 0.0000 - 0.0000 - 0.0000 Hourly
Starting pay for the successful applicant will depend on geographic location, internal equity, job-related knowledge, skills, and candidate experience","We offer a fast-paced, flexible, fun environment where you will have the opportunity to work on meaningful projects and face new challenges every day; Pay Rate: $29.00 - $44.00 - $50.00 Hourly; Pay Rate: 0.0000 - 0.0000 - 0.0000 Hourly; Starting pay for the successful applicant will depend on geographic location, internal equity, job-related knowledge, skills, and candidate experience","We offer a fast-paced, flexible, fun environment where you will have the opportunity to work on meaningful projects and face new challenges every day
Pay Rate: $29.00 - $44.00 - $50.00 Hourly
Pay Rate: 0.0000 - 0.0000 - 0.0000 Hourly
Starting pay for the successful applicant will depend on geographic location, internal equity, job-related knowledge, skills, and candidate experience","We offer a fast-paced, flexible, fun environment where you will have the opportunity to work on meaningful projects and face new challenges every day; Pay Rate: $29.00 - $44.00 - $50.00 Hourly; Pay Rate: 0.0000 - 0.0000 - 0.0000 Hourly; Starting pay for the successful applicant will depend on geographic location, internal equity, job-related knowledge, skills, and candidate experience","Our Company

At Teradata, we believe that people thrive when empowered with better information. That’s why we built the most complete cloud analytics and data platform for AI. By delivering harmonized data, trusted AI, and faster innovation, we uplift and empower our customers and our customers’ customers to make better, more confident decisions. The world’s top companies across every major indust
ry trust Teradata to improve business performance, enrich customer experiences, and fully integrate data across the enterprise.

Our Internship

Program Our summer internship program lasts 10-12 weeks beginning in May/June and ending in August/September. We offer a fast-paced, flexible, fun environment where you will have the opportunity to work on meaningful projects and face new challenges every day.

Location Our program is fully virtual. Interns must remain in the US for the duration of the internship..

What You'll Do

Intern opportunity with Teradata’s team of Product Managers leading the efforts to deliver industry leading analytic capabilities in the Teradata Vantage platform. This dynamic role has close interaction with customers, extensive knowledge of the overall analytic market, including both Teradata partner and competing solutions, using this knowledge to lead Teradata strategy and work closely with our engineering teams to deliver our analytic capabilities. Product Managers work closely with Teradata sales and professional services teams to help customers make the best decisions possible using Teradata software and advanced analytic techniques. This hands-on role develops demos and delivers training material for our customers and sales teams, and actively participates with prototypes and POCs for new features.

What Makes You a Qualified Candidate
• Must be enrolled in BS/MS/PhD degree program. With graduation dates between December 2025-June 2027.
• Data mining/Data Science, statistical modeling, econometrics, and quantitative analysis
• Experience in design, development, and implementation of advanced analytic solutions

What You'll Bring
• Hands-on experience with analytical tools and platforms; SQL, R/Python
• Ability to understand customer needs and market opportunities

Pay Rate: $29.00 - $44.00 - $50.00 Hourly

Why We Think You’ll Love Teradata

We prioritize a people-first culture because we know our people are at the very heart of our success. We embrace a flexible work model because we trust our people to make decisions about how, when, and where they work. We focus on well-being because we care about our people and their ability to thrive both personally and professionally. We are an anti-racist company because our dedication to Diversity, Equity, and Inclusion is more than a statement. It is a deep commitment to doing the work to foster an equitable environment that celebrates people for all of who they are.

#LI-SK1

Teradata invites all identities and backgrounds in the workplace. We work with deliberation and intent to ensure we are cultivating collaboration and inclusivity across our global organization.



We are proud to be an equal opportunity and affirmative action employer. We do not discriminate based upon race, color, ancestry, religion, creed, sex (including pregnancy, childbirth, breastfeeding, or related conditions), national origin, sexual orientation, age, citizenship, marital status, disability, medical condition, genetic information, gender identity or expression, military and veteran status, or any other legally protected status.

Pay Rate: 0.0000 - 0.0000 - 0.0000 Hourly

Starting pay for the successful applicant will depend on geographic location, internal equity, job-related knowledge, skills, and candidate experience. Learn more about Teradata’s competitive Total Rewards package at https://www.teradata.com/About-Us/Careers/Benefits
"
AI/ML Product Management Analytics Intern,Teradata,"Oklahoma City, OK • via USNLX Ability Jobs - National Labor Exchange",2025-01-08T13:05:10.338377,,,,,,,,,
"Marketing Intern at Real AI Dynamics Las Vegas, NV",Real AI Dynamics,"Las Vegas, NV • via Carambula.com",2025-01-08T13:05:20.440320,"Currently pursuing a degree in Marketing, Business, Communications, or a related field
Strong interest in AI and technology
Excellent written and verbal communication skills
Proficiency in Microsoft Office Suite and familiar with marketing software/tools
Creative, detail-oriented, and able to work independently as well as part of a team
A hands-on learning experience in the fast-evolving AI industry, focusing on marketing strategy","Currently pursuing a degree in Marketing, Business, Communications, or a related field; Strong interest in AI and technology; Excellent written and verbal communication skills; Proficiency in Microsoft Office Suite and familiar with marketing software/tools; Creative, detail-oriented, and able to work independently as well as part of a team; A hands-on learning experience in the fast-evolving AI industry, focusing on marketing strategy","Currently pursuing a degree in Marketing, Business, Communications, or a related field
Strong interest in AI and technology
Excellent written and verbal communication skills
Proficiency in Microsoft Office Suite and familiar with marketing software/tools
Creative, detail-oriented, and able to work independently as well as part of a team
A hands-on learning experience in the fast-evolving AI industry, focusing on marketing strategy","Currently pursuing a degree in Marketing, Business, Communications, or a related field; Strong interest in AI and technology; Excellent written and verbal communication skills; Proficiency in Microsoft Office Suite and familiar with marketing software/tools; Creative, detail-oriented, and able to work independently as well as part of a team; A hands-on learning experience in the fast-evolving AI industry, focusing on marketing strategy","Compensation: Based on task completion
The chance to collaborate with leading AI professionals and business visionaries
The flexibility of remote work complements your lifestyle
Exposure to global AI training programs and events",Compensation: Based on task completion; The chance to collaborate with leading AI professionals and business visionaries; The flexibility of remote work complements your lifestyle; Exposure to global AI training programs and events,"Compensation: Based on task completion
The chance to collaborate with leading AI professionals and business visionaries
The flexibility of remote work complements your lifestyle
Exposure to global AI training programs and events",Compensation: Based on task completion; The chance to collaborate with leading AI professionals and business visionaries; The flexibility of remote work complements your lifestyle; Exposure to global AI training programs and events,"Marketing Intern job at Real AI Dynamics. Las Vegas, NV.

Job Title: Marketing Internship - (Remote)

Job Post: Marketing Internship (Remote)

Company: Real AI Dynamics (RAID)

Location: Remote (Las Vegas, United States)

Duration: Minimum 3 months, flexible working hours

Compensation: Based on task completion

Website:

Job Summary:

Welcome to Real AI Dynamics (RAID), where we lead in Artificia
l Intelligence (AI) innovation, merging advanced AI technologies with business operations to drive growth, foster innovation, and secure industry leadership. We're seeking a passionate Marketing Intern to join our dynamic team, offering a unique opportunity to gain hands-on experience in AI and digital marketing. As a key contributor, you'll help spearhead our marketing initiatives in a fast-paced, cutting-edge environment. If you're excited about AI and looking to make an impact, this is the role for you!

Key Responsibilities:

Assist in the development and execution of marketing strategies and campaigns.

Conduct market research to identify trends and opportunities.

Support the creation of engaging content for social media, newsletters, and blogs.

Collaborate with cross-functional teams to develop promotional materials.

Monitor and analyze marketing metrics to measure campaign effectiveness.

Participate in planning and organizing events, including our global bootcamps and superconferences.

Qualifications You Will Bring:

Currently pursuing a degree in Marketing, Business, Communications, or a related field.

Strong interest in AI and technology.

Excellent written and verbal communication skills.

Proficiency in Microsoft Office Suite and familiar with marketing software/tools.

Creative, detail-oriented, and able to work independently as well as part of a team.

Previous marketing or internship experience is a plus but not required.

What We Offer:

The chance to collaborate with leading AI professionals and business visionaries.

A hands-on learning experience in the fast-evolving AI industry, focusing on marketing strategy.

The flexibility of remote work complements your lifestyle.

Exposure to global AI training programs and events.

A unique opportunity to enrich your portfolio and resume with substantial, industry-relevant experience.

Join Us:

Embrace the chance to be at the heart of AI innovation with Real AI Dynamics. Help us chart the future of AI integration and take the first step towards becoming an industry trailblazer. this link.

Send your Résume: Deborah@realaidynamics.com

Real AI Dynamics (RAID) Committed to ethical AI use, enhancing decision-making, efficiency, and innovation while ensuring user autonomy and privacy.
"
AI Solutions Intern,Educational Testing Service,"Albany, NY • via Educational Testing Service Jobs",2025-01-08T13:05:30.432230,"Education: Currently enrolled in a Bachelor’s degree program, graduating in 2026 or 2027
Field of Study: Computer Science, Data Science, or a related field
Proficiency with data visualization tools (e.g., Tableau, Power BI, or similar)
Strong analytical and problem-solving abilities.?
Excellent time management and organizational skills.?
Effective public speaking capabilities.?
Ability to work both independently and collaboratively within a team.?","Education: Currently enrolled in a Bachelor’s degree program, graduating in 2026 or 2027; Field of Study: Computer Science, Data Science, or a related field; Proficiency with data visualization tools (e.g., Tableau, Power BI, or similar); Strong analytical and problem-solving abilities.?; Excellent time management and organizational skills.?; Effective public speaking capabilities.?; Ability to work both independently and collaboratively within a team.?","Education: Currently enrolled in a Bachelor’s degree program, graduating in 2026 or 2027
Field of Study: Computer Science, Data Science, or a related field
Proficiency with data visualization tools (e.g., Tableau, Power BI, or similar)
Strong analytical and problem-solving abilities.?
Excellent time management and organizational skills.?
Effective public speaking capabilities.?
Ability to work both independently and collaboratively within a team.?","Education: Currently enrolled in a Bachelor’s degree program, graduating in 2026 or 2027; Field of Study: Computer Science, Data Science, or a related field; Proficiency with data visualization tools (e.g., Tableau, Power BI, or similar); Strong analytical and problem-solving abilities.?; Excellent time management and organizational skills.?; Effective public speaking capabilities.?; Ability to work both independently and collaboratively within a team.?","At the conclusion of the Internship, you will have the opportunity to present your project to IT leadership","At the conclusion of the Internship, you will have the opportunity to present your project to IT leadership","At the conclusion of the Internship, you will have the opportunity to present your project to IT leadership","At the conclusion of the Internship, you will have the opportunity to present your project to IT leadership","About ETS:

For more than 75 years, we have amplified products and services based rigorous research and our belief in the power of learning. Driven by our mission to advance quality and equity in education, ETS provides learning solutions, pioneering research and trusted assessments that help guide learners around the world on their path to new possibilities.

Our portfolio of trusted measures inc
lude TOEFL®, TOEIC®, GRE® and Praxis® . Along with research, development and innovation that explores new frontiers in learning and measurement our educational measurement solutions and research contribute to the development of new methods and tools, inform important dialogue with education policymakers, and shed light on critical issues and potential solutions - all with the aim of creating a world where all learners can improve their lives through education.

With new senior leadership at the helm, ETS aims to continue changing the lives of all learners as we expand our organization's global footprint. Our goal is to remain at the forefront of assessment and measurement efficacy within the education and ed tech space as it continues to grow and evolve.

The ETS Technology Division is focused on being the trusted partner for innovative technology experiences and platforms that enable growth across ETS. We are committed to delivering experience-led solutions while maintaining a strong customer focus and commercial flexibility. Our division emphasizes customer and employee experience, leveraging core services, AI capabilities, and API-driven solutions to achieve operational excellence and international scalability. We believe in building deep strategic partnerships and fostering internal knowledge and accountability while working as One ETS to drive technological innovation and growth.

The Technology Division has created an internship programforcollege students interested in pursuing a career in technology. This is a paid, 8-10 week-long, hybridinternship where interns will be expected to work 37–40-hour aweek.At the conclusion of the Internship, you will have the opportunity to present your project to IT leadership. Interns will receive training in a variety of IT-related activities and will be paired with a mentor who will help support their project work.

As the AI Solutions Intern, you will contribute to the design and implementation of the Value Delivery and Metrics Dashboard, an initiative to empower leadership, enhance organizational visibility, and foster collaboration. This dashboard will optimize the data pipeline, automate data integration, and provide real-time insights to drive informed decision-making.

Key Responsibilities:
• Implement a multi-source data integration system with interactive visualizations to support comprehensive analysis of AI projects across various dimensions.
• Develop a unified dashboard displaying technical, business, and project performance metrics in an intuitive and actionable format.
• Establish and maintain an automated data refresh mechanism to ensure accuracy, currency, and data security.
• Education: Currently enrolled in a Bachelor’s degree program, graduating in 2026 or 2027.
• Field of Study: Computer Science, Data Science, or a related field.
• Skills and Competencies:
• Proficiency with data visualization tools (e.g., Tableau, Power BI, or similar).
• Strong analytical and problem-solving abilities.?
• Excellent time management and organizational skills.?
• Effective public speaking capabilities.?
• Ability to work both independently and collaboratively within a team.?

ETS is mission driven and action oriented
• Diversity, equity, inclusion, and belonging is at the forefront of the ETS employee's daily work. To further foster an inclusive environment ETS is home to a wide variety of Affinity groups that celebrate the diversity of our talented employees.
• How about cultivating growth, innovation, and continuous transformation for the next generation of rising professionals as leaders? ETS offers multiple Business Resource Groups (BRG) for you!
• Are you passionate about volunteering and being active in your career and community? ETS offers our Center for Advocacy & Philanthropy (CAAP) where we encourage ETS employees to become active volunteers in their communities and schools through the ETS Cares Giving Campaign. Our employees can support any 501c3 or eligible charity of their choice.

ETS is an Equal Opportunity Employer comprised of people with different experiences, strengths, and backgrounds who share a passion for advancing quality and equity in education. We are dedicated to building teams that reflect the various backgrounds, experiences, and identities of those we serve. The Talent Acquisition team strives to ensure candidates enjoy a fair and equitable hiring process. We believe our differences empower us to be a better team, making better decisions and delivering better results.
"
AI Test Security Intern,Educational Testing Service,"Annapolis, MD • via Educational Testing Service Jobs",2025-01-08T13:05:40.386369,"Education: Currently enrolled in a Bachelor’s degree program, graduating in 2026 or 2027
Field of Study: Computer Science, Machine Learning, Data Science, or a related discipline
Proficiency with AWS tools and services
Knowledge of programming languages, including Java, Python, and/or Angular
Strong analytical and problem-solving abilities
Excellent time management and organizational skills
Effective public speaking capabilities
Ability to work both independently and collaboratively within a team","Education: Currently enrolled in a Bachelor’s degree program, graduating in 2026 or 2027; Field of Study: Computer Science, Machine Learning, Data Science, or a related discipline; Proficiency with AWS tools and services; Knowledge of programming languages, including Java, Python, and/or Angular; Strong analytical and problem-solving abilities; Excellent time management and organizational skills; Effective public speaking capabilities; Ability to work both independently and collaboratively within a team","Education: Currently enrolled in a Bachelor’s degree program, graduating in 2026 or 2027
Field of Study: Computer Science, Machine Learning, Data Science, or a related discipline
Proficiency with AWS tools and services
Knowledge of programming languages, including Java, Python, and/or Angular
Strong analytical and problem-solving abilities
Excellent time management and organizational skills
Effective public speaking capabilities
Ability to work both independently and collaboratively within a team","Education: Currently enrolled in a Bachelor’s degree program, graduating in 2026 or 2027; Field of Study: Computer Science, Machine Learning, Data Science, or a related discipline; Proficiency with AWS tools and services; Knowledge of programming languages, including Java, Python, and/or Angular; Strong analytical and problem-solving abilities; Excellent time management and organizational skills; Effective public speaking capabilities; Ability to work both independently and collaboratively within a team","At the conclusion of the Internship, you will have the opportunity to present your project to IT leadership","At the conclusion of the Internship, you will have the opportunity to present your project to IT leadership","At the conclusion of the Internship, you will have the opportunity to present your project to IT leadership","At the conclusion of the Internship, you will have the opportunity to present your project to IT leadership","About ETS:

For more than 75 years, we have amplified products and services based rigorous research and our belief in the power of learning. Driven by our mission to advance quality and equity in education, ETS provides learning solutions, pioneering research and trusted assessments that help guide learners around the world on their path to new possibilities.

Our portfolio of trusted measures inc
lude TOEFL®, TOEIC®, GRE® and Praxis® . Along with research, development and innovation that explores new frontiers in learning and measurement our educational measurement solutions and research contribute to the development of new methods and tools, inform important dialogue with education policymakers, and shed light on critical issues and potential solutions - all with the aim of creating a world where all learners can improve their lives through education.

With new senior leadership at the helm, ETS aims to continue changing the lives of all learners as we expand our organization's global footprint. Our goal is to remain at the forefront of assessment and measurement efficacy within the education and ed tech space as it continues to grow and evolve.

The ETS Technology Division is focused on being the trusted partner for innovative technology experiences and platforms that enable growth across ETS. We are committed to delivering experience-led solutions while maintaining a strong customer focus and commercial flexibility. Our division emphasizes customer and employee experience, leveraging core services, AI capabilities, and API-driven solutions to achieve operational excellence and international scalability. We believe in building deep strategic partnerships and fostering internal knowledge and accountability while working as One ETS to drive technological innovation and growth.

The Technology Division has created an internship program for college students interested in pursuing a career in technology. This is a paid, 8- 10 week -long, hybrid internship where interns will be expected to work 37– 40-hour a week. At the conclusion of the Internship, you will have the opportunity to present your project to IT leadership. Interns will receive training in a variety of IT-related activities and will be paired with a mentor who will help support their project work.? ?

As the AI Test Security Intern, you'll be at the forefront of enhancing the security and integrity of ETS’s testing processes. Your work will directly contribute to reducing score cancellations after reporting, safeguarding ETS’s assessment products, and streamlining operations by eliminating manual processes that don't align with ETS’s mission. This is a unique opportunity to apply AI technologies to real-world challenges in test security.

Key Responsibilities:
• Develop an AI-enabled video playback system to efficiently identify and retrieve test-taker video footage.
• Build a visualization tool to detect when AI-generated content, such as ChatGPT responses, is used in test answers.
• Implement AI-powered room similarity detection to identify potential cheating rings and suspicious activities.
• Education: Currently enrolled in a Bachelor’s degree program, graduating in 2026 or 2027.
• Field of Study: Computer Science, Machine Learning, Data Science, or a related discipline.
• Skills and Competencies:
• Proficiency with AWS tools and services.
• Experience with computer vision techniques and generative AI models is preferred.
• Knowledge of programming languages, including Java, Python, and/or Angular.
• Strong analytical and problem-solving abilities.
• Excellent time management and organizational skills.
• Effective public speaking capabilities.
• Ability to work both independently and collaboratively within a team.

ETS is mission driven and action oriented
• Diversity, equity, inclusion, and belonging is at the forefront of the ETS employee's daily work. To further foster an inclusive environment ETS is home to a wide variety of Affinity groups that celebrate the diversity of our talented employees.
• How about cultivating growth, innovation, and continuous transformation for the next generation of rising professionals as leaders? ETS offers multiple Business Resource Groups (BRG) for you!
• Are you passionate about volunteering and being active in your career and community? ETS offers our Center for Advocacy & Philanthropy (CAAP) where we encourage ETS employees to become active volunteers in their communities and schools through the ETS Cares Giving Campaign. Our employees can support any 501c3 or eligible charity of their choice.

ETS is an Equal Opportunity Employer comprised of people with different experiences, strengths, and backgrounds who share a passion for advancing quality and equity in education. We are dedicated to building teams that reflect the various backgrounds, experiences, and identities of those we serve. The Talent Acquisition team strives to ensure candidates enjoy a fair and equitable hiring process. We believe our differences empower us to be a better team, making better decisions and delivering better results.
"
AI Test Security Intern,Educational Testing Service,"Frankfort, KY • via Educational Testing Service Jobs",2025-01-08T13:05:45.263979,,,,,,,,,
AI Test Security Intern,Educational Testing Service,"Springfield, IL • via Educational Testing Service Jobs",2025-01-08T13:05:50.098044,,,,,,,,,
AI Test Security Intern,Educational Testing Service,"Lansing, MI • via Educational Testing Service Jobs",2025-01-08T13:05:54.934565,,,,,,,,,
AI Test Security Intern,Educational Testing Service,"Little Rock, AR • via Educational Testing Service Jobs",2025-01-08T13:05:59.994103,,,,,,,,,
AI Test Security Intern,Educational Testing Service,"Austin, TX • via Educational Testing Service Jobs",2025-01-08T13:06:05.335340,,,,,,,,,
AI Test Security Intern,Educational Testing Service,"Des Moines, IA • via Educational Testing Service Jobs",2025-01-08T13:06:10.420562,,,,,,,,,
AI Test Security Intern,Educational Testing Service,"Atlanta, GA • via Educational Testing Service Jobs",2025-01-08T13:06:15.350744,,,,,,,,,
AI Test Security Intern,Educational Testing Service,"Salt Lake City, UT • via Educational Testing Service Jobs",2025-01-08T13:06:20.294111,,,,,,,,,
AI Test Security Intern,Educational Testing Service,"Carson City, NV • via Educational Testing Service Jobs",2025-01-08T13:06:25.075423,,,,,,,,,
AI Test Security Intern,Educational Testing Service,"Baton Rouge, LA • via Educational Testing Service Jobs",2025-01-08T13:06:29.968674,,,,,,,,,
AI Test Security Intern,Educational Testing Service,"Juneau, AK • via Educational Testing Service Jobs",2025-01-08T13:06:34.812999,,,,,,,,,
AI Solutions Intern,Educational Testing Service,"Lansing, MI • via Educational Testing Service Jobs",2025-01-08T13:06:45.183052,"Education: Currently enrolled in a Bachelor’s degree program, graduating in 2026 or 2027
Field of Study: Computer Science, Data Science, or a related field
Proficiency with data visualization tools (e.g., Tableau, Power BI, or similar)
Strong analytical and problem-solving abilities.?
Excellent time management and organizational skills.?
Effective public speaking capabilities.?
Ability to work both independently and collaboratively within a team.?","Education: Currently enrolled in a Bachelor’s degree program, graduating in 2026 or 2027; Field of Study: Computer Science, Data Science, or a related field; Proficiency with data visualization tools (e.g., Tableau, Power BI, or similar); Strong analytical and problem-solving abilities.?; Excellent time management and organizational skills.?; Effective public speaking capabilities.?; Ability to work both independently and collaboratively within a team.?","Education: Currently enrolled in a Bachelor’s degree program, graduating in 2026 or 2027
Field of Study: Computer Science, Data Science, or a related field
Proficiency with data visualization tools (e.g., Tableau, Power BI, or similar)
Strong analytical and problem-solving abilities.?
Excellent time management and organizational skills.?
Effective public speaking capabilities.?
Ability to work both independently and collaboratively within a team.?","Education: Currently enrolled in a Bachelor’s degree program, graduating in 2026 or 2027; Field of Study: Computer Science, Data Science, or a related field; Proficiency with data visualization tools (e.g., Tableau, Power BI, or similar); Strong analytical and problem-solving abilities.?; Excellent time management and organizational skills.?; Effective public speaking capabilities.?; Ability to work both independently and collaboratively within a team.?","At the conclusion of the Internship, you will have the opportunity to present your project to IT leadership","At the conclusion of the Internship, you will have the opportunity to present your project to IT leadership","At the conclusion of the Internship, you will have the opportunity to present your project to IT leadership","At the conclusion of the Internship, you will have the opportunity to present your project to IT leadership","About ETS:

For more than 75 years, we have amplified products and services based rigorous research and our belief in the power of learning. Driven by our mission to advance quality and equity in education, ETS provides learning solutions, pioneering research and trusted assessments that help guide learners around the world on their path to new possibilities.

Our portfolio of trusted measures inc
lude TOEFL®, TOEIC®, GRE® and Praxis® . Along with research, development and innovation that explores new frontiers in learning and measurement our educational measurement solutions and research contribute to the development of new methods and tools, inform important dialogue with education policymakers, and shed light on critical issues and potential solutions - all with the aim of creating a world where all learners can improve their lives through education.

With new senior leadership at the helm, ETS aims to continue changing the lives of all learners as we expand our organization's global footprint. Our goal is to remain at the forefront of assessment and measurement efficacy within the education and ed tech space as it continues to grow and evolve.

The ETS Technology Division is focused on being the trusted partner for innovative technology experiences and platforms that enable growth across ETS. We are committed to delivering experience-led solutions while maintaining a strong customer focus and commercial flexibility. Our division emphasizes customer and employee experience, leveraging core services, AI capabilities, and API-driven solutions to achieve operational excellence and international scalability. We believe in building deep strategic partnerships and fostering internal knowledge and accountability while working as One ETS to drive technological innovation and growth.

The Technology Division has created an internship programforcollege students interested in pursuing a career in technology. This is a paid, 8-10 week-long, hybridinternship where interns will be expected to work 37–40-hour aweek.At the conclusion of the Internship, you will have the opportunity to present your project to IT leadership. Interns will receive training in a variety of IT-related activities and will be paired with a mentor who will help support their project work.

As the AI Solutions Intern, you will contribute to the design and implementation of the Value Delivery and Metrics Dashboard, an initiative to empower leadership, enhance organizational visibility, and foster collaboration. This dashboard will optimize the data pipeline, automate data integration, and provide real-time insights to drive informed decision-making.

Key Responsibilities:
• Implement a multi-source data integration system with interactive visualizations to support comprehensive analysis of AI projects across various dimensions.
• Develop a unified dashboard displaying technical, business, and project performance metrics in an intuitive and actionable format.
• Establish and maintain an automated data refresh mechanism to ensure accuracy, currency, and data security.
• Education: Currently enrolled in a Bachelor’s degree program, graduating in 2026 or 2027.
• Field of Study: Computer Science, Data Science, or a related field.
• Skills and Competencies:
• Proficiency with data visualization tools (e.g., Tableau, Power BI, or similar).
• Strong analytical and problem-solving abilities.?
• Excellent time management and organizational skills.?
• Effective public speaking capabilities.?
• Ability to work both independently and collaboratively within a team.?

ETS is mission driven and action oriented
• Diversity, equity, inclusion, and belonging is at the forefront of the ETS employee's daily work. To further foster an inclusive environment ETS is home to a wide variety of Affinity groups that celebrate the diversity of our talented employees.
• How about cultivating growth, innovation, and continuous transformation for the next generation of rising professionals as leaders? ETS offers multiple Business Resource Groups (BRG) for you!
• Are you passionate about volunteering and being active in your career and community? ETS offers our Center for Advocacy & Philanthropy (CAAP) where we encourage ETS employees to become active volunteers in their communities and schools through the ETS Cares Giving Campaign. Our employees can support any 501c3 or eligible charity of their choice.

ETS is an Equal Opportunity Employer comprised of people with different experiences, strengths, and backgrounds who share a passion for advancing quality and equity in education. We are dedicated to building teams that reflect the various backgrounds, experiences, and identities of those we serve. The Talent Acquisition team strives to ensure candidates enjoy a fair and equitable hiring process. We believe our differences empower us to be a better team, making better decisions and delivering better results.
"
AI Solutions Intern,Educational Testing Service,"Springfield, IL • via Educational Testing Service Jobs",2025-01-08T13:06:50.200277,,,,,,,,,
AI Solutions Intern,Educational Testing Service,"Atlanta, GA • via Educational Testing Service Jobs",2025-01-08T13:06:55.062646,,,,,,,,,
AI Solutions Intern,Educational Testing Service,"Madison, WI • via Educational Testing Service Jobs",2025-01-08T13:06:59.843906,,,,,,,,,
AI Solutions Intern,Educational Testing Service,"Austin, TX • via Educational Testing Service Jobs",2025-01-08T13:07:04.726784,,,,,,,,,
AI Solutions Intern,Educational Testing Service,"Indianapolis, IN • via Educational Testing Service Jobs",2025-01-08T13:07:09.468659,,,,,,,,,
